名字,链接,地址,介绍,开放时间,图片链接,评分,建议游玩时间,建议季节,门票,小贴士,Page
龙游石窟Longyou Caves,http://travel.qunar.com/p-oi709733-longyoushiku,"

地址:
衢州市龙游县小南海镇石岩背村


电话:
0570-7053567,0570-7025769

",龙游石窟位于龙游汽车北站东面1公里处，是一处在地下沉睡了千年之久的大型地下建筑群。在方圆近一平方公里的范围内，似有规律地分布了24个大大小小人工开凿的洞窟，规模宏大，是我国古代水平最高的地下人工建筑群之一。如今已开发的石窟共有5个，游人可沿着石阶下到洞里参观。景区是个开放式的大公园，里面有湖和一些亭台楼阁，只有进入石窟才检票，只在公园里逛逛是免费的。景区里，你也能看到那些尚未开发的石窟，不过它们都被积水淹没，用护栏拦住了。进入景区后， 首先会来到一个放映厅，看关于石窟发现与挖掘的介绍。关于龙游石窟的来历众说纷纭，有说是地下金字塔，有说是西汉起储粮、战备用的仓库，甚至有人说是外星人留下的。当地的老人们则常说，这里以前是采石场，凿挖了地底的石头是为了修建龙游城墙……龙游石窟扑朔迷离的身世，也吸引了不少游客前来一探究竟。出放映厅，沿着小路前行，不远便可到达参观区域。石窟的入口都在高处，顺着石阶步步向下，越深入越凉快。尤其是在夏天，外面骄阳似火，一进入石窟就能感到一股冷气扑面而来，非常凉爽舒服。事实上，龙游石窟并不会像天然的喀斯特溶洞，或者龙门石窟的塑像那样给人强烈的视觉冲击，进入石窟后，乍一看你或许会觉得就是个巨大的洞穴，里面光线幽暗，地面潮湿，啥也没有。然而如果你仔细揣摩，你会发现洞顶和石柱上能清晰地看到古人似乎带有装饰意图的凿痕，分布得十分均匀、规则；各个洞窟大小不一，但洞中总有几个粗大的石柱撑顶；每个洞窟的底部均有一至两个凿挖而成的石池和人工斜坡；一号洞窟入口处不远还有鱼、马、鸟的摩崖壁刻……每个来到这里的游客都不禁好奇，是谁建造了如此庞大的地下石窟？它是用来干什么的？石窟本身的观赏性倒是其次了。从石窟出来，可以前往附近的龙游民居苑继续参观，开车十几分钟可到。,全年 08:00-16:30,https://img1.qunarzz.com/piao/fusion/2104/3f/528ce9bdbde41202.jpg_480x360x95_607f770e.jpg,4.2,建议游览时间：2小时,,"{'龙游石窟门票成人票\n\n': ['¥80起'], '龙游石窟门票优待票\n\n': ['¥42起'], '龙游石窟门票老人票\n\n': ['¥42起']}",,1
江郎山风景名胜区Jianglang Mountain Scenic Area,http://travel.qunar.com/p-oi709315-jianglangshanfengjing,"

地址:
衢州市江山市石门镇江郎乡余家坞村


电话:
0570-4911010

",江郎山俗称三片石，由石峰郎峰、石柱亚峰、石墙灵峰组成，三块巨石就像从地面上长出来的三根石笋，像一个“川”字，是典型的丹霞地貌。在这里爬山感觉很刺激，幽深的一线天、大段近乎垂直的陡阶，其艰险不输华山。    景区门口的公路上，可以较为方便地观看江郎山全景，随着位置的变化会有不同的画面出现。门票里包含了游览车的费用，可以坐车从游客中心坐车到山下的开明禅寺附近，然后开始攀登。平日自驾车也可开到山下的停车场。这段路上可以远观江郎山全景，有一棵标志性的大榕树，人们喜欢拿它做前景拍照。    上山有两条路，一条走南线的一线天，一条往北线的烟霞亭。大多数人会选择从十八曲-开明禅寺-会仙岩-一线天-登天坪-问天亭（南线）上山，而后从北线下山。因为南线坡度较为平缓，而北线是大段几近垂直的铁梯，路很窄，没地方歇脚，下山还好，上山可能会很崩溃。普通人往返走下来需要四五个小时。    会仙岩是登山的起点，在此选择去一线天的路向前。爬山赏景走到一线天大概1小时，路比较平缓。江郎山的一线天虽然不算窄，但很深远，是所有来此的游客必到、必拍照的地方。云雾天气时，两山夹壁之间扑面而来的云雾给人一种身处异境的感觉。一般旅游团到一线天看看便返回了，若打算登山则须继续向前往登天坪方向去。登天坪是一处休息点，可以买到些小食，不过价钱很贵，建议自带些补给的干粮。从这里开始的路基本都是八九十度的陡阶，务必休息足了再继续往前登顶。    通往山顶的路上沿着崖壁凿出的仅一人宽的石阶路，旺季时游人排起长龙，只能随着队伍走走停停，进退两难。快到山顶的时候会遇到去往舒心坪的岔路，一定记得过去看一下。路并不远，这边是天然石头形成的大平台，可以俯瞰山下全景，视野比山顶的观景台开阔些，山顶的观景台上则可以拍到眼前一座馒头状的山峰的全貌。需要注意的是，山顶15:30之后就不开放了。    过了山顶顺着“北线下山”的指示牌走，依旧是几乎垂直的下山路，陡且窄的地方得背过身倒退着往下。站在山上看下曲曲折折的陡阶，看着就挺惊心动魄的。下山路上有一段峡谷是没有光线的，不过这段并不长。    到山下的乘车点，如果时间充裕可以由此往须女湖方向步行，大概40分钟能到。须女湖是个水库，有些人造休闲景观。这里可以远观江郎山的全景，不想爬山可以来这儿远观一下，不过去的游人并不多。景区附近有农家乐可以住宿，来此的游客多会选择用两三天和周边的廿八都、浮盖山一并游玩。    ,8:00-16:30（淡季12月1日-次年2月28日；旺季3月1日-11月30日。）,https://img1.qunarzz.com/travel/d2/1409/11/fa75f8c7f2c7d406ffffffffc8d65eac.jpg_480x360x95_d70baf56.jpg,4.6,建议游览时间：12小时 - 3天,,"{'江郎山门票+景交车票成人票\n\n': ['¥90起'], '江郎山热气球体验成人票\n\n': ['¥200起'], '江郎山三角翼体验成人票\n\n': ['¥650起']}",,1
天脊龙门Tianji Longmen,http://travel.qunar.com/p-oi705740-tianjilongmen,"

地址:
衢州市衢江区黄坛口乡下呈村


电话:
0570-3680173

",国家AAAA级风景区——天脊龙门景区是国家级森林公园、省级风景名胜区紫微山风景区的主要景区之一，距衢州市区30公里。景区以峡谷、奇峰、绝壁、飞瀑见著。区内山峰林立，峡谷纵横。相对高差一千米的深谷，溪涧，时阔时狭，忽陡忽平。峰林景观雄奇、大气、明快，水体景观气势磅礴。龙的传说给天脊龙门景区蒙上了一层神秘的色彩。龙生九子，各有所好，因各得山水不同之灵秀，而形异性殊。景区内的五座龙桥、九个龙亭、鲤鱼跃龙门以及龙涎温泉、龙潭飞瀑、飞天索桥等景点无不蕴含着神秘的龙文化。海拔千米高处的龙宫，楼阁悬空，飞檐翘角，神奇壮观。龙宫内的龙王威武端庄，龙子、龙女栩栩如生。飞架在海拔千米之上，总长近2千米的“飞龙在天”栈道，蜿蜒起伏于悬崖峭壁间贯穿于整个景区，恰如飞龙再现出神入化。无限风光尽收眼底，令人叹绝。玻璃栈道﻿悬崖峭壁，漫步空中，俊美峡谷，尽收眼底。脚底的俊美峡谷风光一览无遗，在群山环绕中漫步前行仿佛踏在云端，感受天脊龙门的精华所在！飞龙大滑索﻿长358米、落差108米的高空滑索，安全刺激。感受凌空飞渡，体验傲视苍穹，还可以免去步行下山的劳累。,8:00-17:00,https://img1.qunarzz.com/travel/d2/1701/b5/ee8d993736c91fb5.jpg_480x360x95_ed0212ab.jpg,4.8,建议游览时间：2小时 - 3小时,,"{'天脊龙门门票+玻璃栈道+滑索套票成人票\n\n': ['¥49起'], '天脊龙门玻璃栈道+滑索套票成人票\n\n': ['¥49起'], '天脊龙门玻璃栈道票成人票\n\n': ['¥20起']}",,1
廿八都古镇Nianbadu Ancient Town,http://travel.qunar.com/p-oi705900-nianbadouguzhen,"

地址:
浙江省衢州市江山市枫岭路1号


电话:
0570-4887543

",廿八都地处浙西、福建和江西的交界处，当地人常用“一脚踏三省”来形容这里。北面的仙霞关，南面的枫岭关将廿八都阻隔在一个近乎封闭的环境里，而这里的文化却表现出令人诧异的开放与多元，游人比较集中的廿八都镇的3600多人分属69种姓氏，很有意思。古镇内保存着原汁原味的老建筑，融合了三省的建筑风格，白墙飞檐很有特色，细节之处的雕刻也令人印象深刻。廿八都镇包括浔里、花桥、枫溪三个村子，进入古镇的街巷很多，而现已开发，需要检票参观的景点全部在浔里街一线。建筑上最具价值的是文昌宫，其它展览多半是利用了原来的老宅布置了图片，以及部分实物展览。过了售票时间古镇是可以随意出入的，当然收费景点也不能入内的了。过了景区入口的珠坡桥就是售票处，顺着浔里街往南走，第一个看点便是文昌宫，殿里里供奉着文昌帝君、仓颉、魁星，外观颇有气势。在此除了看里面精美的雕刻构建，不要忘了抬头看看屋顶的彩绘，内容不仅有山水植物，还有三顾茅庐、姜太公钓鱼等小故事，十分精致。参观完毕，还可以在许愿台的小卡片上写下心愿。继续往里走，在方言、姓氏、名人馆，可以对廿八都各姓氏的来龙去脉、语言特色有个速览，也算是了解当地文化的一个窗口。戴笠与女特工陈列馆曾经是戴笠培训女特工的地方，除了介绍当时各房间的布局陈设，还有一部小短片介绍他与女特工们的故事和生活片段。关帝庙是廿八都最重要的节点，也是浔里街最南端的标志。它的周边是整个镇子中最繁华、热闹的一段，附近的戏台每逢周末节假日会有两场表演，戏曲、杂耍等等，节目还算丰富，可到时前往观看。除了以上这些地方，浔里还有好几处旧宅，可以浏览建筑，关帝庙有路通往枫溪街，这边尚未开发也无需门票，和浔里比起来更加静谧祥和。枫溪街北端的水星庙、气宇轩昂的东岳宫和枫溪上唯一的石拱廊桥水安桥，都很值得走走逛逛。廿八都通常会和江郎山、仙霞古道、浮盖山等一同游玩，安排一两天的行程。若打算在廿八都住宿，景区内比较出名的有念八铺客栈，古镇外围的风岭街上也集中了不少性价比不错的宾馆，标间价格在100元上下。来此必吃的两种小吃是燕圆馄饨和铜锣糕，前者类似福建燕皮馄饨，而铜锣糕是种糯米做成的小吃，口感柔韧，遇到不妨买来尝尝。,8:00-17:00,https://img1.qunarzz.com/travel/d0/1705/9d/7c9119f00ffa45b5.jpg_480x360x95_098fe91a.jpg,4.4,建议游览时间：2小时 - 3小时,,"{'廿八都古镇门票成人票\n\n': ['¥65起'], '廿八都古镇电子讲解服务大小同价\n\n': ['¥10起'], '浙江衢州江郎山飞行基地【热气球/骑马/越野车/三角翼体验】\n\n': ['¥90起']}",,1
水亭街,http://travel.qunar.com/p-oi9635638-shuitingjie,"

地址:
浙江省衢州市柯城区

",水亭街，沉淀了这座城市的历史与沧桑，它连接着城门外的衢江和码头，是衢州最有名的古街之一。,全天开放,https://img1.qunarzz.com/travel/d5/1808/9f/a4e2a004730d9fb5.jpg_480x360x95_23b7e301.jpg,4.6,,,免费,,1
钱江源国家森林公园Qianjiangyuan National Forest Park,http://travel.qunar.com/p-oi706736-qianjiangyuanguojiasen,"

地址:
衢州市开化县205国道(山深线)


电话:
0570-6076000

",钱江源国家森林公园位于开化县境内，皖浙赣三省交界处。这里是浙江的母亲河钱塘江的正源，有着葱茏的幽谷，清澈的山涧和瀑布，却因为交通不便游客寥寥。若是想要亲近自然休闲避暑，避开节假日人潮寻找清静，或是“追本溯源”，钱江源都是不错的选择。冲着钱江源来的游客一般将源头景区作为游览重点，这里包含大峡谷和莲花塘两部分，进到景区首先映入眼帘的便是钱江源大峡谷的石碑，可在此留影。大峡谷景区主要是沿着步道观赏其中落差达130米的际坑飞瀑（神龙飞瀑），走到栈道上方俯瞰瀑布全景为壮观。回到出口再驱车几分钟便是莲花塘，这里集中了景区要紧的看点，也是走起来辛苦的部分。在山中绿意盎然的台阶小路上行走，一路都有溪流声相伴，半路可见路边“钱江源”石碑。越往上行水声越小，也就越接近水源地，难以想象波澜壮阔的钱塘江大潮是始于这一股涓涓细流。一路上行，沿路会经过“源井飞瀑”、“卧牛听经”等景点，走到吊桥附近有一个岔路，往右去到三省交界碑，往左则是莲花塘。往莲花塘方向走，不久便能见到莲花塘碧绿的池水。后面的游程便是下山路，会穿过一片颇为茂盛的树林，称它为“负离子呼吸区”可能有些夸张，不过，在走了这么远山路后，大口吐纳林中清新的空气，着实畅快。,全年 8:00-16:00,https://img1.qunarzz.com/travel/d4/1710/30/f674a99328d5db5.jpg_480x360x95_15488d17.jpg,4.5,建议游览时间：12小时 - 3天,,周一-周五免费，周六、周日及法定节假日门票60元，具体收费情况请以景区公示或电话咨询为准。,,1
衢州小南海Quzhou Little South Sea,http://travel.qunar.com/p-oi712996-quzhouxiaonanhai,"

地址:
衢州市龙游县城北3公里衢江之阳凤凰山

",小南海风景区位于龙游县城北3公里衢江之阳凤凰山，地属浙江省衢州市，正当衢江和灵山港交汇处，“双溪合流，风景绝胜”。相传观音菩萨从西天归来，路过凤凰山，见山上竹林茂密，误以为是南海紫竹林，便停下来参禅歇息，没想到下来之后才发现这不是她的道场，便离去，却留下了美丽动人的故事。从此凤凰山便有了“小南海”的雅号。凤凰山上有竹林禅寺，始建于明，宣统元年（1909年）南海普陀山派忠禅师来此扩建殿宇，作为临济正宗南海行宫，故称“小南海”。寺庙宏伟，香火鼎盛，游人不绝。山背有被称为“世界第九大奇迹”的“龙游石窟”洞群。龙游石窟的规模浩大恢宏、设计精巧科学、施工痕迹依然犹新、气势磅礴、瑰丽壮观、巧夺天工，堪称一绝。走进石窟，宛若时光倒流到远古。而它的“开采年代”、“开采人”、“用途”……都是千古不解之谜。小南海环境清幽，建筑依山顺势，参差错落，风光宜人，青山绿水相衬，古树掩映。山、水、洞、庙浑然一体，引人入胜。江中绿洲，草被如茵，芦苇广布，杨树茂密，溪中卵石成堆，沙滩成片，洁白如玉，是开展度假、游憩、娱乐的理想场所。整个景区融自然景观与人文景观于一体，集游览观光，怀古朝圣，宗教朝觐于一地。,8 ：00—19：00,https://img1.qunarzz.com/travel/poi/1803/77/370ac26b7987e937.jpg_480x360x95_7fea6139.jpg,4.7,建议游览时间：3小时 - 4小时,,具体收费情况以现场公示为主,,1
孔氏南宗家庙Zhangzhou Confucius Temple,http://travel.qunar.com/p-oi714044-kongshinanzongjiamiao,"

地址:
衢州市柯城区新桥街96号


电话:
0570-3041551

",衢州孔庙俗称南宗，具有700多年的历史。北宋末年，金兵南侵，宋高宗赵构仓促南渡，建都于临安，孔子第48代裔孙孔端友，负着孔子和孔子夫人的楷木像，离开山东曲阜，南迁至此，后敕建孔氏家庙，为宗庙。衢州孔庙按山东曲阜孔庙的规模建造，亦分孔府、孔庙两部分。庙内古木参天，殿宇宏伟，思鲁阁前的“先圣遗像”碑，据传为唐吴道子所绘，极为珍贵。整个古建筑群肃穆凝重，洋溢着浓郁的儒家文化氛围。楷木圣像：孔子逝世后，为谢师恩，弟子们在墓前结庐服丧三年，子贡独为多守三年。此间，子贡采孔林的楷木，为老师和师母亓官氏精心雕刻一对像，后人称“楷木像”。南宋初，孔端友率族人负传家珍宝“楷木像”南渡。清乾隆年间，冯世科记述“护圣像”的故事“衍圣公孔端友负楷木像扈跸来南，夜泊镇江。奉像舟覆浪中，有三神人逆流而上，得之江滨。公焚香祷谢，烟篆‘鲁阜山神’四字”。 孔端友负圣像寓衢。后，城四隅建“鲁阜山神庙”以祷神功。圣像由孔氏南宗家庙珍藏。代代潜心保护。日寇侵衢时期，为免遭掠夺，当时南宗奉祀孔繁豪奉南京政府电命，护圣像至龙泉、庆元山区。1946年楷木像还庙，珍藏于家庙“思鲁阁”。,全年 09:00-17:00,https://img1.qunarzz.com/travel/d8/1705/f7/d53b450b18fa07b5.jpg_480x360x95_dc6c8d96.jpg,4.5,建议游览时间：2小时,,具体收费情况以现场公示为主,,1
龙游民居苑Longyou Residential Court,http://travel.qunar.com/p-oi716048-longyouminjuyuan,"

地址:
衢州市龙游县文化路62号


电话:
0570-7855904

",龙游民居苑坐落在风光秀丽的鸡鸣山，隔灵山江与龙游县城相望，是块依山傍水的风水宝地。山上的民居苑都是明清时期徽派建筑，当地政府将分散在龙游乡里民间值得保留的建筑经过一系列评定、筛选后，将它们聚集一处，按原样移植过来重建，形成了一片特定的民居游览区。游人可在此集中欣赏龙游棒的民居建筑。这里的建筑以龙游商帮为主题，不是商宅就是官邸，和皖南、婺源的古村落是不一样的味道。搬迁复建到此的民居中，包括了龚氏民居、余氏民居、滋树堂、聚星堂、高冈起凤厅、巫氏厅、劳...龙游民居苑坐落在风光秀丽的鸡鸣山，隔灵山江与龙游县城相望，是块依山傍水的风水宝地。山上的民居苑都是明清时期徽派建筑，当地政府将分散在龙游乡里民间值得保留的建筑经过一系列评定、筛选后，将它们聚集一处，按原样移植过来重建，形成了一片特定的民居游览区。游人可在此集中欣赏龙游棒的民居建筑。这里的建筑以龙游商帮为主题，不是商宅就是官邸，和皖南、婺源的古村落是不一样的味道。搬迁复建到此的民居中，包括了龚氏民居、余氏民居、滋树堂、聚星堂、高冈起凤厅、巫氏厅、劳氏民居、灵山花厅、翊秀亭、邵氏小厅和汪氏民居等34幢古建筑，其中还保留了一些文物。这些建筑是龙游古代劳动人民智慧和劳动的结晶，也是龙游商帮历史的见证。你可以在古商业街上走走逛逛，也可以走进民居内细细欣赏。由于这里没有人居住，游人也不多，拍建筑的照片很合适。龙游民居苑和龙游石窟相距不远，开车大约十几分钟，可购买联票一并游玩（100元）。,6月1日-9月30日8:00-17:30；10月1日-次年5月31日8:00-16:30。,https://img1.qunarzz.com/piao/fusion/2104/a2/dd4b7e67fcf1fb02.jpg_480x360x95_abb3cc6d.jpg,4.3,建议游览时间：2小时 - 3小时,,"{'龙游民居苑门票成人票\n\n': ['¥45起'], '龙游民居苑门票优待票\n\n': ['¥25起'], '龙游民居苑手机智能导游讲解服务大小同价\n\n': ['¥9起']}",,1
药王山Yaowang (Medicine King) Mountain,http://travel.qunar.com/p-oi703005-yaowangshan,"

地址:
衢州市衢江区黄坛口乡黄泥岭村


电话:
0570-3680173

",国家AAAA级风景区——药王山景区是以中华药文化和山水形胜为特色，集观光、休闲度假、康体健身及科普教育为主要功能的山地型城郊风景游赏区，景区距衢州市区28公里，是紫微山国家森林公园风景名胜区的主景区之一。景区总面积10平方公里，由三老峰、药王居、马尾瀑、石林荟翠四景群及入口旅游服务中心组成。景区汇密林、清溪、深潭、飞瀑、绝峰、幽谷、仙洞、险道等自然景观于一体；奇峰绝立，幽谷生云，飞瀑流霞，顽石蕴秀，山环水抱，林木葱茏，百药丛生，峭壁崖间，古藤悬彩，天地复色，走兽观人；有特色景点、景观100多处。雄险奇秀幽的山水形胜，独特的地理位置和优越的自然条件孕育了丰富的野生动植物资源。因此，这里既是“天然氧吧”、“育百药之胜地”，又是“天然野生动物园”。药王山的药文化也非常丰富，有传说的，有史实的。如相传神农氏炎帝在神谷偿百草，石林炼丹配制灵丹妙药拯救苍生；药王孙思藐曾在药王居用山中的草药，山中的水熬药为百姓治 病；衢州的历代名医如秦朝精通五运六气之说的刘光大，明代针灸大师杨继洲等都曾在山中采集中草药。神农、药王、华佗的神奇传说，给药王山蒙上了神奇的色彩。,8:00-16:30,https://img1.qunarzz.com/travel/d7/1707/a4/d7ce14417a3ddeb5.jpg_480x360x95_83c3fbc2.jpg,4.8,建议游览时间：2小时 - 3小时,,"{'药王山景区门票+玻璃天桥+玻璃滑道套票成人票\n\n': ['¥59起'], '药王山玻璃天桥+玻璃滑道门票成人票\n\n': ['¥59起'], '药王山门票成人票\n\n': ['¥65起']}",,1
衢州古城墙Quzhou Ancient City Wall,http://travel.qunar.com/p-oi9519548-quzhouguchengqiang,"

地址:
浙江省衢州市 ‎

",衢州古城墙是一座体现明清时期传统建筑风格的大型防御设施。全国重点文物保护单位(公布时间：2006年5月25日)。目前保留下来的衢州城墙始建于何时，史志均无明确记载，尚难以确定，但比较统一的说法是唐以后衢州才正式建筑了砖石城墙，明嘉靖《衢州府志》云：“唐武德四年（621）置衢州建郡治。”,全年 全天开放,https://img1.qunarzz.com/travel/d6/1709/72/8730ee1b9fcdd5b5.jpg_480x360x95_92cf1029.jpg,4.6,建议游览时间：1小时,,具体收费情况以现场公示为主,,2
三衢石林Sanqu Stone Forest,http://travel.qunar.com/p-oi702381-sanqushilin,"

地址:
衢州市常山县辉埠镇宋畈乡


电话:
0570-5110666

",三衢石林景区位于常山县辉埠镇境内，距离县城10公里左右，海拔518.8米，是国家AAAA级旅游景区、国家地质公园、省级风景名胜区。景区以喀斯特灰岩岩溶地貌景观为主要特征，融石林奇观、峡谷险胜、山林野趣于一体，三衢石林岩溶属幼年期，主要由峰丛构成，微地貌为石芽和溶沟。同时又是奥陶纪晚期(4.4亿年前)的一个巨大的古生物礁，是研究华南古生代地史的重要地区。    三衢石林因生物礁和优美岩溶地貌的结合而珍贵。典型的喀斯特岩溶地貌孕育出了千姿百态、亦真亦幻、韵味别致的石林迷宫奇观，掩映在绿色藤蔓中的溶沟石芽美仑美奂。在地质演变的作用下，形成了城堡石林、天井石林(天坑)、小古山岩溶凹地、紫藤峡谷、仙人洞等典型的地貌景观，形态上表现为各类象形动物、城堡、长廊、天生桥及这些单元组成的石林，被国内外地质学家称为“世界上罕见的地质地貌景观”。   ,营业状态调整频繁，建议提前咨询景区。 开放时间：07:30-17:00,https://mp-piao-admincp.qunarzz.com/mp_piao_admin_mp_piao_admin/fusion/20205/4d1c2219c4b0fed8ef334632b9d3d7c2.jpg_480x360x95_468302bf.jpg,4.5,建议游览时间：3天,,"{'三衢石林门票成人票\n\n': ['¥53.3起'], '三衢石林门票优待票\n\n': ['¥27起'], '三衢石林风景区电子导览服务大小同价\n\n': ['¥9起']}",,2
乌溪江Wuxi River,http://travel.qunar.com/p-oi713032-wuxijiang,"

地址:
浙江省衢州市衢江区湖南镇

",乌溪江位于浙江省衢州市衢江区湖南镇，古时称为东溪。乌溪江蜿蜒盘旋于崇山峻岭之间，山水交融山清水秀，局部高山还保存了较大面积的原始森林，上游遂昌境内已建立了九龙山自然保护区。,全年 10:00-16:00,,4.4,建议游览时间：2小时 - 3小时,,具体收费情况以现场公示为主,,2
仙霞关Xianxiaguan Scenic Resort,http://travel.qunar.com/p-oi706721-xianxiaguan,"

地址:
衢州市江山市保安乡


电话:
0570-4811274

",仙霞古道开辟于秦汉时期唐末黄巢起义军进军福建时又山拓道，素有“东南锁钥”、“入闽咽喉”之称，是古时由浙入闽的陆上官道；南宋以来文人骚客多漫游于此，留下诗文千余篇，堪称“南宋诗歌之路”。  ,08:00 - 17:15,https://img1.qunarzz.com/p/tts7/1801/39/6cb294bdeeaab402.jpg_480x360x95_aededd5c.jpg,4.5,建议游览时间：2小时 - 3小时,,周一-周五不收门票，需凭身份证领票参观，周六、周日及节假日门票包含在三景点联票55元内，为仙霞关和戴笠故居，中美联省抗日纪念馆联票。,,2
古田山自然保护区Gutianshan National Nature Reserve,http://travel.qunar.com/p-oi714894-gutianshanziranbaohuqu,"

地址:
衢州市开化县苏庄镇古田山


电话:
0570-6122000,0570-6829999

",古田山主峰青尖海拔1258米，水流经苏庄折入德兴的乐安江流入我国的淡水湖鄱阳湖，再汇入长江水系。    古田山自然保护区分布着典型的中亚热带常绿阔叶林，是生物繁衍栖息的理想场所，香果树、野含笑、紫茎群落之大，全国罕见；属国家保护动物有黑麂、白颈长尾雉、豹、云豹；二级保护动物白鹇、黑熊、小灵猫等。    古田山不仅景色秀丽，古木参天，名胜古迹众多。有大小瀑布十余处、30余亩沼泽地、朱元璋点将台、方志敏红军洞、凌云寺、兔子石、张果老与吕洞宾摆的擂台等。珍稀古树名木有“元杉”、“唐柏”、“吴越古樟”、“苏庄银杏”；“古田三怪”、世外桃源—宋坑更具神奇色彩。    ,5/1-10/31 08:00-16:30;11/1-4/30 08:30-16:00,https://img1.qunarzz.com/travel/d9/1603/cb/ab839650272371f7.jpg_480x360x95_dcac5a2f.jpg,4.5,建议游览时间：3小时 - 5小时,,70元,,2
白鹭岛,http://travel.qunar.com/p-oi704080-bailudao,,距衢州城东南18公里处有一村落，叫横溪村。风景空气清新。山水宜人，古木参天。村前有一片数白亩大的河滩，山面覆盖着茂密的树林，阳光丝丝透进，林间清流潺潺，村后是一座上百年古松，千年樟枫。这里常年栖息着上万只白鹭以及画眉，翠鸟，黄鹂，猫头鹰，啄木鸟，等珍贵鸟类，因此人称白鹭岛。每当晨光微露，成群结队的白鹭离营高翔，飞往田野觅食，那优美的姿态，那壮观的场面定令你赏心悦目。当晚霞染红西天，点点白鹭又陆续飞归，在田边地角嬉戏逗趣，时而引颈吟唱，时而翩翩起舞，...距衢州城东南18公里处有一村落，叫横溪村。风景空气清新。山水宜人，古木参天。村前有一片数白亩大的河滩，山面覆盖着茂密的树林，阳光丝丝透进，林间清流潺潺，村后是一座上百年古松，千年樟枫。这里常年栖息着上万只白鹭以及画眉，翠鸟，黄鹂，猫头鹰，啄木鸟，等珍贵鸟类，因此人称白鹭岛。每当晨光微露，成群结队的白鹭离营高翔，飞往田野觅食，那优美的姿态，那壮观的场面定令你赏心悦目。当晚霞染红西天，点点白鹭又陆续飞归，在田边地角嬉戏逗趣，时而引颈吟唱，时而翩翩起舞，声音悦耳动听，体态婀娜多姿，令你沉醉。,,,--,,,,,2
浮盖山Fugai Mountain,http://travel.qunar.com/p-oi710326-fugaishan,"

地址:
衢州市江山市峡口廿八都富强村


电话:
0570-4873017

",浮盖山地处浙江与福建的交界处，江山市廿八都镇南9公里。山岩像盖子一样扣在丛林之中，是一个真正体验大自然鬼斧神工的地方。如果你对探索小众山岳感兴趣，在江山时不能错过的就是浮盖山。在浮盖山钻山洞是为有趣的游玩方式之一，各种大小不一的洞穴曲折迂回，是天然的拓展基地，野趣横生。他的另一个特点是横跨浙、闽、赣三省，登顶可俯瞰三省交界，运气好能看到云海。山上没有索道之类的代步方式，只能全程步行。上山有两条路，一条探险路（钻洞），一条台阶路。不过这两条路是相互...浮盖山地处浙江与福建的交界处，江山市廿八都镇南9公里。山岩像盖子一样扣在丛林之中，是一个真正体验大自然鬼斧神工的地方。如果你对探索小众山岳感兴趣，在江山时不能错过的就是浮盖山。在浮盖山钻山洞是为有趣的游玩方式之一，各种大小不一的洞穴曲折迂回，是天然的拓展基地，野趣横生。他的另一个特点是横跨浙、闽、赣三省，登顶可俯瞰三省交界，运气好能看到云海。山上没有索道之类的代步方式，只能全程步行。上山有两条路，一条探险路（钻洞），一条台阶路。不过这两条路是相互缠绕在一起的，几乎每个洞旁都有台阶路可走，游客可自由选择。当然，探险路更能领略浮盖山的神奇。山中比较的景点是浮盖山得名的浮盖石，当地传说是它像顶官帽，因此一直很受膜拜。浮盖石下的迷宫，因为道路狭窄，比较有挑战性，人气非常高。位于高处的观音石也是山中头牌之一，不过在山下看起来更为传神。浮盖山的高处，两侧浙闽风情都能一览无余，景区尽头处的草庐可以一眼看三省。浮盖山的交通并不方便，公交车只能到山下，而售票处在半山腰，从山下走上去还要30分钟左右。江山的几个景点，浮盖山、清漾村、江郎山、廿八都等，很适合自驾或者包车花上一两天一并游玩。如此购买景区联票会比较划算，组合方式和价格可参考官网：http://www.jsfgs.com/Page.aspx?typeid=69。去往浮盖山的公路经过仙霞古道的重要关口枫岭关，值得停留片刻。长满杂草的关口颇为沧桑。,1/1-12/31 08:00-17:00,https://img1.qunarzz.com/travel/d8/1511/30/6e49d9e33451e9f7.jpg_480x360x95_34a97456.jpg,4.6,建议游览时间：3天,,"{'浮盖山门票成人票\n\n': ['¥36起'], '浮盖山手机智能导游讲解服务大小同价\n\n': ['¥9起'], '浙江衢州江郎山飞行基地【热气球/骑马/越野车/三角翼体验】\n\n': ['¥90起']}",,2
仙霞关景区Former Residence of Dai Li in Xianxia Pass,http://travel.qunar.com/p-oi703213-xianxiaguanjingqu,"

地址:
衢州市江山市保安乡


电话:
0570-4811274

",仙霞古道开辟于秦汉时期唐末黄巢起义军进军福建时又山拓道，素有“东南锁钥”、“入闽咽喉”之称，是古时由浙入闽的陆上官道；南宋以来文人骚客多漫游于此，留下诗文千余篇，堪称“南宋诗歌之路”。  ,8:00-17:15,https://mp-commentcp.qunarzz.com/mp_comment_mp_comment/1551229365033100g11000000rdi201497_D_640_10000.jpg_480x360x95_70332714.jpg,4.4,建议游览时间：2小时 - 3小时,,60元,,2
烂柯山Lanke Mountain,http://travel.qunar.com/p-oi706483-lankeshan,"

地址:
衢州市柯城区石室乡


电话:
0570-3060880,0570-8872037

",烂柯山位于衢州东南13公里，山只有百余米高，景区面积也不算大，却是当地不得不提的一处景观。顾名思义，烂柯山与围棋息息相关，虽然全国有“烂柯”之称的地方不下十处，而衢州烂柯山的“围棋仙地”是很受认可的一处。山中随处可见带有围棋元素的景观，比如许多围棋谱造型的宣传栏，以及刻着关于围棋字句的石碑。这里不仅游人不少，也常有当地人来爬山锻炼身体。景区有东、南两条路可购票上山，在天生石梁附近设有检票处。由东入口上山，再由南门下山，便可少走些上山路。上山直奔天生石梁，这里也是景区核心的部分，巨大的拱顶下有一个巨大的围棋盘，许多游人坐在脸盆大的黑白棋子上，摆出下棋的造型拍照，效果非常喜感。而在炎炎夏日，外面日光强烈，石梁下却是凉风习习，又是纳凉的好地方。石梁上方有一条横着的缝隙，上面刻着“一线天”，天气好的时候可爬上去望远，目之所及是绵延的不知名的小山，透着南方的秀美。由石梁拾级而下，不远便是宝岩寺。寺院近年重修过，依然有些古朴的味道，游人可在此礼佛祈福。寺前的冷泉古井据说是朱元璋饮水的地方，也是一景。继续前行至樵隐岩，洞内两个仙童下棋的雕塑便是呼应着“山中方一日，世上已千年”的传说。而当你走到山下，南出口附近的梅岩则供奉着太上老君，两侧站立着八仙，是道家的地界。,夏令8:00-17:00，16:30停止入场；冬令8:30-16:30，16:00停止入场。,https://img1.qunarzz.com/piao/fusion/1709/2c/d8b91f9e5dc4c02.jpg_480x360x95_4dde2e22.jpg,4.9,建议游览时间：2小时 - 3小时,,{'烂柯山手机导游(不含门票)服务成人票\n\n': ['¥7起']},,2
衢州九华山Quzhoujiuhua Mountain,http://travel.qunar.com/p-oi705676-quzhoujiuhuashan,"

地址:
衢州市柯城区

",九华山又名为齐天山，是浙西有名的佛教圣地。在柯城区九华乡境内，属千里岗山脉的一个支脉。因和安徽九华山形状与规模相近，故有“小九华”之称，也为衢州历史较久的避暑胜地。地属今开发的齐天山风景名胜区，金衢盆地西北部，全区面积60多平方公里。,免费,https://img1.qunarzz.com/travel/d5/1612/c5/1671ded9a7acceb5.jpg_480x360x95_1dd276f8.jpg,3.9,建议游览时间：12小时 - 3天,,具体收费情况以现场公示为主,,2
须江公园Xujiang Park,http://travel.qunar.com/p-oi705540-xujianggongyuan,"

地址:
衢州市江山市江滨路40号


电话:
0570-4011899

",须江公园始建于1985年，占地面积162.8亩，其中水域19.5亩，各类建筑2527平方米，园内林木繁茂，风景秀丽，空气清新，享有“浙西第一园”的美称。公园包括五个功能区，分别为儿童乐园、动物观赏区、书画展览区、盆景繁育区和水景区，能充分满足不同层次人群的休闲娱乐要求。须江公园门前华表矗立，红装翠盖，入门正面为鱼池、栏槛、假山、石洞。蛙口喷水、龙嘴流涎、童娃嬉水、鲤鱼跃波诸石雕，其态栩栩如生。右侧为儿童乐园，大风车、小火车、游艇、旋梯、荷花转盘、电动汽车、飞机等，不仅逗童稚依依不舍，即成年游客，亦流连忘返。稍东，有猴山，大小猴群攀缘于石垒假山之间。过拱桥，循石径往北，迂回曲折，林木葱郁，草莽铺地，桂花丛中芬芳扑鼻，玉兰树下香气袭人。登高远眺，双塔似扼须江北去之水，石禽（鸡公山）欲啄三秋西坠之日，蔚为奇观。下石阶、赏荷塘月色，兴未尽而拾级而上，豁然开朗，土地平旷。其古朴建筑为“须江艺苑”。时有书画、篆刻展览，艺人琢磨切磋其间，亦颇有“老年乐园”之趣。,全年 全天开放,https://tr-osdcp.qunarzz.com/tr-osd-tr-manager/img/e6f5060c25f99bfa16a896f346dd7628.jpg_480x360x95_51689f64.jpg,4.5,建议游览时间：1小时 - 3小时,,具体收费情况以现场公示为主,,3
常山国家地质公园,http://travel.qunar.com/p-oi703302-changshanguojiadizhigong,"

地址:
中国浙江衢州

",常山国家地质公园占地面积46平方公里，分三衢山、金钉子、青石和常山港四个园区，金钉子园区是其核心园区。在地球历史上，从4.9亿年至4.35亿年间的5500万年为奥陶系，这是地球上第一次出现生物多样性最丰富多彩的时期。作为奥陶系年代地层单元的主要化石门类――笔石和牙形刺，在常山黄泥塘剖面得到最好的发育和保存，1998年1月国际地科联一致通过该剖面为中国第一个“金钉子剖面”。,8：00-17：00,,--,,,18元,,3
清漾毛氏文化村Qingyang Mao's Culture Village,http://travel.qunar.com/p-oi702675-qingyangmaoshiwenhuacun,"

地址:
江山市石门镇南部距江山市中心25km


电话:
0570-4939165

",清漾村属石门镇，是一个历史悠久的古镇，早在新石器时期这里就有人类活动，在黄泥岗遗址处出土了不少商、周印纹陶器物。古村的村口屹立着一株魁梧的千年老樟树，村子东侧200米处有座古老的清漾塔，一条“文”字形的文川溪从村中穿过，村内一片古朴的老建筑，透出历史的凝重，其中包含有清漾祖宅、清漾宗祠、毛氏名人馆、毛子水故居等景点。清漾村还存有“清漾古宅”一匾，乃胡适亲笔题写。清漾村是一个历史文化村，全村数百户人家皆姓毛，为江南毛氏发源地，是毛福梅和熊希龄夫人毛彦文的祖籍地。清漾毛氏人才辈出，千古年来，出过8位尚书、83位进士，而《清漾毛氏族谱》首批入选《中国档案文献遗产名录》，成为国之瑰宝。,8:00-17:00,https://mp-commentcp.qunarzz.com/mp_comment_mp_comment/1562440700369100516000000z2276BBBC_D_640_10000.jpg_480x360x95_129ea01a.jpg,4.3,建议游览时间：4小时 - 6小时,,"{'清漾毛氏文化村门票成人票\n\n': ['¥40起'], '清漾村手机智能定位导览讲解服务大小同价\n\n': ['¥9起']}",,3
月亮湖,http://travel.qunar.com/p-oi714192-yuelianghu,,江山月亮湖是国家水利风景区、浙江省爱国主义教育基地、国家级蜂业示范区、国家级蜂产品基地。因座落在江山最有名的太阳山下，取阴阳对应和山水相映成趣而得名。旅游区内自然景观和人文景观都十分丰富。有旅游区出土的国家二级文物春秋时期的打击乐器——青铜编钟六枚；有省文保单位——宋代碗窑遗址群；有粟裕将军战斗在月亮湖区的红军标语等遗迹；有神韵尚存的千年古刹——石壁寺；有夏天无山蚊的千岩洞；有古建筑——深渡祠堂，据传明正德皇帝曾赐匾“义门世家”；有农家乐 12 家...江山月亮湖是国家水利风景区、浙江省爱国主义教育基地、国家级蜂业示范区、国家级蜂产品基地。因座落在江山最有名的太阳山下，取阴阳对应和山水相映成趣而得名。旅游区内自然景观和人文景观都十分丰富。有旅游区出土的国家二级文物春秋时期的打击乐器——青铜编钟六枚；有省文保单位——宋代碗窑遗址群；有粟裕将军战斗在月亮湖区的红军标语等遗迹；有神韵尚存的千年古刹——石壁寺；有夏天无山蚊的千岩洞；有古建筑——深渡祠堂，据传明正德皇帝曾赐匾“义门世家”；有农家乐 12 家；野外拓展训练有：跳出真我（高空单杠）、迈向成功（空中断桥）、巨无霸天梯、水上缅甸桥、信任背摔等项目；有宋代进士建宁府推官柴元彪及柴登孙歌颂湖区石壁寺等景观的不少诗篇；有很多湖区美丽的神话、传说流传很广，并见于诸多报刊，更有长篇小说《神奇月亮湖》早已出版发行；月亮湖有 7 大湖湾 24 岛，最大的野趣岛 108 亩。岛屿大小不一，形态各异； 58.77 公里的湖岸线迂回曲折，极富变化；旅游区总体规划面积 90.32 平方公里，其中水域面积 10 平方公里。湖面开阔、山川秀美、空气清新、炎暑清凉，有“水上天然氧吧”之美誉。,,https://img1.qunarzz.com/travel/d6/1702/45/03261cfe8fb5a4b5.jpg_480x360x95_4e6375f7.jpg,--,,,,,3
三门源,http://travel.qunar.com/p-oi707670-sanmenyuan,"

地址:
衢州石佛乡

",三门源是一个古老的小山村，坐落在石佛乡，群山拱卫于村子的东、西、北三面，一条山溪自北而南穿村而过，山清水秀，风光明媚。村子折格局和建筑几乎完整地保留了清代江财民居牲，以村东的叶氏民居建筑群尢为精致，是浙江省晚清时期建筑精品之代表，清朝道光年二十六年（1846）村人叶鹤天中恩贡后兴建，坐东朝西，依山而建。原有主体建筑五幢，现存三座，门额题字分别为“芝兰入座、”“荆花永茂”、“环堵生春”，伴有庭院、花园、池塘等，占地4500平方米。 叶氏建筑群布局严谨，造型...三门源是一个古老的小山村，坐落在石佛乡，群山拱卫于村子的东、西、北三面，一条山溪自北而南穿村而过，山清水秀，风光明媚。村子折格局和建筑几乎完整地保留了清代江财民居牲，以村东的叶氏民居建筑群尢为精致，是浙江省晚清时期建筑精品之代表，清朝道光年二十六年（1846）村人叶鹤天中恩贡后兴建，坐东朝西，依山而建。原有主体建筑五幢，现存三座，门额题字分别为“芝兰入座、”“荆花永茂”、“环堵生春”，伴有庭院、花园、池塘等，占地4500平方米。 叶氏建筑群布局严谨，造型精致，气势宏大，组合巧妙，保持了清代中晚期江南民居典型风格。厅内的楹柱、栋梁粗壮，梁架结构独特。藻井、梁柱、走马楼及窗棂等无不精雕细刻描金 彩。因采用天井调节信宅排水排气、改善室内采光，虽然墙高楼深，但空气流通畅，舒适明亮。其中“芝兰入座”最为精巧，布局为三进两面三刀明堂，是民居中的杰作。 艺术砖雕是叶氏建筑群的精华。三座正门全以砖雕镶嵌，有楼台亭阁，山水动物，花鸟图案。其中23方长56厘米、宽26厘米的戏曲砖雕，每块各镌一出微戏，浮雕镂空，工艺精湛，造型生动，是罕见的衡世之珍，也是珍贵的戏曲资料。,8：00-17：00,,--,,,50元,,3
仙霞森林公园Xianxia Forest Park,http://travel.qunar.com/p-oi707098-xianxiasenlingongyuan,"

地址:
保安乡

",浙江仙霞森林公园位于浙、闽、赣三省交界处的江山市东南部保安乡、双溪口乡、廿八都镇境内。公园分为仙霞关景区、龙井坑景区和浮盖山景区三部分，为森林公园。公园森林覆盖率达95%，园内野生动物种类繁多，国家保护的有白颈长尾雉、黄腹角雉、黑麂、云豹等，国家二级保护的有穿山甲、鸢、鸮、獐、猕猴、金猫等。    仙霞森林公园森林旅游资源极其丰富，景点密度大，可览度高，景观特色鲜明，类别齐全，集古树修竹、奇峰怪石、飞瀑流泉、幽洞深潭等自然景观于一身，以雄关古道、寺庵碑碣、名人题咏、神话传说等璀璨人文历史为烘托，具有“青、幽、秀、奇、雄、险、古”的特色。园区外有江郎山、戴笠故居、廿八都古镇、峡里湖、白水坑等名胜古迹交相映辉。    ,全年 全天开放,https://img1.qunarzz.com/travel/poi/1803/57/954e983808cc6e37.jpg_480x360x95_c6a1db1e.jpg,4.7,建议游览时间：4小时,,50元,,3
府山公园Fushan Park,http://travel.qunar.com/p-oi704402-fushangongyuan,"

地址:
衢州市柯城区峥嵘山


电话:
0570-3026615

",府山公园位于衢州市中心峥嵘山，占地300多亩的府山公园，园内林木葱郁、亭台楼阁、曲径通幽。公园规划分为庙前区、古衢采风区、琴瑟书画区、六艺遗风区、纪念园区等。主要建筑有步云楼、雪筑轩、六艺轩、正谊书院、钟灵塔、授业坪、仙人居、碑林、牌坊等。正对面还有一栋博物馆，使公园更有了文化气息。府山公园里有很多三叶草从，早上起来去那里散步，锻炼身体，说不定也能找到四叶草。每个礼拜日的早晨8点，都能听见教堂里的颂词与歌声。这也是件美好的事。,全年 全天开放,https://img1.qunarzz.com/travel/poi/1803/7a/5de2af74eae86e37.jpg_480x360x95_81382ad4.jpg,4.7,建议游览时间：1小时 - 3小时,,具体收费情况以现场公示为主,,3
九龙湖Jiulong Lake,http://travel.qunar.com/p-oi716415-jiulonghu,"

地址:
衢州市柯城区湖南镇溪黄线黄坛口大坝


电话:
0570-3118161

",九龙湖水域宽广，为黄坛口大坝截断滔滔乌溪江形成的人工湖，湖区面积达237平方公里，湖水容量达8000万立方米。湖水清澈透明，水质甘甜，富含多种矿物质。常年水温保持在摄氏15度，湖区内冬暖夏凉，气候宜人，被誉为避暑胜地。现在湖内已开发月亮岛、九龙湾、太阳岛、花果山、卧龙山庄和湘思岛等度假村。还有牛头湾、九龙山、叠石山、节理石柱、九龙戏珠、破石四景等。月亮岛，因其形状似一弯新月而得名，又称环形岛。青石山门正上方的名字由闻名书法家，原西泠印社副院长吕迈所题，月亮岛位于凌云洞对岸的上方，岛上亭榭长廊均为竹木结构，曲曲弯弯从水边向山坡延伸。红瓦白墙的水边建筑别有欧陆风情，共有20座建筑。湘思岛，与月亮岛遥遥相对，“湘”代表湖南，相传这里曾经是湘军左宗棠的部下溃败之后，流落到这儿，觉得此处风光秀丽，清静自然，就隐姓埋名落了户，因思念家乡，取名为湘思，这边上的小村子就叫湘思村，岛上有一片十几米高的栗子林，浓荫遮天，秋天上岛，游客还可以在树下捡板栗吃。四周散布的都是形态各异的建筑，竹屋、茅屋、木板屋、树皮屋，为标准间配置。湘思岛对岸的埠头村有唐孝子郑崇义墓，墓前石人石马尚在。太阳岛上湖光山色，风光旖旎，环境优美，湖水清澈凝碧，湖区空气清新。太阳岛正处于这如诗如画，一江碧水的中间区域，是九龙湖区较大的岛屿。,景区暂时停业，具体开放时间以景区公示为准，原开放时间为：7月-8月9:00-16:30，16:30停止入场。9月上旬-次年6月下旬9:30-15:30，15:30停止入场。,https://img1.qunarzz.com/piao/fusion/1501/c2/c2e0e661e70b0442cdb.jpg_480x360x95_38ed659b.jpg,4.5,建议游览时间：3天 - 6天,,具体收费情况以现场公示为主,,3
紫微山国家森林公园Ziwei Mountain National Forest Park,http://travel.qunar.com/p-oi709465-ziweishanguojiasenlin,"

地址:
衢州市衢江区紫微山国家级森林公园

",紫微山国家森林公园座落在浙江衢县南部， 园内森林茂密，自然景观独特，有片半原始白豆杉丛林，公园集奇山异石、天然洞府、幽谷川流等于一体，聚山、林、泉、瀑、云、雾等于一谷，形成险、雄、奇、幽、美的山水特色。公园由龙门峡谷景区、药王山景区、大源尾景区、洞岩景区及九龙湖休闲度假区组成。这里夏拒“三伏”可避暑，冬离“三九”可观雪，晚赏明月，晨观日出，送夕阳，听松涛，行可登云梯、淌龙潭，食有风味小吃、山珍野味。,全年 全天开放,https://img1.qunarzz.com/travel/poi/1712/6d/61a6ff08560a1337.jpg_480x360x95_663e802b.jpg,5.0,建议游览时间：4小时,,,,3
东明湖Dongminghu Park,http://travel.qunar.com/p-oi712694-dongminghu,"

地址:
城东南1公里


电话:
0570-5017149

",东明湖位于浙江省常山县城东南1公里，是一处山中有水、水中有山的山水公园，也是一个度假村，是常山城区避暑纳凉的好去处。,9：30—17：00,https://tr-osdcp.qunarzz.com/tr-osd-tr-manager/img/e0ce7867f84ac736e547e712b3f9b5f6.jpg_480x360x95_5493083a.jpg,4.7,建议游览时间：2小时 - 3小时,,具体收费情况以现场公示为主,,3
三叠岩sandieyan,http://travel.qunar.com/p-oi707873-sandieyan,,,,,,,,,,4
九坛沟,http://travel.qunar.com/p-oi712422-jiutangou,,,,,,,,,,4
衢州龙游六春湖漂流,http://travel.qunar.com/p-oi7469675-quzhoulongyouliuchunhu,"

地址:
浙江省衢州市龙游县庙下乡严村

",六春湖生态漂流是由龙游诚宇旅游开发有限公司投资新建的项目，景区地处龙游县庙下乡境内，属浙江大竹海森林公园主景区。距龙游石窟、民居苑约20公里，与庙下晓溪省级农家乐特色村相邻，旅游交通十分便利，餐饮、住宿具有鲜明的竹乡特色。六春湖生态漂流景区天然峡谷漂流航道总长4公里，四周“竹、木、山、水”自然天成，两岸风光旖旎、举目茂林修竹，青山环抱，俯首可见溪水清澈见底，依山婉曲，穿石而泻，卵石纵横，急流、险滩、落差区交替纵生，总落差近100米，弯道、急流险滩几十处...六春湖生态漂流是由龙游诚宇旅游开发有限公司投资新建的项目，景区地处龙游县庙下乡境内，属浙江大竹海森林公园主景区。距龙游石窟、民居苑约20公里，与庙下晓溪省级农家乐特色村相邻，旅游交通十分便利，餐饮、住宿具有鲜明的竹乡特色。六春湖生态漂流景区天然峡谷漂流航道总长4公里，四周“竹、木、山、水”自然天成，两岸风光旖旎、举目茂林修竹，青山环抱，俯首可见溪水清澈见底，依山婉曲，穿石而泻，卵石纵横，急流、险滩、落差区交替纵生，总落差近100米，弯道、急流险滩几十处，惊险刺激又无险。六春湖生态漂流以“生态参与性旅游”为核心理念，是观光和娱乐完善的融合，让人置身于仙境一般，深深领略“激情穿越、仙境畅游”的独有神韵。,上午9:00-11:30、下午13:00-17:00,https://img1.qunarzz.com/travel/poi/1408/27/4e0e97c7556a8e5fffffffffc8d65eac.jpg_480x360x95_b2331122.jpg,--,建议游览时间：5小时,适宜月份：5月、6月、7月、8月、9月、10月,,,4
霞山古民居,http://travel.qunar.com/p-oi708901-xiashanguminju,,,,,,,,,,4
南华山风景区,http://travel.qunar.com/p-oi707183-nanhuashanfengjingqu,,"南华山风景区，位于开化县杨林镇霞光村，其美丽的自然景观，堪称镶嵌在浙赣边境17省道华白线上的一颗绿色明珠。它集山、林、溪、石、云、雾、花、草、鸟、兽、鱼、虫于一区，融圣、神、奇、秀、特于一体。巍峨南华山，层峦叠嶂，古木参天，绿荫环抱；清澈南华溪，曲势绵长，踪寄彩霞，千古流芳，其风貌不仅是具有原始、半原始特色，且在""二战""时期，工农红军在这里爬雪山，过水川，回旋南华山，血战菜刀岗，谱写了可歌可泣的诗篇。如今，山中玉韫珠怀，繁多的生物物种，稀有的珍禽奇兽...南华山风景区，位于开化县杨林镇霞光村，其美丽的自然景观，堪称镶嵌在浙赣边境17省道华白线上的一颗绿色明珠。它集山、林、溪、石、云、雾、花、草、鸟、兽、鱼、虫于一区，融圣、神、奇、秀、特于一体。巍峨南华山，层峦叠嶂，古木参天，绿荫环抱；清澈南华溪，曲势绵长，踪寄彩霞，千古流芳，其风貌不仅是具有原始、半原始特色，且在""二战""时期，工农红军在这里爬雪山，过水川，回旋南华山，血战菜刀岗，谱写了可歌可泣的诗篇。如今，山中玉韫珠怀，繁多的生物物种，稀有的珍禽奇兽更是生物的基因库、自然植被的""博物馆""。南华山生态走廊，系怀玉山脉，地质结构以花岗岩为主，岩性坚硬，山势险峻，怪石奇峰连绵。它由3条大岗，2条深沟组成。主峰南华山海拔1166.2米，与山峦横亘的1114菜刀岗接攘，生态保护区内有山林22000余亩，除香果树、长序榆、红豆杉等多种珍惜树种外，还有百亩野枇杷，千亩红南木，千亩枫香树，千年梅树王，千年甜茶树王，成片梅树堪称江南一绝，甜茶具有止咳化痰之功能，且越泡越甜，堪称浙西一绝，万亩阔叶林也是开化县境内少有的，构成独特的风景线；漫山遍野的木本粮食树种：两槠（甜槠、绵槠）。三栗（板栗、锥栗、茅栗）、四栎（石栎、白栎、青冈栎），素有野生粮食仓库之称。优越的植物资源，既为飞禽走兽生存提供了丰足的食粮，又为各种动物栖息、繁衍创造了良好的环境。据霞光村已77岁的兰金成介绍，他从小至今，在山里看到的除兔子、黄鹿、野猪等一般性的飞禽走兽外，还看到长尾雉、小灵猫、黑熊、豹等珍稀禽兽。",,,--,,,,,4
太真洞Taizhen hole,http://travel.qunar.com/p-oi701604-taizhendong,"

地址:
衢州市衢江区太真乡上曹村


电话:
0570-2915038

",太真洞位于衢江区以北38公里，隶属衢江区太真乡，是一个岩溶喀斯特洞穴，海拔265米。目前可供游览的面积约8474平方米，总道长1147.2米，分设为七宫二厅一台，景点一百余个。“太真三绝”名扬天下：它洞中有洞，洞洞相连，共有三十六洞天，景致非常，为一绝；有仙田仙池，阡陌纵横，小桥流水。一望无边，为二绝；每逢早晚和子夜时分，洞顶仙气缭绕，袅袅不绝，道家仙气扑面而至，此为三绝。洞内长年平均气温17℃，空气新鲜，气候宜人，尤其是夏天，洞外炎热酷暑，热浪滚滚，洞内却凉风习习，清爽宜人。,全年 7:30-18:00,https://img1.qunarzz.com/travel/poi/1803/7f/c9a475ce7733f837.jpg_480x360x95_607ea6b4.jpg,3.9,建议游览时间：1小时,,具体收费情况以现场公示为主,,4
信安湖夜游,http://travel.qunar.com/p-oi40004682-xinanhuyeyou,,《儒梦衢州》由光影秀、豪华游船与沿岸五幕演艺场景完美融合组成大型沉浸式夜游演出，整剧以南孔文化为主题，结合视觉艺术、水特效、装置艺术等科技，通过独特的水上移动观演体验-乘船观演，全新的“行进+沉浸”的观演方式，让观演者体验南孔文化与信安湖优美夜景。观演区域毗邻水亭门历史文化街区，北起西安门大桥，南至衢江大桥，西至紫薇南路，东至衢江中路，环线约 5.2 公里，演出时长约50 分钟。,,,0.0,,,,,4
衢州市柯城区图书馆,http://travel.qunar.com/p-oi39874895-quzhoushikechengqutushu,,,,,0.0,,,具体收费情况以景区现场公示为主,,4
龙游国家登山健身步道,http://travel.qunar.com/p-oi39874420-longyouguojiadengshan,,,,,0.0,,,,,4
飞龙大滑索,http://travel.qunar.com/p-oi39750982-feilongdahuasuo,,长358米、落差108米的高空滑索，安全刺激。感受凌空飞渡，体验傲视苍穹，还可以免去步行下山的劳累。,,,0.0,建议游览时间：2小时 - 3小时,,,,4
玻璃栈道,http://travel.qunar.com/p-oi39740380-bolizhandao,,脚底的俊美峡谷风光一览无遗，在群山环绕中漫步前行仿佛踏在云端，感受天脊龙门的精华所在！,,,0.0,建议游览时间：2小时 - 3小时,,,,5
飞龙在天栈道,http://travel.qunar.com/p-oi39736106-feilongzaitianzhandao,,,,,,,,,,5
飞天索桥,http://travel.qunar.com/p-oi39723159-feitiansuoqiao,,108米长的“浙西第一索桥”似横空出世的长龙腾飞南北，架龙潭飞瀑之上，悬龙门峡谷之间。来感受飞天索桥之悬空信步的惊奇感受吧！,,,0.0,建议游览时间：2小时 - 3小时,,,,5
“龙”字崖刻,http://travel.qunar.com/p-oi39723126-longziyake,,面积509平方米的“龙”字崖壁绝刻，腾飞在云雾缭绕的半山中，栈道全程一览无遗。,,,0.0,建议游览时间：2小时 - 3小时,,,,5
神农瀑,http://travel.qunar.com/p-oi39720570-shennongpu,,双瀑托彩虹，一潭映七彩。神农双瀑 — 艳阳高照的日子能看到彩虹之美景。,,,0.0,建议游览时间：1.5小时 - 2小时,,,,5
野猴坪,http://travel.qunar.com/p-oi39720541-yehouping,,探幽药王谷，驻步野猴坪，与猕猴同乐，野趣盎然。,,,0.0,,,,,5
八卦井,http://travel.qunar.com/p-oi39720508-baguajing,,游走药王山，探访药王居，祈福八卦井。 八卦井——每个方位都有一个泉眼，代表不同的卦象，乾为天，坤为地。,,,0.0,,,,,5
马尾瀑,http://travel.qunar.com/p-oi39720454-maweipu,,江南神农架，巍巍药王山。200余米高的瀑布自岩崖悬空飞流直下，形式一匹踏云而来的飞马。,,,0.0,,,,,5
举村乡,http://travel.qunar.com/p-oi39599962-jucunxiang,,,,,0.0,,,,,5
衢州水亭历史文化街,http://travel.qunar.com/p-oi39590424-quzhoushuitinglishiwen,,,,,0.0,,,,,5
麻蓬村,http://travel.qunar.com/p-oi39590397-mapengcun,,,,,0.0,,,具体收费情况以景区现场公示为主,,6
石川村,http://travel.qunar.com/p-oi39413714-shichuancun,,,,,0.0,,,,,6
侵华日军细菌战衢州展览馆,http://travel.qunar.com/p-oi39037336-qinhuarijunxijunzhanqu,,,,,0.0,,,,,6
常山县文化馆,http://travel.qunar.com/p-oi38949966-changshanxianwenhuaguan,,,,,5.0,,,,,6
衢州天王塔沉浸式艺术馆,http://travel.qunar.com/p-oi38881720-quzhoutianwangtachenjin,,衢州天王塔沉浸式艺术馆作为世界历史文化主题、数字化全景沉浸、多维探索式的禅意艺术展览馆，整体围绕「因缘一念」为主线，结合衢州当地特色历史文化内涵，阐述天王塔与衢州、衢州城与佛文化、佛与人、人与人之间的因缘相生，带领观众穿越世间浮华万象，追寻本心，体验一场触及灵魂的修心之旅。展览在历史文化层面上，以小见大。从衢州天王塔的故事、四天王文化元素逐渐拓展至佛文化、中华传统文化范畴，并深入结合衢州作为南孔圣地的城市发展历史背景，彰显本土文化自信与儒释道多元文化地融合与发展。充分体现历史文化维度的广阔，让优秀的传统文化精神延续下去、传承下去。展览在价值观层面上，由大到小。将党的领导下社会主义核心价值观的论述，与中华传统文化中对美好生活的向往及佛文化普世价值中对平等为体、慈悲为相、智慧为用、与人为善的社会正能量倡导融为一体，从国家—城市—人世的维度，提倡真善美的正能量的传递，寓价值观引导于知识传授之中。展馆以艺术、科技为历史、文化赋能，打造全景沉浸式的文化展示空间与禅意感悟空间，望所有来到衢州天王塔沉浸式艺术馆的有缘之人，皆能在此地感悟历史，领略文化，收获本心。也让衢州在城市发展的进程中，亦沐浴于传统历史文化的熏陶中，传承中华优秀传统文化精神，高度树立衢州城市文化自信。天王塔院沉浸式光影大秀万事因缘生，万物因缘灭。芸芸众生，熙熙攘攘，让我们珍惜每一次邂逅的相见……大雄宝殿的沉浸式光影大秀以“开、示、悟、入”悟法觉世的宏大胜景，结合多媒体艺术灯光阐释恢弘的佛文化意境，呈现“德”与“善”的美好关联。时光流转，因缘际会，和合相生，每个来到天王塔的人，皆为与衢州、与天王塔的有缘之人，让我们留存此刻，结缘此地。万物因缘，世当珍惜。,,,5.0,建议游览时间：2小时 - 4小时,,,,6
江山鸟语花香,http://travel.qunar.com/p-oi38807683-jiangshanniaoyuhuaxiang,,,,,5.0,,,,,6
鹿鸣山公园,http://travel.qunar.com/p-oi38622149-lumingshangongyuan,,,,,0.0,,,具体收费情况以现场公示为主,,6
白云山,http://travel.qunar.com/p-oi38341155-baiyunshan,,,,,--,,,具体收费情况以现场公示为主,,6
七彩长虹高田坑古村落,http://travel.qunar.com/p-oi38340655-qicaizhanghonggaotian,,,,,0.0,,,具体收费情况以现场公示为主,,6
众园景区,http://travel.qunar.com/p-oi38336837-zhongyuanjingqu,,,,,--,,,具体收费情况以现场公示为主,,6
中国乡村美术馆,http://travel.qunar.com/p-oi38336677-zhongguoxiangcunmeishu,,,,,0.0,,,具体收费情况以现场公示为主,,7
衢州书院,http://travel.qunar.com/p-oi38335935-quzhoushuyuan,,,,,4.6,,,具体收费情况以现场公示为主,,7
赵抃祠,http://travel.qunar.com/p-oi38335557-zhaobianci,,,,,0.0,,,具体收费情况以现场公示为主,,7
西区大草原,http://travel.qunar.com/p-oi38335262-xiqudacaoyuan,,,,,0.0,,,具体收费情况以现场公示为主,,7
黄土岭,http://travel.qunar.com/p-oi38334948-huangtuling,,,,,--,,,具体收费情况以现场公示为主,,7
老虎山,http://travel.qunar.com/p-oi38334734-laohushan,,,,,--,,,具体收费情况以现场公示为主,,7
碗窑·碗东未来乡村,http://travel.qunar.com/p-oi38259721-wanyaowandongweilaixiang,,,,,0.0,,,具体收费情况以现场公示为主,,7
礼贤桥,http://travel.qunar.com/p-oi38045086-lixianqiao,,礼贤桥位于衢州市柯城区，全长五百多米，横跨衢江和常山港两条水系，桥身建造独特，坚硬无比。,,,3.0,建议游览时间：0.5小时 - 1小时,,具体收费情况以现场公示为主,,7
里秧田村,http://travel.qunar.com/p-oi38038517-liyangtiancun,,,,,--,,,具体收费情况以现场公示为主,,7
钱江源头茶香小镇,http://travel.qunar.com/p-oi38038495-qianjiangyuantouchaxiang,,,,,--,,,具体收费情况以现场公示为主,,7
浙西红色文化根雕艺术博物馆,http://travel.qunar.com/p-oi38038485-zhexihongsewenhuagendiao,"

地址:
衢州市开化县根搏路1号根宫佛国景区内


电话:
0570-6162588

",,全年 08:30-17:00,,0.0,,,包含于根宫佛国文化旅游区景区内，通用景区门票,,8
霞山古民居,http://travel.qunar.com/p-oi38038482-xiashanguminju,,,,,--,,,具体收费情况以现场公示为主,,8
华夏文化根雕艺术博物馆,http://travel.qunar.com/p-oi38038479-huaxiawenhuagendiaoyi,"

地址:
衢州市开化县根宫佛国文化旅游区内


电话:
0570-6162588

",,全年 08:30-17:00,,0.0,,,包含于开化根宫佛国文化旅游区景区内，通用景区门票,,8
灵山禅寺,http://travel.qunar.com/p-oi38038471-lingshanshansi,,,,,--,,,具体收费情况以现场公示为主,,8
醉景园,http://travel.qunar.com/p-oi38038398-zuijingyuan,"

地址:
衢州市开化县根博路1号开化根宫佛国文化旅游区内


电话:
0570-6162588

",,全年 08:30-17:00,,--,,,包含于开化根宫佛国文化旅游区景区内，通用景区门票,,8
佛教文化根雕艺术博物馆,http://travel.qunar.com/p-oi38038396-fojiaowenhuagendiaoyi,"

地址:
衢州市开化县根博路1号


电话:
0570-6162588

",佛教文化根雕艺术博物馆位于开化县，陈列有佛教文化题材巨型根雕艺术作品600余件套。,全年 08:30-17:00,,0.0,建议游览时间：1小时 - 2小时,,包含于开化根宫佛国文化旅游区景区内，通用景区门票,,8
霞山村老街,http://travel.qunar.com/p-oi38038379-xiashancunlaojie,,,,,--,,,具体收费情况以现场公示为主,,8
须江阁,http://travel.qunar.com/p-oi38035682-xujiangge,"

地址:
衢州市江山市江滨路40号须江公园内


电话:
0570-4011899

",,全年 全天开放,,--,,,具体收费情况以现场公示为主,,8
天妃宫古戏台,http://travel.qunar.com/p-oi38035667-tianfeigongguxitai,,,,,0.0,,,具体收费情况以现场公示为主,,8
南孔古城,http://travel.qunar.com/p-oi38035621-nankonggucheng,,,,,0.0,,,具体收费情况以现场公示为主,,8
衢州神农殿,http://travel.qunar.com/p-oi38035605-quzhoushennongdian,,,,,4.5,,,具体收费情况以现场公示为主,,9
天皇巷天后宫,http://travel.qunar.com/p-oi38035532-tianhuangxiangtianhou,,,,,4.0,,,具体收费情况以现场公示为主,,9
和丰门,http://travel.qunar.com/p-oi38035530-hefengmen,,,,,--,,,具体收费情况以现场公示为主,,9
朝京门,http://travel.qunar.com/p-oi38035525-chaojingmen,,,,,--,,,具体收费情况以现场公示为主,,9
信安湖国家水利风景区,http://travel.qunar.com/p-oi38035515-xinanhuguojiashuilifeng,,信安湖国家水利风景区位于衢州市柯城区，占地面积宽广，景区内建有水亭门历史文化街区、文昌阁与天皇塔、鹿鸣公园、信安湖光影秀等人文景观，还有滨水绿廊、环湖绿道等自然景观。,,,--,建议游览时间：2小时 - 3小时,,具体收费情况以现场公示为主,,9
龙山风景区,http://travel.qunar.com/p-oi38034481-longshanfengjingqu,,,,,0.0,,,,,9
开化龙顶茶文化园(益龙芳茶业),http://travel.qunar.com/p-oi38026405-kaihualongdingchawenhua,"

地址:
衢州市开化县星下线

",,全年 08:30-17:30;全年 08:30-17:00,,5.0,建议游览时间：3小时 - 4小时,,,,9
隐龙谷景区,http://travel.qunar.com/p-oi37807104-yinlonggujingqu,,,,,0.0,,,具体收费情况以现场公示为主,,9
铜山源水库坝底公园,http://travel.qunar.com/p-oi37806751-tongshanyuanshuikubadi,,,,,,,,,,9
三十六天井,http://travel.qunar.com/p-oi37806730-sanshiliutianjing,,,,,0.0,,,,,9
南湖岛景区,http://travel.qunar.com/p-oi37806587-nanhudaojingqu,,,,,--,,,具体收费情况以现场公示为主,,10
南孔圣地文化旅游区,http://travel.qunar.com/p-oi37784660-nankongshengdiwenhualu:,"

地址:
浙江省衢州市柯城区县西街南孔圣地文化旅游区

",南孔圣地文化旅游区位于衢州城区，由衢州古城、严家淤岛、鹿鸣半岛和信安湖4部分组成，拥有古城历史文化元素、新城旅游融合活力元素和信安湖良好的水体旅游休闲元素，景观质量优良。,全年 09:00-17:00,,4.7,建议游览时间：12小时 - 3天,,,,10
江滨公园,http://travel.qunar.com/p-oi37532366-jiangbingongyuan,,,,,4.0,,,,,10
市民健身公园,http://travel.qunar.com/p-oi37190845-shiminjianshengongyuan,,,,,0.0,,,,,10
府山公园-孔子文化公园,http://travel.qunar.com/p-oi37190518-fushangongyuan_kongzi,,,,,4.5,,,具体收费情况以现场公示为主,,10
江滨中公园,http://travel.qunar.com/p-oi37190351-jiangbinzhonggongyuan,,,,,3.0,,,具体收费情况以现场公示为主,,10
玉屏公园,http://travel.qunar.com/p-oi37190111-yupinggongyuan,,,,,0.0,,,,,10
城中广场,http://travel.qunar.com/p-oi37190027-chengzhongguangchang,"

地址:
城中路与市心街交叉口南150米

",,全年 全天开放,,0.0,,,具体收费情况以现场公示为主,,10
龙洲公园,http://travel.qunar.com/p-oi37189977-longzhougongyuan,,,,,4.0,,,具体收费情况以现场公示为主,,10
鸡鸣公园,http://travel.qunar.com/p-oi37189787-jiminggongyuan,,,,,4.0,,,,,10
