名字,链接,地址,介绍,开放时间,图片链接,评分,建议游玩时间,建议季节,门票,小贴士,Page
下尾岛,http://travel.qunar.com/p-oi29541080-xiaweidao,,,,,,,,,,1
大嵛山岛Dayushan Island,http://travel.qunar.com/p-oi5943010-dayushandao,"

地址:
宁德市福鼎市嵛山镇


电话:
18750390000


官网:
http://www.fdysd.com/

",大嵛山岛位于福鼎东南海域，是闽东较大的列岛。它在中国诸多的岛屿中其实并不有名，却在近年被评选为中国美丽的十大海岛之一。可能也正是不为外人知晓才保留了它现在的宁静和原生态。大嵛山岛由大嵛山岛、小嵛山岛等景点组成。小嵛山岛是一个无人岛，出行都是靠租车和步行。沿岸因被海水冲刷风化，基岩裸露，礁石林立，海蚀地貌十分突出，小岛上的房屋斑驳老旧，充满了年代感。岛上有丰富的花岗岩、优质矿泉和草场资源，海上还盛产鳗鱼、带鱼、毛虾、虾苗、七星鱼和鳗鲡等多种海生物。大嵛山岛上自然风光非常美丽，你可以自由奔跑在南国天山的天湖山万亩草场，恍若置身于“天苍苍，野茫茫，风吹草低见牛羊”的大西北草原。《中国国家地理》曾经对它做出过很高的评价：“地处东南，却有西北高山草甸的风光；身处海岛，更有天湖清澈如镜”。此外，在大嵛山山顶之上还有极具神秘色彩的大、小天湖，据说两湖各有泉眼，常年不竭，水质甜美，清澈见底。岛上的植被非常茂密，栖息着成千上万只候鸟，乍然飞起，十分壮观。岛上的文物古迹也很丰富，可以怀着虔诚之心去拜拜大使宫、妈祖宫、天福寺。在这样一个热门度不高，却景色宜人的小岛拍拍照、吹吹海风度过一个慵懒的周末是个不错的选择。,8:00-17:00,https://img1.qunarzz.com/travel/d9/1604/cf/ac2b0fdc938344f7.jpg_480x360x95_c611d02a.jpg,4.3,建议游览时间：3天 - 6天,四季皆宜。,"{'大嵛山岛门票+往返观光车票成人票\n\n': ['¥70起'], '大嵛山岛往返快艇票成人票\n\n': ['¥95起'], '大嵛山岛手机智能导游讲解服务大小同价\n\n': ['¥10起']}",,1
东壁Dongbi'ao,http://travel.qunar.com/p-oi18713546-dongbi,"

地址:
宁德市霞浦县三沙镇东壁村


电话:
18650425596,18650427213

",东壁村位于福建省宁德市霞浦县三沙半岛中部以南，距离霞浦城28公里，是一个依山而建、面向大海的小渔村，气候宜人，物产丰富。村庄层层叠叠，错落有致，推窗，可看到青山碧海的自然风光；出门，是延绵曲折的石板巷道，干净又舒适。东壁背山面海，视野开阔，是观赏和拍摄日落的绝佳之地。,全年 全天开放,https://tr-osdcp.qunarzz.com/tr-osd-tr-space/img/d25f12ffff7d490512d98cc81d06ab26.jpg_480x360x95_f61f780d.jpg,4.6,建议游览时间：2小时 - 3小时,,具体收费情况以现场公示为主,,1
四礵列岛,http://travel.qunar.com/p-oi38803653-sishuangliedao,,四礵列岛由北礵、南礵、东礵、西礵等18个岛屿及17个礁石组成，岛上风景秀丽，各种各样的礁石，还有狮子峰、皇帝帽等自然景观，是一个看日出、赏日落的好地方。,,,5.0,建议游览时间：12小时 - 3天,,具体收费情况以现场公示为主,,1
杨家溪Yang Jiaxi,http://travel.qunar.com/p-oi706018-yangjiaxi,"

地址:
宁德市霞浦县


电话:
0593—8651666

",杨家溪位于霞浦县牙城镇境内。拥有纬度较北的古榕树群和江南较大的纯枫叶林。其中值得一提的是一株“榕树王”，它的树龄已有800多年，树干周长12.6米，冠幅直径51米，高30米，树干中空，有7个洞口，洞内可容数人。每当早晨的阳光斜斜地洒进树林，斑驳的树影在光影的晃动下展示着它的魔法，营造了一种如梦似幻的感觉。龙亭瀑布由文、武两瀑构成，文瀑直下落差136米，武瀑分两级而下，落差135米。瀑布周围还有将军印、文笔架、岩峰和金狮把口、玉兔飞跃、将军拜印、仙翁坐山、玉象峰、猴子洞、龙洞等10余个景点。沿溪下行约1公里，从南兜乘竹筏顺流而下，经“十曲十二滩”，大约经过2个小时到渡头村，一路青山碧水，沿溪可浏览唐僧西拜、达摩面壁、金龟戏鳖、文广断船、将军帽、三叠石等36个石景，维妙维肖。在下游渡头村有两片相距不远，总面积250亩的枫香林，大约有1100多棵枫树。秋末冬初，枫叶黄里秀红，犹如绯云停驻，每当春暖花开时，景色更佳。,7:30-17:30,https://img1.qunarzz.com/travel/d8/1411/dd/dd56f5e76ad67047213a9cdb.jpg_480x360x95_1b7e7980.jpg,4.2,建议游览时间：1小时 - 2小时,,"{'杨家溪门票成人票\n\n': ['¥95起'], '杨家溪门票优待票\n\n': ['¥50起'], '杨家溪竹筏漂流票团队票\n\n': ['¥300起']}",,1
北岐滩涂Beiqi Wetlands,http://travel.qunar.com/p-oi9221324-beiqitantu,"

地址:
宁德市霞浦县北岐村57号


电话:
18650425596,18650427213

",霞浦县松港街道北岐村海边风光如画，影友如织。霞浦滩涂风光旖旎，成为22大摄影地之一，每年前来拍摄滩涂风光的国内外影友多达20多万人次。每当北岐紫菜生产的繁忙季节，滩涂上万根竹竿插成一块块方形的网框，由远及近，绵延数十里，蔚为大观。清晨六点左右，一轮火球从海面上喷薄而出，瞬间，大海像镀上了一层金色霞衣，上百米的山道上，摄影师们屏住了呼吸，“咔嚓、咔嚓”声响成一片，紫菜在丝网上挂着一条条色带，红的，黑的，紫的，宛如一幅没有经过修饰的水墨画，被收入一个个镜头，被曝光在一张张彩色胶片上。,全年 全天开放,https://img1.qunarzz.com/travel/d7/1705/4f/2250b7fce77b3eb5.jpg_480x360x95_512b422b.jpg,4.4,建议游览时间：2小时 - 3小时,,具体收费情况以现场公示为主,,1
台山岛,http://travel.qunar.com/p-oi38035049-taishandao,,台山岛位于福鼎市沙埕镇，岛上风景秀丽，有各种各样的礁石，还有独特的十二生肖景观、雨伞礁、一线天、木屋、灯塔等等，可以来此处看日出、赏日落、露营、烧烤，是周末度假的理想之地。,,,5.0,建议游览时间：3天 - 6天,,具体收费情况以现场公示为主,,1
太姥山Taimu Mountain,http://travel.qunar.com/p-oi702678-tailaoshan,"

地址:
宁德市福鼎市境内，距市区45公里


电话:
0593-7878666,0593-2825260

",太姥山是太姥山风景名胜区的主体风景区，相传尧时老母种兰于山中，逢道士而羽化仙去，故名“太母”，后又改称“太姥”。它从下而上有玉湖庵、国兴寺、情人谷、迎仙台、葫芦洞、一片瓦、九鲤峰、摩霄峰，天门岭等游览区。因为太姥山很大，并且一般大巴过来都要用掉半天的时间，所以建议还是2天游玩，时间会比较充裕，没有那么赶。在这两天的行程中，可以住在太姥山上或者山下的秦屿镇上。一般大巴是到达太姥山山前广场的，也就是玉湖庵景区，主要景点有太姥娘娘像和平兴寺。由于平兴寺为佛学院，不对外开放，所以一般人来这，基本都是对着太姥娘娘像拍照留念的。广场的尽头可以看到一个黑色牌匾写着“太姥山”三个大字，意味着太姥山之行的开始。先到的是国兴寺游览区，在景区广场可仰望太姥山标志景点夫妻峰和峰林奇观十八罗汉岩。然后沿着右侧的步游道，向前走几步，就可以看到石塔楞伽宝塔，以及建于唐乾符年间的国兴寺遗址。拐到寺后，可到龙潭湖仰观乌龙岗奇峰及其水中倒影。再往前行，可以看到一条蜿蜒向上的石阶小道，这里就是萨公岭，沿途林木参差，山花烂漫。走完萨公岭，登上垂直的一段石阶，就可以到达迎仙台，迎仙台相传每年各路神仙都要来太姥山聚会，作为东道主的太姥娘就在这里设宴迎接诸仙。继续往上就是一片瓦游览区。挤过仅可容一人侧身而过的一线天洞，穿过白马洞，便到一片瓦。游览区内最为有名的就是一线天景点，两座黑黝黝的巨岩间，仅余一道狭细弯曲的石缝，昏暗的光线从岩顶透下，隐约可见岩壁上流淌的雨水，底下却是漆黑一团。太姥娘娘殿也是在这个景区，来了太姥山是一定要来拜拜的。其他山上景点还有摩霄峰、鸿雪洞、绿雪芽、白云寺、九鲤湖等，太姥山最美的是看峰，摩霄峰游览区是登高远眺的最佳去处。最刺激的是钻洞，鸿雪洞就是其中比较好玩的一个洞，这里洞连洞，洞通洞，洞套洞，钻起来非常有意思（记得带电筒，景区也可以买的，但价格肯定比外面贵），出了鸿雪洞就是白云寺了。在售票处的地方，有免费地图提供，可以请工作人员帮忙画下路线图，因为景区内路标不是特别清楚，并且很多洞都是单行线，以免迷路。大致就是按照以上路线依次游玩即可。如果是一日游，吃饭可以在山下小镇吃，很便宜的，味道也不错，如果住山上酒店，一般是在酒店直接用餐。太姥山飞拉达，国内唯一能观山看海的飞拉达。飞拉达是意大利文（Via Ferrata，意为岩壁探险或铁道式攀登）的音译，指的是在山体岩壁上建设，由钢扶手、脚踏、生命钢缆等构成的攀登径道，让不具备攀岩能力的人也能攀上陡峭的岩壁。太姥山飞拉达体验区建设在葫芦洞上方崖壁上，这里有崖壁攀岩、猴桥、尼泊尔桥、独木桥……感受在夹缝中穿梭的惊险，在岩石下攀腾的刺激，飞跃丛林的自由…从一个独特的视角一览最壮丽的风景和古老的地质景观。太姥山飞拉达体验线路介绍，你能驾驭哪条线？1号线：长度200米，垂直高差最高50米，其中独木桥一座、尼泊尔桥一座，正常情况下耗时30分钟。特点：垂直高差大，线路前半段向上攀爬较多，对心理素质和体力有一定要求。2号线：长度250米，垂直高差20米，线路中有步行桥一座、独木桥一座、猴桥两座，正常情况下耗时40分钟。特点：线路平缓难度适中，适合一般游客观光体验。3号线：长度130米，垂直高差5米，线路中有尼泊尔桥一座，溜索一条，正常情况下耗时10分钟。特点：线路难度低，适合带小孩的家庭体验。4号线：长度130米，垂直高差25米，线路中有猴桥一座、尼泊尔桥一座，正常情况下耗时40分钟。特点：线路起始点垂直向上迅速拔高，在最高点有座20米长的猴桥，对体力和心理素质有较大要求。挑战极限：,暂停营业，具体开放时间以景区公告为准或电话咨询景区。原开放时间为：5月1日-10月7日6:30-17:30；10月8日-次年4月30日7:00-17:00。,https://img1.qunarzz.com/travel/d6/1505/be/daf0bb3534891f.jpg_480x360x95_f5d54903.jpg,4.7,建议游览时间：3天 - 6天,,"{'太姥山（含往返观光车）门票成人票\n\n': ['¥135起'], '太姥山门票+往返观光车票优待票\n\n': ['¥90起'], '太姥山电子导览票大小同价\n\n': ['¥0.3起']}",这里曾是电影《隐婚男女》的拍摄地，电影中刘若英告诉陈奕迅，太姥山娘娘是保佑人获得爱情与幸福的女神，建议他在这里许愿。来此拜太姥山娘娘求姻缘。,1
龙潭里村Longtan,http://travel.qunar.com/p-oi35214292-longtanlicun,,,,,,,,,,1
小皓海滩Otaru Beach,http://travel.qunar.com/p-oi18716569-xiaohaohaitan,"

地址:
宁德市霞浦县东部（距三沙镇镇区约12公里）


电话:
18650425596,18650427213

",小皓的海滩是摄影者来到霞浦一定要前往的一站，潮水的涨落、季节的变换、月落日升，小皓也在每天以崭新的姿态呈现。同样的潮水，不同样的光影，同样的劳动，不同样的心情，摄影者总能创作出精美的作品。,全年 全天开放,https://tr-osdcp.qunarzz.com/tr-osd-tr-space/img/96dd76d414bedca119a889c5785cc245.jpg_480x360x95_d019aad6.jpg,4.5,建议游览时间：2小时 - 3小时,,具体收费情况以现场公示为主,,1
白水洋风景区Baishuiyang Scenic Area,http://travel.qunar.com/p-oi703251-baishuiyangfengjingqu,"

地址:
宁德市屏南县双溪镇


电话:
0593-3309388

",白水洋被誉为“奇特景观”“天下绝景，宇宙之谜”，是目前世界的“浅水广场”。河床布水均匀，净无沙砾，人行其上，水仅没踝，阳光下波光潋滟，一片白炽，因而得名白水洋。在中下洋之间有一条近百米长的天然滑道，赤身下滑不伤肌肤，被称为“天然冲浪游泳池”。阳光、白水、水蚀波痕，形成了色彩斑斓的河床。人们或踏水、或冲浪、或开展赛跑、拔河、武术、骑车、舞狮等别具一格的水上运动，尽享大自然赐予的清凉。站在中洋上，远眺对面的山峰，前方座落在白水洋边上秀丽的山峰便是五老峰，其前方的小平台人称棋盘石，传说当年有五位神仙在棋盘石上，面对棋局冥思苦想，忘却了岁月的流逝，专注凝神而化为五老峰。白水洋的下洋波平如镜，它与喧嚣的中洋冲浪区形成鲜明的对比，给人以宁静的感觉，洋中央那块突起的岩石，它与河床是连体的，它的形随步换，从左上方看，像一顶明代的乌纱帽，故称“纱帽岩”。观景台是依山而建、因势而上，像一艘巨轮泊岸。观景台，顾名思义就是揽胜白水洋的平台。观景台内部拥有医疗救护点、超市、休闲区和寄存更衣等设施。为游客免去负担，而站在观景台上眺望平平展展的白水洋，凭栏远眺，偌大个浅水广场，尽收眼底。绿涛唤白浪，山风吹水韵，让人心旷神怡。放眼上洋双龙桥横架两岸，构成了一幅青山、流水、古桥浑然一体的唯美画卷。  ,全年 08:00-17:00,https://img1.qunarzz.com/travel/d3/1505/1e/6fbc134453906e.jpg_480x360x95_d861e70c.jpg,4.6,建议游览时间：4小时 - 6小时,宁德温暖湿润，四季分明，每年的4月至12月是最佳旅游时节。,"{'白水洋风景区门票+往返观光车票成人票\n\n': ['¥64.5起'], '白水洋风景区门票+往返观光车票优待票\n\n': ['¥45起'], '白水洋风景区门票+白水洋风景区往返观光车票+鸳鸯溪门票成人票\n\n': ['¥68起']}",,2
鲤鱼溪Carp Stream,http://travel.qunar.com/p-oi701669-liyuxi,"

地址:
宁德市周宁县浦源村


电话:
0593-5735355

",鲤鱼溪位于周宁县5公里的浦源村，距离九龙漈约半小时车程。南宋末年，荥阳郡郑氏先祖为了躲避战乱，迁居至此，为了防止其他人投毒，在水中放养鲤鱼，祖辈们立下规矩，制定了严禁捕捞和伤害鲤鱼的族规，村民们严守族规，代代相传。当地至今仍保持着对鲤鱼“不捕不食”的传统，甚至还保留了鱼葬的习俗，对于死去的鲤鱼三拜九叩，吟诵229字的鱼祭文，再葬入鱼冢中，是当地的习俗。现在的鲤鱼溪经过部分商业开发，修建了一些比较现代的雕塑、建筑，但村中的古朴气息仍在。整个游览比较悠闲，顺着村中的小道漫行赏景即可。走过真趣桥，沿着明清古街一路边看边走，这里的老宅院中尚住着人家，很有生活气息。值得一看的景点有郑氏祠堂、十八涧、知乐亭等等。,全年 07:00-18:00;全年 08:00-17:00,https://flight-feed.qunarzz.com/as3/180/image/poi_vishnu/007fc85e-94c5-46a2-959d-7d740920bd70.jpg,4.2,建议游览时间：1小时 - 2小时,,具体收费情况以现场公示为主,,2
福安兰谷温泉度假村,http://travel.qunar.com/p-oi38675847-fuanlanguwenquandujia,,兰谷温泉位于溪潭镇兰田村，福安西高速出口300米处，距离福安市区仅6公里，占地面积3.3万平方米。依山而建，总计划投资8000万元，规划有室内外温泉池58个。一期已投入2000万元，以畲医药养颜养生温泉为主题，开发有26个不同主题的养生药泉，二期将重点开发院落式私家温泉，给福安人一个家门口的“治愈系”温泉度假胜地。,,,5.0,,,,,2
渡头村Dutou Village,http://travel.qunar.com/p-oi32698477-dutoucun,"

地址:
宁德市霞浦县

",渡头村群山环绕，森林植被丰富，有枫树林、榕树林、橘子林，还有一大一小两条与公路并行的溪流，山清水秀，景色优美。,全年 全天开放,https://tr-osdcp.qunarzz.com/tr-osd-tr-manager/img/99a86411641fc63548ce6a5295bf4939.jpg_480x360x95_6bbba03f.jpg,4.5,建议游览时间：12小时 - 3天,,具体收费情况以现场公示为主,,2
沙江S湾Shajiang S Bay,http://travel.qunar.com/p-oi20979424-shajiangswan,"

地址:
宁德市霞浦县沙江村S弯摄影基地


电话:
18650425596,18650427213

",沙江镇历史悠久，风景秀丽，众多插在滩涂上的竹竿形成的优美线条，错落有致地排列在大小“S”形的港湾水道两边，构成一幅完美的霞浦滩涂风景。每当海带收成季节，来来往往的船只，在“s”形的竿影间繁忙穿梭，使得原本美丽的港湾，更加丰富多彩，水墨韵律更加美妙突出。,全年 9:00-17:00,https://flight-feed.qunarzz.com/as3/247/image/2020/10/1b724c25-1497-407a-95d3-a08be5668749.jpeg_480x360_a76d4218.jpeg,4.4,建议游览时间：1小时,,{'【B线深度游】福建霞浦北兜+沙江S湾+半月里+下青山日落一日游【2人起接】霞浦县酒店上门接送\n\n': ['¥218起']},,2
廉村Lian village,http://travel.qunar.com/p-oi10095213-liancun,"

地址:
宁德市福安市溪潭镇

","唐朝福建进士薛令之的故乡，福安古文化旅游地廉村是福建省少见的古文化村。1992年5月中国社会科学院考古研究所和福建省博物馆考察了廉村的村容村貌和古文化遗迹，对保护完好的古建筑、古码头、古雕刻、古官道、古城堡赞不绝口。
",全年 全天开放,https://tr-osdcp.qunarzz.com/tr-osd-tr-space/img/bb8b70308f7a86d39cc9cd57c0b3ec24.jpg_480x360x95_b809a0b1.jpg,4.6,建议游览时间：12小时 - 3天,,具体收费情况以现场公示为主,,2
小皓村Xiaohao Village,http://travel.qunar.com/p-oi5419366-xiaohaocun,,,,,,,,,,2
牛郎岗海滨景区Niulanggang Beach Resort,http://travel.qunar.com/p-oi706586-niulangganghaibinjing,"

地址:
福鼎市秦屿镇东南方


电话:
0593-6177788,0593-7598866

",牛郎岗海滨景区位于太姥山镇东南海湾距集镇8公里，距宁德核电站有5公里，是世界地质公园、重点风景名胜区、国家AAAA级景区“海上仙都”太姥山主要景点之一，她将海滨浴场自然景光与文渡工业园区、宁德核电项目园区、鸟岛自然保护区、嵛山天湖草场、青屿头景点融为一体，形成独特的海上自然风光旅游观赏区。景区山青水秀，沙滩明静，海浪平缓，水色湛蓝，气候温和，温度宜人，有鸳鸯礁、织女洞、海上一线天等自然景观。景区远离居住区，海上无作业、无污染，袖珍环保、小巧玲珑，四周礁...牛郎岗海滨景区位于太姥山镇东南海湾距集镇8公里，距宁德核电站有5公里，是世界地质公园、重点风景名胜区、国家AAAA级景区“海上仙都”太姥山主要景点之一，她将海滨浴场自然景光与文渡工业园区、宁德核电项目园区、鸟岛自然保护区、嵛山天湖草场、青屿头景点融为一体，形成独特的海上自然风光旅游观赏区。景区山青水秀，沙滩明静，海浪平缓，水色湛蓝，气候温和，温度宜人，有鸳鸯礁、织女洞、海上一线天等自然景观。景区远离居住区，海上无作业、无污染，袖珍环保、小巧玲珑，四周礁石峋立，海岸景色迷人，纵观海湾沙滩，尤如一幅美丽迷人的山水画卷，更象一盘精心雕琢的巨大天然盆景。海滨浴场海浪平缓，沙滩明净，环山绿树成荫，海水清澈见底。置身此地，大有“不管风吹浪打，胜似闲庭信步”之感。其周围礁石经千年海浪冲刷，造型各异，有潮音洞、鸳鸯礁、织女洞、海上一线天等自然景观。这里环境清幽，景色迷人，成为闽浙地区婚纱摄影基地，同时也为各地电视媒体提供良好的文化传播舆论宣传氛围。浴场海区盛产鲟、虾、蛤、蚶等海产品，让您既可入海戏浪拾贝，又可品尝生猛海鲜。 景区交通便捷，距太姥山岳景区仅20公里，是一处集休闲、旅游、海滨度假为一体的旅游胜地，竭诚欢迎海内外佳宾来旅游观光。,8:00-19:00；节假日正常开放；信息仅供参考，具体以景区当日实际公示信息为准。,https://mp-commentcp.qunarzz.com/mp_comment_mp_comment/1559416526792100e14000000x71704FB8_D_640_10000.jpg_480x360x95_02ab086b.jpg,4.3,建议游览时间：2小时 - 3小时,,"{'牛郎岗海滨景区门票成人票\n\n': ['¥17起'], '牛郎岗海滨景区门票优待票\n\n': ['¥10起'], '导览服务大小同价\n\n': ['¥7起']}",,2
三都澳斗姆岛景区Doumu Island Resort in Sanduao,http://travel.qunar.com/p-oi702602-sandouaodoumudaojingqu,"

地址:
宁德市蕉城区东南部，距城30公里


电话:
0593-2888284

",三都澳以其独特的景致、秀美的风姿闻名遐迩。澳内有许多形态各异的礁石岸坞，如“金龟驮珠”、“鲲鹏展翅”、“烈马回首”、“非洲大象”、“鸡笼屿”、“古猿人”、“笔架山”等栩栩如生。峰奇石怪，景色优美，每年吸引众多游人前去观光。三都澳旅游区景点多集中在三都澳东南部，可分为斗姆景区、福海关遗址景区、青山景区、笔架山景区和鸡公山景区五个部分，此外还有”海上渔城”全国农业旅游示范点，三都军港观赏和海上景观游赏等三大游览点。斗姆风景区坐落于斗姆岛，荟萃三都澳美...三都澳以其独特的景致、秀美的风姿闻名遐迩。澳内有许多形态各异的礁石岸坞，如“金龟驮珠”、“鲲鹏展翅”、“烈马回首”、“非洲大象”、“鸡笼屿”、“古猿人”、“笔架山”等栩栩如生。峰奇石怪，景色优美，每年吸引众多游人前去观光。三都澳旅游区景点多集中在三都澳东南部，可分为斗姆景区、福海关遗址景区、青山景区、笔架山景区和鸡公山景区五个部分，此外还有”海上渔城”全国农业旅游示范点，三都军港观赏和海上景观游赏等三大游览点。斗姆风景区坐落于斗姆岛，荟萃三都澳美景，岛上奇石遍布，有名扬海内的中国沿海一大奇观——螺壳岩。螺壳岩位于斗姆岛东部海滨，是一个附着于倾斜度达60多度石壁上的象形岩石，因为酷似螺壳而得名螺壳岩。螺壳岩长6.5米，螺头高3米，全高6米，宽3米，周长15米。螺壳岩一个是空心岩石，内腹空间高处1.2米，长3米，宽处1.5米，可同时容纳7-8人。螺壳岩头大而圆，尾小而略带螺旋状，内腹空心开口于螺壳尾部，口高约1米。是迄今发现的大、像、奇特的空心象形螺壳石。在斗姆岛右侧的山坳里由许多石头组成的磹厝，颇像一个迷宫洞，为三都澳斗姆风景区一大奇观。这磹厝，是由山坳两旁山上滚下的巨石自然堆砌而成的，因此洞内乱石嶙峋，蜿蜒曲折，沿洞而下，涨潮时可下到洞半腰，而退潮时可直达海底。斗姆景区还有“斗姆石城”、“犀牛望月”，“福、禄、寿、喜、财”人生五愿景等景点，个个鬼斧神工，惟妙惟肖。凿于悬崖绝壁上的海滨栈道，是一处赏海绝境。斗帽岛还是斗姆娘娘地，那里有许多古老而神奇的传说，让游客仿佛置身神话般的世界。,全年 09:00-18:00,https://img1.qunarzz.com/travel/d9/1506/d1/9b259536a40f95.jpg_480x360x95_adaa42f9.jpg,4.0,建议游览时间：3小时 - 4小时,,"{'三都澳斗姆岛景区门票成人票\n\n': ['¥31.76起'], '三都澳斗姆岛景区门票儿童票\n\n': ['¥20起'], '三都澳斗姆岛景区门票学生票\n\n': ['¥20起']}",,2
九龙祭瀑布群,http://travel.qunar.com/p-oi702424-jiulongjipubuqun,"

地址:
宁德市周宁县七步乡


电话:
0593-2825260

",属省级风景名胜区。位于周宁县七步乡，距城东南14公里处。由九级大小瀑布组成，总落差为300米。传说古时有九龙聚州，形成9个龙潭，因而得名。九瀑各展奇姿，各具特色。其中，第一级瀑布最为壮观，瀑高46.7米，宽76米，丰水期可达83米。瀑流经陡峭的崖巅腾冲跌落，直泻深潭，声如轰雷，震撼山谷，瀑花飞溅，激化为迷蒙烟雾，弥漫山谷，若逢斜阳映照，幻成彩虹横空，斑斓耀眼。巨瀑右上方还有一个直径14米的潭穴镶嵌瀑间，人称“龙眼”。第四级称为龙牙瀑，瀑长46米，瀑面中有巨石突兀...属省级风景名胜区。位于周宁县七步乡，距城东南14公里处。由九级大小瀑布组成，总落差为300米。传说古时有九龙聚州，形成9个龙潭，因而得名。九瀑各展奇姿，各具特色。其中，第一级瀑布最为壮观，瀑高46.7米，宽76米，丰水期可达83米。瀑流经陡峭的崖巅腾冲跌落，直泻深潭，声如轰雷，震撼山谷，瀑花飞溅，激化为迷蒙烟雾，弥漫山谷，若逢斜阳映照，幻成彩虹横空，斑斓耀眼。巨瀑右上方还有一个直径14米的潭穴镶嵌瀑间，人称“龙眼”。第四级称为龙牙瀑，瀑长46米，瀑面中有巨石突兀，形似龙牙，把瀑布扯成两半，故名。两股瀑流冲进一个面积为2800平方米的“卧龙潭”。,7：30——17：30,https://img1.qunarzz.com/p/tts5/1801/3e/4b099978841b7b02.jpg_480x360x95_6cbd293d.jpg,5.0,,,50元,,2
南漈山公园Nanji Mountain,http://travel.qunar.com/p-oi711319-nanjishangongyuan,"

地址:
宁德市蕉城区南漈路80号

",南漈山位于宁德市西南，方圆20多里，具体地址在宁德市蕉城区南漈路80号。开发于宋代。宋代在飞泉寺原址上建有道观，明清时重建了飞泉寺，龙湫寺和南峰寺。南漈山以这三庙宇为中心，并以特有的山光水色成为了闽东的一个旅游胜地。共分为湖滨、龙湫、南峰、南漈、仙鹤漈五个景区。,全年 全天开放,https://tr-osdcp.qunarzz.com/tr-osd-tr-manager/img/81ce1dc8a46604d5005f112505f0b45c.jpg_480x360x95_fb5bcd20.jpg,4.6,建议游览时间：12小时,,具体收费情况以现场公示为主,,3
浮鹰岛,http://travel.qunar.com/p-oi38951037-fuyingdao,,,,,5.0,,,,,3
南太姥,http://travel.qunar.com/p-oi38597334-nantailao,,,,,0.0,,,,,3
火管垄Huoguan Ridge,http://travel.qunar.com/p-oi35474501-huoguanlong,,,,,--,,,具体收费情况以现场公示为主,,3
天湖风景区Tianhu Scenic Area,http://travel.qunar.com/p-oi35040181-tianhufengjingqu,,位于宁德市福鼎市福瑶列岛大俞山岛内的天湖风景区在岛上海拔约200米处，镶嵌着三个大小湖泊，这就是有名的“海上天湖”。天湖常年不枯竭，水质清澈，波光粼粼。在湖的四周是平缓的山坡，长满了青草，好似地毯，形成了天山万亩草场，这就是“岛国天山”，仿佛置身大草原之上，令人思绪万分、心情舒畅。,,https://tr-osdcp.qunarzz.com/tr-osd-tr-manager/img/f88a72d81d427a32329758a2696bf28c.jpg_480x360x95_aa0a7189.jpg,0.0,建议游览时间：2小时 - 3小时,,,,3
三都澳Sandu'ao Bay,http://travel.qunar.com/p-oi24411438-sandouao,"

地址:
宁德市飞鸾镇礁头村


电话:
0593-2888284

",三都澳港是福建省有名的渔港和军港，位于三沙湾内。三都澳四周环山，只有朝南的东冲口进出。,全年 全天开放,https://tr-osdcp.qunarzz.com/tr-osd-tr-manager/img/c11074d098896df20196e35987092d26.jpg_480x360x95_16ea6ee7.jpg,4.7,建议游览时间：2小时,,具体收费情况以现场公示为主,,3
半月里Banyueli,http://travel.qunar.com/p-oi23344463-banyueli,,半月里曾名“半路里”，位于福建省霞浦县溪南镇白露坑行政村，是畲族聚居的村庄。村庄东望玉兔山，与白露坑村有一山之隔，背靠状如弯月的弥勒山山麓，南临双福桥水库。半月里被誉为“畲族历史文化名村”，有近3百年历史的龙溪宫是省级文物保护单位。,,https://tr-osdcp.qunarzz.com/tr-osd-tr-space/img/ae77fe5857511e4373e33c7553ee1e77.jpg_480x360x95_52570683.jpg,4.5,,,具体收费情况以现场公示为主,,3
南岸景观公园Nan'anjingguan Park,http://travel.qunar.com/p-oi10093116-nananjingguangongyuan,"

地址:
宁德市蕉城区南湖滨路1号


电话:
2659666

",位于福建宁德市区南面，与宁德东湖公园隔河相望，木栈道紧依河边蜿蜒向前，周边绿树成荫，还建有部分景观平台，可以眺望塔山公园和跨海湾高铁大桥，是宁德市区休闲观景的好地方。,全年 全天开放,https://flight-feed.qunarzz.com/as3/180/image/poi_vishnu/5897bce2-8a72-4f8d-845c-e9f48d94ba78.jpg,4.5,建议游览时间：2小时 - 3小时,,具体收费情况以现场公示为主,,3
柘荣鸳鸯草场Zherong Yuanyang Caochang,http://travel.qunar.com/p-oi9561626-zherongyuanyangcaochang,"

地址:
宁德市柘荣县东源乡


电话:
0593-6197999

","柘荣鸳鸯草场距柘荣县城约5公里，这是一片面积约5000亩，四周被阔叶和针叶混交林包围的草场。草场核心区的山岚远远望去，有如人工泥塑的微型盆景。站在草原的高处""鸳鸯峰""""环顾四周，向东可望见太姥山与茫茫东海水天相接。如果遇到天朗气清的早晨，还可以看到旭日从海平面冉冉升起的难得景象。向南可探视柘荣与霞浦交界的高峰""目海尖""(海拔1192.4米)的全貌，再远处则是海峡浩渺的烟波。向西望去，近可观柘荣南山(海拔1301.7米)，远能眺望群山绵延之中的世界地公园""白云山""(海拔1450.2...柘荣鸳鸯草场距柘荣县城约5公里，这是一片面积约5000亩，四周被阔叶和针叶混交林包围的草场。草场核心区的山岚远远望去，有如人工泥塑的微型盆景。站在草原的高处""鸳鸯峰""""环顾四周，向东可望见太姥山与茫茫东海水天相接。如果遇到天朗气清的早晨，还可以看到旭日从海平面冉冉升起的难得景象。向南可探视柘荣与霞浦交界的高峰""目海尖""(海拔1192.4米)的全貌，再远处则是海峡浩渺的烟波。向西望去，近可观柘荣南山(海拔1301.7米)，远能眺望群山绵延之中的世界地公园""白云山""(海拔1450.2米)。向北可见太姥山脉主峰""东狮山""(海拔1479米)云蒸霞蔚景象。春天，绵延的草丛中绽放着淡紫色、红色和白色的杜鹃，与漫山遍野的野花竞相争艳，引来众多的蜜蜂和彩蝶尽情飞舞。置身其中，能使人心花怒放。夏天，翠绿的山岗与蓝天白云融为一体，放眼望去，处处都是天然画卷，令人心旷神怡。秋天，此起彼伏的草甸开着银白色的草花，在微风吹拂下，摆动着修颀窈窕的身姿。冬天，泛红的草山与四周绿色的阔叶和针叶混交林带，形成了鲜明的色彩对比。如果降下一场瑞雪，还会使草原披上银装，其乐更无穷。",5月1日-10月7日（夏季） 8:30-17:00；10月8日-次年4月30日（冬季） 8:30-16:30，具体开放时间详见景区现场公示。,https://tr-osdcp.qunarzz.com/tr-osd-tr-space/img/10e772d8172cfa1b5126e543397e3338.jpg_480x360x95_16066e5a.jpg,4.3,建议游览时间：3小时 - 5小时,,"{'柘荣鸳鸯草场门票成人票\n\n': ['¥55起'], '柘荣鸳鸯草场玻璃滑道大小同价\n\n': ['¥55起'], '柘荣鸳鸯草场往返小火车票大小同价\n\n': ['¥30起']}",,3
东壁村,http://travel.qunar.com/p-oi8448887-dongbicun,,拍摄日出的好地方。,,https://tr-osdcp.qunarzz.com/tr-osd-tr-space/img/f833dc3dc4f4af0a42d705b575baa40d.jpg_480x360x95_74c4889e.jpg,4.6,建议游览时间：2小时,,免费,,3
九龙井景区,http://travel.qunar.com/p-oi7469037-jiulongjingjingqu,"

地址:
福建省宁德市柘荣县乍洋乡石山村

",,8:00-17:00,https://img1.qunarzz.com/travel/poi/1408/26/de1928c90898f8bffffffffc8d65eac.jpg_480x360x95_608b1c6b.jpg,--,建议游览时间：1天,,,,5
南山,http://travel.qunar.com/p-oi705315-nanshan,"

地址:
宁德市寿宁南阳


电话:
0593-2825260

","南山风景区位于寿宁南阳，由金鸡山、南山顶、赤陵洋、紫云山、龟湖五个风景区组成，拥有明代古刹龙岩寺，明代文学家、寿宁知县冯梦龙塑像，寿宁革命圣地赤陵洋，闽东第一铁索桥----龟岭索桥，以及众多摩崖石刻，不胜枚举的厅石异洞。千年古刹----三峰寺座落在鳌阳镇西南部，四面峰岫起伏，它首枕后山，状如荷花倒悬，面对峰岳，势成三足鼎立，故得名。该寺系宋初钦命少宗伯陈洪轸捐产创建，经历代重修，建有大雄宝殿、天王殿、藏经殿、念佛堂、山门亭、钟鼓楼等，整个建筑面积达3500多...南山风景区位于寿宁南阳，由金鸡山、南山顶、赤陵洋、紫云山、龟湖五个风景区组成，拥有明代古刹龙岩寺，明代文学家、寿宁知县冯梦龙塑像，寿宁革命圣地赤陵洋，闽东第一铁索桥----龟岭索桥，以及众多摩崖石刻，不胜枚举的厅石异洞。千年古刹----三峰寺座落在鳌阳镇西南部，四面峰岫起伏，它首枕后山，状如荷花倒悬，面对峰岳，势成三足鼎立，故得名。该寺系宋初钦命少宗伯陈洪轸捐产创建，经历代重修，建有大雄宝殿、天王殿、藏经殿、念佛堂、山门亭、钟鼓楼等，整个建筑面积达3500多平方米，现保存着千年历史的宋代大清石香炉、纯铜观音座像珍贵文物，香火旺盛，游人络绎不绝。位于城冶县衙旧址的""冯梦龙宦寿旧址""碑、戴清亭，及冯梦龙在寿宁为官时修复的东门城墙、东坝、升平桥等是研究冯梦龙的重要古迹。现正在建设的三峰公园是县镇两级为民办实事项目，本着""新、绿、雅、趣""的标准，融古今于一炉，集人文自然于一体，是一个可观赏、可游览、可访古、可瞻仰、可朝圣的综合旅游休憩之地。",7:00-18:00,https://tr-osdcp.qunarzz.com/tr-osd-tr-space/img/2768297d2072a2ab2ce4bff392973723.jpg_480x360x95_f488b07f.jpg,4.0,,,3元,,5
翠屏湖Cuiping Lake,http://travel.qunar.com/p-oi708876-cuipinghu,"

地址:
宁德市古田县高祥路7-1号


电话:
0593-3816179

","翠屏湖位于古田县城东郊，翠屏湖距城关3公里，翠屏湖属亚热带气候，翠屏湖中烟波浩淼，空气清新，四季如春，翠屏湖水域面积达37.1平方公里，翠屏湖蓄水量为6.41亿立方米，水质碧澄（达到国家二级标准）。三十六个大小岛屿，隔水相峙，沿翠屏湖有被省人民政府列为省级文物保护单位的海内外公认的""顺天圣母""陈靖姑祖庙临水宫。",8:00-17:00（露天景点全天开放）,https://mp-commentcp.qunarzz.com/mp_comment_mp_comment/1557688273546100q14000000w4sgg7279_D_640_10000.jpg_480x360x95_8f1841aa.jpg,4.5,建议游览时间：2小时 - 3小时,,"{'古田翠屏湖门票+船票成人票\n\n': ['¥78起'], '古田翠屏湖门票+船票儿童票\n\n': ['¥62起'], '翠屏湖电子导览服务大小同价\n\n': ['¥5起']}",,5
宁德霍童支提山Huotongzhiti Mountain,http://travel.qunar.com/p-oi713338-ningdehuotongzhitishan,,支提山海拔800多米，风景很美，站在山顶可以一览众山小。,,,5.0,建议游览时间：12小时 - 3天,,具体收费情况以现场公示为主,,5
高山明珠,http://travel.qunar.com/p-oi716138-gaoshanmingzhu,"

地址:
福建省宁德市


电话:
0593-2825260

",周宁境内峰峦翠，玉带缠绵，钟云毓秀，如诗胜画，是一块令人神往的旅游胜地。境内风光秀丽，旅游资源得天独厚。九龙际瀑布群雄伟壮阔，气势磅礴，荣膺省级首批十大名胜风景区之盛誉；鲤鱼溪神鳞戏水，人鱼同乐，令游人流连忘返；滴水岩泻珠溅玉，水滴石穿，史称“ 八闽首景”；即将建成的库容3.2亿立方米的高山人工湖令人神往；千年古刹灵峰寺、方广寺山深庙古，闻名遐迩......全县平均海拔800米，县城海拔888米，冠全省之首，冬无严寒，夏无酷署，盛夏日均气温仅24摄氏度，享有“天然...周宁境内峰峦翠，玉带缠绵，钟云毓秀，如诗胜画，是一块令人神往的旅游胜地。境内风光秀丽，旅游资源得天独厚。九龙际瀑布群雄伟壮阔，气势磅礴，荣膺省级首批十大名胜风景区之盛誉；鲤鱼溪神鳞戏水，人鱼同乐，令游人流连忘返；滴水岩泻珠溅玉，水滴石穿，史称“ 八闽首景”；即将建成的库容3.2亿立方米的高山人工湖令人神往；千年古刹灵峰寺、方广寺山深庙古，闻名遐迩......全县平均海拔800米，县城海拔888米，冠全省之首，冬无严寒，夏无酷署，盛夏日均气温仅24摄氏度，享有“天然空调城”的美誉，是旅游、度假、避暑的好去处。,08：00—18：00,,--,,,免费,,5
戚继光公园,http://travel.qunar.com/p-oi707877-qijiguanggongyuan,,戚继光公园又称“西山”，位于宁德城关西部，为纪念民族英雄戚继光抗倭丰功伟绩，继光村农民自发集资筹建。公园以白鹤峰顶为屏障，灵溪禅寺为中心，经灵寺、居士林为左右翼。建戚继光大型塑像、紫竹观世音、白鹤亭、盘两洞、玉女池、三仙洞、龙柱亭、白云洞、虹桥、灵光洞、思儿亭等十八景区。,,https://img1.qunarzz.com/travel/d9/1804/88/fb8ac703c1b438b5.jpg_480x360x95_5487b3d6.jpg,4.7,,,,,5
福鼎柏洋金山农耕文化园,http://travel.qunar.com/p-oi39872187-fudingboyangjinshannong,,,,,0.0,,,,,5
青莲寺,http://travel.qunar.com/p-oi39772859-qingliansi,,,,,0.0,,,,,5
屏南前塘村,http://travel.qunar.com/p-oi39608700-pingnanqiantangcun,,,,,0.0,,,,,5
周宁坂坑村,http://travel.qunar.com/p-oi39590472-zhouningbankengcun,,,,,0.0,,,,,5
大坪水库,http://travel.qunar.com/p-oi39525825-dapingshuiku,,,,,0.0,,,,,6
新墘村,http://travel.qunar.com/p-oi39414677-xinqicun,,,,,0.0,,,,,6
周佳山村,http://travel.qunar.com/p-oi39413079-zhoujiashancun,,,,,0.0,,,,,6
千乘桥,http://travel.qunar.com/p-oi39354851-qianchengqiao,,,,,,,,,,6
南湾村,http://travel.qunar.com/p-oi39328656-nanwancun,,,,,0.0,,,,,6
东海一号观光步道,http://travel.qunar.com/p-oi39318508-donghaiyihaoguanguang,,,,,4.8,,,,,6
前洋村,http://travel.qunar.com/p-oi39178126-qianyangcun,,,,,0.0,,,,,6
康里村,http://travel.qunar.com/p-oi39175901-kanglicun,,,,,--,,,,,6
忠洋村,http://travel.qunar.com/p-oi39172977-zhongyangcun,,,,,0.0,,,,,6
云气诗滩,http://travel.qunar.com/p-oi39167426-yunqishitan,,,,,--,,,,,6
云气村,http://travel.qunar.com/p-oi39167424-yunqicun,,,,,--,,,,,7
芳院村,http://travel.qunar.com/p-oi39160338-fangyuancun,,,,,0.0,,,,,7
八蒲村,http://travel.qunar.com/p-oi39157117-bapucun,,,,,--,,,,,7
溪西小吃美食街,http://travel.qunar.com/p-oi39157112-xixixiaochimeishijie,,,,,0.0,,,,,7
罗沙洋村,http://travel.qunar.com/p-oi39156137-luoshayangcun,,,,,,,,,,7
厦地村,http://travel.qunar.com/p-oi39145429-shadicun,,,,,5.0,,,,,7
绿雪芽白茶庄园,http://travel.qunar.com/p-oi39143927-lu:xueyabaichazhuangyuan,,,,,--,,,,,7
洋鼓尾,http://travel.qunar.com/p-oi39114414-yangguwei,,,,,--,,,,,7
北岐村,http://travel.qunar.com/p-oi39057294-beiqicun,,,,,4.0,,,,,7
德润尚街室内水乐园,http://travel.qunar.com/p-oi39036181-derunshangjieshineishui,,想必各位宅家带娃的奶爸奶妈都闷坏了吧，炎炎夏日不知道带孩子上哪去耍。今天就来给你们安利啦！既能自己享受，还能让宝宝玩一天的暑期圣地——德润尚街室内水乐园。这个水乐园不仅让孩子们开心快乐了，也能让爸爸妈妈有个短暂的独处放松的时间~带大朋友来这玩的，自己也可以实现商场自由哦~让自己和孩子开心一“夏”吧！大象巴巴主题乐园、章鱼哥主题乐园。来到这里，让萌娃在里面快乐玩水，不怕室外太阳暴晒。一票通完白场夜场。室内水上乐园，夏日好去处。玩水就是夏天的专属快乐啊，整个乐园的以黄绿蓝为主调，合理的搭配上了各种有趣的颜色，童心满满。不管是大朋友还是小朋友，来了根本不愿意回家。相比较外面大型水世界，这个更适合带娃玩耍。不怕水深，也不怕孩子玩的不开心，呆上一整天都没问题！,,,0.0,,,,,7
东礵岛,http://travel.qunar.com/p-oi38909884-dongshuangdao,,,,,5.0,,,,,8
院边村,http://travel.qunar.com/p-oi38905517-yuanbiancun,,,,,0.0,,,,,8
闽东大峡谷,http://travel.qunar.com/p-oi38898084-mindongdaxiagu,,,,,5.0,,,,,8
黄氏宗祠,http://travel.qunar.com/p-oi38853790-huangshizongci,,,,,4.0,,,具体收费情况以现场公示为主,,8
滨河公园,http://travel.qunar.com/p-oi38807874-binhegongyuan,,,,,,,,,,8
昭明古刹,http://travel.qunar.com/p-oi38688408-zhaominggucha,,,,,0.0,,,具体收费情况以现场公示为主,,8
寿宁县圆通寺,http://travel.qunar.com/p-oi38675832-shouningxianyuantongsi,,圆通寺是寿宁城关三大寺庙之一，寺内建有城隍庙、八仙宫、大王庙，观音阁和临水宫等。,,,4.0,建议游览时间：2小时 - 3小时,,具体收费情况以现场公示为主,,8
小京沙滩,http://travel.qunar.com/p-oi38672736-xiaojingshatan,,,,,5.0,,,具体收费情况以现场公示为主,,8
桐山溪,http://travel.qunar.com/p-oi38637256-tongshanxi,,,,,--,,,具体收费情况以现场公示为主,,8
仙屿公园,http://travel.qunar.com/p-oi38635767-xianyugongyuan,,,,,,,,,,8
下尾岛,http://travel.qunar.com/p-oi38622145-xiaweidao,,,,,,,,,,9
下党村,http://travel.qunar.com/p-oi38614868-xiadangcun,,,,,0.0,,,,,9
竹江岛,http://travel.qunar.com/p-oi38590790-zhujiangdao,,竹江岛四面环海，位于东吾洋上，形似卧虎，地势东高西低。,,,--,建议游览时间：1小时 - 2小时,,具体收费情况以现场公示为主,,9
灵峰寺,http://travel.qunar.com/p-oi38340978-lingfengsi,,,,,--,,,具体收费情况以现场公示为主,,9
慈化禅寺,http://travel.qunar.com/p-oi38340469-cihuashansi,,,,,--,,,具体收费情况以现场公示为主,,9
映山湖景区,http://travel.qunar.com/p-oi38337242-yingshanhujingqu,,,,,--,,,具体收费情况以现场公示为主,,9
畲族民间博物馆,http://travel.qunar.com/p-oi38336989-shezuminjianbowuguan,,,,,--,,,具体收费情况以现场公示为主,,9
中华畲族宫,http://travel.qunar.com/p-oi38336911-zhonghuashezugong,,,,,0.0,,,具体收费情况以现场公示为主,,9
玉田公园,http://travel.qunar.com/p-oi38335845-yutiangongyuan,,,,,4.0,,,具体收费情况以现场公示为主,,9
西洋岛,http://travel.qunar.com/p-oi38335135-xiyangdao,,西洋岛位于宁德市霞浦县，有着众多名型各异、特色不同的岛屿，渔业资源丰富，景色秀丽，民风淳朴。,,,--,建议游览时间：3小时 - 4小时,,具体收费情况以现场公示为主,,9
极乐寺,http://travel.qunar.com/p-oi38157777-jilesi,,,,,--,,,具体收费情况以现场公示为主,,10
四坪村,http://travel.qunar.com/p-oi38043800-sipingcun,,四坪村位于屏南县熙岭乡， 这里森林茂盛，叠石流水、错落老宅。漫步古村当中， 黄墙黛瓦、马头高墙， 潺潺溪流在村中流淌，抬头就能见到柿子树的踪迹， 秋冬来还能看到村民晾晒的柿子，整整齐齐地排列着，空气中弥漫着一股清甜的香气。,,,5.0,建议游览时间：1小时 - 2小时,,具体收费情况以现场公示为主,,10
龙潭古镇,http://travel.qunar.com/p-oi38035112-longtanguzhen,,"龙潭古镇位于屏南，古镇里有很多吊脚楼，还有大量的明清建筑，古镇内的石板街长达三公里，显得古朴沧桑。
",,,5.0,建议游览时间：12小时,,,,10
地藏寺,http://travel.qunar.com/p-oi38035098-dizangsi,,,,,--,,,具体收费情况以现场公示为主,,10
冷城古堡,http://travel.qunar.com/p-oi38034895-lengchenggubao,,,,,0.0,,,具体收费情况以现场公示为主,,10
屿尾岛,http://travel.qunar.com/p-oi38034592-yuweidao,,屿尾岛位于宁德市霞浦县，岩性为花岗岩，岛上植被稀疏，周围碧波荡漾，景色秀丽。,,,--,建议游览时间：2小时 - 4小时,,,,10
雷江岛,http://travel.qunar.com/p-oi38034446-leijiangdao,,,,,--,,,具体收费情况以现场公示为主,,10
玉山,http://travel.qunar.com/p-oi38034429-yushan,,,,,--,,,具体收费情况以现场公示为主,,10
龙漈花海,http://travel.qunar.com/p-oi38033350-longjihuahai,"

地址:
福建省宁德市屏南县棠口镇漈头村上村35号


电话:
18950556996

","福建龙漈花海旅游发展有限公司成立于2020年9月11日，龙漈花海位于漈头古村上村，基地规划面积6542亩，计划投资13.26亿元龙漈花海项目：项目分三期建设完成，以菊花种植及深加工为切入点，逐步打造四季花海景区、甜皇菊产业、药膳浓缩产业，景区包括：拓主坪景区、游乐园、特色民宿度假区（畲族药膳文化、高山茶叶文化、南少林武术文化、农耕文化）、龙岗寨景区及四季花海农业种植园（菊花博物园、百果采摘园、盆景（赤楠）园、本草园、紫荆园、玫瑰园、紫薇园）。现已完成投资2200万元，种植菊花近千亩，菊花品种600多种，其中茶菊10种。深加工产品包括：甜皇菊茶、皇菊饼、长寿酒、皇菊巧克力、皇菊软糖等， 2020年产值为2300万元。龙漈花海景区建设完成游客服务中心、演艺舞台、园区内的多条道路建设，及碰碰车、碰碰船、滑索、喊泉、网红桥、奶瓶喂鱼等游乐设施建设。龙漈花海水果采摘园规划面积300亩，以种植有机四季水果为目标，现已种植了50亩无花果、10亩火生果、10亩桑葚、10亩芙蓉李、10亩油奈、10亩百香果，将来基地还将继续选育适合的水果品种进行种植，为学生提供一个集水果育苗、管护、采摘为一体的百果园。
",全年 08:30-17:30,,5.0,建议游览时间：2小时 - 3小时,,,,10
福鼎市水北溪生态公园,http://travel.qunar.com/p-oi37807120-fudingshishuibeixisheng,,,,,5.0,,,具体收费情况以现场公示为主,,10
