名字,链接,地址,介绍,开放时间,图片链接,评分,建议游玩时间,建议季节,门票,小贴士,Page
桃源山,http://travel.qunar.com/p-oi702168-taoyuanshan,,面积约2．5平方公里。桃源山是道教的圣地，文化的中心。从西晋到晚明，以桃源山为主的名胜古迹，代有声名。西晋末叶桃源山上始建桃源观，中唐逐渐扩大，到北宋而称极盛。这里有潇湘一阁的水府阁，江南一宫的桃川宫，华夏一院的天宁碑院……当您朝圣“桃川香火”之暇，足以尽情领略道宫聚紫、高阁流霞、渔舟唱晚、仙气缭绕的沅湘风情。,,https://tr-osdcp.qunarzz.com/tr-osd-tr-space/img/d691f24be0fef41efd654b9596b37831.gif_480x360x95_4839e179.gif,4.0,,,,,1
大小河街,http://travel.qunar.com/p-oi38135482-daxiaohejie,,,,,4.6,,,具体收费情况以现场公示为主,,1
桃花源Taohuayuan (“Peach Blossom Land”),http://travel.qunar.com/p-oi712427-taohuayuan,"

地址:
常德市桃源县桃花源镇


电话:
400-985-6677


官网:
http://www.cnthy.com.cn/

",常德桃花源，是1600多年前中国东晋大诗人陶渊明《桃花源记》所描述的世外桃源真迹，始建于晋代，历史上是我国四大道教圣地之一，有“第三十五洞天，四十六福地的美誉”。千百年来陶渊明、孟浩然、王昌龄、王维、李白、杜牧、刘禹锡、韩愈、陆游、苏轼等文人墨客都在这里留下了珍贵的诗文和墨迹。桃花源前面有滔滔不绝的沅江，后面是绵延起伏的武陵群峰，境内古树参天，溪水清澈。桃花源景区内开发了福地洞天桃花山、道教胜地桃源山、世外桃源秦人村、神话故乡桃仙岭四大景区；同时还有沅江风景线、战国彩菱城遗址、热市温泉等可供游览。桃花源景区每年的春天都会举办“桃花节”。春天的桃花源桃花遍野、绿茵红飞。走进桃花源，就象走进了一首瑰丽的画卷。游客此时前来，可以感受到宁静的田园风光，寻找《桃花源记》中所描绘的“芳草鲜美、落英缤纷”的意境。,全年 09:00-15:30;全年 08:30-18:00,https://img1.qunarzz.com/travel/d0/1501/72/72fd2cb974dd1b5ccdb.jpg_480x360x95_3bea31c5.jpg,4.6,建议游览时间：3小时 - 4小时,,"{'常德桃花源门票成人票\n\n': ['¥116起'], '常德桃花源门票老人票\n\n': ['¥60起'], '常德桃花源门票青少年票\n\n': ['¥60起']}",,1
夷望溪Yiwang Creek,http://travel.qunar.com/p-oi722790-yiwangxi,"

地址:
常德市桃源县兴隆街乡游船码头


电话:
0736-6730888,13397360065

",夷望溪是桃花源外围景点中美的景点，是常德十景之一。位于常德市桃源县兴隆街乡，这里景色秀美、山水怡人，被称为常德的的“小桂林”。夷望溪，亦称怡望溪，有望之心怡的意思，乍听起来，似乎又是一道被世间所遗忘的山间流水。的确，这几乎是个与世隔绝的地方，一个静宓与神秘的地方。夷望溪，一个青山凝黛，绿水悠悠的妙境，仿佛又到了桂林的漓江，恰好这里也有个象山，酷似一只刚从水中沐浴上岸的老象。两岸也是青山如屏，翠竹成荫。夷望溪水清澈透明，如同碧玉，无怪乎诗人将它称作...夷望溪是桃花源外围景点中美的景点，是常德十景之一。位于常德市桃源县兴隆街乡，这里景色秀美、山水怡人，被称为常德的的“小桂林”。夷望溪，亦称怡望溪，有望之心怡的意思，乍听起来，似乎又是一道被世间所遗忘的山间流水。的确，这几乎是个与世隔绝的地方，一个静宓与神秘的地方。夷望溪，一个青山凝黛，绿水悠悠的妙境，仿佛又到了桂林的漓江，恰好这里也有个象山，酷似一只刚从水中沐浴上岸的老象。两岸也是青山如屏，翠竹成荫。夷望溪水清澈透明，如同碧玉，无怪乎诗人将它称作“沅江小桂林”。这山有的如大象、有的如雄狮、有的如麒麟、有的如钟鼓，还有一座山崖壁上似挂着一弯明月。在河堤与山脚之间是一些农田，偶尔可见两三个农夫在叱牛耕耘，悠闲的哼着些土里巴唧的用牛歌，旁边总有几只黑身而白翼的笨鸟，在周围停立，似乎一点也不怕人，等到农夫和耕牛走近时，才怏怏地窜飞至另一边去，依就呆呆地盯着那农夫和耕牛，真是一幅写意的《桃源隐耕图》。,8:00-18:00,https://mp-commentcp.qunarzz.com/mp_comment_mp_comment/1559502492207100f14000000x46b5BBC1_D_640_10000.jpg_480x360x95_57c58a75.jpg,4.4,建议游览时间：3小时 - 4小时,,"{'夷望溪门票+游船成人票\n\n': ['¥65起'], '夷望溪电子导览服务大小同价\n\n': ['¥7起']}",,1
柳叶湖旅游度假区Liuye Lake Tourist Resort,http://travel.qunar.com/p-oi706806-liuyehulu:youdujiaqu,"

地址:
常德市武陵区柳叶大道1号


电话:
0736-7129299,0736-7712301


官网:
http://www.lyhtour.com/

",柳叶湖位于古城常德东北，是湖南省大的山、水、城三位一体的生态型城市旅游休闲度假区，因湖的形状像柳叶而得名，白鹤山、花山、太阳山环绕湖北部。其中白鹤山很早以前就是白鹤栖息的之地，每年5月-9月，成千上万只白鹤与白鹭在蓝天碧水间翩翩起舞，为柳叶湖增加了奇丽的色彩。柳叶湖山环水绕，流霞飞烟，景色宜人，碧水与长天一色，青山和古城相映。柳叶湖边的太阳山，层峦迭嶂，松竹青翠，清溪蜿蜒，泉水潺潺。柳叶湖西南的花山，山虽不高，却十分秀丽，每逢春天，满山杜鹃花，姹紫...柳叶湖位于古城常德东北，是湖南省大的山、水、城三位一体的生态型城市旅游休闲度假区，因湖的形状像柳叶而得名，白鹤山、花山、太阳山环绕湖北部。其中白鹤山很早以前就是白鹤栖息的之地，每年5月-9月，成千上万只白鹤与白鹭在蓝天碧水间翩翩起舞，为柳叶湖增加了奇丽的色彩。柳叶湖山环水绕，流霞飞烟，景色宜人，碧水与长天一色，青山和古城相映。柳叶湖边的太阳山，层峦迭嶂，松竹青翠，清溪蜿蜒，泉水潺潺。柳叶湖西南的花山，山虽不高，却十分秀丽，每逢春天，满山杜鹃花，姹紫嫣红，一片鲜亮世界。刘海砍樵的美丽传说就发生在这里。柳叶湖水域辽阔、湖底平坦，是理想的水上运动比赛场所，已建成了具有国际水准的水上赛场；成功地举办了湖南省八运会水上比赛、第八届亚洲皮划艇锦标赛、首届中国短道汽车拉力赛等一系列重大国际国内赛事，被国际国内人士誉为“世界上佳的天然水上运动场所之一”、“城市拥抱的水上天堂”。,全天开放，内部娱乐设施及景点开放时间不一，详情以景区现场公示为准。,https://img1.qunarzz.com/p/tts3/1801/c7/1f92b8a18961bc02.jpg_480x360x95_053de6a3.jpg,4.6,建议游览时间：1小时 - 2小时,,"{'柳叶湖小火车门票儿童票\n\n': ['¥15起'], '柳叶湖游船（快艇/仿古船/画舫）票成人票\n\n': ['¥45起']}",,1
水心寨,http://travel.qunar.com/p-oi722789-shuixinzhai,,桃源水心寨位于桃源境内沅江与夷望溪交汇之处，四面环水，高约数百尺，壁立陡峭，上攀山岩，前后人头脚相接，须抓住铁链而上。山岩原名水心岩，因南宋洞庭湖区农民起义军首领杨幺曾在此驻军，并立坛祭苍天，后人因此改名水心寨。寨顶有小观，自古就香火不断，现在有观三座相连，为当地群众自发募捐修建。寨顶视线通达，视野开阔，四周山水绵延，美景无限。当地人把周围山水叫做“麒麟拜狮象，明月钟鼓堂”，大概意思是说有山象麒麟、如狮象、若钟似鼓，且相互依承，彼此呼应。寨靠外是...桃源水心寨位于桃源境内沅江与夷望溪交汇之处，四面环水，高约数百尺，壁立陡峭，上攀山岩，前后人头脚相接，须抓住铁链而上。山岩原名水心岩，因南宋洞庭湖区农民起义军首领杨幺曾在此驻军，并立坛祭苍天，后人因此改名水心寨。寨顶有小观，自古就香火不断，现在有观三座相连，为当地群众自发募捐修建。寨顶视线通达，视野开阔，四周山水绵延，美景无限。当地人把周围山水叫做“麒麟拜狮象，明月钟鼓堂”，大概意思是说有山象麒麟、如狮象、若钟似鼓，且相互依承，彼此呼应。寨靠外是沅江大河奔腾不息，往里是夷望溪水柔缓流淌，一边犹如沧桑莽汉，一边则如温婉处子。即便突降暴雨，数日之内，沅江早已洪水滔天，而夷望溪依然清澈如镜。每有人到，常流连忘返。但一直因为多种原因，开发不够，仍然养在深闺无人识。,,https://img1.qunarzz.com/travel/d9/201404/19/dc0545bfa4f7d009ddb12cfb.jpg_480x360x95_31beb2b9.jpg,4.0,,,,,1
花岩溪Huayanxi,http://travel.qunar.com/p-oi707740-huayanxi,,,,,,,,,,1
孟姜女祠Meng Jiangnv Ancestral Hall,http://travel.qunar.com/p-oi708004-mengjiangnu:ci,,孟姜女贞烈祠是为纪念孟姜女所建，地处湖南省澧县境内，位于澧县县城以东15千米的嘉山良种场内，所处位置山清水秀。有头门大殿、登祠台等建筑1000平方米，贞烈祠有阴刻楷书碑文“孟姜故宅”。1954年，孟姜女贞烈祠毁于大火。今存山门、大殿、后殿为二十世纪七十年代以来，澧县文物事业管理处集资复建。望夫台、绣竹、石镜依然存在。另存石碑一方，碑文为行书三行，中行为：“孟姜故宅”四个大字，两侧书为：“道之云远思君子”，“魂兮归来返故居”，横批：“覆我帮家”。,,https://tr-osdcp.qunarzz.com/tr-osd-tr-manager/img/4297c90077e7bfb45509b5e8b2f9c9aa.jpg_480x360x95_4d50381c.jpg,4.3,建议游览时间：1小时 - 2小时,,具体收费情况以现场公示为主,,1
龙王洞Longwang Cave,http://travel.qunar.com/p-oi714629-longwangdong,"

地址:
常德市石门县白云镇望羊桥村


电话:
0736-5322988

",石门龙王洞位于湖南石门县，龙王洞，洞中有水，洞中有洞，洞上叠洞，洞环水绕，景点密布，景观奇特，可谓步步有景，处处藏珍，十里曲洞，十里迷宫，十里玉琢，十里彩屏。而洞前有湖，洞口有河，则是其独特之处。游人泛舟徐进，由湖山一色渐入洞水一色之佳境。 穹顶洞壁的钟乳石投影水面，与水中晶莹玲珑的奇石浑然一体，在彩色灯光的照耀下，愈显绚丽多姿，使人恍若步入龙宫仙境。泛舟进洞四百米许，舍舟登岸，但见钟乳石千奇百怪，倒悬洞顶，石笋石柱错落：“朝龙殿”、“瑶池”、“灵芝宝菌”、“龙王宝座”等五十多处景观，今人目不暇接。更兼头顶滴水如琴，脚下清泉如瑟，冬暖夏凉，使人游兴愈浓，流连忘返。龙王洞在石门县城西北28公里处，正在1829省道干线边。距龙王洞8公里有热水溪温泉疗养中心。从龙王洞往西北5公里进入张家界市境内，可不经慈利县城，去索溪峪80公里。 　　 ,全年 08:30-16:30,https://mp-piao-admincp.qunarzz.com/mp_piao_admin_mp_piao_admin/fusion/20192/678fb6d34d0e6d7b543874d64d06dc39.jpg_480x360x95_2cb64f7f.jpg,4.7,建议游览时间：1小时,,"{'龙王洞门票成人票\n\n': ['¥50起'], '龙王洞门票儿童票\n\n': ['¥25起'], '龙王洞门票学生票\n\n': ['¥25起']}",,1
五溪湖Wuxi Lake,http://travel.qunar.com/p-oi714656-wuxihu,"

地址:
常德市鼎城区

",五溪湖位于湖南花岩溪景区入口处，因罗家溪、花岩溪等五条溪流入内而得名。湖内积雨  五溪湖面积23、8平方公里，上游有麻家溪隧洞与龙凤湖连通，蓄水面积9000亩。五溪湖风光秀美，丰艳多姿，每年春夏时节，这里花红水碧，鱼跃鸟飞，岚影沉浮，霞光掩映。湖中有十来个奇妙的岛屿，号称“五湖列岛”，这些岛屿形状不同，大小不等，彼此距离有远有近。较大的乌龟岛面积有20亩，岛上成片的油菜蔚然成林，叶色深绿油亮，十分可爱。五溪湖春末夏初水位上升，湖中小岛像一颗颗绿螺，错落有致地排列在这水晶盘里，水涌青螺，若沉若浮，似动似静，荡漾在粼粼碧波之中，展现在朝曦夕照之下。湖中景色，早晚不同，四时各异。荡舟湖上，可饱览湖光山色，享受山间平湖的特殊气息。,全天,https://tr-osdcp.qunarzz.com/tr-osd-tr-manager/img/a288fb4d301fac5f6d71b08adcbd372c.jpg_480x360x95_ad5366db.jpg,4.8,建议游览时间：2小时 - 3小时,,具体收费情况以现场公示为主,,1
石门壶瓶山Hupingshan Mountain in Shimen County,http://travel.qunar.com/p-oi709600-shimenhupingshan,"

地址:
常德市石门县壶瓶山镇江坪河村一组


电话:
0736-5422678

","壶瓶山顶海拔2098.7米，号称“湖南屋脊”。主峰之巅的造型唯有从西侧的松树垭方向看得清楚，其南北崖头高翘，形如壶嘴与壶把，中间圆拱稍低极像壶盖。待攀峰顶高踞崖台再看，主峰的巅顶原来周高中低是一形状宛如瓶颈的盆地，“壶瓶”二字由此得来。壶瓶山的南、西、北三面峭峻，坡度70°左右，东南面稍缓，有崎岖狭径可登。山顶植被茂盛，春夏晴日登屋脊，可见高山杜鹃、千年映山红、红花木兰群落争相竞艳，互斗芬芳，壶瓶山上是春的世界、花的海洋，人入其中，宛如仙镜。晴日，登临屋...壶瓶山顶海拔2098.7米，号称“湖南屋脊”。主峰之巅的造型唯有从西侧的松树垭方向看得清楚，其南北崖头高翘，形如壶嘴与壶把，中间圆拱稍低极像壶盖。待攀峰顶高踞崖台再看，主峰的巅顶原来周高中低是一形状宛如瓶颈的盆地，“壶瓶”二字由此得来。壶瓶山的南、西、北三面峭峻，坡度70°左右，东南面稍缓，有崎岖狭径可登。山顶植被茂盛，春夏晴日登屋脊，可见高山杜鹃、千年映山红、红花木兰群落争相竞艳，互斗芬芳，壶瓶山上是春的世界、花的海洋，人入其中，宛如仙镜。晴日，登临屋脊、俯视云海，只见银白色的云海铺天盖地，无边无际，云海在山间翻腾，似排山倒海、白浪滔天，武陵山脉的高山峻岭在白云中飘浮，酷似辑辑长舟在茫茫的云雾中穿行。金秋，壶瓶山上秋高气爽，登临屋脊，极目楚天舒，八百里洞庭成片、长江成一线，""会当临绝顶，一览众山小""的激情油然而生。逶迤的武陵，奔腾的河流，美丽的田野，繁华的城镇，幽静的农舍，一览无余，尽收眼底。令人陶醉，心旷神怡。壶瓶山主峰之巅还是观日出云海的地点，遇上爽朗的晴空，极目远眺，北面的长江也会依稀可见，也是户外运动爱好者想征服的地方之一。壶瓶山景区峡谷内资源丰富，是一座绿色的自然宝库。谷内数条溪河从源头下跌峡谷沟壑落差近千米，水流湍急，一路形成动态水景美轮美奂、美不胜收，仅瀑布大小就有近百处，让人看得眼花缭乱。",8:00-18:00,https://img1.qunarzz.com/travel/d1/1712/33/473ba90d682ad9b5.jpg_480x360x95_64da3caf.jpg,4.3,建议游览时间：3小时 - 5小时,,"{'石门壶瓶山门票成人票\n\n': ['¥58起'], '石门壶瓶山鱼洞景区门票成人票\n\n': ['¥59起'], '壶瓶山电子导览服务大小同价\n\n': ['¥7起']}",,2
常德市博物馆Changde Museum,http://travel.qunar.com/p-oi715731-changdeshibowuguan,"

地址:
常德市武陵区武陵大道144号


电话:
0736-7223997


官网:
http://www.hncdbwg.cn/

",常德博物馆位于武陵大道中路，占地32亩，总建筑面积1万平方米。该建筑为四合院仿古式，由主体建筑和南北专题馆组成。主体建筑分前厅、中央大厅和后院。前厅四层，第一层正面墙是大型“唐三彩”壁画——桃花源仙境；中央大厅局部两层，上方为玻璃盖顶，厅内光线充足，场地宽敞，是一个多功能、综合性的展厅；后院二层，系全封闭式的展室和文物库房，共有标准室10个，文物库房2个，主要用于珍贵文物的陈列和保管。馆内藏有各类文物3万余件，其中：一级文物148件，二级文物258件，三级文物676件。南北两边专题馆，设有3个展室，主要用于各类专题展览。馆内除经常举办各类临时性展览外，还办有《常德历史文物展》、《常德工业品展览》、《常德民俗展》等永久性的展览。近年内还将办《根雕艺术展》、《常德近现代名人展》、《常德书法精品展》等展览。,全年 周二-周日 09:00-17:00;全年 周一 全天不开放 ;全年 全天不开放,https://tr-osdcp.qunarzz.com/tr-osd-tr-manager/img/fb588c52b6780616b20485cd033bd46d.jpg_480x360x95_428930b1.jpg,4.2,建议游览时间：1小时,,免费,,2
闯王陵Chuangwang Tomb,http://travel.qunar.com/p-oi708287-chuangwangling,"

地址:
常德市石门县林夹公路常德夹山国家森林公园内


电话:
0736-5220616

",位于湖南省石门县城东南八公里处，总面积1530公顷。园内群峦叠翠，万木争荣，是一处集园陵风光、佛教圣地、茶禅祖迹于一体的旅游胜地。　陵前高悬的牌匾——闯王陵，是1995年原中国社会科学院明史学会会长刘重日老先生的题词。整个陵园占地面积30余亩，由陵卫、紫石牌坊、神道、陵寝、明楼、神厨、碑廊、李自成纪念馆、野拂塔等组成。闯王陵规模宏伟壮观，完全是明清宫廷式建筑风格，被誉为“湖湘第一陵”。,10/8-4/30 08:30-17:00;5/1-10/7 08:00-17:30,https://tr-osdcp.qunarzz.com/tr-osd-tr-manager/img/59f182fe3be2299ec71317ace9ee5db7.jpg_480x360x95_42d4f368.jpg,4.1,建议游览时间：2小时,,,,2
滨湖公园Binhu Park,http://travel.qunar.com/p-oi710119-binhugongyuan,"

地址:
常德市武陵区朗州路376号


电话:
0736-7231573

",滨湖公园位于常德市区，占地28.27公顷，公园内树木葱茏、百花吐艳，湖水碧波涟涟，曲桥凉亭，小榭楼台，处处体现了浓郁的水乡特色。园内保存着国家重点保护文物——铁经幢。铁经幢是一座宋代铸成的塔形建筑，上刻经文，原来在德山山麓，后迁至滨湖公园。滨湖公园是常德市中心唯一大型的水景花园。园内建有锁龙石、三观亭、石拱桥等多处人文与小品景观，历史文化底蕴深厚。,全年 全天开放,https://tr-osdcp.qunarzz.com/tr-osd-tr-manager/img/b3ba75572758bbe31439d810f42d67fd.jpg_480x360x95_8205b464.jpg,4.4,建议游览时间：1小时 - 2小时,,具体收费情况以现场公示为主,,2
天供寺,http://travel.qunar.com/p-oi712860-tiangongsi,,始建于唐代，香火旺盛的佛地。相传女娲补天，溅落一石，形似石臼，臼中有米，普渡众生，取之不竭，因此得名天供山。后人建寺，名为“天供寺”。,,,3.0,,,,,2
天供山,http://travel.qunar.com/p-oi701647-tiangongshan,,天供山森林公园是澧县唯一的一个省级森林公园，位于涔水河畔，东南抵金罗，南临王家厂水库，西北毗邻闸口，北与鄂南松滋为邻，属武陵山脉。该园前身为国营天供山林场，1992年3月批建为省级森林公园，1994年7月挂牌开园。全面面积732公顷，森林覆盖率达85%。公园主要景区有仙女洞、夫人寨、天供寺等三处。仙女洞分三层，面积2万平方米，洞内奇景纷呈，鬼斧神工。夫人寨是李自成兵败江南时高夫人安营扎寨之处，山势险峻，关隘雄峙，古战场，兵寨、饮马井、练兵场、下马墩等遗迹犹存。...天供山森林公园是澧县唯一的一个省级森林公园，位于涔水河畔，东南抵金罗，南临王家厂水库，西北毗邻闸口，北与鄂南松滋为邻，属武陵山脉。该园前身为国营天供山林场，1992年3月批建为省级森林公园，1994年7月挂牌开园。全面面积732公顷，森林覆盖率达85%。公园主要景区有仙女洞、夫人寨、天供寺等三处。仙女洞分三层，面积2万平方米，洞内奇景纷呈，鬼斧神工。夫人寨是李自成兵败江南时高夫人安营扎寨之处，山势险峻，关隘雄峙，古战场，兵寨、饮马井、练兵场、下马墩等遗迹犹存。天供寺始建于唐代，据传女娲炼石补天曾溅落一块石头于此，形似石，中有米，取之不竭，普救庶众，山、寺因此得名。,,,3.0,,,,,2
银盘山,http://travel.qunar.com/p-oi702441-yinpanshan,,银盘山位于五溪湖北岸，神公寨东侧，三面环水，其状如盘，故名银盘山。一侧是青松岭，东侧有哨楼，这里山水清幽，景色宜人，是旅途中游憩之所。登上银盘山，面对碧绿的湖水，灿烂的鲜花，奔泻的山泉武，飞动的流云，你一定会乐而忘返的。银盘山上建有集品茶、餐饮、游艺、住宿于一体的静亭群落，号称银盘山茶庄。亭阁布局别具匠心，有浓郁的南方园林特色，是文人著书立说、科学家考察研讨、武士练功采气、老人休闲疗养、情侣谈情说爱理想的场所。,,,3.0,,,,,2
壶瓶山国家级自然保护区,http://travel.qunar.com/p-oi704109-hupingshanguojiajiziran,,国家级自然保护区面积66568多公顷，北望长江三峡，西接世界森林公园张家界，距石门县城110公里。266座大小奇峰林立，主峰2098.7米，有湖南屋脊之称。由于壶瓶山没有受到第四纪冰川的侵袭，因而保存着良好的生态环境和大量的珍贵孑遗植物及群落，被中外专家学者称为“华中地区弥足珍贵的物种基因库”。经查明： 壶瓶山国家级自然保护区有陆栖脊椎动物172种，植物2060种，昆虫4145种。在珍稀动物中，有国家一级保护动物云豹、金钱豹、华南虎、黑鹿、金猫等7种；有国家二级保护动物猕猴...国家级自然保护区面积66568多公顷，北望长江三峡，西接世界森林公园张家界，距石门县城110公里。266座大小奇峰林立，主峰2098.7米，有湖南屋脊之称。由于壶瓶山没有受到第四纪冰川的侵袭，因而保存着良好的生态环境和大量的珍贵孑遗植物及群落，被中外专家学者称为“华中地区弥足珍贵的物种基因库”。经查明： 壶瓶山国家级自然保护区有陆栖脊椎动物172种，植物2060种，昆虫4145种。在珍稀动物中，有国家一级保护动物云豹、金钱豹、华南虎、黑鹿、金猫等7种；有国家二级保护动物猕猴、白冠长尾雉、红腹角雉以及世界现存的最大两栖动物──大鲵（娃娃鱼）等41种。有国家一级保护植物珙桐、钟萼木两种。国家二级保护植物银杏、连香树、厚朴、鹅掌楸等29种，这些珍稀植物的大部分属于第三纪冰川期的古植物和第三纪以前的孑遗树种，有“活化石”之称。其中，湖南花楸、石门鹅耳枥、长果秤锤树为以前没有发现的新种，被誉为“天外来客”。中外植物学家证实，壶瓶山小溪一带的珙桐是目前世界上面积最大的珙桐群落集中地。,,https://mp-commentcp.qunarzz.com/mp_comment_mp_comment/1560020580700100b15000000xjbttC82F_D_640_10000.jpg_480x360x95_34fc492e.jpg,--,,,,,2
常德诗墙博物馆,http://travel.qunar.com/p-oi715965-changdeshiqiangbowuguan,,常德市古名武陵，建城两千余年，素称文物之邦。在改革开放和社会主义建设新时期，国家投资一亿多元，修建长达三公里的城区防洪大堤，保护这座历史名城。中共常德市委、市人民政府决定以此为契机，以大堤一万四千多平米的墙面为载体，兴建一座旨在弘扬中华民族优秀传统文化、加强爱国主义教育、命名为“中国常德诗墙”的大型文化工程。“诗墙”以“时空交汇、纵横结合”的构想寻求内容和形式的完美和谐。其内容侧重于历史题咏常德（武陵）的诗词，突出地方文化特色；表现形式则是从全...常德市古名武陵，建城两千余年，素称文物之邦。在改革开放和社会主义建设新时期，国家投资一亿多元，修建长达三公里的城区防洪大堤，保护这座历史名城。中共常德市委、市人民政府决定以此为契机，以大堤一万四千多平米的墙面为载体，兴建一座旨在弘扬中华民族优秀传统文化、加强爱国主义教育、命名为“中国常德诗墙”的大型文化工程。“诗墙”以“时空交汇、纵横结合”的构想寻求内容和形式的完美和谐。其内容侧重于历史题咏常德（武陵）的诗词，突出地方文化特色；表现形式则是从全国着眼，努力荟萃当代中国书画艺术的一流佳作，并致力于镌刻技艺的精到准确，充分体现书画作品的原貌和神韵。“诗墙”以千年不朽的文化大业为追求目标、试图给当代中国民族文化做些积累的创意，得到了全国诗、书、画界一千多位名家的赞赏和响应，也得到了各有关方面和各界人士的热烈支持。经过持续十年的不懈努力，“诗墙”工程现已基本竣工。艺坛权威人士预言：随着时间的推移和工程本身的不断完善，“中国常德诗墙”必将成为一个永久展示当代诗、书、画、刻艺术的露天博物馆。,,https://img1.qunarzz.com/piao/fusion/1809/a2/81e60ca46bb05202.jpg_480x360x95_8e9ba970.jpg,4.5,,,,,2
彭头山遗址,http://travel.qunar.com/p-oi711157-pengtoushanyizhi,,,,,,,,,,2
夹山国家森林公园Jiashan National Forest Park,http://travel.qunar.com/p-oi707127-jiashanguojiasenlingong,"

地址:
常德市石门县常德石门夹山国家森林公园


电话:
0736-5220616


官网:
http://www.jslyw.com.cn/

",夹山国家森林公园位距石门县城东南8公里，因境内东西双峰对峙、南北一道中通而得名“夹山”，是集闯王陵园、佛教圣地、茶道源头、森林风光于一体的旅游胜地。这里空气清新、群峦叠翠，有着优美的自然风光和悠久的人文历史，是休闲度假、探幽访古的好去处。境内气候温暖湿润，土壤深厚肥沃，地势波状起伏，山沟纵横，植被丰富，森林覆盖率高达93.6％。夹山国家森林公园有木本植物204种，其中有属国家重点保护的珙桐、香果树、鹅掌楸等名贵树种，以及被列为石门县古木大树保护名录的古树...夹山国家森林公园位距石门县城东南8公里，因境内东西双峰对峙、南北一道中通而得名“夹山”，是集闯王陵园、佛教圣地、茶道源头、森林风光于一体的旅游胜地。这里空气清新、群峦叠翠，有着优美的自然风光和悠久的人文历史，是休闲度假、探幽访古的好去处。境内气候温暖湿润，土壤深厚肥沃，地势波状起伏，山沟纵横，植被丰富，森林覆盖率高达93.6％。夹山国家森林公园有木本植物204种，其中有属国家重点保护的珙桐、香果树、鹅掌楸等名贵树种，以及被列为石门县古木大树保护名录的古树18株。公园现有闯王墓陵、灵泉禅院、洗墨池、玉玺井、碧岩泉、佛光阁、名人墓等10余处景点。夹山灵泉禅院俗称夹山寺，距今已有1130余年历史，享有唐、宋、元“三朝御修”盛誉。在禅院内的一方空坪里，竖立着一块刻有“茶禅一味”的石碑，见证着一段远及唐宋的历史。闯王陵位于夹山寺西侧山坡坞形地，是农民起义军领袖李自成的后归宿地。园内有陵卫、李自成禅隐夹山纪念馆、永昌池、大顺桥、紫石牌坊、神道、石相生、陵寝、野拂塔、明楼、碑刻长廊等景点。,5月1日-9月30日8:00-17:30，17:00停止入场；10月1日-次年4月30日8:30-17:00。16:30停止入场。,https://mp-commentcp.qunarzz.com/mp_comment_mp_comment/1559934609072100n15000000xebllC74D_D_640_10000.jpg_480x360x95_187d26d6.jpg,4.3,建议游览时间：4小时 - 5小时,,"{'夹山国家森林公园大门票成人票\n\n': ['¥55起'], '夹山国家森林公园大门票优待票\n\n': ['¥28.8起'], '锦绣潇湘旅游卡票大小同价\n\n': ['¥168起']}",,3
狮子岩,http://travel.qunar.com/p-oi714723-shiziyan,,"位于景区南端虎形山东侧的轿顶山，是花岩溪景区的一大奇观。一道岩墙，兀立山腰，形状如狮，因此得名。跃狮子英武、剽悍，昂首北望，雄视蓝天。狮身高5.3米,长19米,宽1―2米，尾巴是一块十多吨重的长方条石，斜倚狮身的背部。观赏狮子岩，常令人遐想，那巍然耸立于半山腰的巨石，是大自然的造化？还是超自然力的鬼斧神工？关于这狮子岩，民间有一段美丽的传说。很久以前，天宫中有狮虎二位劣神，因违犯天规，玉皇大帝将之逐出天庭，降落凡间，那虎神化成一座山，就是现在的虎形山，...位于景区南端虎形山东侧的轿顶山，是花岩溪景区的一大奇观。一道岩墙，兀立山腰，形状如狮，因此得名。跃狮子英武、剽悍，昂首北望，雄视蓝天。狮身高5.3米,长19米,宽1―2米，尾巴是一块十多吨重的长方条石，斜倚狮身的背部。观赏狮子岩，常令人遐想，那巍然耸立于半山腰的巨石，是大自然的造化？还是超自然力的鬼斧神工？关于这狮子岩，民间有一段美丽的传说。很久以前，天宫中有狮虎二位劣神，因违犯天规，玉皇大帝将之逐出天庭，降落凡间，那虎神化成一座山，就是现在的虎形山，那狮神变成一堆岩石，便是现在的狮子岩。狮神下凡以后，仍不思悔改，常糟蹋武陵的稻，毁坏安化的田，玉帝得悉后，委派雷公严惩狮神。清道光年间，一声霹雳，削掉狮子的双耳和下颚，斩断其尾巴。从此狮子改邪归正，为民造福，使当地风调雨顺，人寿年丰。有些乡民将子孙拜寄狮神，充为义子。每年正月，善男信女来此地给狮神烧香挂红，祁求平安。狮子岩地势高峻，登岩鸟瞰，近可看见仙池山、龙凤湖，远可摇望常德城。入夜，常德城的灯光闪烁，恰似天上蘩星。倘遇雨后初晴，云涛从山麓涌起，山头象在海中浮动，仿佛置身仙境，别有一番情趣。",,,--,,,,,3
跃进湖,http://travel.qunar.com/p-oi704411-yuejinhu,,"原为1958年修建的跃进水库，位于五溪湖东北处港二口镇境内，与五溪湖首尾相连，同居枉水西源干流。跃进湖聚雨面积12.5平方公里,正常库容1700万立方米,蓄水面积4590亩。水库大坝在桅子岗处,长263米,坝高25米。大坝处湖面开阔,湖畔山上种了雪梨、苍溪雪梨、棺溪蜜柚、板栗、柑桔等二十多种时鲜水果，称为千亩花果山，还有上万亩的楠竹。每当深秋时节，成熟的桔子挂满枝头，在阳光照耀下，金光闪闪，芳香袭人。跃进湖湖水清澈，在好花天气的傍晚，湖水总是碧蓝碧蓝的，那波光粼粼的湖面...原为1958年修建的跃进水库，位于五溪湖东北处港二口镇境内，与五溪湖首尾相连，同居枉水西源干流。跃进湖聚雨面积12.5平方公里,正常库容1700万立方米,蓄水面积4590亩。水库大坝在桅子岗处,长263米,坝高25米。大坝处湖面开阔,湖畔山上种了雪梨、苍溪雪梨、棺溪蜜柚、板栗、柑桔等二十多种时鲜水果，称为千亩花果山，还有上万亩的楠竹。每当深秋时节，成熟的桔子挂满枝头，在阳光照耀下，金光闪闪，芳香袭人。跃进湖湖水清澈，在好花天气的傍晚，湖水总是碧蓝碧蓝的，那波光粼粼的湖面仿佛有一种轻微的悦耳的声响。平时，湖边的青山倒映在水中，在蓝天白云的映衬下，显得十分迷人。在湖上泛舟，如同荡漾在浓郁的诗意中。跃进湖的美，是野性的美，自由的美。在湖的周围，有着许多神奇的传说和诱人的景致，象一位含羞的倩女，她期待着慧眼识珠的勇士，掀开她头上神秘的面纱。",,,--,,,,,3
仙池山Xianchi Mountain,http://travel.qunar.com/p-oi714482-xianchishan,,仙池山位于湖南花岩溪水发源处，离花岩溪景区中心两公里，山虽高但少攀登之劳，可乘车上山，一条盘山公路宛如一条巨蟒穿行于密林茂草之中，两旁翠竹成片，古木杂出，藤似悬蛇，石如伏虎，奇花异鸟，纷呈并出。  山上有一口十多米长，四五米宽的水池，名为仙池。这仙池，池水清澈，久旱不涸，久雨不溢。仙池山顶原有个寺，山门上额有“仙池古寺”四个楷书大字。古寺在之前被除数拆，近期，当地群众已在原址上建起了一座木质结构的“慈悲殿”，正面供着观音的金身塑像。仙池前面有一颗五百年的桂花树，每年开化，芬芳四溢，沁人肺腑。仙池山麓，有几百年的古树，清末秀才赵曰先生游此山时曾口占一绝：万山深处润烟霞，安步相携自当车；乞取仙池甘露浆，杨枝洒遍万莲花。 ,,https://img1.qunarzz.com/travel/poi/1803/c9/1bb1c216b620c637.jpg_480x360x95_979de1ae.jpg,4.6,建议游览时间：12小时 - 3天,,具体收费情况以现场公示为主,,3
龙凤湖Longfeng Lake,http://travel.qunar.com/p-oi713194-longfenghu,,,,https://img1.qunarzz.com/travel/poi/1803/83/cedd02a09f2b637.jpg_480x360x95_d8305a56.jpg,--,,,具体收费情况以现场公示为主,,3
核桃沟,http://travel.qunar.com/p-oi702728-hetaogou,,位于仙池景区九龙山北麓，沟长七八里，满沟是野生的核桃树，故称核桃沟。核桃沟景色秀丽，竹翠松青，径幽香远，溪流潺潺，雀鸟戏枝。进沟不远处，有一道瀑布从十多米高的悬崖上直泻下来，水花四溅，在阳光照耀下，现出七色彩虹。沟的源头处有一道石壁突兀山腰，长有千余米，如卧龙盘踞，雄伟壮观，人称白龙壁。据说在太阳照射后的月夜，白龙壁有银光闪耀，神秘莫测，耐人寻味。说起这核桃沟的来历，还有一段美丽的传说：孙悟空当年大闹天空，在蟠桃园偷吃了王母娘娘的仙桃，觉得味道...位于仙池景区九龙山北麓，沟长七八里，满沟是野生的核桃树，故称核桃沟。核桃沟景色秀丽，竹翠松青，径幽香远，溪流潺潺，雀鸟戏枝。进沟不远处，有一道瀑布从十多米高的悬崖上直泻下来，水花四溅，在阳光照耀下，现出七色彩虹。沟的源头处有一道石壁突兀山腰，长有千余米，如卧龙盘踞，雄伟壮观，人称白龙壁。据说在太阳照射后的月夜，白龙壁有银光闪耀，神秘莫测，耐人寻味。说起这核桃沟的来历，还有一段美丽的传说：孙悟空当年大闹天空，在蟠桃园偷吃了王母娘娘的仙桃，觉得味道不错，过了几天，为了解馋，大圣又来到蟠桃园，却不见了成熟的仙桃，正纳闷时，只见一位仙女从蟠桃园中出来，手中提一个篮子，篮子里装着像桃子骨头（核）似的东西。大圣喝道：“仙娥且住，你篮中装的什么果子？怎不给老孙尝尝？”仙女道：“这是核桃，可以吃的，只是要把壳……”大圣心急，不等仙女把话说完，一把夺过篮子，抓起核桃就往嘴里送，无奈这核桃壳十分坚硬，大圣啃不动，他啃一个，丢一个，又啃一个，又丢一个，谁知这些核桃竟落到九龙山来，长成了今天这满沟的核桃树。,,,--,,,,,3
八十当遗址,http://travel.qunar.com/p-oi706146-bashidangyizhi,,八十当遗址位于湖南省澧县梦溪镇五福村夹河北岸，面积约3万平方米。遗址文化堆积主要属彭头山文化时期，年代距今8500～7500年。遗址内发现有环绕聚落的围墙和围壕，整体呈南北向，南北长210米。遗址东北部发现海星状土台遗迹一处，遗迹四角外伸，立有中心柱，并发现有牛下颌骨，推测应为宗教祭祀遗迹。遗址内还发现有大量的居住房址，建筑形式以干栏式为主。遗址内发现了大量完整形态的稻谷、稻米，是目前世界上发现最早的稻作农业遗存，为科学完整地认识“古栽培稻”在植物进化过程...八十当遗址位于湖南省澧县梦溪镇五福村夹河北岸，面积约3万平方米。遗址文化堆积主要属彭头山文化时期，年代距今8500～7500年。遗址内发现有环绕聚落的围墙和围壕，整体呈南北向，南北长210米。遗址东北部发现海星状土台遗迹一处，遗迹四角外伸，立有中心柱，并发现有牛下颌骨，推测应为宗教祭祀遗迹。遗址内还发现有大量的居住房址，建筑形式以干栏式为主。遗址内发现了大量完整形态的稻谷、稻米，是目前世界上发现最早的稻作农业遗存，为科学完整地认识“古栽培稻”在植物进化过程中的群体特征与地位，认识原始农业的真实面貌与发展状况提供了重要资料。八十挡遗址是长江流域发现最早的环壕聚落，遗址的发现与发掘，极大地丰富了彭头山文化的内涵，对研究聚落形态的起源、发展及中国古代都城的起源都具有重要意义。,,,--,,,,,3
怪石沟,http://travel.qunar.com/p-oi705253-guaishigou,,位于仙池景区孔家坳，沟长五六里。岩缝石隙的山泉，幽谷下的潜流，汇成一泓碧绿的溪水。清亮的溪水沿沟流淌，时而涓涓细流发出叮咚的响声，时而从悬崖上奔泻而下，声如洪钟。怪石沟怪石嵯峨，野趣横生，为花岩溪又一奇观。那奇形怪状的石头，有的像大象的鼻子（象鼻岩），有的像巨大的青蛙（蛤蟆岩），有的像豹子头（豹子岩），有的像一对情侣相偎在一起（鸳鸯岩），有的像金鸡傲立（金鸡岩），有的像犀牛望月（犀牛岩）……真是美不胜收。走进怪石沟，仿佛把人带进了一座天然的奇石公...位于仙池景区孔家坳，沟长五六里。岩缝石隙的山泉，幽谷下的潜流，汇成一泓碧绿的溪水。清亮的溪水沿沟流淌，时而涓涓细流发出叮咚的响声，时而从悬崖上奔泻而下，声如洪钟。怪石沟怪石嵯峨，野趣横生，为花岩溪又一奇观。那奇形怪状的石头，有的像大象的鼻子（象鼻岩），有的像巨大的青蛙（蛤蟆岩），有的像豹子头（豹子岩），有的像一对情侣相偎在一起（鸳鸯岩），有的像金鸡傲立（金鸡岩），有的像犀牛望月（犀牛岩）……真是美不胜收。走进怪石沟，仿佛把人带进了一座天然的奇石公园。,,,--,,,,,3
白龙井,http://travel.qunar.com/p-oi705119-bailongjing,,位于冲凤峪南口，据传谢公外甥白龙居此。每年三月，白龙激风播雨归省谢公。古迹白龙井，井水清澈，大旱不涸。每年清明节前后，白龙激风播雨，飞上黄山主峰的谢公庙里，为舅父谢公的金身洗涤尘垢。到了清朝道光年间，就泉砌井，深10多米，底装一块石钱，现砖犹在。,,,--,,,,,3
茶禅祖庭碧岩泉,http://travel.qunar.com/p-oi714658-chashanzutingbiyanquan,,夹山是誉满东亚的茶禅祖庭。夹山寺开山祖师善会讲禅说法，悟出了“茶禅一味”。夹山八坪牛抵茶自宋至清一直被列为贡品。碧岩泉作为夹山三大名胜之一已有上千年的历史，傍山临溪，三石耸立如笔架，俗称笔架泉，出口有二。泉水清洌，水质尤佳，是煮茶的优质泉水，也是极有价值的矿泉水水源。,,,3.0,,,,,3
梦幻桃花岛,http://travel.qunar.com/p-oi7468699-menghuantaohuadao,,,,https://img1.qunarzz.com/travel/poi/1408/25/aee0364c0f51f151ffffffffc8d65eac.jpg_480x360x95_76f78ca8.jpg,--,,,,,4
屈家岭文化城址,http://travel.qunar.com/p-oi713661-qujialingwenhuachengzhi,,,,,,,,,,4
毛里湖植物园,http://travel.qunar.com/p-oi39914375-maolihuzhiwuyuan,, 毛里湖植物园总占地面积约1060亩，其中包含三大片区，植物园观赏区、儿童游乐休息区、酒店康养区,,,0.0,,,,,4
沧浪坪村,http://travel.qunar.com/p-oi39604266-canglangpingcun,,,,,0.0,,,,,4
石门梦幻水上乐园,http://travel.qunar.com/p-oi39597015-shimenmenghuanshuishang,,,,,0.0,,,,,4
马头山,http://travel.qunar.com/p-oi39596040-matoushan,,,,,0.0,,,,,4
帅孟奇同志生平事迹陈列室,http://travel.qunar.com/p-oi39590443-shuaimengqitongzhisheng,,,,,0.0,,,,,4
常德星际探索乐园,http://travel.qunar.com/p-oi39414706-changdexingjitansuole,,携手奔赴宇宙，畅享快乐无忧。星际探索乐园拥有六大主题区，六种不同沉浸式游玩场景，还有主题餐厅等特色建筑，给旅客献上数十种各具特色的畅玩体验。踏入主题广场，感受星际穿越般的实景视觉盛宴；迈入萌宠乐园，与几十种萌物亲密接触，治愈心灵；入驻星空营地，在大自然的关怀下，享受浪漫星空；从星际探索主题区漫步至科研长廊，游乐中感悟新知，是不可错过的科教之旅；打卡网红基地，一键分享热点体验，成为朋友圈里最靓的仔；还有汇集世界美食的文化餐厅，是玩累休息、亲友畅聊的...携手奔赴宇宙，畅享快乐无忧。星际探索乐园拥有六大主题区，六种不同沉浸式游玩场景，还有主题餐厅等特色建筑，给旅客献上数十种各具特色的畅玩体验。踏入主题广场，感受星际穿越般的实景视觉盛宴；迈入萌宠乐园，与几十种萌物亲密接触，治愈心灵；入驻星空营地，在大自然的关怀下，享受浪漫星空；从星际探索主题区漫步至科研长廊，游乐中感悟新知，是不可错过的科教之旅；打卡网红基地，一键分享热点体验，成为朋友圈里最靓的仔；还有汇集世界美食的文化餐厅，是玩累休息、亲友畅聊的选择。除了精彩纷呈的特色项目外，园区内还有各项特色演出和接连不断的节庆活动，精彩纷呈、快乐无限！星际探索乐园致力于满足全龄段人群的娱乐休闲需求，给每位到来的旅客献上奇趣惊喜，与您携手探索快乐的无限可能，让所有人与欢乐撞个满怀。,,,0.0,,,,,4
绿岛蓝湾景区,http://travel.qunar.com/p-oi39413890-lu:daolanwanjingqu,,"绿岛蓝湾,得之于大自然的凝炼,缀于药山镇毛里湖山水之间,逶迤曲折,山不高,水不深,红王子锦带环抱之周,绿槐夹路林荫蜿蜒而伸,秀水清澈,波光粼粼,半亩竹林花影掩翠。 它地处省道S224和S311的交汇点,交通便利,距常德市区、澧县、津市、安乡、汉寿、西洞庭车程均1小时左右可达。是国家AAA级旅游景区,湖南省第二大淡水湖,毛里湖中间的湖心岛。是湖南省五星级乡村旅游景区、湖南省五星级休闲农业园区、常德市休闲农业示范园。",,,0.0,,,,,4
丹洲大草原,http://travel.qunar.com/p-oi39033901-danzhoudacaoyuan,,,,,--,,,,,4
金夏水上乐园,http://travel.qunar.com/p-oi38964412-jinxiashuishangleyuan,,,,,0.0,,,,,5
东方红文博园,http://travel.qunar.com/p-oi38940230-dongfanghongwenboyuan,,东方红文博园的前身是东方红博物馆，2012年由湖南省文物局批准挂牌，先后获得“全国人文社科普及基地”“湖南省红色旅游景点”“同心教育基地”等称号。2020年将常德河街“江西会馆”全面翻新改造布展，将藏品、红色资源丰富的博物馆与人文景区常德河街融合，通过不断挖掘红色文化和湖湘文化，创建成东方红文博园。东方红文博园位于湖南省常德市河街D109号，是由致公党员黄明军个人出资创办的一家红色博物馆。其主建筑仿古造型，占地2亩多，建筑总面积2000多平方米，是有常德地域特色的“窨子屋”东方红文博园整个展馆共分为“华夏文明”“复兴之路”“名人墨迹”3个展厅，并在一楼院内设有“党日活动体验区”和“非遗研学体验区”，共展览3000多件珍贵文物和藏品。,,,0.0,,,,,5
桃源竹海生态旅游景区,http://travel.qunar.com/p-oi38898135-taoyuanzhuhaishengtai,,   桃源竹海生态旅游风景区，位于桃源沙坪镇竹山村，属乌云界国家自然保护区面积达5.5万平方公里，植被覆盖率达95%有着“天然氧吧”的美誉，是“湖南省文化生态旅游融合发展精品线路”名录中极具有特色的一个，集生态旅游、休闲度假、游览观光、资源保护于一体的多功能的主题风景区。景区分为娱乐综合区、漂流区。,,,1.0,,,,,5
湖南常德野生动物世界,http://travel.qunar.com/p-oi38884455-hunanchangdeyeshengdong,,湖南汉寿野生动物世界在中国汉寿国际旅游度假区内，位于常德市汉寿县清水湖。总面积2500亩，总投资15亿元，以野生放养、大种群、夜间观赏、船游为亮点，计划饲养世界珍稀、濒危物种300余种，是集动植物保护、繁育、科普、旅游为一体的野生动物大世界。 中国汉寿国际旅游度假区总面积15000余亩，总投资50亿元人民币，拟建设包括集野生动物园、主题度假酒店群、游乐园、水上世界、体育休闲竟技园、高尔夫旅游职业学院等于一体的中南地区规模最大的生态旅游度假区。千亩野生动物园，尽享大自然的野性奇趣；万亩旅游度假区，水韵诗意共远方。中国汉寿国际旅游度假区，将打造宜居宜业、宜游宜商的美好生活方式和生活空间，实现全民安居、乐业、乐享的生活蓝图。,,,4.5,建议游览时间：12小时 - 3天,,,,5
常德泰顺国防园,http://travel.qunar.com/p-oi38638699-changdetaishunguofang,,一、项目简介每个孩子都需要有家长陪伴的快乐童年，家长与孩子之间的相处被称为是家庭里相当重要的关系，而往往大量的相处时间只能在局限性极差的户内进行，对于活波爱动的孩子们不能尽情的释放天性；所以带孩子去户外，进行一场欢乐游玩，这是充满积极意义的，特别是现在的城市儿童，他们更需要接触自然，需要良好的进行健康有趣的户外活动环境。泰顺国防园亲子游项目集孩子们喜爱的探索、游乐、增长见闻、沉浸式体验、提高动手能力等多种娱乐，满足孩子和家长在一个大型自然园区内全天的游乐。二、项目内容1、科技恐龙灯光秀2、重型武器展3、儿童游乐园4、欢乐美食节5、打靶场、投弹区有奖竞赛6、CS真人对抗7、沉浸式军事科技体验8、休闲垂钓9、露天烧烤,,,0.0,,,,,5
屈原公园,http://travel.qunar.com/p-oi38633153-quyuangongyuan,,,,,,,,,,5
兰江公园,http://travel.qunar.com/p-oi38632114-lanjianggongyuan,,,,,0.0,,,具体收费情况以现场公示为主,,5
澧州文庙,http://travel.qunar.com/p-oi38616388-lizhouwenmiao,,,,,0.0,,,具体收费情况以现场公示为主,,5
乌云界生态园,http://travel.qunar.com/p-oi38615240-wuyunjieshengtaiyuan,,,,,--,,,具体收费情况以现场公示为主,,5
常德樱花园,http://travel.qunar.com/p-oi38596307-changdeyinghuayuan,,,,,4.9,,,,,5
竹林禅院,http://travel.qunar.com/p-oi38340895-zhulinshanyuan,,,,,0.0,,,具体收费情况以现场公示为主,,6
德山公园,http://travel.qunar.com/p-oi38340560-deshangongyuan,,,,,--,,,具体收费情况以现场公示为主,,6
江南沅江风光带,http://travel.qunar.com/p-oi38135401-jiangnanyuanjiangfeng,,,,,4.3,,,具体收费情况以现场公示为主,,6
穿紫桥河,http://travel.qunar.com/p-oi38034885-chuanziqiaohe,,,,,--,,,,,6
湖南书院洲国家湿地公园,http://travel.qunar.com/p-oi37806753-hunanshuyuanzhouguojia,,,,,0.0,,,具体收费情况以现场公示为主,,6
大唐司马,http://travel.qunar.com/p-oi37806432-datangsima,,,,,0.0,,,具体收费情况以现场公示为主,,6
竹山两溪度假村,http://travel.qunar.com/p-oi37725444-zhushanliangxidujiacun,"

地址:
湖南省常德市桃源县沙坪镇竹山村两溪口组绿水庄园


电话:
13974269867

",竹山两溪生态漂流位于位于桃源县沙坪镇竹山村两溪口组（常德市城区进常德收费站上常吉高速，乌云界收费站下高速11公里处绿水山庄）。竹山两溪口是由竹山上游的牯牛山河与晚溪汇在此聚而成，此地为乌云界自然保护区范围，自然风光旖旎，历史人文厚重，民俗风情浓郁，生态环境，当地绿水庄园的竹山农家菜风味独特，为当地饮食特色。两溪口河道清澈，碧水如玉，又有清流激湍、茂林修竹，为夏季消暑和春秋休闲之地。每年夏季漂流期间，游客更是纷至沓来，享受这生态漂流的无限乐趣。绿水庄...竹山两溪生态漂流位于位于桃源县沙坪镇竹山村两溪口组（常德市城区进常德收费站上常吉高速，乌云界收费站下高速11公里处绿水山庄）。竹山两溪口是由竹山上游的牯牛山河与晚溪汇在此聚而成，此地为乌云界自然保护区范围，自然风光旖旎，历史人文厚重，民俗风情浓郁，生态环境，当地绿水庄园的竹山农家菜风味独特，为当地饮食特色。两溪口河道清澈，碧水如玉，又有清流激湍、茂林修竹，为夏季消暑和春秋休闲之地。每年夏季漂流期间，游客更是纷至沓来，享受这生态漂流的无限乐趣。绿水庄园停车场作为漂流入口，并添置了水上观光竹筏、彩虹滑道、竹林吊床、助理水上皮划艇、滑索大旋转、胖瘦柱等游乐项目设施，游客还可以在指定河道亲水游泳、溯溪寻宝。,6/1-10/15 10:00-17:00,,4.5,建议游览时间：2小时 - 3小时,,,,6
煌山瀑布,http://travel.qunar.com/p-oi37548514-huangshanpubu,,,,,--,,,具体收费情况以现场公示为主,,6
穿紫河,http://travel.qunar.com/p-oi36244866-chuanzihe,,"穿紫河位于常德，河两岸景色秀丽、空气清新，夜幕时分，当灯光亮起，坐在游船上，穿过一个个造型各异的桥洞，人们还可以欣赏两岸的光影美景。
",,,0.0,建议游览时间：1小时 - 2小时,,湖区免费，游船收费。,,6
"常德天景花池Tianjing Flower Pond, Changde",http://travel.qunar.com/p-oi35846202-changdetianjinghuachi,,天景花池占地约1000亩，园内大面积保留了自然生态系统，内部林木葱翠、水系纵横、蜂飞蝶舞，风雨莲廊、清涟亭、溢香亭、莲心岛、清逸广场、归田园居等人文景观错落交织，宛如走进一幅笔墨清爽、疏密有致的山水画。园内目前在开放的项目如下：1、浪漫·玫瑰花海玫瑰花海人气爆表Top1，开放的玫瑰姹紫嫣红，美不胜收，随意漫步在花海中，每一条路都会邂逅一处奇遇。2、梦幻·马鞭草花海成片的马鞭草，成已然成为紫色海洋，美得不忍打扰，静静欣赏它的美已成为享受。紫色的本身带着神秘的色...天景花池占地约1000亩，园内大面积保留了自然生态系统，内部林木葱翠、水系纵横、蜂飞蝶舞，风雨莲廊、清涟亭、溢香亭、莲心岛、清逸广场、归田园居等人文景观错落交织，宛如走进一幅笔墨清爽、疏密有致的山水画。园内目前在开放的项目如下：1、浪漫·玫瑰花海玫瑰花海人气爆表Top1，开放的玫瑰姹紫嫣红，美不胜收，随意漫步在花海中，每一条路都会邂逅一处奇遇。2、梦幻·马鞭草花海成片的马鞭草，成已然成为紫色海洋，美得不忍打扰，静静欣赏它的美已成为享受。紫色的本身带着神秘的色彩，也让这种1米高的小花变得神奇而梦幻。闲散的走在通幽的曲径上，鼻尖清嗅到马鞭草让人心旷神怡，无法抗拒的柠檬味芳香。3、绚丽·花灯灯海精挑多组花灯造型光彩灵动、天使之翼、繁华四溢、宫灯长廊、梦回红楼···漫步其中，感受照耀在身上的光芒。快来走这条gai~当靓的“仙女仙男”啦！另外，园区还有数十种娱乐设施，老少皆宜撒欢玩~蓝天，花海，风和日丽，正是享受美好时光之时。,,,0.0,建议游览时间：3小时,,{'常德天景花池门票成人票\n\n': ['¥25起']},,6
桃川书院Taochuan Academy,http://travel.qunar.com/p-oi35825744-taochuanshuyuan,"

地址:
常德市桃源县桃花源镇319国道附近桃花源景区桃源山景区内


电话:
400-985-6677,0736-7076666

",,包含于桃花源景区内，景区内各景点开放时间详见景区现场公示,,0.0,建议游览时间：0.5小时 - 1小时,,包含于桃花源景区内，通用桃花源景区门票,,7
白麟洲Bailinzhou Village,http://travel.qunar.com/p-oi35769420-bailinzhou,,,,,,,,,,7
皇姑山Huanggu Mountain,http://travel.qunar.com/p-oi35742720-huanggushan,"

地址:
常德市津市市皇姑山路

",皇姑山因明代华阳王朱悦耀的妃子葬于山南而得名。山上茂林修竹、曲径通幽，山脚下已建成皇姑山公园广场。,全年 全天开放,,5.0,建议游览时间：12小时 - 3天,,具体收费情况以现场公示为主,,7
南庵山Nan'an Mountain,http://travel.qunar.com/p-oi35678466-nananshan,,,,,--,,,具体收费情况以现场公示为主,,7
滨湖人防宣教广场Binhu People’s Air Defense Propaganda and education Square,http://travel.qunar.com/p-oi35677411-binhurenfangxuanjiaoguang,,,,,--,,,具体收费情况以现场公示为主,,7
云彩塝Yuncaibang Village,http://travel.qunar.com/p-oi35677387-yuncaibang,,,,,--,,,具体收费情况以现场公示为主,,7
云翎村Yunling Village,http://travel.qunar.com/p-oi35676994-yunlingcun,,,,,--,,,具体收费情况以现场公示为主,,7
同兴垸Tongxingyuan Village,http://travel.qunar.com/p-oi35676904-tongxinghuan,,,,,--,,,具体收费情况以现场公示为主,,7
洞灌坑Dongguankeng Village,http://travel.qunar.com/p-oi35644021-dongguankeng,,,,,--,,,具体收费情况以现场公示为主,,7
油灌坡Youguanpo Village,http://travel.qunar.com/p-oi35643674-youguanpo,,,,,--,,,具体收费情况以现场公示为主,,7
挑土坡Tiaotupo Village,http://travel.qunar.com/p-oi35642129-tiaotupo,,,,,,,,,,8
灌田冲Guantianchong Village,http://travel.qunar.com/p-oi35641824-guantianchong,,,,,--,,,具体收费情况以现场公示为主,,8
肖家峪Xiaojiayu Village,http://travel.qunar.com/p-oi35473950-xiaojiayu,,,,,--,,,,,8
艾肯（I CAN）梦想城儿童职业体验馆,http://travel.qunar.com/p-oi35443404-aikeni_canmengxiangcheng,,,,,--,,,,,8
"湖南省常德市澧县火连坡镇Huolianpo Town, Li County, Changde City, Hunan Province",http://travel.qunar.com/p-oi35387980-hunanshengchangdeshili,,,,,5.0,,,具体收费情况以现场公示为主,,8
东保湾Dongbaowan Village,http://travel.qunar.com/p-oi35385033-dongbaowan,,,,,--,,,具体收费情况以现场公示为主,,8
炎皇御酒活动中心,http://travel.qunar.com/p-oi35320665-yanhuangyujiuhuodongzhong,,,,,--,,,具体收费情况以现场公示为主,,8
杨家拐Yangjiaguai Village,http://travel.qunar.com/p-oi35306344-yangjiaguai,,,,,--,,,具体收费情况以现场公示为主,,8
木峰尖Mufengjian Mountain,http://travel.qunar.com/p-oi35305402-mufengjian,,,,,--,,,具体收费情况以现场公示为主,,8
芦毛凹Lumaowa Village,http://travel.qunar.com/p-oi35304717-lumaoao,,,,,--,,,具体收费情况以现场公示为主,,8
湖南省国有桃源县苗圃State-owned Taoyuan County Nursery in Hunan Province,http://travel.qunar.com/p-oi35304686-hunanshengguoyoutaoyuan,,,,,5.0,,,具体收费情况以现场公示为主,,9
阳峰山村Yangfeng Mountain Village,http://travel.qunar.com/p-oi35303069-yangfengshancun,,,,,--,,,具体收费情况以现场公示为主,,9
花子湾Huaziwan Village,http://travel.qunar.com/p-oi35300226-huaziwan,,,,,--,,,具体收费情况以现场公示为主,,9
"秦谷-凉亭Kiosk, Qin Valley",http://travel.qunar.com/p-oi35297631-qingu_liangting,,,,,--,,,具体收费情况以现场公示为主,,9
金堰湾Jinyanwan Village,http://travel.qunar.com/p-oi35296690-jinyanwan,,,,,--,,,具体收费情况以现场公示为主,,9
豪盛国际现代城展示中心,http://travel.qunar.com/p-oi35296046-haoshengguojixiandaicheng,,,,,5.0,,,具体收费情况以现场公示为主,,9
石公庙村Shigongmiao Village,http://travel.qunar.com/p-oi35295707-shigongmiaocun,,,,,--,,,具体收费情况以现场公示为主,,9
金家胡坪Jinjiahuping Village,http://travel.qunar.com/p-oi35295684-jinjiahuping,,,,,--,,,具体收费情况以现场公示为主,,9
纯森园艺,http://travel.qunar.com/p-oi35294701-chunsenyuanyi,,,,,--,,,,,9
太浮山风景塔Scenic Tower of Taifu Mountain,http://travel.qunar.com/p-oi35291410-taifushanfengjingta,,,,,--,,,具体收费情况以现场公示为主,,9
落客塆Luokewan Village,http://travel.qunar.com/p-oi35273919-luokewan,,,,,--,,,具体收费情况以现场公示为主,,10
付家堉Fujiayu Village,http://travel.qunar.com/p-oi35251615-fujiayu,,,,,--,,,具体收费情况以现场公示为主,,10
桃花山景区滑杆Slider in Taohua Mountain Scenic Area,http://travel.qunar.com/p-oi35244904-taohuashanjingquhuagan,"

地址:
常德市-桃源县-桃花源镇319国道附近桃花源景区桃花山景区内

",桃花山是桃花源自然山水的中心，其幽奥秀美的独特风貌，吸引了无数慕名而来的中外游客。,具体开放时间请咨询景区,,5.0,建议游览时间：0.5小时 - 1小时,,首道大门票收费情况请咨询景区,,10
"桃花博览园-凉亭Kiosk, Peach Blossom Expo Park",http://travel.qunar.com/p-oi35234125-taohuabolanyuan_liang,,,,,--,,,具体收费情况以现场公示为主,,10
城头山旅游景区Chengtou Mountain Scenic Area,http://travel.qunar.com/p-oi35233448-chengtoushanlu:youjing,,城头山旅游景区是国家4A级旅游景区，包括城头山国家考古遗址公园、城头山古城遗址遗址博物馆、城头山农业大观园和城头山风情小镇四个部分。景区以古城文化、稻作文化、祭祀文化为灵魂，将遗址景观和周边生态环境、建筑景观等要素结合起来，配套一系列体验产品、休闲项目、生态景观，形成完整的游憩体系。城头山国家考古遗址公园是依托全国重点文物保护单位城头山遗址而修建，是国家大遗址保护示范区，同时承担遗址保护、文化展示和旅游休闲三大功能。全园占地面积662亩。公园布局设计...城头山旅游景区是国家4A级旅游景区，包括城头山国家考古遗址公园、城头山古城遗址遗址博物馆、城头山农业大观园和城头山风情小镇四个部分。景区以古城文化、稻作文化、祭祀文化为灵魂，将遗址景观和周边生态环境、建筑景观等要素结合起来，配套一系列体验产品、休闲项目、生态景观，形成完整的游憩体系。城头山国家考古遗址公园是依托全国重点文物保护单位城头山遗址而修建，是国家大遗址保护示范区，同时承担遗址保护、文化展示和旅游休闲三大功能。全园占地面积662亩。公园布局设计为以城头山遗址为轴心向南、向西延伸两条入园道路。2011年启动建设，2015年底基本建成对外开放，2016年6月7日正式开园。遗址公园有入园门楼、游客服务中心、彩绘园、题词碑、南门生态广场、环护城河景观带、遗址区等景点。城头山古城遗址博物馆是城头山旅游景区内的标志性建筑，占地面积100亩。展示以整个澧阳平原长达几十万年的史前人类遗存为基本背景，以城头山遗址为“龙头”的澧阳平原史前遗址群所代表的中国南方璀璨的古文明。博物馆内设艺术大厅、基本文物陈列馆、临时展览馆、多媒体演示厅等。城头山古城遗址位于澧县县城西北，距县城约10公里，占地面积18.7公顷，1991-2014年由湖南省文物考古研究所主持，先后15次对其考古发掘（其中1998-2001与日本考古专家共同发掘），共揭露面积近9000平方米，出土文物16000余件。据考证，它是中国迄今所发现的年代早（6300年以前）、保存完整、内涵丰富、文化序列非常清晰的古城址；遗址区内有世界迄今所发现的历史早（6300—6500年前）、保存完好的水稻田遗迹。城头山古城的发现，对史前聚落的发展、筑造城历史和技术、长江流域文明因素的形成、稻作农业的兴起和发展等重大学术问题的研究具有重要的意义。,,,4.5,建议游览时间：12小时 - 3天,,60元,,10
桃花源古镇Taohuayuan Ancient Town,http://travel.qunar.com/p-oi35216344-taohuayuanguzhen,"

地址:
桃花源镇319国道旁

",桃花源古镇位于桃花源镇319国道旁，古镇占地面积约为1600亩，桃花源古镇”具备“吃、住、行、娱、购、游”六大旅游功能要素，设有大型餐饮、潇湘特色小吃和庙会小吃等。,具体开放时间请咨询景区,,4.4,建议游览时间：12小时 - 3天,,首道大门票收费情况请咨询景区,,10
丁玲公园Dingling Park,http://travel.qunar.com/p-oi35198302-dinglinggongyuan,,丁玲公园位于湖南省常德市武陵区，以文化名人为主题，分为历史名人纪念区、民俗文化展示区、休闲游乐区和景观湿地保护区几个区域，内有古戏台、风雨廊桥、窨子屋等传统民居建筑群等有名景点。,,,4.6,建议游览时间：2小时 - 3小时,,具体收费情况以现场公示为主,,10
卡乐星球摩天轮,http://travel.qunar.com/p-oi34279328-kalexingqiumotianlun,"

地址:
常德市柳叶湖旅游度假区梦幻桃花岛

",,全年 10:00-18:00,,--,建议游览时间：0.5小时 - 1小时,,,,10
常德大白鲸欢乐动物城Changde Beluga Happy Animal City,http://travel.qunar.com/p-oi34276692-changdedabaijinghuanle,,,,,0.0,建议游览时间：2小时 - 3小时,,具体收费情况以现场公示为主,,10
澧县博物馆Lixian Museum,http://travel.qunar.com/p-oi34273547-lixianbowuguan,"

地址:
澧县澧阳镇古城路128号

",,全年 周二-周日 9:00-17:00,,4.3,,,免费,,10
