名字,链接,地址,介绍,开放时间,图片链接,评分,建议游玩时间,建议季节,门票,小贴士,Page
高林山,http://travel.qunar.com/p-oi36259145-gaolinshan,,"高林山位于巢湖，山上景色秀丽、空气清新，很多发电风车分布在山顶，远远望去，非常漂亮，站在山顶，人们还可以眺望城市美景。
",,,5.0,建议游览时间：2小时 - 3小时,,具体收费情况以现场公示为主,,1
鼓山Gu Mountain,http://travel.qunar.com/p-oi7645622-gushan,"

地址:
巢湖市居巢区长江东路鼓山风景区管理处


电话:
0551-82359598

",鼓山又名亚父山，是谋略家范增的故里，亦因状似一面巨鼓而得名。鼓山占地2200多亩，森林覆盖面积约1700多亩，山中林禅并重，遍山苍翠，古柏参天，郁郁葱葱，成为江淮游览进香胜地之一。山腰有范增汉白玉雕像及范增亭。山顶建有一座明七层暗八层鼓山塔。沿亚父街往山上大约300米，就到了鼓山大门。鼓山大门是一座气势恢宏，层次错落的仿古建筑。上面有上下两层的琉璃瓦飞檐门楼，下面是四根红色廊柱。门楼上书“鼓山寺”三个金字，是赵朴初先生亲笔题写。下面廊柱上刻有张凯帆题写、方克逸撰写的对联：“绝顶摩天，慈怀纳地”。,全年 周一-周五 09:00-17:00;全年 周六 09:00-16:00,https://img1.qunarzz.com/piao/fusion/1501/fe/344783680bec96.jpg_480x360x95_d60d813d.jpg,4.0,建议游览时间：12小时 - 3天,,具体收费情况以现场公示为主,优惠政策：身高1.2米—1.5米购优惠票；60岁—69岁老年凭证购买优惠票。,1
张治中故居Zhangzhizhong Former Residence,http://travel.qunar.com/p-oi5740559-zhangzhizhongguju,"

地址:
巢湖市居巢区黄麓镇洪家疃村


电话:
0551-88565500

",张治中故居由故居和桂翁堂组成。位于巢湖市居巢区黄麓镇洪家疃村，桂翁堂座落在洪家疃村旁黄麓师范校园内。两处房屋系上世纪二十年代末、三十年代初建筑物，砖木结构、小瓦屋面。张治中：安徽巢县（今巢湖市居巢区）人，1916年保定军官学校毕业。北伐前任黄埔军校入伍生总队总队长、军官团团长。1926年参加北伐。“八一三”事变时任第九集团军总司令，参加并直接指挥淞沪杭抗战。抗战胜利后，任西北行营主任兼新疆省主席。1945年至1946年“三赴延安”积极推进国共和谈，并作为代表参加重庆谈判。他毕生主张国共合作，不遗余力地为国内和平而奔走，被誉为“和平将军”。,全年 周二-周日 9:00-17:00,https://img1.qunarzz.com/travel/poi/1706/54/537a5604b1dd0437.jpg_480x360x95_baea633c.jpg,3.9,建议游览时间：1小时,,具体收费情况以现场公示为主,,1
李克农故居Likenong Former Residence,http://travel.qunar.com/p-oi5740561-likenongguju,"

地址:
巢湖市炯炀镇中李村（烔忠路附近）


电话:
0551-88511272

",李克农故居位于巢湖市居巢区烔炀镇中李村。故居现占地面积1521平方米，建筑面积550平方米。1999年被列为巢湖市爱国主义教育基地。2004年10月，被省政府定为省级文物保护单位。2005年，被评为全省十大红色旅游景点之一。李克农（1899—1962）安徽巢县（今巢湖市居巢区）人，青年时代参加革命。土地革命期间任中国工农红军工作部部长、中共中央联络局局长。抗日战争时期先后任八路军驻上海、南京、桂林办事处处长、中共中央社会部副部长等职。解放战争时期，任中共中央社会部部长、军委情报部部长。他长期在情报和保卫等特殊战线上工作，以顽强的斗志和灵活的工作方法，出生入死，屡建奇功，被誉为“传奇将军”。,8:30-16:30（16:00停止入场）；每周一闭馆 （国家法定节假日除外）。,,4.6,建议游览时间：1小时,,具体收费情况以现场公示为主,,1
冯玉祥旧居Former Residence of Feng Yuxiang,http://travel.qunar.com/p-oi5740562-fengyuxiangjiuju,,旧居位于巢湖市夏阁镇竹柯村，1995年被确定为巢湖市爱国主义教育基地。2006年被批准列入第六批全国重点文物保护单位名单。旧居占地面积4690平方米，建筑面积432平方米，主体建筑共有5幢22间房屋，分议事厅、侍卫室、卧室、书房等。,,,3.9,建议游览时间：1小时,,具体收费情况以现场公示为主,,1
姥山岛Laoshan Island,http://travel.qunar.com/p-oi702874-laoshandao,,,,,,,,,,1
周瑜墓Tomb of Zhou Yu,http://travel.qunar.com/p-oi705840-zhouyumu,"

地址:
安徽省合肥庐江县城军二东路横街朝墓巷

",周瑜墓在安徽省合肥市庐江县庐城镇。该墓在东汉建安十五年（公元210）建立。墓地约为5亩，北域高约8尺，有封无表，平地起坟，用3×6×12小车纹汉代大砖砌成，墓门向东，墓周围绕以石刻栏杆，旁边建有木质六角“谈笑亭”。历经了千年，冢塌亭倒，石栏毁灭无存。,全年 8:00-18:00,https://img1.qunarzz.com/travel/d5/1701/be/0975ffc4627685b5.jpg_480x360x95_cc5887fc.jpg,4.4,建议游览时间：1小时,,具体收费情况以现场公示为主,,1
银屏山Yinping Mountain,http://travel.qunar.com/p-oi715801-yinpingshan,"

地址:
巢湖市南郊


电话:
0551-88790641

",银屏山是巢湖境内高峰，海拔约508米，四周山峦起伏，九峰环抱，姿若雄狮，有“九狮抱银屏”之说。山中谷幽、林密，加上溶洞、奇花构成一幅幅优美的图画。银屏牡丹花，生长在一堵巨大的犹如斧削、光滑如屏的悬崖峭壁之上，为一株野生白牡丹花，风姿绰约，殊为举世罕见。仙人洞位于牡丹花的绝壁之下，洞内盘桓曲折、怪石嶙峋、钟乳纷呈，宛若地下迷宫，是典型的喀斯特地貌溶洞景观。位于月亮山顶的牡丹亭，三层八角，恢宏典雅。巢湖较高峰——银屏山顶，是秋天登高临远的好去处，可以“南看长江飘玉带，北观巢湖数点舟”。山顶上的龙兴寺庙，参差错落，晨钟暮鼓，号称“江北九华”，是参禅拜佛的较佳境地。,8:00-16:30,https://mp-commentcp.qunarzz.com/mp_comment_mp_comment/15574825932501557429300427100c14000000w28umE4CCD64010000jpgprocautoorient.jpg_480x360x95_6adafe42.jpg,4.2,建议游览时间：4小时 - 5小时,银屏山的最佳旅游季节是每年的谷雨前后一、二天是银屏奇花---牡丹开放的时候，这个季节也是万物复苏、春意盎然、百花齐放的时候，这时去银屏山是最佳的季节，可以观奇花、赏银屏山美景。,"{'银屏山门票成人票\n\n': ['¥55起'], '银屏山门票优待票\n\n': ['¥30起'], '银屏山电子导览服务大小同价\n\n': ['¥5起']}",,1
泊山洞Boshan Cave,http://travel.qunar.com/p-oi709459-boshandong,"

地址:
芜湖市无为市蜀山镇


电话:
18325337715

","泊山洞位于无为西南蜀山镇境内的下泊山，距县城38公里，地处无为、庐江、巢湖交界处，军二公路横亘山下，交通十分便利。泊山洞是形成于亿万千万年前的古老的石灰岩溶洞，奇景秀色，鬼斧神工，被子人们誉为“江淮独秀”。全洞庭湖面积约定4000平方米，游程长城500余米，共有三层，分18大景区，86个景点，洞道高低起伏，幽邃曲折，时而狭窄崎岖，时而宏大开阔，洞庭湖中的钟乳石千姿百态，晶莹剔透，若人物佛像，似飞禽走兽，且洞中有洞、有山、有水，洞内冬暖夏凉，四季如春，进洞游览，可一睹泊山洞大佛、龙王宫、灵霄宝殿、黄姑出嫁、鳄鱼汲水、众仙祝寿、泊山龙潭等名胜，尤其是洞中的石枝、石旗、石花、石鹅管精美绝纶。据《徐霞客游记》记载，泊山因在白湖之畔，常有来往船只在此停靠，故称下泊山。传说黄姑是黄巢的侄女，她文武双全，曾带兵来此扎寨，与军师李俊儒举行婚礼。洞壁“""喜”字、“寿”字依稀可辨，梳妆台上的攻瑰花、化妆品，是女兵们祝贺的礼物，洞房中的一只寿龟，似在道贺。洞外山上的慈姑庙相传是为纪念黄巢侄女黄姑而建，香烟缭绕，游人不绝。这也是洞西的无为黄姑镇名字的由来。1996年，洞侧新建了一座“泊山寺”。",全年 8:00-17:00,https://tr-osdcp.qunarzz.com/tr-osd-tr-manager/img/067afeb7982366dab0ba5917a40797f3.jpg_480x360x95_828a7df1.jpg,3.5,建议游览时间：1小时,,{'巢湖泊山洞驴迹电子导览门票大小同价\n\n': ['¥7起']},,1
东庵森林公园Guanyin Mountain Forest Park,http://travel.qunar.com/p-oi714900-dongansenlingongyuan,"

地址:
巢湖市巢湖南畔，沿巢庐路离城5公里处。


电话:
0551-82601199,0551-82606405

",东庵森林公园位于市区南郊，巢庐路5公里处。公园森林覆盖率98%，绿化度100%，植物有50多科250多种，野生动物100多种。园中有500多年的古桂花王，有遮天蔽日600年之久的古银杏，有江淮有名的金钱松，毛竹园长年苍翠葱绿。其动物和鸟，以灰喜鹊、猫头鹰、山鸡、刺猾等为主的野生动物隐没栖息于密林之中。清康熙年间修建的圆通禅寺遗迹居于公园腹地，目前公园拥有自然景点养心池、芙蓉谷、青春乐园、翠竹奇松、野猪林、迎宾松、骆驼峰等30多个。,全年 8:00-17:00,https://tr-osdcp.qunarzz.com/tr-osd-tr-manager/img/2208921093af435ad305ed3afd54fb3c.jpg_480x360x95_c9bf194d.jpg,4.7,建议游览时间：1小时,,{'东庵森林公园驴迹电子导览（不含门票）票成人票\n\n': ['¥7起']},,1
天井山Tianjing (Sky Well) Mountain,http://travel.qunar.com/p-oi704434-tianjingshan,"

地址:
芜湖市无为县城西南40公里处


电话:
0553-2531827

",位于无为县城西南40公里处，西与庐江县接壤，北与巢湖市居巢区毗临，总面积1.8万亩。山中有猫头鹰、黄鹂、杜鹃、白鹭及各种龟蛇等近百种动物。植物资源更是丰富，达千余种，其中乔灌木42科234种。天井山公园著名的山峰有灵壁、陡壁、天井山、笔架山、周家大山等。山顶有一口天井，终年不枯不溢，故名天井山。,全年 全天开放,https://tr-osdcp.qunarzz.com/tr-osd-tr-manager/img/8153e61e82a5f6fcf0ccd7ebb7692841.jpg_480x360x95_efa8f8d4.jpg,4.2,建议游览时间：1小时,,具体收费情况以现场公示为主,,2
冶父山,http://travel.qunar.com/p-oi712198-yefushan,"

地址:
安徽省巢湖市庐江县庐巢路


电话:
0565-7411185

","冶父山，距庐江县城东约9公里，峰峦叠翠，庙宇辉煌，古迹遗存，佳传甚多，有""江北小九华""之称。据传春秋时，铸剑之父欧冶子曾在此山铸剑，山上存有铸剑池古迹，因此得名冶父山。诗人赞道：“长剑欲一淬，夜寻冶父山，揽衣望奇气，直在斗牛间。”冶父山自麓至巅凡五里许，群峰耸拔，盘旋而上，远眺江光，俯视五湖（沙湖、黄陂湖、后湖、白湖、巢湖）林峦崤密，雄俊秀丽，甲江淮间诸山，每当大雨初雾，晴空万里，登上顶峰，上有浮云紫雾，下有群峦叠翠，蔚成“冶父晴岚”，旧为庐江县八...冶父山，距庐江县城东约9公里，峰峦叠翠，庙宇辉煌，古迹遗存，佳传甚多，有""江北小九华""之称。据传春秋时，铸剑之父欧冶子曾在此山铸剑，山上存有铸剑池古迹，因此得名冶父山。诗人赞道：“长剑欲一淬，夜寻冶父山，揽衣望奇气，直在斗牛间。”冶父山自麓至巅凡五里许，群峰耸拔，盘旋而上，远眺江光，俯视五湖（沙湖、黄陂湖、后湖、白湖、巢湖）林峦崤密，雄俊秀丽，甲江淮间诸山，每当大雨初雾，晴空万里，登上顶峰，上有浮云紫雾，下有群峦叠翠，蔚成“冶父晴岚”，旧为庐江县八景之一。1992年，冶父山被国家林业部批准为国家森林公园。冶父山巅之上，有一座古寺高耸、禅房幽深的建筑群，这就是有名的伏虎寺。相传远古时候，有一个相貌奇丑、双目失明的孩子，被父母遗弃，巧遇一只老虎路过，衔入洞中奶大，并刨出泉水，治好了孩子的眼睛。孩子长大后当了和尚，老虎和他形影不离。后来到了冶父山，建庙安身，传经修道。此事被唐昭宗皇帝李晔知晓，就敕封他为""孝慈伏虎禅师""，""伏虎寺""也因此得名。山上山下，也由此衍生了虎刨泉、系虎墩、伏虎禅师塔、报恩寺等多处古迹名胜。据冶父山志记载，伏虎禅师乃庐江黄屯人，因道行高洁，禅理圆融，声振朝野，唐昭宗闻其名赐号“孝慈伏虎禅师”，敕建无量殿与山顶，建冶父寺于南麓，开毗尼法坛，子第受戒八百余众。到了宋代，宋太祖赐额曰“实际禅师”，山上山下连成一体，形成一个庞大的宗教群，成为江淮闻名的十方丛林，素有“江北小九华”之称。",8:00 - 17:00,,--,,,10元,,2
皖中奇石馆,http://travel.qunar.com/p-oi706869-wanzhongqishiguan,"

地址:
安徽省巢湖市庐江县城长江东路东侧

",该馆系中国收藏家协会会员、青年画家王衍平创建。馆内收藏了灵壁石、无为军石、淮南龟纹石、歙县矾石、巢湖散兵石、六安锰石、巢湖斧劈石、皖南砂积石、石台钟乳石、庐江矾石、莹石等中外各地名石精品1000多件、300余吨。该馆还集知识性、趣味性为一体的高品位奇石馆，1997年夏开馆以来，已接待中央、省等各级领导和海内外专家、佳宾3.4万人，是我市对外的石文化窗口。,8:00-18:00,,--,,,10元,,2
凌家滩遗址,http://travel.qunar.com/p-oi707483-lingjiatanyizhi,,凌家滩遗址，为一处规模较大的新石器时代晚期的聚落址，其年代距今5500--5300年之间。遗址区内发现有新石器时代晚期人工建造的祭坛、大型氏族墓地以及祭祀坑、红烧土和积石圈等重要遗迹，出土精美玉礼器、石器、陶器等珍贵文物1200件，其中不少珍品在全国还是首次发现。凌家滩出土的玉器，数量多，品种丰富，琢磨精致，珍稀罕见。刻图纹饰以及在造型构思、工艺技术等方面都表现了独特的风格，表明凌家滩遗址是中国史前玉文化发展中心之一。凌家滩遗址出土的各种文物，为探索中华文明...凌家滩遗址，为一处规模较大的新石器时代晚期的聚落址，其年代距今5500--5300年之间。遗址区内发现有新石器时代晚期人工建造的祭坛、大型氏族墓地以及祭祀坑、红烧土和积石圈等重要遗迹，出土精美玉礼器、石器、陶器等珍贵文物1200件，其中不少珍品在全国还是首次发现。凌家滩出土的玉器，数量多，品种丰富，琢磨精致，珍稀罕见。刻图纹饰以及在造型构思、工艺技术等方面都表现了独特的风格，表明凌家滩遗址是中国史前玉文化发展中心之一。凌家滩遗址出土的各种文物，为探索中华文明的起源和发展提供了重要信息，对研究中国早期原始哲学思想的产生、社会伦理、审美观念和宗教礼仪的存在方式，对古代社会组织的构成和变革，私有制、阶段和国家的产生都有极重要的意义。,,,--,,,,,2
中庙Zhongmiao Temple,http://travel.qunar.com/p-oi7475332-zhongmiao,,,,,,,,,,2
石涧镇,http://travel.qunar.com/p-oi39610829-shijianzhen,,,,,0.0,,,,,2
龟山塔,http://travel.qunar.com/p-oi39599396-guishanta,,,,,5.0,,,,,2
虎洞水库,http://travel.qunar.com/p-oi39366480-hudongshuiku,,,,,0.0,,,,,2
三公山,http://travel.qunar.com/p-oi39366330-sangongshan,,,,,5.0,,,,,2
东顾山,http://travel.qunar.com/p-oi38948235-donggushan,,,,,--,,,,,2
堰洼水库,http://travel.qunar.com/p-oi38944677-yanwashuiku,,,,,2.0,,,,,3
临湖公园,http://travel.qunar.com/p-oi38943200-linhugongyuan,,,,,--,,,,,3
龟背潭,http://travel.qunar.com/p-oi38927944-guibeitan,,,,,--,,,,,3
庐江夹山蕻森林公园生态旅游区,http://travel.qunar.com/p-oi38907891-lujiangjiashanhongsen,,,,,2.0,,,,,3
虎洞水库,http://travel.qunar.com/p-oi38884483-hudongshuiku,,,,,2.0,,,,,3
张院水库,http://travel.qunar.com/p-oi38884461-zhangyuanshuiku,,,,,2.0,,,,,3
庆复禅寺,http://travel.qunar.com/p-oi38884460-qingfushansi,,,,,--,,,,,3
金汤湖,http://travel.qunar.com/p-oi38881702-jintanghu,,,,,3.7,,,,,3
安徽白云春毫茶文化研学基地,http://travel.qunar.com/p-oi38857604-anhuibaiyunchunhaocha,,"安徽白云春毫茶业开发有限公司于2010年11月创办，座落在素有“温泉古镇、名茶之乡”的庐江县汤池镇，占地面积80亩，总资产5600多万元，是一家集茶叶种植、加工、销售与茶文化（旅游）为一体的省级农业产业化龙业企业。公司已通过ISO 9001、ISO 14001、ISO 22000等体系认证和安徽省农业标准化示范区，2013年被中国茶叶行业流通协会评为“中国茶叶行业综合实力百强企业”。近年来，企业采取“公司＋合作社＋基地＋茶农＋互联网”的模式，走规模化种植、标准化生产、品牌化销售、契约化服务的发展之路。公司拥有5000多亩标准化茶园，辐射带动20000多亩。做到“山上有原料基地，山下有生产基地、城市有销售网点、企业有自主品牌”。公司始终注重产品的质量管控和品牌建设，“白云春毫”获得“安徽省著名商标”、“中国徽茶十大著名品牌”等称号。白云春毫茶叶也先后被评为“安徽名牌产品”和“安徽省十大品牌名茶”，在中国（安徽）第三届国际茶产业博览会上获得“金奖’， 在中国（安徽）第六届国际茶产业博览会上获得“茶王”称号。2015年获得中茶杯评比 “一等奖”，2016年获得“合肥市旅游必购商品”，2017年获得农业部农产品地理标志，2018年获得中国徽茶最具影响力品牌，2019年获得世界绿茶评比“金奖产品”殊荣,2019年获得新中国70周年徽茶荣耀称号-产业扶贫先进单位称号。2020年荣获中国特色旅游商品大赛“金奖”殊荣。2021年12月，在白云春毫茶叶开发有限公司厂址基础上，安徽金汤池生态农业旅游有限责任公司进行改造及布局调整，更名为白云春毫茶文化研学基地。基地位置在合肥市庐江县汤池镇马槽村，距离合肥市区70公里左右，距离汤池镇金孔雀度假村车程在8分钟这样，基地也是省农业龙头企业白云春毫茶厂的生产基地。今年是第一年进行旅游板块业务，目前园区已经整合了游客活动草坪区、采摘区，工业参观区，传统手工制茶区、茶艺演练区，研学课堂六个板块，暂定日团队接待量在3000人次左右",,,--,,,,,3
尖山湖逸趣园,http://travel.qunar.com/p-oi38340470-jianshanhuyiquyuan,,,,,3.0,,,具体收费情况以现场公示为主,,3
矾矿遗址公园,http://travel.qunar.com/p-oi38340440-fankuangyizhigongyuan,,,,,5.0,,,具体收费情况以现场公示为主,,4
黄金塔,http://travel.qunar.com/p-oi38340433-huangjinta,,,,,4.5,,,具体收费情况以现场公示为主,,4
矾山历史文化展示馆,http://travel.qunar.com/p-oi38338687-fanshanlishiwenhuazhan,,,,,0.0,,,,,4
巢湖国家重点风景名胜区,http://travel.qunar.com/p-oi38336825-chaohuguojiazhongdian,,,,,4.0,,,具体收费情况以现场公示为主,,4
庐江水西门,http://travel.qunar.com/p-oi38156203-lujiangshuiximen,,是一条集美食文化休闲于一体的特色商业街，保留了罍+村的特色，展示了庐江的特色文化和市井百态。,,,5.0,建议游览时间：1小时 - 2小时,,具体收费情况以现场公示为主,,4
黄山寨小满田塍,http://travel.qunar.com/p-oi38022549-huangshanzhaixiaomantian,,,,,,,,,,4
黄山寨,http://travel.qunar.com/p-oi37807288-huangshanzhai,,黄山寨位于庐江县罗河镇，海拔四百多米，山峰突兀劲拔，壁立千仞，到处沟壑纵横，景色秀美。,,,4.5,建议游览时间：2小时 - 3小时,,具体收费情况以现场公示为主,,4
大汉塘,http://travel.qunar.com/p-oi37807238-dahantang,,,,,5.0,,,具体收费情况以现场公示为主,,4
云水湾公园懒园,http://travel.qunar.com/p-oi37532484-yunshuiwangongyuanlan,,云水湾公园懒园借助巢湖宽阔的水面，营造出海岸的感觉。这里碧水，蓝天，沙滩，椰树，是一个露营的好处去。,,,0.0,建议游览时间：2小时 - 3小时,,具体收费情况以现场公示为主,,4
有巢氏公园,http://travel.qunar.com/p-oi37532176-youchaoshigongyuan,,,,,0.0,,,具体收费情况以现场公示为主,,4
巢湖芦溪湿地,http://travel.qunar.com/p-oi37204392-chaohuluxishidi,,巢湖芦溪湿地位于合肥市巢湖市，这里有成群的红嘴鸥、鹭鸶和鹬鸟，浅滩水草、芦苇、辽阔的巢湖，风景秀丽，景色宜人。,,,--,建议游览时间：1小时 - 2小时,,具体收费情况以现场公示为主,,5
龟山公园Gui Mountain Wetland Park,http://travel.qunar.com/p-oi37189338-guishangongyuan,,龟山湿地公园位于安徽合肥，除了欣赏美丽的湿地景观外，游客还可以登顶眺望巢湖美景。,,,0.0,,,,,5
环碧公园,http://travel.qunar.com/p-oi37183729-huanbigongyuan,,,,,0.0,,,,,5
水下城址,http://travel.qunar.com/p-oi36414277-shuixiachengzhi,,,,,0.0,,,,,5
果树老街,http://travel.qunar.com/p-oi36412228-guoshulaojie,, 果树老街位于汤池镇，是一个保存完好的古村落，这里的建筑粉墙黛瓦，散落于群山之中若隐若现，有一棵号称“林海寿翁”的“千年银杏”，和一棵闻名遐迩的“古山茶”树，花开季节像一片落地红霞。,,,--,建议游览时间：1小时 - 2小时,,具体收费情况以现场公示为主,,5
放王岗古墓群,http://travel.qunar.com/p-oi36406632-fangwangganggumuqun,,,,,3.5,,,具体收费情况以现场公示为主,,5
半岛花溪景区,http://travel.qunar.com/p-oi36213823-bandaohuaxijingqu,"

地址:
合肥市巢湖市黄麓镇王瞳村


电话:
0551-88565777

",半岛花溪乐园项目隶属于“安徽省金海园农业科技开发有限公司”。该项目分三期建设，目前一期建设包含松鼠部落儿童乐园区，花海观赏区，果园采摘区，农耕文化体验区，军事拓展基地区，餐厅区，户外研学拓展区等七大核心功能区。包含无动力设备和动力设备共计50余项，散落于树林草地间，无动力设备有风车小镇，海盗船，轮胎乐园，种子植物，丛林穿越，萌宠乐园六大区域。动力设备有无轨火车，自控飞机，碰碰船，旋转木马，迷你穿梭，激战鲨鱼岛，碰碰车，雷霆战机等，另有网红项目喊泉，网红桥，七彩滑道，自行恐龙，镜子迷宫，光影裸眼秀，霍比特小屋等。,日场:09:00--18:00：夜场 ：16：30--:22:30,,5.0,建议游览时间：3小时 - 4小时,,{'半岛花溪景区门票成人票\n\n': ['¥19.7起']},,5
"巢湖尧舜牡丹园Yaoshun Peony Garden, Chaohu Ancient Town",http://travel.qunar.com/p-oi35913904-chaohuyaoshunmudanyuan,,,,,0.0,,,具体收费情况以现场公示为主,,5
绣溪公园Xiuxi Park,http://travel.qunar.com/p-oi35913455-xiuxigongyuan,,,,,--,,,具体收费情况以现场公示为主,,5
山水涧花海Shanshuijian Flower Sea,http://travel.qunar.com/p-oi35913311-shanshuijianhuahai,,,,,,,,,,5
富煌三珍湿地保护区Fuhuang Sanzhen Wetland Reserve,http://travel.qunar.com/p-oi35912527-fuhuangsanzhenshidibao,,,,,0.0,,,具体收费情况以现场公示为主,,6
洪家疃古村Hongjiatuan Ancient Village,http://travel.qunar.com/p-oi35912176-hongjiatuangucun,,,,,2.0,,,,,6
陆家河公园Lujiahe Park,http://travel.qunar.com/p-oi35912034-lujiahegongyuan,"

地址:
向阳南路与东塘路交口东北角

",,全年 全天开放,,--,,,具体收费情况以现场公示为主,,6
俺爹俺娘影像艺术馆My Father and My Mother Image Art Gallery,http://travel.qunar.com/p-oi35912033-andieanniangyingxiang,,,,,3.5,,,具体收费情况以现场公示为主,,6
运漕古镇Yuncao Ancient Town,http://travel.qunar.com/p-oi35818760-yuncaoguzhen,"

地址:
马鞍山市含山县

", 运漕古镇自然条件优越，古镇内名胜古迹众多，是休闲、写生的文化旅游重要场所。,全年 全天开放,,5.0,建议游览时间：12小时 - 3天,,具体收费情况以现场公示为主,,6
郑院,http://travel.qunar.com/p-oi35474476-zhengyuan,,,,,--,,,具体收费情况以现场公示为主,,6
竹丝柯Zhusike Village,http://travel.qunar.com/p-oi35474244-zhusike,,,,,--,,,具体收费情况以现场公示为主,,6
丁竹家园Dingzhujiayuan Village,http://travel.qunar.com/p-oi35474238-dingzhujiayuan,,,,,--,,,具体收费情况以现场公示为主,,6
郑家墩子Zhengjiadunzi Village,http://travel.qunar.com/p-oi35474136-zhengjiadunzi,,,,,--,,,具体收费情况以现场公示为主,,6
梅竹港Meizhu Port,http://travel.qunar.com/p-oi35474022-meizhugang,,,,,--,,,,,6
无为县水乐园,http://travel.qunar.com/p-oi35433160-wuweixianshuileyuan,,,,,--,,,,,7
晒死鸡Shaisiji Village,http://travel.qunar.com/p-oi35388201-shaisiji,,,,,--,,,具体收费情况以现场公示为主,,7
高小圩村Gaoxiaoxu Village,http://travel.qunar.com/p-oi35385353-gaoxiaoweicun,,,,,--,,,,,7
安畈Anfan Village,http://travel.qunar.com/p-oi35320588-anfan,,,,,--,,,,,7
姜底Jiangdi Village,http://travel.qunar.com/p-oi35304279-jiangdi,,,,,--,,,具体收费情况以现场公示为主,,7
上兴塘堰Shangxing Reservoir,http://travel.qunar.com/p-oi35300220-shangxingtangyan,,,,,--,,,具体收费情况以现场公示为主,,7
下兴塘堰Xiaxingtangyan Village,http://travel.qunar.com/p-oi35300118-xiaxingtangyan,,,,,--,,,具体收费情况以现场公示为主,,7
抱老母鸡山,http://travel.qunar.com/p-oi35298138-baolaomujishan,,,,,--,,,具体收费情况以现场公示为主,,7
合肥花境园艺有限公司,http://travel.qunar.com/p-oi35292608-hefeihuajingyuanyiyou,,,,,--,,,,,7
金屋基Jinwuji Village,http://travel.qunar.com/p-oi35284712-jinwuji,,,,,--,,,具体收费情况以现场公示为主,,7
铁脚山Tiejiao Mountain,http://travel.qunar.com/p-oi35254624-tiejiaoshan,,,,,--,,,具体收费情况以现场公示为主,,8
庐江桃花岭生态农业公司,http://travel.qunar.com/p-oi35250362-lujiangtaohualingsheng,,,,,,,,,,8
圩墩子Xudunzi Scenic Spot,http://travel.qunar.com/p-oi35250156-weidunzi,,,,,--,,,具体收费情况以现场公示为主,,8
坝东吴Badongwu Village,http://travel.qunar.com/p-oi35238552-badongwu,,坝东吴的徽式建筑富有历史沧桑感，是一个有文化积淀的地方。,,,5.0,建议游览时间：3天,,,,8
周瑜史料陈列馆Zhouyu Historical Data Exhibition Hall,http://travel.qunar.com/p-oi34273153-zhouyushiliaochenlieguan,"

地址:
军二中路

",,全年 周二-周日 9:00-17:00,,0.0,,,免费,,8
含山博物馆Han Mountain Museum,http://travel.qunar.com/p-oi34272204-hanshanbowuguan,"

地址:
马鞍山市含山县环峰镇清溪路东侧


电话:
0555-4310071

",含山博物馆内共有六个展厅，主楼共有3层，1层和2层为开放展示区、藏品库房区，此外，馆内还有开放式休闲广场。,"全年 周二-周日 8:30-11:30,14:30-17:30",,5.0,建议游览时间：1小时 - 2小时,,免费,,8
世纪广场Shiji Square,http://travel.qunar.com/p-oi32774062-shijiguangchang,,,,,,,,,,8
华阳洞风景区Huayangdong Sceneic Area,http://travel.qunar.com/p-oi29812437-huayangdongfengjingqu,"

地址:
城东北处7.5公里


电话:
4356300

",,全年 8:00-17:30,,5.0,建议游览时间：1小时 - 2小时,,具体收费情况以现场公示为主,,8
伍子胥古道Wu Zixu Ancient Path,http://travel.qunar.com/p-oi29812406-wuzixugudao,"

地址:
马鞍山市含山县县环峰镇煲禅行政村

",,全年 8:00-17:30,,3.0,建议游览时间：2小时 - 3小时,,具体收费情况以现场公示为主,,8
马尾河湿地公园,http://travel.qunar.com/p-oi29509632-maweiheshidigongyuan,"

地址:
安徽省合肥市巢湖市槐林镇与盛桥镇交界处

",,全天,,--,,,,,8
卜老屋Bulaowu Village,http://travel.qunar.com/p-oi26961345-bulaowu,,,,,--,,,具体收费情况以现场公示为主,,9
让家墩Rangjiadun Village,http://travel.qunar.com/p-oi26960296-rangjiadun,,,,,--,,,具体收费情况以现场公示为主,,9
庐江县张成兵家庭农场,http://travel.qunar.com/p-oi26958825-lujiangxianzhangcheng,,,,,--,,,,,9
庐江县隆泰玫瑰花种植专业合作社,http://travel.qunar.com/p-oi26958637-lujiangxianlongtaimei,,,,,--,,,,,9
高头黄家Gaotou Huangjia Village,http://travel.qunar.com/p-oi26953343-gaotouhuangjia,,,,,--,,,具体收费情况以现场公示为主,,9
栏墙壑Lanqianghe Village,http://travel.qunar.com/p-oi26953271-lanqianghe,,,,,--,,,具体收费情况以现场公示为主,,9
南巢商业街NanChao ShangYe Jie,http://travel.qunar.com/p-oi24440451-nanchaoshangyejie,,,,,--,,,具体收费情况以现场公示为主,,9
江南风情街JiangNan FengQing Jie,http://travel.qunar.com/p-oi24440449-jiangnanfengqingjie,,,,https://tr-osdcp.qunarzz.com/tr-osd-tr-manager/img/e961d85ea02035dec0d6a284c1dc3770.jpg_480x360x95_79b93ad7.jpg,0.0,,,具体收费情况以现场公示为主,,9
锦绣溪Jinxiu Creek,http://travel.qunar.com/p-oi24412262-jinxiuxi,"

地址:
安徽省无为县城西南

",,全年 7:00-18:00,,--,,,具体收费情况以现场公示为主,,9
三瓜公社Sangua Commune,http://travel.qunar.com/p-oi23344121-sanguagongshe,"

地址:
巢湖市巢湖经开区半汤街道1号院


电话:
0551-82170000


官网:
http://www.ahsg.cn/

",安徽特色小镇，分三个区域，冬瓜村，南瓜村和西瓜村。所以叫三瓜公社。 ,全天开放,https://tr-osdcp.qunarzz.com/tr-osd-tr-manager/img/0e52c1e22ca61231e5c4f26ea86e58bc.jpg_480x360x95_6485339b.jpg,4.0,建议游览时间：2小时 - 3小时,,"{'三瓜乐园急速飞车票大小同价\n\n': ['¥20起'], '三瓜乐园自控飞机票大小同价\n\n': ['¥20起'], '三瓜乐园摇头飞椅票大小同价\n\n': ['¥20起']}",,9
柘皋镇Zhegao Town,http://travel.qunar.com/p-oi23342094-zhegaozhen,,,,,,,,,,10
时代广场步行街Shidai Square Walking Street,http://travel.qunar.com/p-oi23060073-shidaiguangchangbuxing,,,,,--,,,具体收费情况以现场公示为主,,10
宝地文化广场Baodi Culture Square,http://travel.qunar.com/p-oi20960475-baodiwenhuaguangchang,,,,,--,建议游览时间：12小时 - 3天,,具体收费情况以现场公示为主,,10
金孔雀温泉旅游度假村-相思林公园Jin Kongque Wenquan Lvyou Dujiacun-Xiangsilin Park,http://travel.qunar.com/p-oi20956449-jinkongquewenquanlu:you,,相思林公园因园内生长的枫杨树都是连理枝似情侣而得名。公园内建有孔雀东南飞纪念祠堂、新四军江北指挥部纪念馆、罗汉窟、思巢亭、荷花坞、梅花桩、情人岛、易学村、佛博园、石雕群、水上吊桥等景点。,,,4.0,建议游览时间：2小时 - 3小时,,具体收费情况以现场公示为主,,10
青苔洞Qingtai Cave,http://travel.qunar.com/p-oi20952527-qingtaidong,"

地址:
芜湖市无为市江村附近


电话:
0565-2360233

",青苔洞地处无为、巢湖交界处，距离无为县城十六公里，离巢湖仅二十公里，并与银屏山风景区相邻，巢无公路横亘在青苔山边。,全年 8:00-18:00,,3.5,建议游览时间：1小时 - 2小时,,具体收费情况以现场公示为主,,10
仙踪江淮桥Xianzong Jianghuai Bridge,http://travel.qunar.com/p-oi20949513-xianzongjianghuaiqiao,"

地址:
安徽省含山县仙踪镇


电话:
0565-2316053

",仙踪江淮桥位于马鞍山市含山县仙踪镇镇东头，是一座历史悠久的三孔大石桥，较早修建于宋朝，距今已有4、500年历史，后在2000年初时，由含山县文物部门和当地政府在尽量保持古迹原貌的基础上，将古桥和桥头庙修葺一新。,全年 8:00-18:00,https://tr-osdcp.qunarzz.com/tr-osd-tr-manager/img/21bc617e05721e84d044c1a65991ddbd.jpg_480x360x95_501e9334.jpg,4.6,建议游览时间：0.5小时 - 1小时,,具体收费情况以现场公示为主,,10
黄陂湖湿地Huangpohu Marsh,http://travel.qunar.com/p-oi20943477-huangpohushidi,"

地址:
合肥市庐江县


电话:
0565-74854678

",安徽省庐江县黄陂湖为浅草型湖泊，4.5万亩水面。2018年年初，黄陂湖湿地被列入安徽省湖泊保护（第一批）名录。近年来，庐江县加大力度对湖区生态环境保护，退渔还湖上万亩营造湿地，湖区水质得到较大改善。每年冬季，湖内水位下降，水草、蚌螺显现，东方白鹳、天鹅等大量珍稀候鸟来此觅食过冬。万鸟在此集聚、嬉戏于水中，形成了一道靓丽的风景线。,全年 8:00-17:00,https://tr-osdcp.qunarzz.com/tr-osd-tr-manager/img/1f9c7dcfa36f5fdde29e5bfdeeb4bfc7.jpg_480x360x95_d5a19e00.jpg,4.3,建议游览时间：2小时 - 3小时,,具体收费情况以现场公示为主,,10
昭关Zhaoguan Town,http://travel.qunar.com/p-oi20934339-zhaoguan,"

地址:
马鞍山市含山县


电话:
0514-86261172

",昭关在安徽省含山县城以北7.5公里处，东与和县善厚镇接壤，西和仙踪镇紧邻，南和环峰镇以昭关口为界，北与全椒县二郎口镇隔滁河相望。全镇辖1个社区和10个行政村，共有138个自然村，185个村民小组。总面积为84平方公里，耕地面积4.5万亩，山场面积达4.8万亩。,全年 全天开放,https://tr-osdcp.qunarzz.com/tr-osd-tr-manager/img/3be721c293a81d725cace47729b53b5b.jpg_480x360x95_81f8e6c3.jpg,3.0,建议游览时间：12小时 - 3天,,具体收费情况以现场公示为主,,10
老岳牡丹园艺,http://travel.qunar.com/p-oi20920560-laoyuemudanyuanyi,,,,,--,建议游览时间：1小时 - 2小时,,具体收费情况以现场公示为主,,10
黄山万安古镇Huangshan Wanan Ancient Town,http://travel.qunar.com/p-oi20898031-huangshanwananguzhen,"

地址:
安徽省休宁县县城东

",万安古镇位于安徽省休宁县，是徽州四大古镇之一。古镇占地面积颇广，环境优美，物产丰富。城内有古城岩、启蒙馆、万安老街等有名景点，和古民居、古塔、古桥、古埠头等众多文物古迹，是您休闲度假的好去处。,全年 全天开放,https://tr-osdcp.qunarzz.com/tr-osd-tr-manager/img/2f0100805d39f019a324cbb77b40f49b.jpg_480x360x95_cf88a793.jpg,--,建议游览时间：12小时 - 3天,,,,10
