名字,链接,地址,介绍,开放时间,图片链接,评分,建议游玩时间,建议季节,门票,小贴士,Page
高椅岭旅游区Gaoyiling Scenic Area,http://travel.qunar.com/p-oi8457582-gaoyilinglu:youqu,"

地址:
郴州市苏仙区桥口镇高椅岭村


电话:
0735-2672866

",高椅岭旅游区位于湖南省郴州市苏仙区桥口镇与资兴市交界处，与飞天山相隔，紧邻永兴县便江。景区树石相间、红岩绿水、险寨奇涧，构成一幅幅美丽的山水画卷。 高椅岭以山林为主，山脚碧水环绕，从高处俯瞰犹如墨绿色的“天池”环绕着一只在水面张牙舞爪的“八爪鱼”。这里丹峰林立、红崖绿水，美得一塌糊涂，山、水、泉、洞、寨、崖、坦俱全，是一处不可多得的丹霞地貌奇观。,全年 08:15-16:00,https://img1.qunarzz.com/travel/d9/1706/72/604dfa29961176b5.jpg_480x360x95_73d4be35.jpg,4.3,建议游览时间：1小时 - 2小时,四季皆宜。,"{'高椅岭风景区门票成人票\n\n': ['¥77.9起'], '高椅岭风景区门票优待票\n\n': ['¥40起'], '高椅岭风景区手机导游服务大小同价\n\n': ['¥7起']}",,1
雾漫小东江,http://travel.qunar.com/p-oi7647961-wumanxiaodongjiang,"

地址:
郴州市资兴市其他东江镇东江湖旅游风景区(近京广铁路)


电话:
0735-3356623


官网:
http://www.dongjianghu.com

",小东江位于资兴市内，水面面积达160平方公里，蓄水量81亿立方米，相当于半个洞庭湖。湖周森林环绕，水质清洌，有湖心岛和半岛13个，岛上有山奇水秀，景色迷人，其中最大的岛──兜率岩，岛有有兜率寺，寺中有幽深奇特的大溶洞，洞中景态万千。享有“东方瑞士”的美誉，国家森林公园——天鹅山坐落在东江湖畔。雾漫小东江，该景点位于风景区北面的主入口处，由上游的东江水电站和下游的东江水电站而成，为长约10公里的一条狭长平湖。这里长年两岸峰峦叠翠，湖面水汽蒸腾，云雾缭绕，神...小东江位于资兴市内，水面面积达160平方公里，蓄水量81亿立方米，相当于半个洞庭湖。湖周森林环绕，水质清洌，有湖心岛和半岛13个，岛上有山奇水秀，景色迷人，其中最大的岛──兜率岩，岛有有兜率寺，寺中有幽深奇特的大溶洞，洞中景态万千。享有“东方瑞士”的美誉，国家森林公园——天鹅山坐落在东江湖畔。雾漫小东江，该景点位于风景区北面的主入口处，由上游的东江水电站和下游的东江水电站而成，为长约10公里的一条狭长平湖。这里长年两岸峰峦叠翠，湖面水汽蒸腾，云雾缭绕，神秘绮丽，其雾时移时凝，宛如一条被仙女挥舞着的“白练”，美丽之极，堪称中华一绝。 ,春秋季观雾时间：6:30-9:30   17:30-19:00夏季观雾时间：   5:00-7:00   19:00-20:00小东江观雾最佳时间：5-10月  清晨：6:30-8:30    傍晚：5:30-7:30 ,https://tr-osdcp.qunarzz.com/tr-osd-tr-space/img/558451975dc41088ad88b01765ba4281.jpg_480x360x95_a4b42c26.jpg,4.7,建议游览时间：3小时 - 4小时,观雾时间为每年的4～11月，最佳时间为8月。,"{'东江湖旅游区精品线路1票成人票\n\n': ['¥80起'], '东江湖旅游区精品线路2票成人票\n\n': ['¥188起'], '东江湖旅游区手机智能导游讲解服务大小同价\n\n': ['¥0.5起']}",,1
仰天湖大草原Yangtian Lake,http://travel.qunar.com/p-oi712048-yangtianhudacaoyuan,"

地址:
湖南省郴州市北湖区仰天湖大草原景区


电话:
0735-7755333,0735-7755222

",【万亩草原】仰天湖大草原景区位于湖南省郴州市北湖区，海拔1314米，总面积40平方公里，是中国南端的高山草原，也离粤港澳近、面积大的高山草原，被誉为“江南的呼伦贝尔”。【草原骑马】在这里纵马驰骋，是体验草原风情的打卡项目，可感受北方草原的粗犷与豪放。蓝天白云下，策马奔驰在广袤辽阔的仰天湖大草原上，好不快哉。【仰天湖】位于大草原核心区域的仰天湖为第四纪冰川期馈赠的一个死火山口，是悬系于长江、珠江分水线的一颗璀璨明珠。仰天湖滋养的环湖湿地区域是游客喜爱的打卡点。【动漫风车】高耸入云的“大风车”沿着山脊蜿蜒数百公里，高耸入云，犹如一条条巨龙腾空远去，蔚为壮观。【网红餐车】在草原上走累了有马卡龙配色的网红餐车作为您的能量补给站，不同颜色的餐车让你分分钟拍出网红大片。【霍比特小屋】隐藏在草原深处的霍比特小屋，高度还原电影场景，别致又可爱，仿佛进入童话世界，感受奇幻之旅。【草原下午茶】【帐篷营地】走饿了路边还有草原烧烤，择一处草地，铺上野餐巾，即可享受一场完美的露营野餐，不负假日好时光。【萌宠乐园】仰天湖大草原内更引进了多种萌宠，如羊驼，柯尔鸭，黑天鹅，梅花鹿，近距离喂养各种小动物，是度假时光中值得珍藏的回忆。 【仰天巨佛】海拔1277米，相对高差达300多米的石岩绝壁，造就了举世无双的华夏奇观“仰天巨佛”。佛像五官轮廓清晰可见，头顶至下颚高300余米，头颅宽200余米，山体长3000余米。【漫山云海】流云漫锁，仰天湖云海波起峰涌，乘风而来，如临大海之滨，凝写沧桑。【划船】有仰天湖大草原相伴，与身边的伴侣或朋友一起划着小船，欣赏美景之余畅谈人生。阳光倾洒在湖面，映照出波光粼粼的蓝天白云，形成水天一色画卷，沉醉其中。,1/1-11/14 09:00-17:00;11/15-12/31 全天不开放,https://tr-osdcp.qunarzz.com/tr-osd-tr-space/img/82a17096e9136229c2803ec898181816.jpg_480x360x95_617aed36.jpg,4.1,建议游览时间：12小时 - 3天,,"{'仰天湖大草原门票成人票\n\n': ['¥108起'], '仰天湖大草原门票学生票\n\n': ['¥60起'], '仰天湖大草原电子导览服务大小同价\n\n': ['¥5起']}",,1
东江湖风景区Dongjiang Lake Scenic Area,http://travel.qunar.com/p-oi705514-dongjianghufengjingqu,"

地址:
资兴市东江街道沿江东路东江湖游客中心


电话:
0735-3356623


官网:
https://www.dongjianghu.com/

",东江湖风景旅游区，位于资兴市东江镇境内，东江湖清澈，景区内主要景观有：雾漫小东江、东江大坝、龙景峡谷、兜率灵岩、东江漂流、三湘四水-东江湖文化旅游街（含东江湖奇石馆、摄影艺术馆、人文潇湘馆）等。风景区内的主要游览项目有：东江漂流、水上跳伞、水上飞机、水上摩托、水上滑道、湖畔垂钓、瑶族民俗风情歌舞表演等，游客可以根据自身情况和兴趣，选择自己喜欢的娱乐项目。来到景区，游客既可以在湖畔漫步，感受水天一色的自然风光，也可以选择乘坐游船在湖面上荡漾，不同的线路和船型，费用不一。景区有餐饮设施为游客提供用餐服务，这里的特色美食是湖中的新鲜鱼类，特别是肉鲜味美的三文鱼，非常值得一尝。,4/1-10/31 06:00-17:00;11/1-3/31 08:30-17:00,https://img1.qunarzz.com/travel/d6/1508/58/b59eeb37a7c49a.jpg_480x360x95_38f669e2.jpg,4.5,建议游览时间：12小时 - 6天,,"{'东江湖旅游区精品线路1票成人票\n\n': ['¥80起'], '东江湖旅游区精品线路2票成人票\n\n': ['¥188起'], '东江湖旅游区手机智能导游讲解服务大小同价\n\n': ['¥0.5起']}",雾漫小东江观雾时间：每年4月中旬至10月中旬早晨和傍晚,1
天鹅山Swan Hill,http://travel.qunar.com/p-oi711434-tianeshan,"

地址:
郴州市资兴县

", 天鹅山属罗霄山脉南端的八面山下，海拔1000多米，山体雄伟，森林密布。1987年，在山顶建立高倍望远镜，既护林防火又供旅游者观其景色之美，环境之幽，确实令人神往。该公园原系国营天鹅山林场，1992年7月，经省林业厅上报林业部批复，建为国家森林公园。相传古代有一年，久旱不雨，民不聊生，有一天一只天鹅自远方飞来，栖息山顶，三天后，大雨如注故名天鹅山。天鹅山，距公园管理处5公里。坐落于天鹅大桥5公里处的下水堡瀑布，瀑布宽4米高达70米，周围古树参天，环境清新幽静，景色十分可观。天鹅大桥，1987年建成，长220米，高800米，采用吊装式建桥工艺，气势雄伟，全国少有。,全年 全天开放,https://img1.qunarzz.com/travel/poi/1705/b8/cd7dd7b685a79037.jpg_480x360x95_0c8778a1.jpg,4.7,建议游览时间：3小时 - 5小时,,具体收费情况以现场公示为主,,1
资兴观澜书院,http://travel.qunar.com/p-oi38876658-zixingguanlanshuyuan,,,,,5.0,,,,,1
龙华山Longhua Mountain,http://travel.qunar.com/p-oi24411135-longhuashan,"

地址:
湖南省永兴县永兴县城东

",龙华山位于郴州市永兴县，山势险峻，集秀、险、奇、幽于一体，景色宜人。山上建有龙华寺和大明寺。这里是您休闲度假、旅游探险的好地方。,全年 全天开放,,5.0,建议游览时间：12小时 - 3天,,,,1
莽山国家森林公园Mangshan National Forest Park,http://travel.qunar.com/p-oi713692-mangshanguojiasenlingong,"

地址:
郴州市宜章县169县道附近


电话:
0735-3991182

",莽山国家森林公园，位于郴州市宜章县南部，南岭山脉北麓，东、西、南与广东省乳源、连州、阳山相邻。莽山境内1000米以上的山峰就有150多座，最高峰“猛坑石”海拔约两千米，号称“天南第一峰”，而山中蜿蜒山间的长乐河是珠江的发源地之一。景区内地形复杂，独特的峭壁怪石和水色天光造就了莽山壮丽秀美的景观。景区内有将军寨、天台山、鬼子寨、崖子石和猴王寨景区等分景区。莽山的地形由东南向西北倾斜，相当崎岖，相对高差大，一般为500-800米，最大高差达1400米。站在最高峰“天南第一峰”的猛坑石主峰上，可将群峦尽收眼底，并可“北望衡阳、南见韶关”。莽山植物区内古老植物种类丰富，属于第三纪森林良好的保存地，是古老植物的“避难所”，白豆杉、穗花杉、长苞铁杉、华南铁杉、南方红豆杉、百日青等珍贵植物大量成群地分布。景区面积非常大，如果要玩遍整个景区，最起码需要2天的时间，游客可以回到县城住宿，第二天再进入景区游玩。景区内有接送车，车费约60元/人，接送车并不是景区管理的，是由其他旅游公司承包的，根据部分游客反映，接送车为了多拉生意，会催促游客快速的游玩各个分景区，而且每班车的间隔时间也比较长。,8:00-17:30,https://img1.qunarzz.com/travel/d9/1506/2a/31f5d942503da5.jpg_480x360x95_ee4961c3.jpg,4.5,建议游览时间：3天 - 6天,,"{'【酒店套餐】湖南郴州莽山森林温泉旅游度假酒店1晚+双人莽山森林温泉+双早\n\n': ['¥715起'], '3日拼团游/2-8人天天发团/湖南郴州旅游/仰天湖大草原东江湖高椅岭小东江莽山五指峰回龙山白廊\n\n': ['¥50起']}",,1
苏仙岭Suxian Ridge,http://travel.qunar.com/p-oi710698-suxianling,,,,,,,,,,1
北湖公园North Lake Park,http://travel.qunar.com/p-oi706951-beihugongyuan,,,,,,,,,,1
兜率岩,http://travel.qunar.com/p-oi702347-doulu:yan,"

地址:
郴州市资兴市其他东江镇东江湖旅游风景区内


电话:
0735-3356623


官网:
http://www.dongjianghu.com

",兜率岩位于资兴市东江水库中的一座岛屿上，峭壁临水，山腰有所庙宇，叫“兜率庵”，庵的后面便是兜率岩洞。兜率岩面积很大，洞长5公里多，步道从上到下迂回曲折，走一圈大约1公里左右，里面的溶岩非常壮观，有铜钟洞、锣鼓洞、彩石洞等，可谓洞中有洞。有柱状、笋状、页状、蘑菇状、人状，千奇百怪。洞底许多晶莹透明的细石，在灯光的照耀下，光芒闪烁，宛若天河群星，璀璨夺目，瑰丽而诡幻。 ,7:00-17:00,https://img1.qunarzz.com/piao/fusion/1911/f3/8d143318fb80cf02.jpg_480x360x95_a52caacb.jpg,4.0,,,无需单独购票，包含在东江湖B线套票内B线——雾漫小东江、猴古山瀑布（车观）、东江大坝外景、龙景峡谷、东江湖（游）、兜率溶洞。赠游奇石馆、摄影馆、人文潇湘馆，门票110元B线——雾漫小东江、猴古山瀑布（车观）、东江大坝外景、龙景峡谷、东江湖（游）、兜率溶洞。赠游奇石馆、摄影馆、人文潇湘馆 门票149元（含旅游车费、船费）,,2
汝城温泉福泉山庄Rucheng Hot Spring Fuquan Resort,http://travel.qunar.com/p-oi710359-ruchengwenquanfuquanshan,"

地址:
郴州市汝城县热水镇


电话:
0735-7503333


官网:
http://www.czfqsz.com/

",山庄集住宿、餐饮、娱乐、温泉水疗、商务会议于一体，以湘南民居建筑群为主流风格，非常适合疗养度假、旅游休闲。环境得江山之清幽宁静，享自然之绚烂多资。山峰隽秀挺拔、林木葱郁、风光秀丽、环境宜人、碧水环绕、神清气爽，山、人、游园、建筑与自然高度和谐统一，共同形成了一个风景如画、生机勃发的环境。山庄内设有温泉水疗中心，拥有水力按摩池、牛奶浴、啤酒浴、米酒浴、中药浴、花瓣浴等各式疗养泡池33个和光波浴、盐浴、石板浴、桑拿浴、太空舱等特色疗养项目，是人们疗养身心的度假胜地。,9:30-23:30,https://mp-piao-admincp.qunarzz.com/mp_piao_admin_mp_piao_admin/fusion/20207/ae27852177a304e29507d38647e1e8b0.jpg_480x360x95_e048a416.jpg,4.6,建议游览时间：3小时 - 4小时,四季皆宜，秋冬更佳。,"{'汝城温泉福泉汤谷门票成人票\n\n': ['¥158起'], '汝城温泉福泉山庄门票儿童票\n\n': ['¥68起'], '汝城温泉福泉汤谷门票双人票\n\n': ['¥316起']}",1、一定要记得把身上的金属饰品摘下来，不然你会很难过地发现自己心爱的首饰已经被硫化成黑色的了。2、避免空腹、饭后、酒后泡温泉，泡温泉与吃饭时间至少应间隔一小时。 3、选择适应自身的高、中、低温度的温泉池，一从低温到高温，每次15-20分钟即可。4、温泉不宜长时间浸泡，否则会有胸闷、口渴、头晕等现象。在泉水中感觉口干、胸闷时，就得上池边歇歇，或喝点饮料补充水分。5、皮肤干燥者浸泡温泉之后最好立刻抹上滋润乳液，以免肌肤水分大量流失引起不适。6、过烫过酸的温泉不要泡，温度在30～45℃比较适宜。7、最好不要独自一人泡，以免发生意外。8、泡完温泉后不必用清水冲洗，但是强酸性温泉和硫化氢温泉刺激性较大最好还是再冲洗一下，以防有副作用，皮肤容易过敏的人更要注意。9、根据水质划分，温泉一般分为中性碳酸泉、碱性碳酸氢钠泉、盐泉和硫磺泉四种。温泉的水质不同，则对不同的病症具有不同的疗效。如各种成分都有的单纯泉，对于神经痛、风湿、皮肤病等有疗养作用;含有二氧化碳的碳酸泉，则对治疗高血压、心脏病有好处。所以泡温泉以前，最好先了解温泉的种类，并根据自身条件进行选择，才能真正达到泡温泉的预期目的，并可避免给身体带来伤害。,2
飞天山风景区,http://travel.qunar.com/p-oi711053-feitianshanfengjingqu,"

地址:
湖南省郴州市苏仙区桥口镇


电话:
0735-2117708

",位于郴州市苏仙区桥口镇境内，距郴州市城区约20公里，交通极为便捷。东江、郴江在这里交汇，千山万壑，云蒸霞蔚，翠竹葱茏，凉风习习，天低云淡，渔船点点，尤如梦中仙境，画里天堂。风景区由九寨，四垣、三庙、二江、一村站组成。红山绿水、秀峰险寨、奇石怪洞构成的自然景观和村宅街巷、石佛庙宇、陵墓悬棺等历史奇观，以及度假山庄、蒙古风情、水上乐园等人文景观，使之成为独具魅力的旅游胜地。被誉为“郴州明珠湘南桂林”。飞天山风景区属丹霞地貌，有被中国丹霞地貌研究会会长黄...位于郴州市苏仙区桥口镇境内，距郴州市城区约20公里，交通极为便捷。东江、郴江在这里交汇，千山万壑，云蒸霞蔚，翠竹葱茏，凉风习习，天低云淡，渔船点点，尤如梦中仙境，画里天堂。风景区由九寨，四垣、三庙、二江、一村站组成。红山绿水、秀峰险寨、奇石怪洞构成的自然景观和村宅街巷、石佛庙宇、陵墓悬棺等历史奇观，以及度假山庄、蒙古风情、水上乐园等人文景观，使之成为独具魅力的旅游胜地。被誉为“郴州明珠湘南桂林”。飞天山风景区属丹霞地貌，有被中国丹霞地貌研究会会长黄进赞为“中国之最，世界奇观”的黑垣。风景区内，奇峰异石，青山秀水，湖光山色，壮美迷人。沿江周围，石山林立，玉峰相接，连绵数十公里。更有千年悬棺，旷世之谜；临江佛雕，飞天壁画；天然卧佛，悠悠古迹；丹霞溶洞，神秘窝居；明清古墓，狮子吊陵；高山草原，圣母玉立……真是福地洞天，风观无限。风景区集自然、历史、人物奇观为一体，纳奇、险、秀、美于一身，令人流连忘返陶醉于山水之间，乐不思归。,8:00-18:00,https://img1.qunarzz.com/travel/d9/1508/96/b63a95ba7d42e3.jpg_480x360x95_b3793b5e.jpg,4.5,建议游览时间：4小时 - 1天,,票价门票40元/人，套票80元/人（含门票、船票）。优惠政策身高1.2米以下儿童、现役军官凭有效证件免票；身高1.2米－1.4米儿童门票半价；65岁以上老人凭老年证购老人票。,,2
九龙江国家森林公园Mount Jiulong (Nine Dragons Mountain) National Forest Park,http://travel.qunar.com/p-oi7468792-jiulongjiangguojiasen,"

地址:
汝城县三江口镇九龙江国家森林公园


电话:
400-0073-177,0731-84427095


官网:
http://jl-jiang.com/

",九龙江国家森林公园地处汝城大坪林场内，生长着以大面积的阔叶植物，森林覆盖率达93.62%，分为九龙觅仙、九龙戏水、九龙奇岩、九龙飞瀑和热水温泉五大景区。境内山清水秀、资源丰富、文化深厚，集山奇、谷幽、林深、水美、石绝、泉灵于一身，自古就有“千里烟雨”、“四面青山列翠屏，草木花香处处春”的美誉。九龙江公园地势多变、峰峦密布、青山叠翠、山重水复、碧水藻回，四季山花烂漫，常年气候宜人，有湘南“小昆明”之称。公园内的九龙村居住着瑶族同胞，民风古朴，习俗独特，是公园内一道亮丽的人文景观，游客可以在这里和瑶族居民一起唱山歌、跳瑶族舞、品瑶家美食。景区还新建了九龙广场，把山林、湖水、池岸、木亭、石涧、假山瀑布、花坛花径等自然界景物融入到广场景观中，如诗如画。,01/01-12/31 09:00-17:30,https://img1.qunarzz.com/travel/poi/1408/26/875beac13ca06b24ffffffffc8d65eac.jpg_480x360x95_40a05db9.jpg,4.7,建议游览时间：5小时 - 6小时,"4月,5月,6月,7月,8月,9月,10月,11月","{'九龙江国家森林公园活动门票成人票\n\n': ['¥99起'], '九龙江国家森林公园门票+风情园门票+玻璃栈道票+接驳车票成人票\n\n': ['¥99起'], '九龙江国家森林公园门票+风情园门票+玻璃栈道票+接驳车票优待票\n\n': ['¥86起']}",,2
便江风景区Bianjiang Scenic Resort,http://travel.qunar.com/p-oi713517-bianjiangfengjingqu,"

地址:
郴州市永兴县城上游


电话:
0735-5536963

",便江风景区位于永兴县，有“小漓江”之称，景区内主要河流便江自古便是湘南一带出行的交通要道，据史书记载，唐朝著名诗人张九龄、刘禹锡、韩愈，宋朝秦观、岳飞等都曾乘舟经过便江，韩愈两次被贬南迁，走的都是便江。便江有着同漓江相似的山水地貌，同为丹霞地貌，便江两岸有全国第一的丹霞石坦群，奇特、罕见的丹霞坦洞、绝壁被国内外地貌专家誉为“中华第一”。便江江水清澈、两岸景色清幽，柑果飘香，乘船行于其间，可见别致迷人的风貌。景区以龙华公园为重要景观，还有观音岩、韩愈揽胜处等重要景点，满目的楠竹林青翠欲滴，悬崖峭壁，怪石嶙峋，独有一番风味。,全年 8:00-16:00,https://img1.qunarzz.com/travel/poi/1712/49/52b2d81e70987637.jpg_480x360x95_de952ad3.jpg,4.5,建议游览时间：3小时,,{'便江驴迹电子导览（不含门票）门票大小同价\n\n': ['¥10起']},,2
永兴人民公园,http://travel.qunar.com/p-oi722471-yongxingrenmingongyuan,"

地址:
湖南省郴州市永兴县城人民路

",永兴人民公园是为了纪念我国开国大将黄克诚而修建的一座纪念性公园。人民公园座落在永兴县城内，园内建筑物有象征黄克诚将军1925年走出山村投笔从戎参加革命的跨越桥，铜像广场等。铜像广场宽55米，象征黄克诚将军1955年受予大将军衔；广场正中央耸立着黄克诚大将铜像，高8.4米，表示黄克诚大将享年84岁。园内还设有黄克诚大将生平事迹陈列馆、大型彩色喷泉、青少年宫、碑廊、少儿娱乐场等。,8:00 - 18:00,https://img1.qunarzz.com/piao/fusion/1504/41/9bd056af8fa58e.jpg_480x360x95_ab33cbc1.jpg,4.0,,,0元,,2
东塔公园Dongta Park,http://travel.qunar.com/p-oi701538-dongtagongyuan,"

地址:
郴州市桂阳县迎宾东路


电话:
0735-4441309

",东塔公园位于郴州桂阳县城内，是国家AA级旅游景点。占地6.99万平方米，雄踞城东门户，紧靠人民广场。该公园以明万历元年（1573年）竣工的东塔（又名鹿峰塔）而得名。东塔公园群松郁郁，修竹郎郎，白云悠悠，清风拂拂，是一旅游佳处。东塔公园，全园以塔为中心，向四周扩展，景色秀美，古朴典雅。现以东塔为中心已开辟“雁塔峥嵘”、“抽翁古岩”、“德泉龙吟”、“鹿耳石雄”、“石磬铿锵”、“栖真仙洞”、“霞泉日丽”、“云崖游龙”、“蔡伦竹屋”、“幽谷飞鹿”、“孔明观象”、“松涛长啸”、“快绿草亭”、“赵云射戟”、“元阁清风”、“山亭夕照”、“蓉湖落雁”、“相忆楼”、“欧阳海塑像”等十九个景点。,全年 全天开放,https://img1.qunarzz.com/travel/poi/1705/3f/dac35d996cf35f37.jpg_480x360x95_1f28ea31.jpg,4.8,建议游览时间：1小时 - 2小时,,具体收费情况以现场公示为主,,2
万华岩Wanhua Cave,http://travel.qunar.com/p-oi707489-wanhuayan,"

地址:
郴州市北湖区万华岩镇坦山村


电话:
0735-2795057

",        万华岩是仍在发育中的大型地下河溶洞，洞内石景别致，洞中三大瀑布神秘莫测令人神往，洞外自然风光优美，洞内冬暖夏凉，空气清新流畅。溶洞内景观鬼斧神工，洞中有洞、洞连洞、洞穿洞，处处晶莹剔透。钟乳石随处可见，似万树千花、水底龙宫、千姿百态，精彩纷呈，洞中的“水下钙膜晶锥”之景，全世界只有两处可见，每百年才长一厘米，堪称世界奇宝。2000年发现的“石蛋生笋”，当为目前世界上首个，当属无价之宝。        万华岩全长约9公里，主洞长2200米，洞外有泉、洞内有天、洞中有洞，洞里的溶岩石像千奇百怪、气势磅礴、惟妙惟肖，具有古、奇、绝、幽等特点。溶洞景观岩石无论大小，处处雄风大气，阳刚十足、赤壁倒悬、险峻无比、造型奇绝、特色鲜明。现在开放的主洞，三个进出口，十二个迷离怪异的大厅，二十三个景点。洞内溶岩有的像石狮、石鹤、石钟、石幔，有的像“瑶池果树”、“鲲鹏展翅”，有的则如“观音坐莲”、“玉女垂帏”，可谓是奇景芬芳，别具一格。        早在宋朝就有许多文人墨客来此旅游，留下不少诗词题刻、游记，经过岁月的洗刷，至今还存留着数件文人学士的碑刻。洞口左侧刻有南宋赵不退的《坦山岩劝农记》石碑，立于公元1148年，至今字迹清晰，完整无缺，系农耕史上第一碑。洞口石壁、顶壁各有宋、元、明所刻洞名“万华岩”三字，目前列为重点保护文物。洞口右侧一条地下河水从洞中缓缓流出，清悠凉沁，游鱼可数；洞外湖水相接，青山映衬，水雾蒙蒙，仿若人间仙境。        美国洞穴研究基金会1988年联合多国专家来万华岩科考探险后盛赞“万华岩是一个漂亮的洞穴，可与世界上任何一个最壮丽的洞穴相媲美”。,4/1-9/30 09:00-17:00;10/1-3/31 09:30-17:00,https://img1.qunarzz.com/piao/fusion/2010/af/01fd654b023c7202.jpg_480x360x95_dc9a6456.jpg,4.4,建议游览时间：2小时 - 4小时,,"{'万华岩门票成人票\n\n': ['¥47起'], '万华岩门票双人票\n\n': ['¥94起'], '万华岩电子导览服务大小同价\n\n': ['¥9起']}",,2
天堂温泉,http://travel.qunar.com/p-oi716759-tiantangwenquan,"

地址:
郴州市苏仙区许家洞镇天堂村

",天堂温泉度假山庄位于郴州市北郊许家洞，占地80余亩，景区内原始植被完好，空气清新，风光秀丽，交通便利，是集温泉旅游，餐饮娱乐，休闲保健为一体的度假圣地。 　　,全天,https://mp-piao-admincp.qunarzz.com/mp_piao_admin_mp_piao_admin/fusion/20207/aed2972c5586e171bf4d2fbfcfb6b6c9.jpg_480x360x95_66e2014a.jpg,0.0,建议游览时间：2小时 - 3小时,,"{'郴州天堂温泉票成人票\n\n': ['¥98起'], '郴州天堂温泉票儿童票\n\n': ['¥68起'], '【酒店套餐】湖南郴州莽山森林温泉旅游度假酒店1晚+双人莽山森林温泉+双早\n\n': ['¥715起']}",,2
龙华山公园Longhuashan Park,http://travel.qunar.com/p-oi709218-longhuashangongyuan,"

地址:
郴州市永兴县


电话:
0735-5564988

",龙华山公园位于永兴县城东，座落在风景秀丽的便江河畔，距县城3公里，占地4000余亩，园内绿树丹崖，奇洞幽深，景色迷人。主要有龙华寺、大明寺、鹅公寨塔、龙华山庄、穿坦、丹霞蜂窝岩、临江亭等景点，集秀、险、奇、幽于一体，是旅游观光、猎奇、度假、烧香拜佛的好地方。,全年 全天开放,https://tr-osdcp.qunarzz.com/tr-osd-tr-manager/img/81e7aaa25054956dceb1a57a0d652255.jpg_480x360x95_f08a8777.jpg,4.5,建议游览时间：2小时 - 3小时,,具体收费情况以现场公示为主,,2
千佛塔Thousand Buddha Pagoda,http://travel.qunar.com/p-oi19982499-qianfota,,千佛塔位于湖南省资兴市，是用花岗岩筑砌而成，共有九层，为八角形，外墙有石雕像，内墙则有浮雕，整个建筑非常有特色。,,https://tr-osdcp.qunarzz.com/tr-osd-tr-manager/img/b56b52b84a0c71860fbc4a0bcfbe8432.jpg_480x360x95_d557dc8c.jpg,5.0,建议游览时间：2小时,,,,3
莽山森林温泉Mangshan Forest Hot Springs,http://travel.qunar.com/p-oi7528484-mangshansenlinwenquan,"

地址:
郴州市宜章县莽山国家森林公园内


电话:
0735-3788888


官网:
http://www.mswq.cn/

",蟒山森林温泉位于莽山国家森林公园入口1公里处，依托莽山良好的生态环境，建成莽山温泉生态区、室内区、诺亚方舟区以及生态农业庄园等五大区，有着深厚的文化底蕴和独特的建筑风格，环境宁静自然，空气清新。莽山森林温泉水来自于莽山地底，常年保持在60℃以上，泉水清澈，水量丰富，室外温泉依山而建，格调新颖、浑然天成，独有的“诺亚方舟”悬崖温泉惊险刺激。另外，新建成的莽山天际无边温泉毗邻云海、四面环山，仿佛原始森林里的空中秘境，可与天空相接，与森林相拥，颇受游客欢迎。当你在此处浸泡温泉时，可以尽情享受大自然的馈赠，呼吸源自森林的纯净空气，品味回归自然的乐趣。泡完温泉你还能在观景台上小憩，闭目倾听来自大自然纯净的乐曲，接受天然空气的洗礼。,9:00-24:00,https://mp-piao-admincp.qunarzz.com/mp_piao_admin_mp_piao_admin/fusion/202012/429a50e92a0d5d76cf7024a6253fb932.jpg_480x360x95_313b8666.jpg,4.5,建议游览时间：4小时 - 5小时,当地夏无酷暑，冬有冰雪，年平均气温17.2度，7月平均气温22.7度，1月平均气温5.2度。四季皆宜。,"{'莽山森林温泉票成人票\n\n': ['¥118起'], '莽山森林温泉票优待票\n\n': ['¥68起'], '莽山森林温泉票双人票\n\n': ['¥236起']}",,3
炎帝温泉旅游度假村,http://travel.qunar.com/p-oi19988320-yandiwenquanlu:youdujia,"

地址:
湖南省郴州市资兴市汤溪镇政府附近

",炎帝温泉因炎帝曾经在这里发现温泉并砌石围浴而闻名于世，炎帝温泉共有六处涌泉，水温在54-65摄氏度，日流量约2500吨。景区内集温泉洗浴、旅游休闲、住宿、采茶、制茶、品茶和农家采摘于一身，是休闲养生、举办各种活动、会议及培训学习的佳选场所。,8:00-20:00,https://tr-osdcp.qunarzz.com/tr-osd-tr-manager/img/2f656e6b25d251477b1197df1d12d162.jpg_480x360x95_df2ffecd.jpg,3.9,,,{'【酒店套餐】湖南郴州莽山森林温泉旅游度假酒店1晚+双人莽山森林温泉+双早\n\n': ['¥715起']},,3
王仙岭旅游风景区Wangxianling Scenic Tourist Area,http://travel.qunar.com/p-oi7468802-wangxianlinglu:youfeng,,,,,,,,,,3
罗泉温泉Luo Quan Hot Spring,http://travel.qunar.com/p-oi9201150-luoquanwenquan,"

地址:
郴州市汝城县暖水镇罗泉村

",罗泉地热温泉，泉水温度适宜，水质优良。附近有石灰岩大溶洞群，洞内景色壮观奇特，钟乳林立，千姿百态，洞外高山环抱，茂林修竹，景色秀丽，并临近高山洞庭之称的东江湖，是一个山水林洞齐全的旅游景点，也是一处炎热可避暑、严寒有温泉的疗养胜地。,10:00-1:00,https://tr-osdcp.qunarzz.com/tr-osd-tr-manager/img/9a3163ff6c23e41e412f3873ae079c8f.jpg_480x360x95_d40b5fe1.jpg,3.3,,,,,3
石虎山,http://travel.qunar.com/p-oi40005153-shihushan,,石虎山位于郴州市宜章县，因山势高盘形如虎踞而得名，有磬响石崖、井冽寒泉、藤抱飞石等景观。,,,0.0,,,,,3
汝城文塔Licheng Wenta,http://travel.qunar.com/p-oi39772044-ruchengwenta,,,,,0.0,,,,,3
国陵寺,http://travel.qunar.com/p-oi39691560-guolingsi,,,,,0.0,,,,,3
凤凰寺,http://travel.qunar.com/p-oi39671409-fenghuangsi,,,,,,,,,,3
神农广场,http://travel.qunar.com/p-oi39595991-shennongguangchang,,,,,0.0,,,,,3
赤滩村,http://travel.qunar.com/p-oi39413164-chitancun,,,,,5.0,,,,,4
和平夜市,http://travel.qunar.com/p-oi39411578-hepingyeshi,,,,,,,,,,4
天塘山,http://travel.qunar.com/p-oi39184666-tiantangshan,,,,,0.0,,,,,4
邱家,http://travel.qunar.com/p-oi38933316-qiujia,,,,,5.0,,,,,4
711地下核城,http://travel.qunar.com/p-oi38923056-711dixiahecheng,,功勋七一一矿是我国开采的第一座铀矿山，核工业711矿旧址群被列为：第八批全国重点文物保护单位。,,,5.0,,,,,4
湖南暖水温泉度假区,http://travel.qunar.com/p-oi38818048-hunannuanshuiwenquandu,,湖南暖水温泉度假区位于汝城县暖水镇，总占地面积约3000亩，总投资约20亿元，按照国家4A级旅游景区和五星级酒店标准布局。依泉脉而打造的温泉养生区。独特规划了7大特色温泉区，错落有致地分布在别具特色的半山坡地区内，分为景观温泉区、花型温泉区、石林温泉区、动感水疗区、水上乐园区、私密温泉区及贵宾SPA汤屋区，各类温泉汤池多达50个，为您提供多种多样的温泉养生疗养体验。,,,5.0,,,,,4
夜游东江湾,http://travel.qunar.com/p-oi38629561-yeyoudongjiangwan,,,,,4.7,,,,,4
中国白银第一坊,http://travel.qunar.com/p-oi38624693-zhongguobaiyindiyifang,,,,,3.0,,,具体收费情况以现场公示为主,,4
龙女寺,http://travel.qunar.com/p-oi38622165-longnu:si,,,,,--,,,具体收费情况以现场公示为主,,4
高椅岭农夫山庄,http://travel.qunar.com/p-oi38615244-gaoyilingnongfushanzhuang,,,,,--,,,具体收费情况以现场公示为主,,4
万寿宫,http://travel.qunar.com/p-oi38603658-wanshougong,,,,,--,,,具体收费情况以现场公示为主,,5
高椅岭樱花茶场乐园,http://travel.qunar.com/p-oi38596276-gaoyilingyinghuachachang,,,,,5.0,,,,,5
九妹仙,http://travel.qunar.com/p-oi38590787-jiumeixian,,九妹仙，位于安仁县禾市乡泗江村，是安仁五座名山之一。这里重山环绕，云雾飘渺，气势雄伟，景点包括 “仙人挑担”、“将军夺印”、“鱼尾龙治水”、“天生无字碑”等，还有动人的传说故事，讲述着九妹仙名字的由来。,,,4.0,建议游览时间：3小时 - 5小时,,具体收费情况以现场公示为主,,5
猴昙仙,http://travel.qunar.com/p-oi38340169-houtanxian,,,,,--,,,具体收费情况以现场公示为主,,5
马皇丘大峡谷,http://travel.qunar.com/p-oi38336979-mahuangqiudaxiagu,,马皇丘大峡谷，全长5公里，道路竹林环绕，是特有的红岩大峡谷，非常适合自行车运动。,,,5.0,建议游览时间：1小时 - 2小时,,具体收费情况以现场公示为主,,5
逸景冲浪俱乐部,http://travel.qunar.com/p-oi38336903-yijingchonglangjulebu,,逸景冲浪俱乐部位于湖南郴州资兴，提供专业的冲浪课程和帆船帆板课程，及丰富的电动冲浪、帆船、帆板、摩托艇出海等特色体验。,,,0.0,,,,,5
滨河乐园,http://travel.qunar.com/p-oi38336819-binheleyuan,,,,,0.0,,,具体收费情况以现场公示为主,,5
观音岩,http://travel.qunar.com/p-oi38336284-guanyinyan,,观音岩位于郴州市永兴县，依山而建，庵宇共分九层，取九九归一之意，楼阁重叠，重檐歇山顶，瑰丽壮观。,,,--,建议游览时间：2小时 - 3小时,,具体收费情况以现场公示为主,,5
燕子岩风景区,http://travel.qunar.com/p-oi38334999-yanziyanfengjingqu,,燕子岩位于宜章县燕子岩自然村，此村因每年春天便会有成千上万只燕子飞进此岩洞而得名。抵达燕子岩后，大片石林映入眼帘，造型千姿百态，鬼斧神工，雄奇而壮观，特别是颜色以白色为主，整体完全就是一幅天然的国画。燕子岩的石林形状类似仙桃，当地人称为仙桃石。石林旁种植有各色花卉植物，有樱花、桃花，黄金槐，银杏等。可说是一步一景，一季一观，将使你流连忘返，乐不思蜀，在这里可以美美的拍照哦。燕子岩洞内巨石陡峭，小溪流经之处形成了一个个具有不同音响效果的小瀑布。让人置身于欢快的乐曲之中。前往溶洞参观。赏景，岩洞内不仅有灯光映照下美丽的钟乳石，还有小孩爱的地面互动灯光鱼，特设星空厅，身临其境，犹如漫步宇宙，穿越星空。行进途中，翠竹林立，隐约能听见溪水声，越往前，水声越大。,,,0.0,,,,,5
望湖生态庄园Wanghushui Amusement Park,http://travel.qunar.com/p-oi38135216-wanghushengtaizhuangyuan,"

地址:
湖南省郴州市桂阳县望湖生态庄园


电话:
0735-4461182

",桂阳望湖乡村旅游有限公司创建于2012年，庄园南至骏马大道（桂阳县环城路）4公里，直达高铁站仅25公里（35分钟车程），距离县城中心仅8公里，是周边短途游胜地。庄园总占地5000余亩（水域300余亩），其中娱乐休闲区1900余亩、精品农业区2255余亩、植物花卉景观区1000余亩，让短途出行更加丰满有趣。园区内依山傍水，山环水聚，周边生态环境优雅，绿树成荫、果蔬飘香，是放松心情、回归自然的优选之一。园内还具有浓郁的湘南乡村风情和乡土文化气息，陆续被评为湖南省休闲农业与乡村旅游区（点）、星级休闲农庄。其中农业区包括：渔业禽类养殖园、百果园、蔬菜种植园、畜牧养殖园，到了果蔬成熟的季节，还可享受采摘的快乐。植物景观区含有：百花园、植物科普园，漫步百花丛中，只有惬意缠身。更有吸引人的娱乐休闲区，其中有：生态餐厅、越野俱乐部、儿童动漫水乐园、沙滩乐园、青少年拓展培训中心、自行车营地、马术俱乐部、汽车自驾游营地、玻璃漂流等20+项目。我们为打造成一个以高品质生态环境，与周末短途游乐园为背景，集休闲娱乐、健康养生、植物科普教育、游乐项目为一体，将成为桂阳县近百万人口，郴州市区百万人口乃至广州、长沙等地的休闲度假小镇，与生态游乐场。 ,全年 09:00-18:00,,5.0,建议游览时间：2小时 - 3小时,,,,5
绿茵古镇,http://travel.qunar.com/p-oi38035223-lu:yinguzhen,,,,,--,,,具体收费情况以现场公示为主,,6
中国女排拼搏史迹展,http://travel.qunar.com/p-oi38035044-zhongguonu:paipinboshi,,,,,,,,,,6
西瑶绿谷国家森林公园,http://travel.qunar.com/p-oi37807131-xiyaolu:guguojiasenlin,,湖南西瑶绿谷国家森林公园位于湖南郴州市临武县，森林覆盖率95%，园内有集中连片保存较完整的天然次生林4000多公顷。公园分为长河、分水坳、黄木坳、凤凰岭四大景区，园区涵盖了生物景观、地文景观、水文景观、人文景观、及天象景观五大类型。,,,2.0,建议游览时间：2小时 - 4小时,,具体收费情况以现场公示为主,,6
紫薇天下,http://travel.qunar.com/p-oi37806978-ziweitianxia,,紫薇天下主题公园位于临武县汾市镇玉美田村，公园规划占地2000余亩，整个园区围绕“七仙女下凡爱情故事”主题而设定。,,,0.0,建议游览时间：2小时 - 4小时,,,,6
东江湖生态旅游村,http://travel.qunar.com/p-oi37806038-dongjianghushengtailu:,,,,,--,,,具体收费情况以现场公示为主,,6
秦汉古道森林公园,http://travel.qunar.com/p-oi37805989-qinhangudaosenlingong,,,,,--,,,具体收费情况以现场公示为主,,6
松柏丛林越野,http://travel.qunar.com/p-oi37805500-songboconglinyueye,"

地址:
郴州市资兴市东江街道桥背松柏丛林越野俱乐部

",这个俱乐部拥有超长的赛道，是全地形越野，可以让你驰骋一个多小时，玩到尽心。更棒的是，你会穿过数橘子林、樟树林......每个季节整个赛道都会有所变。,全年 09:00-21:00,,5.0,建议游览时间：1小时 - 2小时,,,,6
温泉广场,http://travel.qunar.com/p-oi37532379-wenquanguangchang,,,,,0.0,,,,,6
黄龙山植物园,http://travel.qunar.com/p-oi37192784-huanglongshanzhiwuyuan,,黄龙山植物园是一个集植物科普、科研、参观等功能于一体的综合性植物园。园内有珍稀保护植物园、万花园、水生植物园、盆景园、蔷薇园、木兰园、竹园、百果园等。,,,0.0,建议游览时间：1小时 - 2小时,,具体收费情况以现场公示为主,,6
东江移民博物馆,http://travel.qunar.com/p-oi37190435-dongjiangyiminbowuguan,"

地址:
迎宾路三乡香四水旁


电话:
3351066

",,全年 09:00-18:00,,0.0,,,具体收费情况以现场公示为主,,6
中夏公园,http://travel.qunar.com/p-oi37190413-zhongxiagongyuan,,,,,0.0,,,,,7
东兴游园,http://travel.qunar.com/p-oi37190412-dongxingyouyuan,,,,,,,,,,7
三台山公园,http://travel.qunar.com/p-oi37190410-santaishangongyuan,,,,,--,,,具体收费情况以现场公示为主,,7
嘉禾东塔公园,http://travel.qunar.com/p-oi37190391-jiahedongtagongyuan,,,,,4.0,,,,,7
苏仙桥游园,http://travel.qunar.com/p-oi37190360-suxianqiaoyouyuan,,,,,,,,,,7
东江湖摄影艺术馆,http://travel.qunar.com/p-oi37190191-dongjianghusheyingyishu,,,,,0.0,,,具体收费情况以现场公示为主,,7
石榴湾游园,http://travel.qunar.com/p-oi37189765-shiliuwanyouyuan,,,,,,,,,,7
苏仙东塔公园,http://travel.qunar.com/p-oi37189729-suxiandongtagongyuan,,,,,,,,,,7
东江文化广场,http://travel.qunar.com/p-oi37189715-dongjiangwenhuaguangchang,,,,,0.0,,,具体收费情况以现场公示为主,,7
仙岭湖体育休闲公园,http://travel.qunar.com/p-oi37189562-xianlinghutiyuxiuxian,"

地址:
南岭大道西150米

",仙岭湖体育休闲公园位于郴州，公园占地面积两千多亩，里面有戏水滩、亲水栈桥、健身步道和自行车赛道等。,全年 07:00-18:30,,0.0,建议游览时间：2小时 - 3小时,,具体收费情况以现场公示为主,,7
东江湾城市公园,http://travel.qunar.com/p-oi37189405-dongjiangwanchengshigong,"

地址:
东江街道沿江北路鲤鱼江中学北600米


电话:
13187366999

",东江湾城市公园面积较大，有音乐喷泉，有很多儿童游玩设施，很适合夏季散步吹吹晚风。,全年 09:00-22:00,,0.0,建议游览时间：1小时 - 2小时,,,,8
骆仙公园,http://travel.qunar.com/p-oi37189364-luoxiangongyuan,,,,,,,,,,8
泰来公园,http://travel.qunar.com/p-oi37189336-tailaigongyuan,,,,,0.0,,,具体收费情况以现场公示为主,,8
沙洲红色旅游景区,http://travel.qunar.com/p-oi36453752-shazhouhongselu:youjing,"

地址:
郴州市汝城县文明瑶族乡沙洲村


电话:
07358501788

",沙洲半条被子红色旅游区集红色魂、绿色景、古色韵、民族风于一体，是在“长征小镇”沙洲村的背景下建立的红色景区。沙洲村因1934年“半条被子”的故事被誉为“红军房东村”，是当年红军长征第一方面军卫生部旧址所在地，红军书发现地。1934年3名女红军借宿徐解秀老人家中，临走时，把自己仅有的一床被子剪下一半给老人留下。沙洲村发扬长征精神，凝聚全村合力，将本村打造成红色经典旅游特色乡村，成为又一处红色旅游胜地。沙洲半条被子红色旅游区位于汝城县文明乡，以沙洲村为核心，...沙洲半条被子红色旅游区集红色魂、绿色景、古色韵、民族风于一体，是在“长征小镇”沙洲村的背景下建立的红色景区。沙洲村因1934年“半条被子”的故事被誉为“红军房东村”，是当年红军长征第一方面军卫生部旧址所在地，红军书发现地。1934年3名女红军借宿徐解秀老人家中，临走时，把自己仅有的一床被子剪下一半给老人留下。沙洲村发扬长征精神，凝聚全村合力，将本村打造成红色经典旅游特色乡村，成为又一处红色旅游胜地。沙洲半条被子红色旅游区位于汝城县文明乡，以沙洲村为核心，涵盖秀水村、韩田村、文市村。景区内有汝城红色文化陈列室、民俗广场、磐石公园、半条被子故事发生地旧址、纪念广场、司令部旧址、后勤部旧址、政治部旧址、红军烈士墓、全省早解放乡驻地旧址、苏维埃国家银行旧址等一批红色旅游景观，村内的祠堂、古民居保存完好，有朱氏、罗氏、张氏宗祠，有古桥、古庙等民俗文化景点，呈现别具一格的历史风貌。推荐游览线路：红色旅线：游客服务中心（汝城红色文化陈列室）-民俗广场-磐石公园-半条被子故事发生地旧址-纪念广场-司令部旧址-后勤部旧址-政治部旧址-红军烈士墓-全省早解放乡驻地旧址-苏维埃国家银行旧址-游客服务中心,全年 08:30-17:30,,4.9,建议游览时间：1小时 - 3小时,,,,8
仙乐水乡渡假旅游区,http://travel.qunar.com/p-oi36192119-xianleshuixiangdujialu:,"

地址:
郴州市苏仙区桥口镇桥口村二组农科所桥口基地


电话:
0735-2641999

",郴州苏仙区仙乐水上休闲渡假有限责任公司是一家省休闲农业企业五星级生态农庄、五星级乡村旅游区，也是湖南省少见的薰衣草生态观光园，郴州市有名的竹筏漂流点，是农家乐旅游领头羊。郴州苏仙区仙乐水上休闲渡假有限责任公司在郴州率先把一个农家乐打造成一个乡村旅游区。竹筏漂流、翠江泼水节、薰衣草观光、水果采摘、坐牛车、农事体验是农庄具特色的亮点。度假村同时可以接待300与人就餐，60人入住。室内设有自动麻将机、卡拉OK室、乒乓球、桌球、自然垂钓区等娱乐设施免费向游客开放，是同学、朋友、同事聚会、单位活动、小型会议、休闲旅游等理想的好去处。,09：00-17：00，17：00停止入场,,1.0,建议游览时间：12小时 - 3天,,128元,,8
"桂阳海童湾萌宠乐园Haitong Bay Pet Paradise, Guiyang",http://travel.qunar.com/p-oi35846800-guiyanghaitongwanmeng,"

地址:
桂阳县翡翠路欧阳海广场旁广场一号商业中心2楼


电话:
07354450959

",海童湾萌宠乐园为郴州乃至湖南南部知名的海洋及萌宠乐园，含鲨鱼、海狮、鳄龟、鳐鱼等千余奇特海洋动物，羊驼、狐狸、梅花鹿、孔雀、浣熊、貂等数千珍稀萌宠动物。馆内有奇幻光影世界（网红打卡点）、梦幻水母迷宫（网红打卡点）、海狮奇趣表演、18米大玻璃鱼池美人鱼表演、人鱼共舞、千年狐恋、千鸟喂食、羊驼密照、天使之翅等等系列特色景点……玩与演共存、真实与虚幻结合，给予您不一样的奇幻体验！,全年 周一-周五 10:00-20:00;全年 周六-周日 09:30-21:00,,0.0,建议游览时间：2小时 - 3小时,,具体收费情况以现场公示为主,,8
飞水寨南国天山大草原Feishuizhai Southern Tianshan Prairie,http://travel.qunar.com/p-oi35832003-feishuizhainanguotian,,飞水寨南国天山大草原位于郴州市汝城县热水镇，内有高35米，宽26米的飞水寨瀑布；这里高山耸立，四季如春，空气清新，环境优美，风光猗旎。,,,0.0,建议游览时间：1小时 - 3小时,,具体收费情况以现场公示为主,,8
赤石大桥Chishi Bridge,http://travel.qunar.com/p-oi35714832-chishidaqiao,"

地址:
郴州市宜章县

",赤石大桥全长两千多米，由主桥、四座桥塔、主梁、桥墩、引桥及其各立交匝道组成，桥身坚固，雄伟壮观。,全年 全天开放,,5.0,建议游览时间：0.5小时 - 1小时,,具体收费情况以现场公示为主,,8
铁脚岭Tiejiaoling Village,http://travel.qunar.com/p-oi35678483-tiejiaoling,,,,,--,,,具体收费情况以现场公示为主,,8
步云大队牧场Buyun Brigade Pasture,http://travel.qunar.com/p-oi35676943-buyundaduimuchang,,,,,--,,,具体收费情况以现场公示为主,,8
东坑垅Dongkenglong Village,http://travel.qunar.com/p-oi35645990-dongkenglong,,,,,--,,,具体收费情况以现场公示为主,,9
关塘门,http://travel.qunar.com/p-oi35643088-guantangmen,,,,,--,,,具体收费情况以现场公示为主,,9
关背垅Guanbeilong Village,http://travel.qunar.com/p-oi35642134-guanbeilong,,,,,--,,,具体收费情况以现场公示为主,,9
关冲头Guanchongtou Village,http://travel.qunar.com/p-oi35641627-guanchongtou,,,,,--,,,具体收费情况以现场公示为主,,9
黄沙坪铅锌矿农场Huangshaping Lead-Zinc Mine Farm,http://travel.qunar.com/p-oi35641623-huangshapingqianxinkuang,,,,,--,,,具体收费情况以现场公示为主,,9
麻冲里Machongli Village,http://travel.qunar.com/p-oi35558671-machongli,,,,,--,,,具体收费情况以现场公示为主,,9
欧至坪Ouzhiping Village,http://travel.qunar.com/p-oi35474172-ouzhiping,,,,,--,,,具体收费情况以现场公示为主,,9
永兴县咏玉种养殖专业合作社,http://travel.qunar.com/p-oi35474163-yongxingxianyongyuzhong,,,,,--,,,,,9
第六届东江湖青岛啤酒节,http://travel.qunar.com/p-oi35443765-diliujiedongjianghuqing,,本届啤酒节由青岛啤酒湖南销售分公司，青岛啤酒（郴州）有限公司和东江湖旅游联合举办，以“干杯东江湖，连接世界”为主题，在啤酒和美食的基础上，将青岛啤酒与东江湖旅游两大品牌深度融合。,,,--,,,,,9
湘阴渡镇中心小学少年宫Children's Palace of Xiangyindu Central Primary School,http://travel.qunar.com/p-oi35388376-xiangyinduzhenzhongxin,,,,,--,,,,,9
"湖南长鹿花海广场Changlu Flower Sea Square, Hunan",http://travel.qunar.com/p-oi35388022-hunanzhangluhuahaiguang,,,,,--,,,具体收费情况以现场公示为主,,10
郴州市十一中乡村学校少年宫Children’s Palace of Rural Schools at Chenzhou No.11 Middle School,http://travel.qunar.com/p-oi35387955-chenzhoushishiyizhong,,,,,0.0,,,具体收费情况以现场公示为主,,10
下欧垄坑Xiaoulongkeng Village,http://travel.qunar.com/p-oi35386294-xiaoulongkeng,,,,,--,,,具体收费情况以现场公示为主,,10
小官洞Xiaoguandong Village,http://travel.qunar.com/p-oi35385837-xiaoguandong,,,,,--,,,具体收费情况以现场公示为主,,10
金子坪Jinziping Village,http://travel.qunar.com/p-oi35384312-jinziping,,,,,--,,,具体收费情况以现场公示为主,,10
上纸钱垄Shangzhiqianlong Village,http://travel.qunar.com/p-oi35320545-shangzhiqianlong,,,,,--,,,具体收费情况以现场公示为主,,10
"安仁桃花岛Peach Blossom Island, Anren",http://travel.qunar.com/p-oi35320366-anrentaohuadao,,"安仁桃花岛依山傍水、景色秀丽，这里种植了三百多亩的桃花，每当桃花盛开时，格外美丽。
",,,5.0,建议游览时间：2小时 - 3小时,,具体收费情况以现场公示为主,,10
大奎上村Dakuishang Village,http://travel.qunar.com/p-oi35314072-dakuishangcun,,,,,--,,,具体收费情况以现场公示为主,,10
梧塘湖公园Wutang Lake Park,http://travel.qunar.com/p-oi35310798-wutanghugongyuan,,,,,0.0,,,,,10
鱼王村Yuwang Village,http://travel.qunar.com/p-oi35309900-yuwangcun,,,,,--,,,具体收费情况以现场公示为主,,10
