名字,链接,地址,介绍,开放时间,图片链接,评分,建议游玩时间,建议季节,门票,小贴士,Page
圣堂山Shengtang Mountain,http://travel.qunar.com/p-oi707206-shengtangshan,"

地址:
来宾市金秀瑶族自治县长垌乡


电话:
0772-6217300

",圣堂山位于广西金秀县西南，较高峰海拔1979米，这里群峰连绵，且长年掩映在云雾之中，景色非常壮美，是观云海和日出的好去处。每年五月杜鹃花开之时，云海、花海、山海之景汇于一体，真是美不胜收。从景区游客中心到徒步登山处约15公里，可乘坐景区的接驳车，约40分钟可到达登山处。从山脚望上去，群峰在云雾之中若隐若现，好比仙境一般。这里距离山顶约五公里的路程，2.5~3.5小时便可到达山顶。沿途古木参天、峡谷幽深，奇峰怪石之景也十分有趣。一路上只有几个休息亭，建议自己备点干粮上山。到达山顶后，便可尽情享受此时的美景。半山腰和山顶均有住宿的宾馆，不过价格略贵，建议早上早点开始登山之旅，这样也能早点下来。,8:00-16:00，15:00停止购票,https://img1.qunarzz.com/piao/fusion/1802/b6/dc44d1b7816d5d02.jpg_480x360x95_c0987d2a.jpg,4.4,建议游览时间：5小时 - 7小时,,{'圣堂山门票成人票\n\n': ['¥59起']},,1
金秀圣堂湖景区Jinxiu Shengtang Lake Ecotourism Scenic Area,http://travel.qunar.com/p-oi7469124-jinxiushengtanghujing,"

地址:
来宾市金秀县长垌乡


电话:
0772-6171333

",圣堂湖位于圣堂山风景名胜区西北面，距县城金秀镇38公里。是以老虎潭峡谷为依托打造起来的生态旅游区。旅游区以老虎潭峡谷为主轴、以平娇为中心，全长约16公里。融赏山乐水、养生度假于一身，是个使人激情与柔情共生的浪漫处所。圣堂湖是美丽的，美得令人陶醉，美得让人流连忘返，美得使人不禁拍手赞叹。满目的原生态景色，处处山清水秀峰奇。一年四季，河水缓缓的流淌，从不间断。清澈得像块水晶，碧绿得如同翡翠。春末，夏天，初秋是圣堂湖迷人的时节。清晨，太阳醒来，圣堂湖开始梳...圣堂湖位于圣堂山风景名胜区西北面，距县城金秀镇38公里。是以老虎潭峡谷为依托打造起来的生态旅游区。旅游区以老虎潭峡谷为主轴、以平娇为中心，全长约16公里。融赏山乐水、养生度假于一身，是个使人激情与柔情共生的浪漫处所。圣堂湖是美丽的，美得令人陶醉，美得让人流连忘返，美得使人不禁拍手赞叹。满目的原生态景色，处处山清水秀峰奇。一年四季，河水缓缓的流淌，从不间断。清澈得像块水晶，碧绿得如同翡翠。春末，夏天，初秋是圣堂湖迷人的时节。清晨，太阳醒来，圣堂湖开始梳妆打扮，倘若置身其间，有如在画中之感。河水悠悠，游鱼嬉戏，山林苍翠，鸟啼声声；那淡淡的晨雾也凑热闹似的，朦朦胧胧的掩映着这山这水，充满了活力。如孩童在山间逗趣，姑娘在林间扑蝶。晨风击起的朵朵水花，极像瑶家姑娘挑绣的锦缎；和风吹拂翩翩起舞的绿树，秀气中透出奇巧，奇巧中透出温柔，就像温柔的瑶家姑娘挑绣满山柔软的瑶锦，勾勒出一幅幅情趣盎然的风景画。圣堂湖生态旅游区中心---平娇，是块约24700平方米的谷地，四面群山环绕、奇峰矗立、冬暖夏凉，平均气温18℃，这里建有游客服务中心、天然泉水游泳池、水上人家、养生度假区、户外扩展运动区等设施。久居都市，来到这里，会有一种穿越时空，跨入另一方天地的感觉。这里空气极为清新，略带几分滋润，能使旅途的疲劳很快消失得无影无踪。初到这里，耳畔静得有些不习惯，因为只有习习的山风和阵阵的蜂鸣声。中心区上辟有约5公里的激情漂流河段，河床坡度不大，河道弯曲、河水萦回，两岸高处群山簇拥，低处瑶寨、梯田纵横阡陌的构成了河谷田园景观。乘坐橡皮舟漂流，山随水转，拐过一弯又一弯，两岸之山伴着水流辗转腾挪，俯昂伸屈，水摇山动，水弯山曲，水澈山跳。既有行云流水曲，又有田园恋歌调，山韵伴着水调唱，把深沉的恋歌唱给绿树、青山、蓝天、白云，逗得两岸青山、一河倒映，一路唱着舞着前行，舞出自己无比灵秀的神韵。令人意随轻风，心逐流云，激情漂流和冲击，激起青春的律动，生命欢快的乐趣。中心区西南面的红冲峡谷下半部是勇士漂流的首选去处，3600米的溪流坡降289米。山涧水流湍急多滩，高大的峭崖直插水面，两岸紧相靠拢，不即不离。四周绿树葱茏，遮天蔽日，古树古藤特别多，树缠藤、藤缠树的野趣盎然。山谷回环，使人看不见水从何处流来，也不知道流往哪里去。溪水很清很凉，水底下斑驳陆离的彩石清晰可见。奔腾不息的溪水，在跌宕起伏的峡谷中谱写出一支支清脆悦耳，又看得见摸得着的清溪流韵，还有一道道急滩和一个个水潭。乘橡皮舟沿山溪漂流而下，可饱览山水自然美色，也可深深体验到急水行舟的险象。然而整个勇士漂流有惊无险，只有巨大的魅力和刺激令人叹服而已。勇士漂流是当今世界上的热门旅游活动，来吧，朋友。让我们乘着橡皮舟，在上下抛跌、左右猛拐、狂呼大笑、全身湿透的勇士漂流中去体验惊险和刺激吧！中心区的下游是2005年建成的下六甲电站水库静水区，该库区正常水位297.5米，相应库容320万立方米，正常蓄水位水面面积0.96平方公里。整个库区水面宽阔，水质纯净、水流平缓、水光潋滟，水色澄碧。四周奇峰矗立，怪石嶙峋、绿树掩映、古藤悬空，一派湖光隘峡秀水深谷的美景。蔚蓝的天幕笼罩在峡谷中，撒下一团团明晃晃的白光，形成一条狭长的银河，银河两边仍然是碧水，奇峰倒影参差错落，历历在目。银河碧水，既秋毫无犯，又交相辉映，为圣堂湖增添了无限神韵。所以在这里开辟了游程8公里的平湖静水休闲游。随着游艇缓缓前行，不但“将军岩”、“宝塔峰”、“众亲迎宾”、“八仙拜寿”、“猴王会客”等等奇景尽收眼底，而且还能领略到艇移景换的奇妙。湖水更是波澜不惊，纤尘不染，天空中没有尘烟侵扰，水面上没有都市的喧闹，只有游艇发动机“突突”的轰鸣和游客们“哈哈”的欢笑声，衬托着四周的空旷阒寂和圣堂湖的温柔娴静，令人深深的感悟到“蝉噪林逾静，鸟鸣山更幽”的深邃意境。偶有山风拂过，把一峡清水吹皱，我们才感觉到她血脉的流淌和心脏的跳动。,9:00-17:00；里面各项目游玩时间详见景区公示。,https://img1.qunarzz.com/piao/fusion/1908/d6/5e4efd3367c05102.jpg_480x360x95_56c119ee.jpg,3.8,建议游览时间：3小时 - 4小时,,"{'金秀圣堂湖生态旅游景区游船票成人票\n\n': ['¥168起'], '金秀圣堂湖生态旅游景区电子导览服务大小同价\n\n': ['¥9起'], '来宾金秀天健滑翔伞俱乐部【专业教练一带一滑翔伞飞行体验/赠送视频摄像】\n\n': ['¥100起']}",,1
忻城土司衙署Xincheng Tusi Government Office,http://travel.qunar.com/p-oi703670-xinchengtusiyashu,"

地址:
忻城县城关镇西宁街翠屏山北麓


电话:
0772-5512606

",莫土司衙署，位于广西来宾市忻城县翠屏山麓，始建于明万历10年（1582年），由忻城第八任土司莫镇威完成衙署主体建筑，后经历任土司先后拓建附属建筑，形成了规模宏大的土司衙署建筑群，主要由土司衙门、莫氏祠堂、土司官邸、大夫第、三界庙等主要建筑组成，总面积38.9万平方米，其中建筑占地面积4万平方米，是全国现存规模较大、保存较为完好的土司建筑群。,8:00-18:00，17:10停止入场。,https://img1.qunarzz.com/travel/d9/1610/de/2919b288f1c69cb5.jpg_480x360x95_8e59ab27.jpg,3.7,建议游览时间：1小时 - 2小时,,具体收费情况以现场公示为主,,1
百崖大峡谷Baiya Grand Canyon,http://travel.qunar.com/p-oi709473-baiyadaxiagu,"

地址:
来宾市武宣县东乡镇百崖大峡谷


电话:
0772-5213233

",百崖大峡谷位于广西省来宾市武宣县东乡镇境内。属于典型的丹霞地貌，总面积13.66平方公里。峡谷峰峦险峻，清溪百折，飞瀑壮观。主峡谷全长10公里，有37道弯，10多处瀑布，7处深潭，还有数以百计的侧谷。景区内林木葱郁，怪石嵯峨，古藤悬吊，清溪流泻，水质属不含任何杂物的淡泉水。原始森林内，有蜥蜴、猿猴、娃娃鱼和蓝色石龙子等珍稀动物以及桫椤、红椎、白椎、香花木、观光木等各种名贵树种。,全年 8:00-19:00,https://img1.qunarzz.com/piao/fusion/2110/2f/60019c1a461a2402.jpg_480x360x95_05525370.jpg,4.4,建议游览时间：3小时 - 4小时,,30元,,1
莲花山,http://travel.qunar.com/p-oi702030-lianhuashan,,,,,,,,,,1
合山怀集风景区,http://travel.qunar.com/p-oi711421-heshanhuaijifengjingqu,,位于合山市河里乡怀集村。国道322线从库区东侧穿过，距离合山市区20公里，是山水型自然风景区.水库库区面积约1000亩，水面弯延狭长，三面青山环抱，南面红水河奔腾而过，景色壮观。库区中部有一个面积约10多亩的小岛，岛上常有野兔、野鸭出没，给水库增添了几分野趣。水库两边各有一个面积约100亩的半岛伸出隔水相望，被当地人形象地称为情人岛。怀集水库晴天水光潋滟，雨天山色空朦，无论春夏秋冬，总是一幅碧水青山的美景。,,,5.0,,,,,1
银杉公园,http://travel.qunar.com/p-oi708806-yinshangongyuan,"

地址:
广西来宾金秀县城东北面16公里处的土县山原始森林中

",,7:30—17:30,https://img1.qunarzz.com/p/tts1/1712/39/026bff4716668b02.jpg_480x360x95_93baf9f0.jpg,4.0,,,25元,,1
罗汉山,http://travel.qunar.com/p-oi706724-luohanshan,"

地址:
广西来宾市金秀县河马乡境内

",罗汉山风景旅游区位于金秀县城西部，介于金秀河与平道河之间，距县城10公里。此山海拔1335米，面积约10平方公里，山上群峰林立、云封雾锁。远看峰浮云海、气势磅礴，近看怪石凌空、鬼斧神工，如猛虎下山、万马奔腾，山峰青松挺拔，大小高低对比强烈，迎客青松造型美观，从东至西满山遍野，万顷松林咆哮翻腾，蔚为壮观。从罗汉山风景旅游区山顶至山脚，杜鹃遍布，细流涓涓，鸟叫虫鸣，汇成一部巨大的交响乐曲；往北鸟瞰，梯田层层，水车滚滚，掩映在林海中的高山瑶寨炊烟袅袅，歌声阵...罗汉山风景旅游区位于金秀县城西部，介于金秀河与平道河之间，距县城10公里。此山海拔1335米，面积约10平方公里，山上群峰林立、云封雾锁。远看峰浮云海、气势磅礴，近看怪石凌空、鬼斧神工，如猛虎下山、万马奔腾，山峰青松挺拔，大小高低对比强烈，迎客青松造型美观，从东至西满山遍野，万顷松林咆哮翻腾，蔚为壮观。从罗汉山风景旅游区山顶至山脚，杜鹃遍布，细流涓涓，鸟叫虫鸣，汇成一部巨大的交响乐曲；往北鸟瞰，梯田层层，水车滚滚，掩映在林海中的高山瑶寨炊烟袅袅，歌声阵阵，鼓锣喧天，好一派高山瑶寨的迷人风光，让人如迷如醉，留连忘返。,全天,,--,,,30元,,1
花王山庄,http://travel.qunar.com/p-oi710935-huawangshanzhuang,"

地址:
广西来宾市金秀县花王山庄

",国家森林公园、国家级自然保护区，花王山庄旅游景区坐落在金秀河口峡谷中部，距县城14公里，在根本至锦县城的二级公路旁，与莲舢、梦材民俗村连成一片，构成自然风光游，瑶族风情和食宿娱乐为一体的旅游接待服务设施。 花王山庄，四同群山环抱，树木葱茏，清清的金秀河静静地从庄前流过，两岸均为类丹霞地貌，丹峰、碧水、绿树，山哪映生辉。潭水静若明镜，清澈见底，游鱼成群，鳞光闪闪，山光水色叠丽，丹青难描。花王山庄现建有供游客住宿的标间客房40间，床位80张，日可接待游客200...国家森林公园、国家级自然保护区，花王山庄旅游景区坐落在金秀河口峡谷中部，距县城14公里，在根本至锦县城的二级公路旁，与莲舢、梦材民俗村连成一片，构成自然风光游，瑶族风情和食宿娱乐为一体的旅游接待服务设施。 花王山庄，四同群山环抱，树木葱茏，清清的金秀河静静地从庄前流过，两岸均为类丹霞地貌，丹峰、碧水、绿树，山哪映生辉。潭水静若明镜，清澈见底，游鱼成群，鳞光闪闪，山光水色叠丽，丹青难描。花王山庄现建有供游客住宿的标间客房40间，床位80张，日可接待游客200人，有停车场500平方米，表演场200平方米。花王山庄环境优雅，建筑依山而筑，绿树环绕，风格古朴典雅，别具民族特色。,9:00-17:00,,--,,,5元,,1
罗秀镇大林村,http://travel.qunar.com/p-oi39608685-luoxiuzhendalincun,,,,,0.0,,,,,1
来宾·灵岩寺,http://travel.qunar.com/p-oi39604398-laibinlingyansi,,,,,0.0,,,,,2
武仙古城,http://travel.qunar.com/p-oi39601969-wuxiangucheng,,,,,0.0,,,,,2
平田村,http://travel.qunar.com/p-oi39482997-pingtiancun,,,,,0.0,,,,,2
凤凰山森林公园,http://travel.qunar.com/p-oi39466936-fenghuangshansenlingong,,,,,0.0,,,,,2
屯堡新村,http://travel.qunar.com/p-oi39415849-tunbaoxincun,,,,,0.0,,,,,2
广西兴宾三利湖国家湿地公园,http://travel.qunar.com/p-oi39057089-guangxixingbinsanlihu,,,,,--,,,,,2
富尧水库,http://travel.qunar.com/p-oi38943477-fuyaoshuiku,,,,,0.0,,,,,2
乐滩竹海,http://travel.qunar.com/p-oi38803772-letanzhuhai,,,,,0.0,,,具体收费情况以现场公示为主,,2
桂中水域盘古公园,http://travel.qunar.com/p-oi38337064-guizhongshuiyupangugong,,,,,0.0,,,,,2
金海公园,http://travel.qunar.com/p-oi38335895-jinhaigongyuan,,,,,--,,,具体收费情况以现场公示为主,,2
运江古镇,http://travel.qunar.com/p-oi37806052-yunjiangguzhen,,,,,4.0,,,具体收费情况以现场公示为主,,3
文辉塔,http://travel.qunar.com/p-oi36378886-wenhuita,"

地址:
来宾市兴宾区323省道附近

",文辉塔塔高约35米，内径约2米，壁厚约3米。从底层向上逐层收窄。塔顶以铁铸锅为盖。二层以上每层都有南北对开风门，其余各面均有衬托假门。底层除南北对开的风门外，西面还有一风门，其余五面亦是假门。底层风门高约2米，宽约1米。塔基用宽大石板构筑，呈八角形，大于塔座，塔内一至六级设有佛龛。塔身及龛内，雕龙画凤，缮花缀鸟，色彩斑斓，使塔显得巍峨秀丽，工艺精巧。,全天,,0.0,,,具体收费情况以现场公示为主,,3
陈鸿庆故居,http://travel.qunar.com/p-oi36378469-chenhongqingguju,"

地址:
来宾市武宣县东乡镇长塘村

",广西武宣陈鸿庆故居。陈鸿庆，生于清道光十四年（1834年）授陆军步兵上校，历任柳州防营管带左区陆军步兵司令，广西自治军第三军司令官，其旧宅建于1870年，占地面积50亩，建筑面积为30亩，房屋88间，属青砖，泥砖，木料，青瓦等综合结构。整座建筑群布局合理，具有传统的南方古代建筑群的特色，建筑构件装饰雕龙画凤，游鱼花鸟，卷草缠枝等彩雕图案，栩栩如生，十分精美。,全天,,0.0,,,具体收费情况以现场公示为主,,3
纳禄古村,http://travel.qunar.com/p-oi36193599-nalugucun,"

地址:
来宾市象州县罗秀镇纳禄村

",广西象州有一个纳禄古村，该村为朱氏皇帝后裔皇房建筑群，目前尚存的古建筑房屋约26间。全村古建筑布局合理，基本保存完好。,10:00-23:00，22:03停止入场,,4.0,建议游览时间：12小时 - 3天,,,,3
八仙天池Baxian Tianchi,http://travel.qunar.com/p-oi35832701-baxiantianchi,,八仙天池长约150米，宽约100米，水深约10米，天池周围群山环抱、风光旖旎，非常美丽。,,,4.3,建议游览时间：12小时 - 3天,,具体收费情况以现场公示为主,,3
大凳Dadeng Village,http://travel.qunar.com/p-oi35693256-dadeng,"

地址:
来宾市金秀瑶族自治县

",大凳位于大瑶山腹地，圣堂山和五指山包围着，村内的黄泥土房子错落有致的分布着，周围遍布桃花和映山红，风景优美。,全年 全天开放,,--,建议游览时间：12小时 - 3天,,具体收费情况以现场公示为主,,3
古灯村Gudeng Village,http://travel.qunar.com/p-oi35308639-gudengcun,,,,,,,,,,3
桐木屯,http://travel.qunar.com/p-oi35305412-tongmutun,,,,,--,,,具体收费情况以现场公示为主,,3
象州县石龙园艺场,http://travel.qunar.com/p-oi35304519-xiangzhouxianshilongyuan,,,,,,,,,,3
贵岭山楂果场,http://travel.qunar.com/p-oi35288317-guilingshanzhaguochang,,,,,5.0,,,具体收费情况以现场公示为主,,3
大梭生态峡谷群Dasuo Ecology Canyon Group,http://travel.qunar.com/p-oi35216650-dasuoshengtaixiaguqun,,,,,--,,,具体收费情况以现场公示为主,,4
武宣县博物馆Wuxuanxian Museum,http://travel.qunar.com/p-oi34271039-wuxuanxianbowuguan,,,,,,,,,,4
土司博物馆Xinchengxian Tusi Museum,http://travel.qunar.com/p-oi34269904-tusibowuguan,,,,,,,,,,4
遂意村Suiyi Village,http://travel.qunar.com/p-oi26952573-suiyicun,,,,,--,,,具体收费情况以现场公示为主,,4
象州商业步行街XiangZhou ShangYe BuXingJie,http://travel.qunar.com/p-oi24439496-xiangzhoushangyebuxing,,,,,--,,,,,4
来宾特产街LaiBin TeChan Jie,http://travel.qunar.com/p-oi24437561-laibintechanjie,,,,,0.0,,,,,4
金秀民族风情步行街JinXiu MinZu FengQing BuXingJie,http://travel.qunar.com/p-oi24437229-jinxiuminzufengqingbu,,金秀民族风情步行街高楼林立，商铺众多，沿街挂满了彩灯，喜庆气氛浓烈。街上各种特色小店，有着各种各样的当地特色产品。您还可以在游玩疲惫之后做一个瑶族特有的药浴，让您身心舒畅。,,,0.0,建议游览时间：2小时 - 3小时,,具体收费情况以现场公示为主,,4
长滩河游区Changtan River Tour Area,http://travel.qunar.com/p-oi24411046-changtanheyouqu,"

地址:
广西壮族自治区荔浦县修仁镇

",,全年 8:00-17:00,,--,,,,,4
花王山庄Huawang Villa Resort,http://travel.qunar.com/p-oi24410977-huawangshanzhuang,,,,,,,,,,4
合山怀集风景区Heshanhuaiji Sceneic Area,http://travel.qunar.com/p-oi23343170-heshanhuaijifengjingqu,,位于合山市河里乡怀集村。国道322线从库区东侧穿过，距离合山市区20公里，是山水型自然风景区.水库库区面积约1000亩，水面弯延狭长，三面青山环抱，南面红水河奔腾而过，景色壮观。库区中部有一个面积约10多亩的小岛，岛上常有野兔、野鸭出没，给水库增添了几分野趣。水库两边各有一个积约100亩的半岛伸出隔水相望，被当地人形象地称为情人岛。怀集水库晴天水光潋滟，雨天山色空朦，无论春夏秋冬，总是一幅碧水青山的美景。,,,5.0,建议游览时间：3小时,,,,4
巴勒瑶族高山玻璃栈道Bale Yao Nationality Mountain Glass Path,http://travel.qunar.com/p-oi22795465-baleyaozugaoshanbolizhan,"

地址:
来宾市金秀瑶族自治县巴勒村

",巴勒瑶族高山玻璃栈道位于金秀瑶族自治县巴勒村，栈道距离谷底约300米。在这里可以感受到玻璃栈道的惊险刺激，到了悬崖边的咖啡屋，游客们可以在这里好好的休息一下，喝杯咖啡喝喝茶，淡定的呼吸巴勒山纯净的空气，看巴勒山云起云涌、云卷云舒。,8:00-17:00,,3.7,建议游览时间：1小时 - 2小时,,"{'古沙沟玻璃栈道成人票\n\n': ['¥77.5起'], '古沙沟玻璃栈道+岭祖大峡谷成人票\n\n': ['¥99起']}",,5
紫壁山Zibi Mountain,http://travel.qunar.com/p-oi20931404-zibishan,"

地址:
广西壮族自治区靖西县城南10公里

",半山腰石壁刻有一首诗歌，是个天然的“唱歌台”。因山壁色紫，故称“紫壁樵歌”。,全年 8:00-18:00,,3.5,建议游览时间：12小时 - 3天,,具体收费情况以现场公示为主,,5
古占瑶族风情村Guzhan Yao Nationality Historic Village,http://travel.qunar.com/p-oi20922438-guzhanyaozufengqingcun,,古占瑶族风情村始建于清咸丰年间，民居依山势而建，气势雄伟壮观。在这里可以观赏到上刀山、下火海、踏竹筒火、咬碗等瑶族绝技，还可以体验抬新娘、抢新娘、跳竹杠舞等瑶族风情活动。,,https://flight-feed.qunarzz.com/as3/376/image/poi_vishnu/0d680cb8-7506-49fd-8954-c74edc2e19aa.jpg,0.0,建议游览时间：3天,,,,5
镜澄桥Jingcheng Bridge,http://travel.qunar.com/p-oi20910247-jingchengqiao,"

地址:
广西壮族自治区凌云县城中心

",,全年 8:00-18:00,,--,建议游览时间：1小时 - 2小时,,具体收费情况以现场公示为主,,5
来宾市法治文化公园Laibinshi Fazhi Culture Park,http://travel.qunar.com/p-oi19978041-laibinshifazhiwenhuagong,,公园内林木参天，枝叶交错，植被覆盖率高。悠闲别致，闹中取静。公园内设施完善，修葺了可供散步或慢跑的园路等，充分满足休闲需求。,,https://tr-osdcp.qunarzz.com/tr-osd-tr-manager/img/f2175f1600596e2ead2c195b7d03c9ba.jpg_480x360x95_ed71579f.jpg,4.3,建议游览时间：3小时,,,,5
140乡道,http://travel.qunar.com/p-oi19977845-140xiangdao,,,,,--,,,,,5
南岸村农民文化广场Nan'ancun Nongmin Culture Square,http://travel.qunar.com/p-oi19977562-nanancunnongminwenhua,,,,,--,,,具体收费情况以现场公示为主,,5
三角文化广场Sanjiao Culture Square,http://travel.qunar.com/p-oi19977557-sanjiaowenhuaguangchang,,,,,--,,,具体收费情况以现场公示为主,,5
八冬村农民文化广场Badongcun Nongmin Culture Square,http://travel.qunar.com/p-oi19977554-badongcunnongminwenhua,,,,,--,,,具体收费情况以现场公示为主,,5
天主堂Catholic Church,http://travel.qunar.com/p-oi19976713-tianzhutang,,,,,--,,,,,5
武宣文庙Wuxuan Confucian Temple,http://travel.qunar.com/p-oi19976639-wuxuanwenmiao,,武宣文庙，又称黉宫，是纪念、祭祀孔子等先贤而建的祠庙，也是武宣县较早的兴学立教之地，故人们又常称孔庙。武宣孔庙是广西现存规模较大的孔庙。其具有南方当地建筑特色，是一座宫殿式的民族古建筑，无论在建筑布局、技术结构、传统风格还是民族特色等方面，都具有一定的历史、科学和艺术研究价值，它显示了我国劳动人民的高超建筑技术，凝聚着几百年来武宣县人民劳动智慧的结晶。,,https://tr-osdcp.qunarzz.com/tr-osd-tr-manager/img/a3ebd66363fc231c207240db09b71573.jpg_480x360x95_a47bfc16.jpg,5.0,,,具体收费情况以现场公示为主,,6
里兰广场Lilan Square,http://travel.qunar.com/p-oi19975865-lilanguangchang,,里兰广场是当地供市民锻炼娱乐的休闲广场。广场整体环境清洁，周边交通便利。也是举行小型活动的好地方。,,,0.0,建议游览时间：2小时,,,,6
来宾市麟凤水上乐园有限公司,http://travel.qunar.com/p-oi19975855-laibinshilinfengshuishang,,,,,--,,,,,6
兴木沙场,http://travel.qunar.com/p-oi19971740-xingmushachang,,,,,--,,,,,6
裕达城城市广场Yudacheng Chengshi Square,http://travel.qunar.com/p-oi19970887-yudachengchengshiguang,,,,,--,,,具体收费情况以现场公示为主,,6
武宣远教广场Wuxuanyuanjiao Square,http://travel.qunar.com/p-oi19970056-wuxuanyuanjiaoguangchang,,,,,5.0,,,具体收费情况以现场公示为主,,6
练兵场Drill Ground,http://travel.qunar.com/p-oi19969396-lianbingchang,,,,,4.0,,,具体收费情况以现场公示为主,,6
天主堂Catholic Church,http://travel.qunar.com/p-oi19969379-tianzhutang,,,,,--,,,,,6
郑小谷故居Zhengxiaogu Former Residence,http://travel.qunar.com/p-oi19969365-zhengxiaoguguju,,郑小谷故居是象州县境内一座珍贵的历史文化遗址，是清代有名的文学家、教育家和经济学家郑献甫的生息地。,,,5.0,建议游览时间：1小时 - 2小时,,具体收费情况以现场公示为主,,6
基督教堂Christ Church,http://travel.qunar.com/p-oi19969361-jidujiaotang,,,,,--,,,具体收费情况以现场公示为主,,6
象州县博物馆Xiangzhouxian Museum,http://travel.qunar.com/p-oi19969360-xiangzhouxianbowuguan,,象州县博物馆位于广西壮族自治区，馆内藏品众多，不定期举行各种主题展览，活动形式丰富多彩。,,https://tr-osdcp.qunarzz.com/tr-osd-tr-manager/img/efad000b7d6f4050a05f1b75f6cfd05d.jpg_480x360x95_7488286f.jpg,4.0,建议游览时间：2小时 - 3小时,,具体收费情况以现场公示为主,,7
来宾市纪念馆Laibinshi Memorial Hall,http://travel.qunar.com/p-oi19969357-laibinshijinianguan,,,,,0.0,,,具体收费情况以现场公示为主,,7
来宾市创业和规划馆Laibin City Entrepreneurship and Planning Museum,http://travel.qunar.com/p-oi19969354-laibinshichuangyehegui,,,,https://tr-osdcp.qunarzz.com/tr-osd-tr-manager/img/0077ebea3c480d3a86d9ff5deb7c0e4a.jpg_480x360x95_6a329e92.jpg,4.0,,,具体收费情况以现场公示为主,,7
新育慧儿童乐园,http://travel.qunar.com/p-oi19969350-xinyuhuiertongleyuan,,,,,--,,,,,7
龙洞禅寺Longdongchan Temple,http://travel.qunar.com/p-oi19969327-longdongshansi,,,,,,,,,,7
相思园Xiangsi Garden,http://travel.qunar.com/p-oi19969326-xiangsiyuan,,,,,0.0,,,具体收费情况以现场公示为主,,7
来宾市天主教堂Laibinshi Tianzhu Church,http://travel.qunar.com/p-oi19969313-laibinshitianzhujiaotang,,,,,--,,,具体收费情况以现场公示为主,,7
来宾奇石博物馆Laibinqishi Museum,http://travel.qunar.com/p-oi19969312-laibinqishibowuguan,,,,,--,,,,,7
武宣体育休闲公园Wuxuantiyu Leisure Park,http://travel.qunar.com/p-oi19969304-wuxuantiyuxiuxiangong,,公园里有专用于体育活动的场所，还种植有很多种类的花，环境很不错。,,https://tr-osdcp.qunarzz.com/tr-osd-tr-manager/img/6d83d3dac85034e1d8ef52c5e8e53d03.jpg_480x360x95_91f15c80.jpg,5.0,建议游览时间：2小时 - 3小时,,具体收费情况以现场公示为主,,7
来宾市博物馆Laibin Museum,http://travel.qunar.com/p-oi19573305-laibinshibowuguan,,来宾市博物馆位于广西来宾翠屏東路1號，是反映来宾历史的一座博物馆。在这里你可以尽情游览来宾的前世今生，学习先进知识，了解历史变迁。,,https://tr-osdcp.qunarzz.com/tr-osd-tr-manager/img/a457512e6f85764f731b06961ef6e1c1.jpg_480x360x95_321882de.jpg,4.2,建议游览时间：2小时 - 3小时,,具体收费情况以现场公示为主,,7
来宾市图书馆(总馆)Laibinshi Library,http://travel.qunar.com/p-oi19549110-laibinshitushuguan,"

地址:
红水河大道与翠屏路交叉路口往东北约150米(来宾市博物馆北侧约100米)


电话:
4281257

",,全年 周六-周日 09:00-17:00;全年 周一-周五 08:00-18:00,,0.0,,,具体收费情况以现场公示为主,,8
"三合龙根雕,根艺,奇石馆Sanhelong Pavilion of Root Carving, Root Art and Rare Stone",http://travel.qunar.com/p-oi19529118-sanhelonggendiaogenyi,,,,https://tr-osdcp.qunarzz.com/tr-osd-tr-manager/img/8b3976d17d2cbcee17f9c512513f547e.jpg_480x360x95_83a339ba.jpg,4.7,,,具体收费情况以现场公示为主,,8
刘炳宇故居Liubingyu Former Residence,http://travel.qunar.com/p-oi19526899-liubingyuguju,,,,,5.0,,,具体收费情况以现场公示为主,,8
口记,http://travel.qunar.com/p-oi19523955-kouji,,,,,--,,,,,8
艺柏画苑美术培训班,http://travel.qunar.com/p-oi19507013-yibohuayuanmeishupeixun,,,,,--,,,,,8
po完美科技馆Po Perfect Science and Technology Museum,http://travel.qunar.com/p-oi19505184-powanmeikejiguan,,,,,4.0,,,具体收费情况以现场公示为主,,8
爱就推门益智体验中心,http://travel.qunar.com/p-oi19502553-aijiutuimenyizhitiyan,"

地址:
大桥路167号(大桥路新华路交叉路口)


电话:
18077298233

",,11:00-21:00,,--,,,,,8
翠屏北路图书馆Xincheng Library,http://travel.qunar.com/p-oi19465877-cuipingbeilutushuguan,,,,,3.0,,,具体收费情况以现场公示为主,,8
武宣县图书馆Wuxuan Library,http://travel.qunar.com/p-oi19465108-wuxuanxiantushuguan,,,,,--,,,具体收费情况以现场公示为主,,8
兴宾区图书馆Xingbin Library,http://travel.qunar.com/p-oi19462588-xingbinqutushuguan,,,,,--,,,具体收费情况以现场公示为主,,8
瑶族博物馆Fuchuan Yao Ethnic Minority Museum,http://travel.qunar.com/p-oi18716768-yaozubowuguan,,金秀瑶族博物馆创建于1991年，总建筑面积1300多平方米。博物馆共分两个展厅，一楼展厅主要是展出瑶族文化、习俗、瑶族生产、生活用具以及出土文物等。二楼展厅主要展出瑶族银饰和瑶族服饰。锦绣瑶族博物馆是瑶族社会的缩影。这里收藏有来自全国各地以及海外的瑶族服饰58类90余套，是目前我国收藏瑶族服饰数量较多、种类较全的博物馆。这些绚丽多姿的服饰，充分体现出瑶族人的爱美审美情趣和对美好生活的向往，是瑶族传统文化的魅力。,,https://img1.qunarzz.com/piao/fusion/2108/3b/132d22f332823d02.jpg_480x360x95_9cbd0f99.jpg,4.4,建议游览时间：2小时 - 3小时,,到馆即可参观，免费开放，需携带有效证件，接待咨询中心登记即可入场。,,9
盘古文化生态旅游景区Pangu Culture Ecology Tourism Sceneic Area,http://travel.qunar.com/p-oi18702635-panguwenhuashengtailu:,,盘古文化生态旅游景区位于广西壮族自治区来宾市兴宾区，是一个以盘古文化和生态旅游为主题的特色景区。景区依山傍水，树木葱郁，生态环境良好。目前景区开发了多家农家乐，包含蔬果采摘、游船、垂钓等游玩项目，是您休闲度假的好选择。,,https://img1.qunarzz.com/travel/poi/1803/5e/0eafa57a2ee00237.jpg_480x360x95_34006783.jpg,4.0,建议游览时间：12小时 - 3天,,具体收费情况以现场公示为主,,9
岭祖大峡谷Lingzu Grand Canyon,http://travel.qunar.com/p-oi10095703-lingzudaxiagu,"

地址:
来宾市金秀瑶族自治县来宾忠良乡三合村二屯竹甲桥头

",岭祖大峡谷位于广西壮族自治区来宾市金秀瑶族自治县来宾忠良乡三合村，景区生态环境自然清幽，森林景观苍翠原始，气候舒适宜人，年均气温17oC，冬暖夏凉。是个融赏山乐水、养生度假、体验高山部落生活、进行高山滑翔活动于一体的浪漫处所。满目的原生态景色，处处山清水秀，奇峰林立。山泉清澈得像块水晶，碧绿得如同翡翠，水质柔软，清甜可口。溪水悠悠，游鱼嬉戏，山林苍翠，鸟啼声声；猕猴撒欢。挺翠的毛竹把这里装扮成了绿色的世界；五颜六色的石子像珍珠玛瑙一样散落在岭祖大峡谷里的能琴河中，让人叹为观止。,8:30-17:00,,5.0,建议游览时间：12小时 - 3天,,"{'岭祖大峡谷门票成人票\n\n': ['¥38.7起'], '岭祖大峡谷门票优待票\n\n': ['¥25起'], '古沙沟玻璃栈道成人票\n\n': ['¥77.5起']}",,9
古沙沟Gushagou Ditch,http://travel.qunar.com/p-oi10094705-gushagou,,,,,,,,,,9
罗利屯湿地Luolitun Wetlands,http://travel.qunar.com/p-oi10068906-luolitunshidi,"

地址:
来宾市兴宾区五山乡马则村罗利屯

", 罗利屯地处北纬23度26分，就在北回归线上，村口是来宾市的水库三利水库，也是北回归线上的湿地公园。村口有两条小河，一年四季不间断的河水流入三利水库。一群群白鹭常年栖息在这片湿地上，这里一年四季都能看到“落霞与孤骛齐飞，秋水共长天一色”的美景。,全年 全天开放,https://img1.qunarzz.com/travel/poi/1712/23/c88876f7b716db37.jpg_480x360x95_6a0935ec.jpg,4.4,建议游览时间：2小时 - 3小时,,具体收费情况以现场公示为主,,9
金秀莲花山景区Jinxiu Lotus Mountain Scenic Area,http://travel.qunar.com/p-oi10013452-jinxiulianhuashanjing,"

地址:
来宾市金秀瑶族自治县


电话:
0772-6212968

",莲花山位于金秀县城西北部约15公里的地方，主峰海拔1350米，因群峰耸立，远远望去，整个山体酷似一朵含苞待放的莲花而得名。这里集华山的峻峭，张家界的灵秀，黄山的苍茫于一体，自然生态地貌十分丰富。莲花山来回玩下来需5小时左右，建议携带一点干粮上山。前半段的景致较为壮观，后半段的景致较为清秀，可谓移步换景。每年5月杜鹃花开的时候，景色更为丰富。,5/1-10/31 08:00-16:30;11/1-4/30 08:30-16:00,https://tr-osdcp.qunarzz.com/tr-osd-tr-manager/img/1b581ea77a20bd4b3f941f5767195c24.jpg_480x360x95_0bb661c1.jpg,4.6,建议游览时间：4小时 - 5小时,,80元,,9
老相桥水库Laoxiang Bridge Reservoir,http://travel.qunar.com/p-oi10006733-laoxiangqiaoshuiku,,,,,0.0,建议游览时间：1小时 - 3小时,,具体收费情况以现场公示为主,,9
龙虎潭漂流Dragon and Tiger Pool Drifting,http://travel.qunar.com/p-oi10004605-longhutanpiaoliu,, 滴水河在大瑶山的峡谷中切开石山、穿越密林，越过大瑶山屏障流向桂中平原，老虎潭便深藏在这条神秘大峡谷的尽头。漂流可以选择从滴水河畔的王雷村村口开始，经过一段平缓的水面，随着河道进入山谷，两旁的山势也逐渐陡峭起来，水流越发湍急，那是由于两岸崖石塌落形成的重力滩群。江面变窄了，且中心主水道里有多块巨石，下游方的河道又低了一米多，成为一跌水面，形成了一小瀑布。老虎潭峡谷全长16公里，平均坡降百分之一，峡谷内河道窄处不足5米。峡谷四周封闭，中有三潭，之间由细长的水巷相联。老虎潭是这个峡谷出口，奔腾的河水流出峡谷后将在这儿变得闲静，水质清澈、湛蓝，深不见底；水潭两侧石壁陡直，高数百米，抬头仰望只能看到一条耀眼的“白线”。,,,4.1,建议游览时间：1小时,,具体收费情况以现场公示为主,,9
金秀银杉森林公园Jinxiu Yinshan Forest Park,http://travel.qunar.com/p-oi9538413-jinxiuyinshansenlingong,"

地址:
来宾市金秀瑶族自治县土县山原始森林中


电话:
0772-6217780

",金秀银杉公园位于金秀县城东北面16公里处的忠良乡与金秀镇交界处的土县山原始森林中。公园内有属于国家一级保护植物，被喻为“活化石”、“植物大熊猫”的银杉集中分布区。银杉公园内的银杉群落是继广西龙胜县、四川、贵州等地之后发现的又一银杉群落。在10多平方公里范围内，分布着11大群落银杉，并按发现顺序编为1至11号银杉基地。至1998年止对游人开放的是4号基地。银杉为松科常绿乔木，为珍贵的孑遗树种，的“活化石”，国家特有濒危一级保护植物。银杉公园内的银杉群落是继广西龙...金秀银杉公园位于金秀县城东北面16公里处的忠良乡与金秀镇交界处的土县山原始森林中。公园内有属于国家一级保护植物，被喻为“活化石”、“植物大熊猫”的银杉集中分布区。银杉公园内的银杉群落是继广西龙胜县、四川、贵州等地之后发现的又一银杉群落。在10多平方公里范围内，分布着11大群落银杉，并按发现顺序编为1至11号银杉基地。至1998年止对游人开放的是4号基地。银杉为松科常绿乔木，为珍贵的孑遗树种，的“活化石”，国家特有濒危一级保护植物。银杉公园内的银杉群落是继广西龙胜县、四川、贵州等地之后发现的又一银杉群落。金秀县为我国银杉分布的南点，具有水平分布纬度低、老、多、植株大的特点。其中有一株银杉胸径86.9厘米，树高30.65米，树龄已逾500年，号称银杉王。公园内有10株银杉，与华南五针松、牛皮杜鹃等众多的珍贵树种组成的混交林，既可供人欣赏，又为古植物、植物地理学、地质学、气象学、地球史等方面的研究提供了重要的实物基地。,8:30~16:00,,4.4,建议游览时间：12小时 - 3天,,{'金秀银杉森林公园门票成人票\n\n': ['¥44起']},,9
青山瀑布Qing Mountain Waterfall,http://travel.qunar.com/p-oi9526447-qingshanpubu,"

地址:
来宾市金秀县滴水村青山屯（金平公路32公里处路旁）


电话:
0772-6217533

",青山瀑布群位于广西金秀县圣堂山景区脚下，距县城36公里，处于圣堂山景区与圣堂湖景区之间，金平二级公路、滴水河绕村而过，区位十分便利。瀑布群由石桥瀑布群和六立瀑布群组成，可开发面积达5平方公里。景区周边森林茂密，郁郁葱葱，生态环境保护完好。景区内曲径通幽，古树古藤虬蚺苍劲，森林遮天蔽日，空气清新，呈现出原始森林的古朴和神秘。石桥瀑布群由大小瀑布10多个层叠分布，其中三座瀑布高10米以上，底宽5米，形态各异，瀑布从山崖处凌空飞泻，恰似银龙飞舞、气势磅礴，异常壮丽。,8:00-16:00,,4.7,建议游览时间：1小时 - 3小时,,"{'青山瀑布门票成人票\n\n': ['¥45起'], '青山瀑布门票优待票\n\n': ['¥25起']}",,9
薰衣草庄园Lavender Manor,http://travel.qunar.com/p-oi9524113-xunyicaozhuangyuan,"

地址:
来宾市忻城县S209


电话:
0772-5785209,0772-5785207

",忻城薰衣草庄园位于城关镇范团村同良屯，占地总面积约3000亩，庄园目前主要完成特色花卉种植1500亩、（薰衣草300亩，马鞭草600亩，金鱼草、兰花鼠尾草、步步高、硫华菊、千日红、醉蝶花等600亩）、冰河世纪滑雪场、冰雪小镇，景区道路3.5公里、婚纱摄影基地、景观小品8处，大型餐厅、特色小吃街、沙滩越野车基地等建设。,景区暂时停业，预计明年5月份开放，详情请以景区公示为准。,https://img1.qunarzz.com/travel/d0/1610/21/d8ebc6344f51e3b5.jpg_480x360x95_c5b37f25.jpg,4.3,建议游览时间：2小时 - 3小时,,具体收费情况以现场公示为主,,10
金秀大瑶山Dayaoshan Scenic Area,http://travel.qunar.com/p-oi9194226-jinxiudayaoshan,"

地址:
来宾市金秀瑶族自治县长垌乡境内


电话:
0772-6217133

",大瑶山风景区位于金秀瑶族自治县境内，距离柳州市154公里。风景区面积达500多平方公里。景区内群山环抱，溪流潺潺，旅游资源十分丰富，是理想的旅游观光和避暑胜地。目前已经开发的风景区主要有莲花山景区、圣堂山景区、老山原始森林景区、天堂山景区、香草湖和民俗村等。 金秀大瑶山旅游景区从东北至西南连成一片，有天堂岭、金秀老山、莲花山、罗汉山、圣堂山、五指山等名山。这些山均为丹霞式峰林地貌，丹峰、碧山、绿树相映生辉，各具特色，蔚为壮观。,全天开放，内部景点开放时间不一，详情请以景区内公示为准,https://img1.qunarzz.com/piao/fusion/1611/6e/425c7bff0577ef02.jpg_480x360x95_d950039b.jpg,4.6,建议游览时间：3天,,具体收费情况以现场公示为主,,10
古占瑶寨Guzhan Yao Ethnic Minority Village,http://travel.qunar.com/p-oi7469142-guzhanyaozhai,"

地址:
来宾市长垌乡古占瑶寨


电话:
13768576449

",民俗风情浓郁的古占村有民族歌舞、绝技表演人员40多人，2001年，古占人对自身瑶族绝技和瑶族歌舞进行挖掘、整理，办起了民俗旅游，从此，其民族绝技表演享誉国内外。在这里可欣赏到原汁原味的双刀舞、钓鱼舞等原生态舞蹈；观看到上刀山、下火海、吞筷条、踩犁头、踏竹筒火、咬碗、洗火浴和翻云台等令人叹为观止的瑶族绝技；领略到抬新娘、抢新娘、跳竹竿舞和集体舞等趣味横生的瑶族风情。自治区旅游局2012年初对古占屯进行了总体规划，计划把古占新村建设成社会主义新农村，把旧村打造成吃、住、休闲娱乐和体验瑶族风情的旅游名村。,夏令20:30-22:00，冬令20:00-21:00。,https://img1.qunarzz.com/travel/poi/1803/d9/b132c6aebbd63537.jpg_480x360x95_287e5af8.jpg,4.0,,,具体收费情况以现场公示为主,观看古占瑶寨演出至少30人才能开演，如果现场少于30人的情况下，需要您耐心等待，听从景区工作人员的安排。,10
