名字,链接,地址,介绍,开放时间,图片链接,评分,建议游玩时间,建议季节,门票,小贴士,Page
花萼楼Hua E Building,http://travel.qunar.com/p-oi10003049-huaelou,"

地址:
梅州市大埔县151乡道北50米

",花萼楼位于大埔县大东镇联丰村，距县城有45公里，建于明万历36年（公元1608年），距今有近400年的历史，为省级文物保护单位。花萼楼占地面积2300平方米，建筑面积2286平方米，属土木结构的圆形建筑。共有三环，内环为一层30个房间，二环为二层60间，外环为三层120间，共有210个房间。楼高11.9米，楼的墙体用生土夯筑而成，底层宽2米。顶层宽1.3米，楼顶为木梁灰瓦。楼的第一层不设窗，第二、三层墙上设有内小外大呈三角的枪眼，整座楼只有一个大门供出入，大门框用厚而宽的花岗岩石板组成，大门板钉上坚厚的铁皮，这些门窗设施是为抵御外人侵扰而特意设计的。楼内有面积为283.4平方米的圆形天井，用大小不等的鹅卵石铺成，中心装饰着一个直径3米的古钱币图案，寓意着人们祈求丰衣足食的心愿。天井一侧有口古井，用于防火和生活之用。楼内还有砻、碓等常用生活设施。整个土楼布局合理、通风采光、冬暖夏凉，现楼内还住着十多户林姓人家。,全年 全天开放,https://img1.qunarzz.com/travel/d3/1803/db/218b9d3374275bb5.jpg_480x360x95_c6faf39d.jpg,4.0,建议游览时间：1小时,,具体收费情况以现场公示为主,,1
灵光寺Temple of Divine Light,http://travel.qunar.com/p-oi714037-lingguangsi,"

地址:
梅县雁洋镇阴那村


电话:
0753-5831180

","该寺原名圣寿寺，是广东省四大名刹之一，相传为唐代懿宗咸通年间高僧潘了拳创建，至今已有一千多年历史。明洪武十八年（1385年），广东监察御史梅鼎捐钱扩建，易名“灵光寺”，并亲书“灵光寺”三字嵌刻在山门殿的门额上。梅州灵光寺布局奇巧，主殿以""菠萝顶""建筑为最大特点，乃全国罕见，堪称庙堂建筑艺术的杰作。寺宇周围阴那山峰顶尖削如五指，称五指峰。",7:00-18:00,https://img1.qunarzz.com/p/tts2/1809/7c/0a38fad1337e5102.jpg_480x360x95_1c095ab9.jpg,4.6,,,成人40元；1.2米以下儿童、70周岁以上老人凭相关有效证件免票。,,1
黄遵宪故居Former Residence of Huang Zunxian,http://travel.qunar.com/p-oi702815-huangzunxianguju,"

地址:
小溪唇


电话:
0753-2233637

",清末爱国诗人黄遵宪的故居名为“人境庐”，取意陶渊明诗句“结庐在人境，而无车马喧”意。坐落在梅州市东3公里处的周溪畔，建于1884年春。门楣上的“人境庐”三个字，为日本书法家大域成濑温所书。庐舍内筑有花圃、假山、鱼池、五步楼、十步阁、息亭、七字廊、无壁楼、卧虹榭和藏书阁等。曲径回栏，花木掩映，景致清雅。黄遵宪晚年蛰居人境庐，创作了大量诗歌，并自选和编订了《人境庐诗草》。1980年，当地政府对人境庐进行全面修复。1985年，纪念黄遵宪忌辰八十周年之际，梅州各界人士云集人境庐，为黄遵宪汉白玉像揭幕。该处现被列为广东省重点文物保护单位。,全年 周二-周日 9:00-17:30,https://img1.qunarzz.com/travel/d4/1702/7a/b421c04c5ee99db5.jpg_480x360x95_e988ab88.jpg,4.7,建议游览时间：2小时,,具体收费情况以现场公示为主,,1
叶剑英纪念园Ye Jianying Memorial Park,http://travel.qunar.com/p-oi704432-yejianyingjinianyuan,"

地址:
梅州市梅县雁洋镇


电话:
0753-2825206


官网:
http://www.yjyjny.org.cn/

",叶剑英纪念园于2005年5月5日在原有叶剑英元帅故居和纪念馆的基础上进行整合、扩建与充实，现已扩展为四大功能区：人文景区、纪念景区、生态林区，并增建公园、广场、湖池、桥廊等新景物。新纪念馆依山而建，高三层，外观呈几何构造，气势恢弘，极具现代化气息，融美观和实用于一体，共分为四个展厅，除原有图片、铜像等实物展示外，新增场景再现、视频展示、油画作品等表现手法，便于人们参观和了解历史事件。第二展厅中高10米、面积90平方米的巨型浮雕，题为“大地回春”，表现的是粉碎“四人帮”后举国上下和人们欢悦之状。第三展厅中有《顶梁柱》浮雕，通过大量图片、实物、艺术品的展示，集中而生动地展现了老一辈革命家伟大光辉和充满传奇色彩的一生,9:00-17:00，16:30停止入馆。,https://tr-osdcp.qunarzz.com/tr-osd-tr-space/img/f8e79d4570bcd5cbab2d7b69ce480722.jpg_480x360x95_f33f8379.jpg,4.5,建议游览时间：2小时 - 3小时,,领取参观券免费入场参观。,,1
雁南飞茶田景区Yannanfei Tea Fields,http://travel.qunar.com/p-oi711422-yannanfeichatianjingqu,"

地址:
梅州市梅县区雁洋镇长教村


电话:
0753-2828888


官网:
http://www.yearning.cn/

",雁南飞茶田景区坐落于梅县雁洋镇，是一个融茶叶生产、生态公益林改造、园林绿化、旅游观光、度假于一体的生态农业示范基地和旅游度假村。景区以客家文化、茶文化和生态旅游文化为主题。在这里可以欣赏原生态的客家歌舞表演、品尝可口的客家美食，或是在精美的园林艺术和满园鲜花中，欣赏清雅的茶艺表演；也可以尽情地呼吸充满负离子的清新空气，静心享受远离喧嚣的生活。此外，还能品尝客家盐焗鸡、农家梅菜扣肉等传统客家菜。景区主要有雁南飞神石、雁南飞大道、游客中心和茶情阁、茶艺表演、笑傲江湖瀑布、龙那山生态谷、仙茶阁、别墅区等景点及设施。雁南飞神石是度假村的标志性建筑，上面刻有“雁南飞、茶中情”六个字，“茶中情”表为内涵，与茶结缘，与茶会友，与茶传情。雁南飞茶田度假村的茶艺表演，茶艺功夫茶分为传统功夫茶和现代功夫茶两种，泡饮流程黄有18道工序，前12道由茶艺小姐表演冲泡流程，后6道主要品饮，在这表山绿水之间把盏闻香，细品甘露，可以亲身体会茶文化的内涵。“笑傲江湖”瀑布，全长168米，高4.8米。瀑布下面的石碑上刻有各种名人格言，非常耐人寻味。龙那山生态谷有峰恋叠嶂的原始次生林区，一个天然大氧吧。,1/1-12/31 全天开放,https://img1.qunarzz.com/piao/fusion/2108/75/a2e7ffe7d9be5602.jpg_480x360x95_89a5ac5d.jpg,4.3,建议游览时间：4小时 - 6小时,,"{'雁南飞茶田景区门票成人票\n\n': ['¥70起'], '雁南飞茶田景区门票+桥溪古韵景区门票成人票\n\n': ['¥75起'], '雁南飞茶田景区地图定位自动中文语音讲解服务大小同价\n\n': ['¥0.5起']}",,1
中国客家博物馆China Hakka Museum,http://travel.qunar.com/p-oi7587803-zhongguokejiabowuguan,"

地址:
梅城东区小溪唇


电话:
0753-2253668,0753-2233626


官网:
http://www.zgkjbwg.com/

",中国客家博物馆是中国最大的客家博物馆，内设1个主馆和3个分馆，由主馆中国客家博物馆和分馆黄遵宪纪念馆、梅州大学校长馆、梅州将军馆组成。以“客从何来”、“客家风情”、“地标围屋”、“人文秀区”、“客家腾飞”五部分展陈客家渊源、客家风俗、客家民居、客家文化、客家精神等内容，向游客们展示客家文化。,景区暂时停业，详情请以景区公示为准；原开放时间：周二-周日9:00-17:30（17:00停止入馆），逢周一闭馆（国家法定节假日除外）。,https://img1.qunarzz.com/travel/poi/1704/c0/1c49bb377d90fa37.jpg_480x360x95_d1f1da5d.jpg,4.6,,四季皆宜,景区暂时停业，详情请以景区公示为准；原门票免费。观众须凭有效身份证领票及接受安全检查方可进馆参观。,,1
千佛宝塔Thousand Buddha Pagoda,http://travel.qunar.com/p-oi702838-qianfobaota,"

地址:
梅州市梅江区金山街道东岩莲花山顶千佛塔寺内


电话:
0753-2290362

",千佛宝塔的塔中上下共三干尊佛，构成塔中有塔，塔上有塔，铁佛、玉佛、金佛共容一塔的特色，为梅州一大艺术杰作，是东南胜境之奇观。 起初，该塔始于修慧寺内，后毁，乾隆初年由嘉应州官王者辅迁置于梅城东郊山上，1989年迁入普同塔院内。1990年，普通塔院新建了一座高36米的大塔，共九层，首层置千佛铁塔，二至九层内壁镶了千尊汉白玉佛像，顶层安放着千尊金佛。 如今，在千佛塔下，又新建了雄伟的千佛殿，殿中有各样栩栩如生的神像，中间毗卢庶那大佛像镶嵌着两万颗宝石，为中国之最。大殿两侧的二十四诸天壁画，全国仅有两幅，另一幅在北京。千佛殿下还有沿山而上的九曲文化游廊，古建筑与现代艺术融为一体，显得更加灿烂辉煌。这样的佛教文化精品，当然值得一看。,全年 9:30-21:00,https://img1.qunarzz.com/travel/d8/1702/fb/5b7092ed49e872b5.jpg_480x360x95_7c69b2c2.jpg,4.5,建议游览时间：1小时 - 2小时,,具体收费情况以现场公示为主,,1
桥溪客家民俗文化村Qiaoxi Hakka Folk Culture Village,http://travel.qunar.com/p-oi702480-qiaoxikejiaminsuwenhua,"

地址:
梅州市梅县区雁洋镇桥溪村

",梅州市梅县区雁洋镇桥溪村始称叩头溪，方圆约1平方公里，四面环山，东有五指峰，西有义安寨，南为笠麻顶，北为香炉峰，奇峰秀顶，气势昂然。村口的五彩林，有七棵古树，均为百年大树，有五种树种，分别为红楠（樟科）、青蓝树（黄叶树科）、山杜英（杜英科）、白车木（桃金娘科）、荷木（山茶科），其中青蓝树是目前国内外发现该树种中最大的一棵。 村内客家民居建筑，依山傍水，错落有致，世德楼、宝善楼、世安居、继善楼、燕诒楼、仕德堂独具特色，尤以继善楼和仕德堂外围的积善堂建筑规模、建筑艺术为粤东罕见而闻名遐迩。该村人杰地灵，民风淳朴，崇文重教，人才辈出，涌现了不少能人志士，全国政协港澳委员朱连芬是其中杰出代表。该村还是一个革命老区，抗日战争接待过不少革命人士，当时的粤东地委机关报—《群众报》就在该村印刷。 村内还有多处景点，村中的自然景观、客家风情习俗和历史沿革堪称“文化之乡”、“华侨之乡”和革命老区的一个缩影，具有较高的历史、艺术和科学研究价值，引来中外民俗学者、建筑专家和游客参观考察。,全年 全天开放,https://img1.qunarzz.com/travel/poi/1704/8f/2ca6eeb727a1e237.jpg_480x360x95_fc09434d.jpg,4.0,,,具体收费情况以现场公示为主,,1
灵光寺Yinna Mountain (Lingguang Temple),http://travel.qunar.com/p-oi711497-lingguangsi,"

地址:
梅州市梅县区雁洋镇阴那村


电话:
0753-2831302,0753-2831188,0753-2831805,0753-2831180

",阴那山位于粤东梅县雁洋境风，山上寺观众多，位于山麓的千年古刹灵光寺较为闻名。灵光寺本名圣寿寺，与广州光孝寺、韶关南华寺、潮州开元寺并成为广东四大名刹。这座寺庙始建于唐代，依山而建，千百年来香火甚旺。灵光寺内有“三绝”，一绝是“生死柏”，寺前两株1100多年树龄的柏树中，一株已枯死300多年，却没有腐烂，仍然挺立，与另一株枝繁叶茂的生柏并肩而立；二绝是大殿后面绿树繁茂，而大殿屋顶上却从来没有落叶，原因还是个谜；而这第三绝是“菠萝顶”。灵山寺现存建筑多为明清以后所建，主殿殿顶是用一千多块长方木拼成的螺旋型藻井，俗称波罗顶。当寺内香火盛时寺外却不见一丝烟缕，而烟会顺着螺旋形藻井盘旋而上，自然扩散。如此结构精巧的建筑工艺，在全国仅有两处（另一处是北京天坛）。,全年 08:00-18:00,https://img1.qunarzz.com/travel/poi/1704/7c/58ad1012f1f80c37.jpg_480x360x95_3278b6c0.jpg,4.5,建议游览时间：2小时 - 4小时,,具体收费情况以现场公示为主,,1
泰安楼Tai'an Building Hakka Cultural Park,http://travel.qunar.com/p-oi715567-taianlou,"

地址:
梅州市大埔县湖寮镇龙岗村

",泰安楼建于清高宗乾隆二十八年（公元1764年），距今已有247年的历史，是国内极为少见的石方楼，为省级文物保护单位。政府为保护泰安楼，为其修建了大型的保护公园，公园分陆地、水域两部分。建成中心、文化、湖岸、溪流、鼓楼、牌坊等6个功能区，38个景观集大埔“四乡”、“四名”特色于一园。,全年 08:30-18:00,https://img1.qunarzz.com/travel/d7/1409/14/f47c31be88451ab4ffffffffc8d65eac.jpg_480x360x95_d25f6e4e.jpg,4.0,建议游览时间：2小时 - 4小时,,具体收费情况以现场公示为主,,1
龙归寨瀑布Longguizhai Waterfall,http://travel.qunar.com/p-oi708854-longguizhaipubu,"

地址:
梅州市丰顺县横东管理区龙归寨瀑布旅游风景区


电话:
0753-6519328

",龙归寨瀑布位于丰顺县汤坑镇中部偏南，被誉为“广东省黄果树瀑布”、“粤东第一瀑”。瀑布保留着原生态的自然美景，这里山清水秀，环境清幽。最为著名的当属景区内那落差高达115米的飞瀑，气势磅礴，十分壮观。游玩龙归寨瀑布以赏景为主，可以在山脚感受“疑似银河落九天”的壮丽，也可以沿着登山栈道向上，在不同高度欣赏不同视角下的龙归寨瀑布，领略它的多种风情。有时候山脚下还会有卖茶的老翁，可以点上一壶茶，一边欣赏瀑布美景，也是别有一番滋味。,7:30-19:00,https://mp-piao-admincp.qunarzz.com/mp_piao_admin_mp_piao_admin/fusion/202112/f49bce28f6027c7eebb0bcd74fc60963.jpg_480x360x95_0d3dbbf6.jpg,4.2,建议游览时间：2小时 - 3小时,,"{'龙归寨瀑布门票成人票\n\n': ['¥48起'], '龙归寨瀑布门票儿童票\n\n': ['¥25起']}",,2
三河坝,http://travel.qunar.com/p-oi713714-sanheba,"

地址:
大埔古镇三河镇中山大桥 

",三河坝，一个只有10平方公里的不起眼的粤东小镇，有史家称之“得此控闽赣，失此失潮汕”也曾经在清朝拥有重要盐运枢纽历史。4块清朝时期古石碑，记录了三河镇鲜为人知的清朝重要盐运枢纽历史，分别为雍正十三年竖立的“码头功德碑”、乾隆五十七年六月二十一日竖立的“奉宪示禁碑”、咸丰七年竖立的“奉宪禁封哨马舡告示碑”及一块告诫盐商们行善戒贪的石碑。这些古碑被邓经雄上个世纪70年代末期发现后千方百计收藏保存至今。,全天,https://img1.qunarzz.com/travel/poi/1704/c3/9fafa92f3c17f537.jpg_480x360x95_b1a96c5d.jpg,0.0,,,免费,,2
梅江,http://travel.qunar.com/p-oi7588281-meijiang,"

地址:
广东省东部

",梅江位于广东省东部，发源于广东紫金县的七星峒，经五华、兴宁、梅县，于大埔三河坝汇入韩江，是韩江的两条主要支流之一。梅江流域包括广东省河源市紫金、梅州市五华、兴宁、梅县、梅江区、大埔，流域面积13929平方公里。梅江是梅州市最主要的水系。梅江的支流主要有五华河、琴江河、宁江、程江、石窟河、松源河、柚树河等，于大埔三河坝与汀江、梅潭河汇合，形成韩江。,全天,https://img1.qunarzz.com/travel/poi/1412/98/987db63305d10a78cdb.jpg_480x360x95_f68ba480.jpg,4.0,建议游览时间：1小时 - 2小时,,免费,梅江夜游乘船赏河畔宜人景色，沿江两岸如画风景。地址：广东省梅州市梅江区学海路30号开放时间： 20:10、21:15开船价格：25,2
松口古镇Songkou Ancient Town,http://travel.qunar.com/p-oi9599889-songkouguzhen,"

地址:
梅州市梅县区松口镇彬芳大道


电话:
15978046644

",梅州市梅县区松口镇地处梅县区东北部，在梅江下游，是个依山傍水的小盆地。自松口、松东、松南三镇合并后，成为梅县区第一大镇。松口不仅仅是千年古镇，而且是客家人的栖身之地。松口的名胜古迹和自然景观，得天独厚，自成格局，至今各地保存着很多古民居建筑。因松口古镇至今还未开发完全，所以游客稀少，其建筑及环境保护较好。,全年 全天开放,https://img1.qunarzz.com/travel/poi/1708/80/cb7470ebc76b3837.jpg_480x360x95_c9e0eac0.jpg,4.0,建议游览时间：2小时 - 3小时,,具体收费情况以现场公示为主,,2
黄蜂窝茶山The wasp ne,http://travel.qunar.com/p-oi713773-huangfengwochashan,"

地址:
兴宁市东部径南镇

",黄蜂窝茶山旅游区，于一九九零年建成，是集种茶、采茶、制茶、宣传茶文化的名茶示范基地和旅游观光的旅游区。茶山的各个山头分别建有观茶的茶亭、假山等景点。黄蜂窝绿色企业和旅游农业的发展，已引起各地游客的青睐，回归大自然，饱赏茶山自然风光，体验种茶、采茶、制茶已成为一种新时尚，成为城乡一体游的农业观光的一道风景线。,8:00-17:00,https://img1.qunarzz.com/travel/poi/1704/1d/43d6e1ac7963f937.jpg_480x360x95_007455af.jpg,--,,,20元,,2
益塘,http://travel.qunar.com/p-oi706347-yitang,"

地址:
五华县转水镇益塘村


电话:
0753-4897833 

",益塘景区内有由叶选平题字“益溏寺”景点及益塘环库游、孤山鲜果品尝、钓鱼场、狩猎场等。,9:00-17:00,https://img1.qunarzz.com/travel/poi/1704/33/8aa1440ab7a95f37.jpg_480x360x95_fe6320af.jpg,--,建议游览时间：2小时 - 3小时,,"门票
 20元

优惠政策
 身高1.5米以下儿童",,2
梅州客天下景区Meizhou Ketianxia Scenic Area,http://travel.qunar.com/p-oi3743818-meizhouketianxiajingqu,"

地址:
梅州市梅江区三角镇客天下旅游产业园


电话:
0753-2116123


官网:
http://www.ktxjq.com/

",梅州客天下景区是以梅州原生态的自然山水、深厚的客家文化为依托，集科研、教育、培训、生态、文化、休闲、度假、居住和旅游等为一体的客家文化生态旅游产业园。它是国内首个“旅游产业园”，占地面积约2000公顷，也是目前世界上规模最大的客家文化生态旅游产业园。它是梅州市“十一五”规划打造“世界客都、文化梅州”的重点工程，更是梅州走向世界的新名片。 集客家文化、客家饮食、旅游、居住、购物、休闲为一体的客家小镇，文化浓郁，风情醇厚，风景优美，人文景观独具特色，人文传统悠久，是体验客家民风民俗的最佳去处。其建筑风格再现客家建筑的精髓，把新客家建筑融于山水之中，成为中国建筑文化的一处奇迹，更是一幅优美的中国客家民俗风景画。这里是亚洲最大的百花园，其中尤以 万亩杜鹃为代表，种植有锦绣杜鹃、毛白杜鹃、簕杜鹃等一百多个品种的杜鹃花，还种植 有香樟、木棉、白玉兰、桂花树等几百个品种的 花木， 每当花期来临，漫山遍野，姹紫嫣红，成就一片花的海洋、绿的世界。景区还设有多条登 山道和步行道，游客们可以漫步森林，休闲健身，亲身感受原生态的自然之美。 ,全年 08:00-21:00,https://img1.qunarzz.com/travel/d9/1708/5c/0604a64c954781b5.jpg_480x360x95_a17328e6.jpg,4.1,建议游览时间：3小时 - 6小时,,"{'客天下客家小镇门票成人票\n\n': ['¥68起'], '客天下客家小镇门票优待票\n\n': ['¥45起'], '客天下客家小镇夜游门票成人票\n\n': ['¥30起']}",,2
七目嶂,http://travel.qunar.com/p-oi702085-qimuzhang,,被誉是“物种宝库”的粤东最大的自然保护区──七目嶂自然保护区。它位于五华县大田镇，毗邻河源、紫金、龙川、三县，距五华县城约45公里，总面积58.5平方公里，是原始次生阔叶林区，也是广东省最大的天然阔叶林区之一.七目嶂自然保护区物种繁多，经专家考证的就达2000多种，其中属国家保护的珍稀濒危植物有桫椤、三尖杉、吊皮锥、红椿等15种，动物有云豹、雉鸡、穿山甲等，称之为“物种宝库”实在是名不虚传.七目嶂自然保护区不但物种丰富，而且自然风光秀丽，景色十分迷人，群峰俊俏...被誉是“物种宝库”的粤东最大的自然保护区──七目嶂自然保护区。它位于五华县大田镇，毗邻河源、紫金、龙川、三县，距五华县城约45公里，总面积58.5平方公里，是原始次生阔叶林区，也是广东省最大的天然阔叶林区之一.七目嶂自然保护区物种繁多，经专家考证的就达2000多种，其中属国家保护的珍稀濒危植物有桫椤、三尖杉、吊皮锥、红椿等15种，动物有云豹、雉鸡、穿山甲等，称之为“物种宝库”实在是名不虚传.七目嶂自然保护区不但物种丰富，而且自然风光秀丽，景色十分迷人，群峰俊俏，峭壁险要，飞瀑深潭，古藤横空，山溪清澈，云海茫茫等秀丽景点举不胜举，定会使你美不胜收。如果你是一位不畏艰险的勇攀高峰者，登上五华制高点──海拔1318米的七目嶂主峰，河源、龙川、紫金、五华四县山川秀色便可尽收眼底。相传，诗人苏东坡游七目嶂后，对七目嶂的秀丽景色赞不绝口，曾写下不朽诗作[ 石马诗]。你见过千米高山上的“海底世界”吗？现在我们来到的地方就是七目嶂上的“海底世界”。在不到二公顷的小盆地中由千百个大大小小的岩石，构成了无数栩栩如生的海龟、海牛、海贝、海蛙等海洋生物形状，它们分别摆成了不同姿态，有的如“海龟望月”，有的如“龟牛亲吻”，有的如“螃蟹上岸”，这些千姿百态形神逼真的景致，就象神话一般，堪称世界一绝。,,,--,,,,,2
丘逢甲故居Qiufengjia Former Residence,http://travel.qunar.com/p-oi706610-qiufengjiaguju,,丘逢甲，梅州蕉岭人，近代爱国志士、诗人、教育家。在考取进士后不久就辞官，去讲学。甲午战争以后，丘逢甲毅然投笔从戎，组织义军进行浴血抵抗，激战20多日后因为没有后援而失败。丘逢甲时刻不忘雪洗国耻，临终前叮嘱“葬须向南，吾不忘也。”他一生不断创办新式学堂开启民智，是广东有声望的教育家之一。他的诗集《岭云海日楼诗抄》，沉郁苍凉，豪放激越多为怀念故土之作。丘逢甲的故居名为培远堂，位于蕉岭县城北面15公里处的文福镇淡定村，是一座典型的两堂客家围屋，该房是1896年丘逢甲来到广东时建造的。“培远堂”三字为晚清学者温仲和手书。故居现陈列着丘逢甲任义军大将军时在战斗中缴获的侵略军刀，还有其他一些文物。其故居旁建有“丘逢甲学校”。该故居现为省级重点文物保护单位。,,https://flight-feed.qunarzz.com/as3/288/image/poi_vishnu/2cf86d66-aae9-472f-bb9b-e3756aaeb814.jpg,5.0,建议游览时间：2小时,,{'丘逢甲故居电子导览票大小同价\n\n': ['¥7起']},,2
江北老街Jiangbeilao Street,http://travel.qunar.com/p-oi7628388-jiangbeilaojie,"

地址:
梅州市梅江区江北老城区的仲元西路和凌风路一带

",梅州市目前所保存的旧骑楼建筑，主要在位于江北老城区的凌风路一带。该道路始建于1932年，长约1000米、宽约8.5米，两侧小街空间更为狭小，但因建筑尺度合宜，故并不显拥塞，道路两侧建有连排的中西混合式骑楼商业建筑，尚有梅江桥、梅州学宫等地标。其周边地区属于梅州市重要的历史文化保护区。街区内的商铺、作坊、食肆、仓房、廊棚等建筑风格东西杂糅，建筑形式保守与前卫并存。街区内尚保存许多中西合璧的客家民居，其建筑形态有楼有院、组合多样，表现出闽西和粤东民居等相互渗透和影响。,全年 全天开放,https://img1.qunarzz.com/travel/poi/1708/d7/96fbd6359ed27537.jpg_480x360x95_fc846863.jpg,4.5,建议游览时间：2小时,,,,2
桥溪古韵Yannan Feiqiao Stream Scenic Area,http://travel.qunar.com/p-oi9198788-qiaoxiguyun,"

地址:
梅州市梅县区Y360


电话:
0753-2828888

",桥溪古韵毗邻雁南飞茶田，旅游资源丰富，特别是明、清时期兴建的十六座客家传统民居建筑保存完好，质朴却又不失宏伟，百年古民居——继善楼的建筑规模和建筑艺术以及营造的文化氛围是客家建筑的一朵奇葩，石桥、溪水、民居、古树构成一幅秀美的客家田园风光画卷，先后评为广东省十大最美古村落等荣誉称号。桥溪古韵是可以体验客家原生态的民风民俗、了解客家古民居的建筑艺术、发现客家人崇文重教的文化传统、感受十里桥溪山水的迷人风光、探寻明朝末代太子朱慈烺的历史谜踪。,8:00-17:30,https://img1.qunarzz.com/travel/d1/1608/92/b6bd8db75a7800b5.jpg_480x360x95_3e3a6258.jpg,4.6,建议游览时间：1小时,,"{'雁南飞茶田景区门票+桥溪古韵景区门票成人票\n\n': ['¥75起'], '桥溪古韵手机智能导游讲解服务大小同价\n\n': ['¥7起']}",,3
花萼楼,http://travel.qunar.com/p-oi708572-huaelou,"

地址:
大埔县大东镇联丰村

",花萼楼建于明万历36年（公元1608年），距今有近400年的历史，为省级文物保护单位。其设计精巧、结构独特，显示了客家人圆满、团结、平均、平等的生活理念，是目前广东土围楼中规模最大、设计最精美、保存最完整的民居古建筑，是世界民居建筑的一大奇观。整个土楼布局合理、通风采光、冬暖夏凉，现楼内还住着十多户林姓人家。,全天,https://img1.qunarzz.com/travel/d2/1605/ef/1a849a9c99a6f9f7.jpg_480x360x95_dc7b4a9f.jpg,4.0,,,{'花萼楼电子导览服务大小同价\n\n': ['¥7起']},,3
梅州五指石Meizhou Five Finger Stone,http://travel.qunar.com/p-oi710481-meizhouwuzhishi,"

地址:
梅州市平远县差干镇


电话:
0753-8272828,0753-8273252

",五指石因景区内的五座石峰拔地而起、形同五指擎天而得名。景区内树木葱茏、奇石林立，悬崖栈道、高空玻璃栈道不仅让游客收获惊险刺激的体验，也是非常好的观景平台。五指石景区面积较大，主要分为天路景区与五指峰景区，可以结合景区的观光车和索道加上步行的方式进行游览。在天路景区可以远眺五指石全貌，悬崖栈道贯穿其中，沿途奇峰林立，移步换景，有的神似一头小象，有的好比龙爪，栩栩如生，非常有意思。从天路景区出来便可前往五指峰景区，在这里可以穿行于五指石缝间，赏一线天、混元塔、千年古枫等景色。高空玻璃栈道正是位于这个景区，前去体验一番也很有意思。,8:00-17:00,https://img1.qunarzz.com/travel/d8/1609/13/2098a04c18990b5.jpg_480x360x95_2f0fea0d.jpg,4.4,建议游览时间：5小时 - 6小时,,"{'梅州五指石门票+双程索道票+观光车票成人票\n\n': ['¥144起'], '梅州五指石门票+双程索道票+观光车票儿童票\n\n': ['¥95起'], '梅州五指石门票+双程索道票+观光车票优待票\n\n': ['¥125起']}",五指山高空栈道 ：该栈道由平远县与江西省三清山国际旅行社共同投资兴建，总长8.7公里。栈道最高处离地面200余米，为广东省第一高空栈道。,3
"仁厚温公祠Renhou Wengong Ancestral Hall, Bingcun Town",http://travel.qunar.com/p-oi711369-renhouwengongci,,巨型的客家围龙屋“仁厚温公祠”始建于明朝弘治三年（公元1490年），距今已有五百多年的历史。她是唯一收入中国建筑学会编撰的巨著《中国传统民居建筑》一书的客家围龙屋。五百年的历史长流，必定在这里留下古老神奇的记印！五百年的岁月沧桑，能不在这里刻下前人创业的足迹？二十一世纪的今人到此一游，定会触发你的思古幽情，激起你的探究欲！因为她有悠久的历史，她是古老的民居，她有客家的特色。,,https://tr-osdcp.qunarzz.com/tr-osd-tr-manager/img/6c08209e71dbcaa0028d268c60d15ba4.jpg_480x360x95_67f68d99.jpg,4.0,建议游览时间：1小时,,具体收费情况以现场公示为主,,3
百侯古镇Baihou Ancient Town,http://travel.qunar.com/p-oi7588760-baihouguzhen,"

地址:
梅州市大埔县百侯镇百侯名镇旅游区


电话:
0753-5763898

",百侯名镇旅游区分为“百侯印象”、“耕读世家”、“古巷风韵”、“墟市旧梦”、“侯北人家”等五个主题片区。以深厚的历史人文底蕴及保存完好的官厅式古建筑群为依托，以系列本土文化博览馆、优美的自然生态资源为载体，向世人展示文风鼎盛的千年客家小镇生生不息的生活画卷。打造集古镇观光、历史探寻、文化休闲、科教娱乐、民俗体验等功能于一体的客家古镇文化旅游区。,8:30-17:00,https://img1.qunarzz.com/travel/d2/1802/71/36add754486df7b5.jpg_480x360x95_3130a1db.jpg,3.3,,秋季、冬季。,{'百侯名镇旅游区门票成人票\n\n': ['¥40起']},1、夏季防蚊虫、防晒、防暑。2、建议秋冬去，河鲜肥美、柚子酸甜！,3
神光山国家森林公园Guangdong Shenguangshan Forest Park,http://travel.qunar.com/p-oi702335-shenguangshanguojiasen,"

地址:
梅州市兴宁市976县道


电话:
0753-3318122,0753-3358589

","神光山,海拔360米，山高100米，山上林木参天，曲径通幽，古迹甚丰，为历代文人墨客畅游之地。每年重阳节赴神光山登高、祭祀、赛神会等已有八百多年历史。岁月推移，朝代更迭，原有的寺庙亭塔经受风雨侵蚀而废坏。八十年代，山南的墨池及石古大王、白沙大王、三山大王等庙坛，或经修葺，或经重建，均复原如初。神光寺及其它古迹仅剩遗址。1984年，泰籍华人、泰国""龙福寺""住持彰慈大师石善光倡议并为首募建神光寺，现已竣工开放。",全年 全天开放,https://img1.qunarzz.com/piao/fusion/1809/b6/020a5b5bdb934002.jpg_480x360x95_c42d58fb.jpg,4.6,建议游览时间：3小时 - 4小时,,{'神光山电子导览票大小同价\n\n': ['¥8起']},,3
万佛园Wanfo Garden,http://travel.qunar.com/p-oi10024124-wanfoyuan,"

地址:
梅州市丰顺县汤坑镇汕昆高速


电话:
0753-6686929

",万佛园是丰顺县城一个极具特色的休闲公园，这里环境清幽，亭台楼榭倒映在池面，景色清新怡人。园内更是处处洋溢着佛文化，济公殿、滴水观音、龙形长廊等都非常值得一看。漫步园中，满目苍翠，绿树成荫，名山胜景颇具禅意，建筑均古香古色，龙形长廊别具一格，还是一处非常不错的观景平台。,全年 全天开放,https://tr-osdcp.qunarzz.com/tr-osd-tr-manager/img/f5f81ef809194baf57a5fcb06a62cbb7.jpg_480x360x95_3fff09e9.jpg,4.6,建议游览时间：1.5小时 - 2.5小时,,具体收费情况以现场公示为主,,3
磐安围围龙屋Pan'an Weiwei Dragon House,http://travel.qunar.com/p-oi18703201-pananweiweilongwu,,"磐安围位于广东省兴宁市叶塘镇河西村麻岭顶东麓，是“兴宁十大古民居“之一。由刘氏十七世吉昌于清光绪二十一年（1895年）兴建。坐西向东，为三堂四横围龙屋布局，总面阔105.2米，总进深53.6米，建筑占地面积5060平方米，分布面积约15000平方米。  以夯土墙和木石构架承重。灰瓦硬山顶。中轴部分为三堂屋四横屋，横屋后面是半月形围龙，堂屋前是长方形禾坪，禾坪前有半月形池塘。中轴建筑为方形厅堂，厅与厅之间以天井相隔，大小天井共21个。四周建有角楼。共有房间122间，厅堂两边有南北厅、书斋、厢房、花厅、居室、浴室、厨房等。半月形的围屋连结横屋，内为花头脑，其间镶嵌有“五行风水石”。正对中轴线围龙顶端中间的房子是龙厅，是祭神用的神圣之地。所有天井、台阶、夯土墙转角处及大部分门框都用麻石条块加固、铺垫。在围龙屋两边还建有碓间、牛舍、猪栏间、马厩、杂物间、卫生间等，实现了人畜分居。围龙屋外层设有许多明暗枪眼，在四角楼最高处还有瞭望孔，其设计是没有射击死角，防御功能较齐全。屋后有山泉水，采用暗井、暗渠直通屋内,具有隐蔽性。生产、生活功能齐全，如储备物资充足，可足不出户在围龙屋内生活一年。2009年被评为兴宁市十大古民居。",,https://flight-feed.qunarzz.com/as3/288/image/poi_vishnu/db7da302-7185-43cb-9011-3e4d2cc6f535.jpg,3.9,建议游览时间：1小时 - 2小时,,具体收费情况以现场公示为主,,3
丰溪森林度假区Fengxi Forest Resort,http://travel.qunar.com/p-oi705973-fengxisenlindujiaqu,,"丰溪森林度假区位于粤东东北部、大埔北部，距县城54公里，梅州市123公里，龙岩市73公里，与永定县毗邻，全区面积30.2平方公里，属省级自然保护区。区内峰峦叠嶂，风光秀丽，气候宜人，夏天气温为2428℃，冬天气温为210℃，整个山系属水珠山系，地势较高，海拔在600-1100米之间，山坡度为25℃-60℃，属亚热带海洋性季风气候,为粤东旅游避暑好去处。区内有丰富的野生植物资源，植物种类繁多，现存155科、745种，以常绿阔叶林为主，森林覆盖率百分之九十七，有国家一类保护野生植物桫椤，有濒临绝种属于国家二类保护的观光木、伯乐树、粘木等珍贵树种，有国家三类保护的白桂木、巴戟等稀有林木，一些罕见的紫树、小叶红豆、马蹄荷等观赏植物遍布山间林荫。中草药资源也相当丰富，有黄花倒水莲、五指毛桃、七叶一支花、金银花、蜂斗草、灵芝等。野生果不下10种，含维生素丰富而闻名世界的果王猕猴桃较出名。还有制作家私的用材树种，如岭南红栲、硬木栲、孔雀兰等。区内有丰富的珍贵动物资源，动物有160多种，常见有国家二类保护的云豹出没，偶有国家一类保护的华南虎出没，常见扑食的灵猫、嬉戏的猕猴、惊窜的苏门羚、过涧蟒蛇、遁地的穿山甲、趴树的虎纹蛙、追逐的松鼠、扑楞楞的白鹇。区内自然旅游资源丰富，主要景区景点有仙女潭、女形山、百米叠瀑、狭谷奇观、古树化石、老鹰石、乌龟石、雄狮石、原始次森林景观、竹林休闲区。目前已规划开发的景点有珍贵植物观赏区（桫椤、观光木、禾雀花等）、森林浴景区、古树化石景点、狭谷探险区、仙女潭景点、原始次森林观赏区等。狭谷探险区和原始次森林观赏区位于丰溪森林度假区西部七里溪，这里山高路陡、怪石嶙峋，深山大狭谷里古树参天，野藤盘根错布，两山对峙，悬岩壁立，抬头望天，天成一线，瀑布飞流直下，沿溪流攀登而上，有惊无险，是寻幽探险吸氧的好去处。攀到将近山顶，便可观赏到原始森林郁郁葱葱、雄奇自然的景色。珍贵植物观赏区位于丰溪森林度假区东北部，一条1米多宽的石径小道把桫椤、观光木、禾雀花、瀑布等观赏点和山涧溪流连接成线。步入其内，悠然世外之感，若是暑天，很是沁凉。沿途山花灿烂，野生植物繁多，不泛珍贵品种。",,https://tr-osdcp.qunarzz.com/tr-osd-tr-manager/img/4056ba4f6c43579ffd7c468c90c194d0.jpg_480x360x95_6cc50c35.jpg,0.0,建议游览时间：1小时,,具体收费情况以现场公示为主,,3
惠仁圣寺Huirensheng Temple,http://travel.qunar.com/p-oi20979333-huirenshengsi,"

地址:
梅州市丰顺县留隍镇

",惠仁圣寺位于广东省丰顺县留隍镇。惠仁圣寺背倚凤凰山，面临韩江水，地形地貌优美，融秀色山川之中，碧波与峰峦相映成趣，是个万山当户立，一水接天来的佛门圣地。主要景点有：天王殿、大雄宝殿、钟鼓楼、地藏殿 、观音殿、三圣殿、药师殿和六祖殿。,8：00-18：00,https://tr-osdcp.qunarzz.com/tr-osd-tr-manager/img/ddf31193eb466301bc86a3a50e639702.jpg_480x360x95_38275583.jpg,4.8,建议游览时间：1小时 - 2小时,,具体收费情况以现场公示为主,,3
叶帅故居Yeshuai's  Former Residence,http://travel.qunar.com/p-oi10001437-yeshuaiguju,"

地址:
梅州市梅县雁洋镇雁上村叶剑英纪念园内


电话:
0753-2827869,0753-2825206,0753-2827395

",叶帅故居位于梅县雁洋镇雁上村，距梅州市区33公里，是一幢普通农舍，属于典型的客家围屋。故居室内陈设简朴，有元帅当年用过的床板台凳等生活用品，以及上百幅珍贵的照片，1989年被列为广东省重点文物保护单位。,全年 9:00-17:00,https://tr-osdcp.qunarzz.com/tr-osd-tr-space/img/203eec91e3ca11e638f4ec925063a72b.jpg_480x360x95_e37d00c0.jpg,4.6,建议游览时间：1小时,,,,4
济济楼Jiji Building,http://travel.qunar.com/p-oi9547005-jijilou,"

地址:
梅州市梅县区新城行政建设区梅花山下的济济楼（属程江镇车上村辖）

","坐落于梅州市梅县区新城行政建设区梅花山下的""济济楼""（属程江镇车上村辖），是一座建筑规模庞大、占地广阔的客家民居府第。它是二十年代期间梅县区富商""陈富源汇兑庄""创办人陈济轩（程江乡西山村人），于1936年动工兴建，历时10年，1946年落成。""济济楼""总占地面积15，435平方米，建筑总面积约10，080平方米的三堂六楼一枕杠、周围有围墙的大型两层楼建筑民居，内屋厅堂多、天井多，俗称九厅十八井，拥有房间218.5间。如果一个人要把屋内房间的窗门关闭和打开，足需花上一天的时间。这座民居建筑，是按堂横组成的三堂六横一枕杠的两层楼房建筑。前有禾坪、池塘，后有果树花园，布局上沿中轴线分上、中、下三大厅，厅左右有对称的四厢，上下左中右有六个天井，上左右的天井有小型金鱼池、假山，并放上大花盆等配饰；左右共有六杠横屋，每杠横屋有上下二个天井和一个厅及上下廊；后枕杠则似四合院，中间花园，右横及前面禾坪右侧还有建筑杂屋和三间晒屋楼一杠称""副杠""。建筑十分讲究，具有各种民居建筑特色之特点。在""济济楼""上堂，刻有一副对联。联云""缔造几艰难喜今朝堂构观成燕翼贻谋绵世泽；创垂之继述愿后裔箕裘克绍鸿图大展振家声。""此联是该楼落成时，由西山公学校长陈宗海所作。",全年 8:00-20:00,https://img1.qunarzz.com/travel/poi/1612/6a/6e822806f023f37.jpg_480x360x95_f9114c52.jpg,3.6,建议游览时间：1小时 - 2小时,,具体收费情况以现场公示为主,,4
江南步行街,http://travel.qunar.com/p-oi7628490-jiangnanbuxingjie,"

地址:
梅州梅江区梅江大道18号

",江南步行街是梅州比较繁华热闹的地方，集逛街、购物于一体。,全天,https://img1.qunarzz.com/travel/poi/1501/77/c7b4271e8bbd5.jpg_480x360x95_3260b775.jpg,--,建议游览时间：1小时 - 2小时,,,,4
桐梓洋林场,http://travel.qunar.com/p-oi40005919-tongziyanglinchang,,桐梓洋林场位于丰顺县，群山连绵，有各种茶树、药材等植物，树木茂密，风景秀丽。,,,0.0,,,,,4
圣峰嶂,http://travel.qunar.com/p-oi39971835-shengfengzhang,,圣峰嶂位于五华县，海拔一千多米，山体雄伟，植被茂盛，景色秀丽，是人们爬山的好去处。 ,,,0.0,,,具体收费情况以景区现场公示为主,,4
梅州市华侨博物馆,http://travel.qunar.com/p-oi39964349-meizhoushihuaqiaobowu,, 梅州市华侨博物馆位于梅州市，场馆为圆形建筑，展示了大量的照片，是人们了解有关华侨发展和历史的好地方。,,,0.0,,,具体收费情况以景区现场公示为主,,4
恩元第,http://travel.qunar.com/p-oi39942783-enyuandi,,恩元第位于梅州市，是一座典型的传统客家民居建筑，以长方形为布局，建有十厅九井，保存完好。,,,0.0,,,,,4
世界球王李惠堂故居,http://travel.qunar.com/p-oi39735773-shijieqiuwanglihuitang,,,,,0.0,,,,,4
智慧梅州柚数字展厅,http://travel.qunar.com/p-oi39604362-zhihuimeizhouyoushuzi,,,,,0.0,,,,,4
棉洋镇,http://travel.qunar.com/p-oi39600005-mianyangzhen,,,,,0.0,,,,,4
石楼村,http://travel.qunar.com/p-oi39573013-shiloucun,,,,,0.0,,,,,5
桃源村,http://travel.qunar.com/p-oi39571869-taoyuancun,,,,,0.0,,,,,5
茶山村,http://travel.qunar.com/p-oi39564336-chashancun,,,,,0.0,,,,,5
梅州乌仙岩佛光寺,http://travel.qunar.com/p-oi38941988-meizhouwuxianyanfoguang,,,,,,,,,,5
鸳鸯寨公园,http://travel.qunar.com/p-oi38939289-yuanyangzhaigongyuan,,,,,--,,,,,5
南口侨乡开心农场,http://travel.qunar.com/p-oi38913313-nankouqiaoxiangkaixin,,梅州畅玩新地标——南口侨乡开心农场，集探险、趣味、观赏为一体，探索冒险就是每个孩子的偏好，园区内设有50+项有趣而又有挑战性玩乐项目，适合不同年龄段的小朋友玩耍和锻炼，一票通，全场无限次畅玩50多项网红特色田园项目，欢乐打卡畅玩一整天！！,,,5.0,,,,,5
月形山乡村旅游区Meizhou Crescent Mountain Tourist area,http://travel.qunar.com/p-oi38913306-yuexingshanxiangcunlu:,,景区立足东升村丰富的自然资源和深厚的人文底蕴优势，紧紧围绕“绿水青山就是金山银山”的发展理念，按照“山、水、田、林、路、居”同步推进和“农、林、牧、副、渔、商”按需发展的原则，以森林公园建设为突破口、以茶果特色产业为重点、以乡村旅游为纽带，完善乡村治理体系，全力推动景区建设提档升级。在上级相关部门的支持，通过几年的努力，已建成环景区公路24公里、旅游大道2公里、登山石级路15公里、自行车绿道24公里、河道整治12公里，打造了休闲健身长廊、明月湖、莲花湖、田园综合体验区、钓鱼体验区、儿童水上乐园、民宿、运动基地、研学基地、中华姓氏灯笼、竹艺展览馆、乡情文化宣传长廊景观带等。,,,4.0,,,,,5
南台山国家森林公园石龙寨观佛景区,http://travel.qunar.com/p-oi38866217-nantaishanguojiasenlin,,,,,0.0,,,,,5
绿窟潭,http://travel.qunar.com/p-oi38860831-lu:kutan,,,,,--,,,具体收费情况以现场公示为主,,5
韩江源客家母亲雕像,http://travel.qunar.com/p-oi38800808-hanjiangyuankejiamuqin,,,,,--,,,具体收费情况以现场公示为主,,5
梅州逍遥谷,http://travel.qunar.com/p-oi38675782-meizhouxiaoyaogu,,梅州逍遥谷坐落在兴宁叶塘镇汤湖村，以温泉资源位核心载体，以优美的自然环境、丰富的人文风情、特色的历史传统文化、沐浴文化以及优质的服务为支撑，以体验温泉、感受文化、康体养生、休闲度假等为目的，打造广东旅游者所进行的观光娱乐、康体保健、休闲度假、商务会议、科普教育等一系列与温泉相关的休闲活动。,,,4.0,建议游览时间：2小时 - 3小时,,,,6
丘成桐国际会议中心,http://travel.qunar.com/p-oi38674624-qiuchengtongguojihuiyi,,丘成桐国际会议中心位于广东省梅州市蕉岭县长潭镇，总投资3.97亿元，占地3.97万平方米，总建筑面积4.74万平方米，内设各类会议室11间，可同时容纳2790人。设置有五大展区，分别是一楼的蕉岭人文展示空间、蕉岭城市客厅、“世界声音”丘成桐人文走廊，以及二楼的“大宇之旅”专题展示空间和数理竞赛活动空间，是集游客服务、会议研讨、文化展示、竞赛活动及文创展销等功能于一体的多功能服务综合体。,,,0.0,建议游览时间：2小时 - 3小时,,,,6
北塘村,http://travel.qunar.com/p-oi38340974-beitangcun,,,,,--,,,具体收费情况以现场公示为主,,6
御逸汤泉水上乐园,http://travel.qunar.com/p-oi38336749-yuyitangquanshuishang,,御逸汤泉水上乐园内有红茶池，桂花池等温泉池，还有水上滑梯等游乐项目，是人们休闲放松的好地方。,,,0.0,建议游览时间：1小时 - 2小时,,具体收费情况以现场公示为主,,6
龙颈水库,http://travel.qunar.com/p-oi38335992-longjingshuiku,,,,,--,,,具体收费情况以现场公示为主,,6
茶阳古镇,http://travel.qunar.com/p-oi38335344-chayangguzhen,,,,,--,,,具体收费情况以现场公示为主,,6
松坪传统古村落,http://travel.qunar.com/p-oi38040061-songpingchuantonggucun,,,,,--,,,具体收费情况以现场公示为主,,6
李惠堂故居,http://travel.qunar.com/p-oi37806885-lihuitangguju,,李惠堂故居位于横陂镇老楼村，是一座典型的客家“四点金”式建筑，上厅内存放有李惠堂肖像及其踢球、生活照数帧，手迹等。,,,5.0,建议游览时间：1小时 - 2小时,,具体收费情况以现场公示为主,,6
南源世第,http://travel.qunar.com/p-oi37806522-nanyuanshidi,,,,,0.0,,,具体收费情况以现场公示为主,,6
种玊上围,http://travel.qunar.com/p-oi37806458-zhongsushangwei,,,,,0.0,,,具体收费情况以现场公示为主,,6
华城水上乐园,http://travel.qunar.com/p-oi37802436-huachengshuishangleyuan,"

地址:
广东省梅州市五华县华城镇湖田村水心坝


电话:
18319318130

",华城水上乐园坐落在华城镇湖田村，乐园占地20亩，建有人造海浪池、大型滑道、亲子水上游乐设施、标准游泳池，儿童游泳池等十余项游乐设施，为市民打造休闲娱乐的去处！从彩虹滑梯俯冲而下，一路激起水花片片，好玩又刺激；夏日造浪池带你“乘风破浪”，享受夏季的清凉；欢乐水寨有满满热带雨林的既视感，是专属孩子的游玩天地；清澈见底的游泳池，可让你尽情享受和水的“征服之旅”。,全年 13:30-22:00,,5.0,建议游览时间：12小时 - 3天,,,,7
紫阳公园,http://travel.qunar.com/p-oi37532576-ziyanggongyuan,,,,,0.0,,,具体收费情况以现场公示为主,,7
嘉应桥头公园,http://travel.qunar.com/p-oi37532360-jiayingqiaotougongyuan,,嘉应桥头公园是一处集休闲娱乐、市民亲子体验、社交互动等功能于一体的街心公园，园内有摩天轮、海盗船、碰碰车等休闲游乐设施。,,,0.0,建议游览时间：1小时 - 2小时,,具体收费情况以现场公示为主,,7
西桥公园,http://travel.qunar.com/p-oi37532329-xiqiaogongyuan,,,,,0.0,,,,,7
南源世第,http://travel.qunar.com/p-oi37393323-nanyuanshidi,,,,,--,,,,,7
星月古堡(梅州店),http://travel.qunar.com/p-oi37204241-xingyuegubao,,,,,0.0,,,具体收费情况以现场公示为主,,7
中华龙,http://travel.qunar.com/p-oi37204220-zhonghualong,,,,,,,,,,7
曼佗山庄山茶花主题生态园,http://travel.qunar.com/p-oi37204163-mantuoshanzhuangshancha,,,,,--,,,具体收费情况以现场公示为主,,7
望杏坊,http://travel.qunar.com/p-oi37204136-wangxingfang,,,,,--,,,具体收费情况以现场公示为主,,7
元魁塔,http://travel.qunar.com/p-oi37199040-yuankuita,,,,,0.0,,,,,7
琴江公园,http://travel.qunar.com/p-oi37190830-qinjianggongyuan,,,,,0.0,,,具体收费情况以现场公示为主,,8
大埔县文化广场,http://travel.qunar.com/p-oi37190474-dapuxianwenhuaguangchang,,,,,0.0,,,,,8
中山公园,http://travel.qunar.com/p-oi37190408-zhongshangongyuan,"

地址:
025县道康怡花园旁(松口镇康俗路)

",,全年 周一-周六 17:00-01:00,,--,,,具体收费情况以现场公示为主,,8
兴宁人民公园,http://travel.qunar.com/p-oi37190381-xingningrenmingongyuan,,,,,0.0,,,具体收费情况以现场公示为主,,8
亲水公园,http://travel.qunar.com/p-oi37190170-qinshuigongyuan,,,,,0.0,,,,,8
明珠体育公园,http://travel.qunar.com/p-oi37190039-mingzhutiyugongyuan,,,,,--,,,具体收费情况以现场公示为主,,8
梅龙路博物馆,http://travel.qunar.com/p-oi37189821-meilonglubowuguan,,,,,0.0,,,,,8
松江大酒店(华侨文史博物馆),http://travel.qunar.com/p-oi37189754-songjiangdajiudian,,,,,0.0,,,具体收费情况以现场公示为主,,8
河滨公园,http://travel.qunar.com/p-oi37189698-hebingongyuan,,,,,0.0,,,,,8
五华人民公园,http://travel.qunar.com/p-oi37189605-wuhuarenmingongyuan,,,,,0.0,,,具体收费情况以现场公示为主,,8
西镇中国书法公园,http://travel.qunar.com/p-oi37189444-xizhenzhongguoshufagong,,,,,0.0,,,具体收费情况以现场公示为主,,9
归读公园,http://travel.qunar.com/p-oi37189410-guidugongyuan,,,,,5.0,,,,,9
锡林公园,http://travel.qunar.com/p-oi37189327-xilingongyuan,,,,,0.0,,,具体收费情况以现场公示为主,,9
坚真公园,http://travel.qunar.com/p-oi37189180-jianzhengongyuan,,,,,0.0,,,,,9
上黄坑村Shanghuangkeng Village,http://travel.qunar.com/p-oi35386256-shanghuangkengcun,,,,,--,,,具体收费情况以现场公示为主,,9
胡进坑Hujinkeng Village,http://travel.qunar.com/p-oi35385443-hujinkeng,,,,,--,,,具体收费情况以现场公示为主,,9
大神坑,http://travel.qunar.com/p-oi35385019-dashenkeng,,,,,--,,,具体收费情况以现场公示为主,,9
"旱禾田背Tianbei Village, Hanhe Town",http://travel.qunar.com/p-oi35384062-hanhetianbei,,,,,--,,,具体收费情况以现场公示为主,,9
"神光山南山湖Nanshan Lake, Shenguang Mountain",http://travel.qunar.com/p-oi35320493-shenguangshannanshanhu,,南山湖为天然湖泊，依山就势，风光秀美。沿南山湖岸边的生态绿道漫步缓行，两侧的野生花卉多姿多彩、如珠宝错落，犹如仙境。,,,--,建议游览时间：1小时 - 2小时,,具体收费情况以现场公示为主,,9
"大埔县西岩山岽顶湖茶场Dongding Lake Tea Plantation, Xiyan Mountain, Dapu County",http://travel.qunar.com/p-oi35320478-dapuxianxiyanshandong,,,,,--,,,具体收费情况以现场公示为主,,9
保林寺Baoling Temple,http://travel.qunar.com/p-oi35316549-baolinsi,,,,,--,,,具体收费情况以现场公示为主,,10
南口草场Nankou Grassland,http://travel.qunar.com/p-oi35315606-nankoucaochang,,,,,--,,,具体收费情况以现场公示为主,,10
庐泉溪家庭农场,http://travel.qunar.com/p-oi35310746-luquanxijiatingnongchang,,,,,--,,,具体收费情况以现场公示为主,,10
保林寺Baoling Temple,http://travel.qunar.com/p-oi35309390-baolinsi,,,,,--,,,具体收费情况以现场公示为主,,10
书斋岗Shuzhaigang Mountain,http://travel.qunar.com/p-oi35305413-shuzhaigang,,,,,--,,,具体收费情况以现场公示为主,,10
黄岸嶂Huang'an Peak,http://travel.qunar.com/p-oi35304593-huanganzhang,,,,,--,,,具体收费情况以现场公示为主,,10
黄毛头顶Huangmaotou Peak,http://travel.qunar.com/p-oi35304451-huangmaotouding,,,,,--,,,具体收费情况以现场公示为主,,10
鹿子山Luzishan Village,http://travel.qunar.com/p-oi35301144-luzishan,,,,,--,,,具体收费情况以现场公示为主,,10
鹿汶湖Luwen Lake,http://travel.qunar.com/p-oi35301124-luwenhu,,,,,--,,,具体收费情况以现场公示为主,,10
鹿颈窝Lujingwo Village,http://travel.qunar.com/p-oi35300672-lujingwo,,,,,--,,,具体收费情况以现场公示为主,,10
