名字,链接,地址,介绍,开放时间,图片链接,评分,建议游玩时间,建议季节,门票,小贴士,Page
北极村Beijicun (“North Pole Village”),http://travel.qunar.com/p-oi707821-beijicun,"

地址:
大兴安岭地区漠河市


电话:
0457-2858049,0457-8966999,0457-2884546


官网:
http://www.beijicunlvyou.com/

","北极村是我国大陆最北端的临江小村，地处黑龙江上游南岸，七星山脚下，北与俄罗斯阿穆尔州的伊格娜恩依诺村隔黑龙江相望。地理坐标为：东经122°21′05″至122°21′30″，北纬53°27′00″至53°33′30″，北极村原名漠河村，是现今北极乡政府所在地，距漠河县址西林吉镇87公里。1860年开始有人居住，1886年被清政府开辟为通往胭脂沟的江上驿站——三十站，解放后撤县并入呼玛。1981年西林吉镇建县址后，北极乡归属漠河县。行政区划面积16平方公里，共有住户723户，1861人。
这里以北著称、借北扬名，有中国最北的村落、最北的哨所、最北的人家等一系列以北为主题的旅游产品，素有“金鸡之冠”、“天鹅之首”和“不夜城”之美誉，是中国最北的旅游景区，是全国观赏北极光和极昼极夜的最佳观测点之一，形成了独具特色的“神州北极”品牌。
北极村旅游景区旅游资源丰富而独特，乡土气息浓郁，植被和生态环境保存完好。具有发展生态旅游、森林旅游、冰雪旅游的突出优势，有神州北极、神奇天象、龙江之源、圣诞世界等垄断性的旅游资源，拥有圣诞村、北极沙洲、最北邮局、最北哨所、最北的村落、最北人家、最北的滑雪场等特色旅游景点。可满足旅游者观光科考、休闲度假、避暑养生、冬季雪上项目等需求，是旅游、科考、探险、度假胜地。北极村旅游景区自1997年正式对外营业，先后被批准为国家5A级旅游景区、国家森林公园、全国首批特色景观旅游名镇等殊荣。",全年 全天开放,https://img1.qunarzz.com/travel/d7/1606/63/15ee39ebd34440f7.jpg_480x360x95_606f4ac1.jpg,4.5,建议游览时间：3天 - 6天,6月-8月和10月-次年2月适宜游览。冬季可以进行雪上活动，仅有半个月的夏季则有机会欣赏到难得一见的北极光。,"{'北极村门票成人票\n\n': ['¥68起'], '北极村门票儿童票\n\n': ['¥34起'], '北极村门票老人票\n\n': ['¥34起']}",漠河是我国最冷的地方，冬季温度常在零下30℃~40℃。冬季去漠河建议穿暖棉内衣、皮衣、老棉裤，帽子要过耳，两层手套，三层袜子，鞋子要穿比原来大2~3码的，这些衣物务必在哈尔滨、齐齐哈尔等大城市事先买好。,1
北红村Beihong Village,http://travel.qunar.com/p-oi5851492-beihongcun,"

地址:
大兴安岭漠河县北红村

",北红村位于中国黑龙江省漠河县，是中国没有被开发过的原始村庄。其南北面环山，黑龙江由西向东穿村边而过。北红村是远离城市喧嚣的净土。其四周均为未开发的原始森林，林木浓密，野果遍地，小动物如野猪、袍子、雪兔、飞龙等随处可见。需要有当地人作为向导。丛林中鸟叫虫鸣，在夏末，可以采摘野果，蘑菇木耳也可以寻找野生灵芝等名贵药材。沿着鹅卵石的江岸，随着自己的感觉踱步，听着风声、流水声，你会觉得你是在世外桃源。如果你对奇石有兴趣，你可以慢慢的前行，弯下腰你会发现很多让你感到惊奇的石头，玛瑙石。相信每个人都可以找到让自己中意的石头。,全年 全天开放,https://img1.qunarzz.com/travel/d1/1701/7f/9cd5b99d5c9c64b5.jpg_480x360x95_4817bc5d.jpg,4.4,建议游览时间：3小时 - 6小时,四季皆宜。,具体收费情况以现场公示为主,,1
松苑原始森林公园Songyuan Forest Park,http://travel.qunar.com/p-oi714573-songyuanyuanshisenlin,"

地址:
大兴安岭地区漠河县16区

",松苑原始森林公园位于黑龙江省漠河县，是东北少有的坐落在城市里的原始森林，它的存在，让人们感受到了一份亲近的自然之美，也是净化城镇空气的理想场所。1987年的一场大火让大兴安岭100多顷的森林树木毁于一旦，然而松苑却幸存下来，没有受到任何损害，因此，这片树林从此便得到了人们的重视。春季是松苑非常美的时候，届时各种花儿开满山野，公园成为了花的海洋，游人纷纷来此欣赏这迷人的风景，公园里生机勃勃，营造着一种愉悦欢乐的气氛。,全年 9:00-18:00,https://img1.qunarzz.com/travel/poi/201407/07/b680fae7c699ad9bddb12cfb.jpg_480x360x95_83f393c3.jpg,4.5,建议游览时间：1小时 - 2小时,,"{'漠河中国醉北点+北极村小众纯玩+大环线2-6人小团三日游\n\n': ['¥650起'], '甄选漠河+北红村+北极村3日经典环线游 品质团 解锁网红玩法\n\n': ['¥680起'], '甄选漠河+北红村+北极村3日游（3日经典环线游2-10人品质团+追逐神秘极光-解锁各种网红玩法）\n\n': ['¥680起']}",,1
乌苏里浅滩Wusulli Shoal,http://travel.qunar.com/p-oi7475651-wusuliqiantan,"

地址:
大兴安岭地区漠河市安岭地区北端图强林业局施业区内


电话:
0457-2827799

",乌苏里浅滩，紧挨着中俄界河黑龙江，标志的两旁还有两块巨石，分别写着：“北国擎天石”和“恭喜您找到北了！”浅滩北岸是中俄大界江——黑龙江，这里江水雄浑壮丽，滩岸一马平川。冬季更是雪卧原野，一片银白世界，是大自然鬼斧神工，造就了北国这一天下奇景。如今这里已被图强林业局开辟为自然风光旅游景区。因这里在清朝时设有卡伦（相当于边防站）叫乌苏里，故景区名称确定为“ 乌苏里浅滩风景区”。,全年 6:00-18:00,https://img1.qunarzz.com/travel/d3/1609/29/09ed20c6198697b5.jpg_480x360x95_3c3cde55.jpg,4.3,建议游览时间：1小时 - 2小时,,具体收费情况以现场公示为主,,1
九曲十八弯Nine Curves and Eighteen Turns,http://travel.qunar.com/p-oi5851305-jiuqushibawan,"

地址:
大兴安岭地区漠河县加漠公路485段上


电话:
0457-2851633

",九曲十八弯有着独特的自然风景，是一片保存完好的湿地景区。额尔木河从这里蜿蜒而过，形成曲折迂回的河湾。据说每年的春末到夏末，湿地被郁郁葱葱的绿草所覆盖，秀丽清新的小野花点缀着草原，河水从中流淌，犹如一条洁白的色带，轻舞飞扬，若是在清晨观景，那更是如同仙境，早上的雾气缭绕，景致典雅中带着一份矜持，九曲十八弯像是一位少女，不施粉黛，青春美好。站在观景台上举目远眺，山上的苍松茂密，层层叠叠、黛绿如墨，峰峦跌宕如风起云涌，松涛阵阵似万马奔腾。蜿蜒曲折的额木尔河水，如蛟龙过境迂回向前，浓绿泛青的岸柳、挺拔俊秀的钻天杨等植被缀满其间，林雀和鸣，野鸭嬉戏。在6-9月份100多天里，清晨雨后，云雾缭绕、晨雾弥漫，使你顿生脚踏祥云之感。,全天开放,https://img1.qunarzz.com/travel/d5/1701/4b/c71dff7d977c22b5.jpg_480x360x95_d3b348a0.jpg,4.2,建议游览时间：2小时 - 3小时,春夏美景最佳。,具体收费情况以现场公示为主,,1
黑龙江第一湾Heilongjiang First Bay,http://travel.qunar.com/p-oi7336955-heilongjiangdiyiwan,"

地址:
大兴安岭地区漠河县图强林业局施业区红旗岭段


电话:
13904572165

",中俄界河额尔古纳河在漠河县洛古河村西北15公里处与俄罗斯方向流过来的石勒喀河汇合后就成为黑龙江源头，滚滚黑龙江水从这里为起点沿着内外兴安岭交界处的低谷一路东流150公里后在一个叫红旗岭的地方突然拆成一个Ω形江湾，这个长度达30公里的神奇大湾就是黑龙江第一湾。,全年 全天开放,https://img1.qunarzz.com/travel/d5/1707/54/6176ed152861ecb5.jpg_480x360x95_c1f56d71.jpg,4.5,建议游览时间：2小时 - 3小时,,具体收费情况以现场公示为主,,1
胭脂沟Rouge Groove,http://travel.qunar.com/p-oi708033-yanzhigou,"

地址:
西吉林镇


电话:
028-83837888

",胭脂沟位于黑龙江省的漠河县，距离北极村不远，是额尔木河的支流，原名“老金沟”，意为出产金子的沟渠。清末时期，一个鄂伦春老人在埋葬马匹的时候意外发现了这河沙中有着大量金沫子，俄罗斯人闻讯而来，跨过黑龙江，在此肆无忌惮的开挖金子。随后，李鸿章派遣李金镛前来治理漠河，李金镛带领工人们建设金矿厂，这里兴盛起来，漠河金矿声名远播。这里的人气旺了，不少女子便决意搬来此地接生意，据说每天这河水上漂浮的都是她们卸妆后的胭脂水粉，胭脂沟的名字也就叫开了。又有说老金沟是慈禧御用的金厂，这里出产的金子是供她买胭脂的。这传说纷纭，真假难辨了。不过，胭脂沟的淘金热潮却从未退却，即使到了现在，据说沟渠里依然能挖出金子呢。,全年 全天开放,https://img1.qunarzz.com/travel/poi/201211/19/4553acf82b103739ddb12cfb.jpg_480x360x95_820cab3c.jpg,4.2,建议游览时间：3小时,,具体收费情况以现场公示为主,,1
大兴安岭五·六火灾纪念馆Da Hinggan Ling Five Six Fire Memorial Hall,http://travel.qunar.com/p-oi705048-daxinganlingwuliuhuozai,"

地址:
大兴安岭地区漠河市中华路25号

",1987年5月6日的一场大火让大兴安岭100多万顷的树木被烧毁，国家财产损失之大无法估计。大兴安岭五·六纪念馆正是出于反思这场重大灾难的目的而特别设立的，它坐落于大兴安岭漠河县的西林吉镇上，每天都有大量的参观者来此了解20多年前的那场惨烈。纪念馆的展厅分为12个，还内设了一处环幕电影厅，采用了图片、文字、场景再现的模型、雕塑以及纪录片、电影等手段生动的向大家介绍了1987年大兴安岭火灾的前前后后。通过这些多媒体多方位的展示，希望让众人对于森林防火、森林资源、生态保护的方方面面起到积极的警示作用，森林的存在让人类生活的更好，是地球上不可或缺的重要资源。,8:00-17:00，节假日闭馆,https://img1.qunarzz.com/travel/poi/1409/09/d315714ba23ac214ffffffffc8d65eac.jpg_480x360x95_1094c6d6.jpg,4.7,建议游览时间：1小时,,"{'漠河中国醉北点+北极村小众纯玩+大环线2-6人小团三日游\n\n': ['¥650起'], '甄选漠河+北红村+北极村3日经典环线游 品质团 解锁网红玩法\n\n': ['¥680起'], '漠河-北极村2日包车游（多种车型可选 纯玩自由行）\n\n': ['¥450起']}",,1
大兴安岭资源馆Daxing'anling Natural Resource Exhibition,http://travel.qunar.com/p-oi710265-daxinganlingziyuanguan,"

地址:
大兴安岭地区加格达奇区加格达齐世纪广场南侧


电话:
0457-2111991

",大兴安岭资源馆位于黑龙江省大兴安岭地区的加格达奇市中心，是了解大兴安岭的生态资源的理想平台。在资源馆内，你可以看到很多资源标本，这里收藏了近30种的动物标本，都是大兴安岭地区的代表性野生动物，例如马鹿、猞猁、紫貂、猞猁、野猪等，还有140种左右的植物标本，例如红松和黄菠萝。展馆的主题围绕人和森林展开，采用多媒体的形式展现了美丽富饶的大兴安岭风景，希望能让大家明白森林对于人类生存的重要意义，激发人们持有关爱自然的积极态度。,全年 8:30-17:00,https://img1.qunarzz.com/travel/poi/201211/19/8de11069a5667d0dddb12cfb.jpg_480x360x95_4a3bf583.jpg,4.5,建议游览时间：2小时 - 3小时,,免费开放,,1
中国最北邮政局Chinese Northernmost Post Office,http://travel.qunar.com/p-oi7475641-zhongguozuibeiyouzheng,"

地址:
大兴安岭地区漠河县北极村


电话:
0457-2858049,0457-8966999

",该景点位于黑龙江省漠河县，在中国偏北部的村落内。这里随着村落的旅游开发，成为了一块金字招牌，每位来此的游客都会买纪念品和明信片，写上祝福的话语，再让工作人员盖上邮戳，从这里寄回家，给自己的旅途添上一抹独特的意义。到了12月，这里会举办圣诞主题的活动，这里摆满了各种圣诞纪念物，圣诞树被布置的光彩夺目，你可以在此感受浓厚的北国圣诞气氛，十分有趣特别。,全年 8:00-17:00,https://img1.qunarzz.com/travel/d9/1705/4c/1022f6fc46b299b5.jpg_480x360x95_a127793d.jpg,4.3,建议游览时间：1小时,四季皆可。,具体收费情况以现场公示为主,,1
北陲哨所Northern Frontier Watchhouse,http://travel.qunar.com/p-oi7588375-beichuishaosuo,"

地址:
大兴安岭地区漠河县北极村内

", 漠河北极村是我国北边的边疆小镇，有人说，如果把中国地图看作是大公鸡，那北极村便是这鸡冠的顶部了。就在这么一个环境下，我国北边的哨所也驻扎于此。它是我国纬度较高的哨所，位于北纬53度，东经122度的地方。这里的生活条件刻苦，每年冬季有8个月之长，较低气温为零下57度。如果你在漠河，在北极村，或许可以一睹哨所和士兵的风采，但这可是军事重地，闲人勿近，更别谈入内参观了哦。所以，就让我们保持着对边疆战士的尊敬之情，远远的向他们致敬吧。,不对外开放,https://img1.qunarzz.com/travel/d6/1701/85/fb0de378b964ceb5.jpg_480x360x95_a71b31cb.jpg,4.5,建议游览时间：1小时,,具体收费情况以现场公示为主,,2
鄂伦春民族乡Elunchun Ethnic Country,http://travel.qunar.com/p-oi712482-elunchunminzuxiang,"

地址:
黑龙江省塔河县十八站乡

",这里风土人情很醇厚，具有独特的民族特色，在这里可以体验不失特色的民俗文化。,全天,https://img1.qunarzz.com/travel/poi/1411/25/251378cc7fd7a864cdb.jpg_480x360x95_2fe8a626.jpg,4.2,建议游览时间：12小时 - 3天,5月中旬至9月中旬，是避暑纳凉、欣赏草原风光的最佳时机，这段时间气温适宜，蚊虫较少。,具体收费情况以现场公示为主,,2
白桦林White Birch Forest,http://travel.qunar.com/p-oi7644873-baihualin,"

地址:
大兴安岭地区漠河县

",北国边陲漠河在大兴安岭，但在岭而不觉岭，“岭”的感觉并不很明显，倒是白桦林给人留下较为深刻的印象。白桦树有点像北方的白杨，挺直、伟岸，如剑戟直向北国长天。也有一二株、三五株长成枝桠分叉、树冠圆阔的大树的，展示出白桦树的另一种风姿。白桦树一般与落叶松、獐子松混生在一起。也有单独的白桦林带，公路沿线的白桦林带是一片风景，一道道密麻麻的白灰色树干闪烁而过，有时风起，树顶的树叶被风吹翻卷，露出叶子反面的银白色，宛如开出半树半树的白花。走进白桦林中，引人注目的是白桦树的树皮，不时有开裂翻卷的。若乘势剥下，是一层又一层紧密结合在一起的桦树皮。桦树皮色泽很好，浅黄色，带着淡咖啡色的细斑点，又十分坚韧，剥至薄如蝉翼的一片，也撕不开它。当地人用桦树皮做成匣子、袋子等实用品或工艺品，鄂伦春人甚至有用它翻盖屋顶或做成桦皮船的。,全年 全天开放,https://img1.qunarzz.com/travel/d8/1701/24/7ed6aa9275f3e1b5.jpg_480x360x95_9637dc22.jpg,4.6,建议游览时间：0.5小时 - 1小时,,具体收费情况以现场公示为主,,2
李金镛祠堂Lijinyong Ancestral Hall,http://travel.qunar.com/p-oi7475646-lijinyongcitang,"

地址:
金沟林场西部一座山腰上


电话:
+86 457 288 7171

",李金镛祠堂坐落于北极村外40公里左右的金沟林场附近，是为了纪念知府李金镛而修建的祠堂。李金镛是漠河发展历史上的一位名人，他带领着人们在此开山淘金，智斗沙俄盗匪，有着英勇大义坚韧顽强的精神，在他的努力下，漠河成为了清末乃至近代成功且有名的矿业，李金镛也被称作“金圣”。这座祠堂建于1998年，虽说尚属年轻，但是却显得古韵质朴，背靠巍峨青山，面朝滔滔江水，四周是翠绿的树木，在这片美景的映衬下，祠堂庄严肃穆，静谧悠远。,全年 9:00-17:00,https://img1.qunarzz.com/travel/poi/1409/15/e29da82e3a632fbeffffffffc8d65eac.jpg_480x360x95_028c495f.jpg,4.2,建议游览时间：0.5小时 - 1小时,,免费,,2
古城岛,http://travel.qunar.com/p-oi710233-guchengdao,,为黑龙江第二大岛，该岛位于漠河县兴安乡东北约4公里的黑龙江中，距中国岸50米，距俄岸350米。1685年（康熙二十四年）理藩院侍郎明爱奉诏修墨尔要（嫩江）至雅克萨之间的驿站，在雅克萨之战期间，该岛又成为清军收复雅克萨的桥头堡。在岛上筑土城、建营盘，设置指挥部。岛上的城堡与炮台至今还留有痕迹，当年的铜炮“震北侯”佚落在岛东南的南益山中。由清军平定罗刹在此进行了著名的雅克萨自卫反击战。岛屿对岸为雅克萨城，今为俄罗斯的阿尔巴金诺。雅克萨战争期间，清军指挥驻于岛上...为黑龙江第二大岛，该岛位于漠河县兴安乡东北约4公里的黑龙江中，距中国岸50米，距俄岸350米。1685年（康熙二十四年）理藩院侍郎明爱奉诏修墨尔要（嫩江）至雅克萨之间的驿站，在雅克萨之战期间，该岛又成为清军收复雅克萨的桥头堡。在岛上筑土城、建营盘，设置指挥部。岛上的城堡与炮台至今还留有痕迹，当年的铜炮“震北侯”佚落在岛东南的南益山中。由清军平定罗刹在此进行了著名的雅克萨自卫反击战。岛屿对岸为雅克萨城，今为俄罗斯的阿尔巴金诺。雅克萨战争期间，清军指挥驻于岛上，筑土城而获现名。岛屿面积15平方公里，已全部开垦。1964年前额木尔公社曾驻于岛上。1985年春汛，发生冰凌灾害，仅剩二层楼房一栋，供游人及村民上岛寄宿之用。,,https://img1.qunarzz.com/travel/poi/201211/19/8236bc99e20dc485ddb12cfb.jpg_480x360x95_e15848fb.jpg,--,建议游览时间：4小时 - 1天,,,,2
呼中自然保护区Huzhong Nature Reserve,http://travel.qunar.com/p-oi713373-huzhongziranbaohuqu,,呼中自然保护区，位于黑龙江省大兴安岭地区的呼中区，面积有19.4万公顷之大，是东北典型的传统的原始森林之一。这里如同未开垦的地，生活着各种珍贵的野生动物和植物，纯洁美好，生机勃勃，据说是大兴安岭自然森林生态的代表性地区，虽然地处偏远，但风景这边独好。,,https://img1.qunarzz.com/travel/poi/201211/19/141033f1ed113d89ddb12cfb.jpg_480x360x95_9518f968.jpg,4.8,建议游览时间：12小时 - 3天,,具体收费情况以现场公示为主,,2
洛古河村Luogu River Village,http://travel.qunar.com/p-oi5420402-luoguhecun,"

地址:
漠洛公路附近洛古河村

",洛古河村是个小村庄，只有几十户的人家，依然保持了当地传统纯朴的生活习惯，平日里以农耕、渔业和贩卖木材为生存活计，这里的农舍都是北方典型的木楞刻风格，冬暖夏凉，简约舒服。,全年 全天开放,https://img1.qunarzz.com/travel/poi/201211/15/8514f32530069741ddb12cfb.jpg_480x360x95_1f5c5ca4.jpg,4.6,建议游览时间：1小时 - 2小时,,免费,,2
美人松原始森林Beauty Pine Virgin Forest,http://travel.qunar.com/p-oi715029-meirensongyuanshisenlin,,美人松原始森林是以樟子松为主。林中树林茂密，挺拔秀美，故称美人松。樟子松林四季常青，非常壮观。,,https://tr-osdcp.qunarzz.com/tr-osd-tr-manager/img/9f0ecbb5c52b754d6794e5c3af1b393c.jpg_480x360x95_3032f570.jpg,4.5,建议游览时间：2小时 - 3小时,,具体收费情况以现场公示为主,,2
北陲哨所,http://travel.qunar.com/p-oi7475645-beichuishaosuo,,,,https://img1.qunarzz.com/travel/poi/1409/15/4e3384c6203da237ffffffffc8d65eac.jpg_480x360x95_f44638f7.jpg,3.8,建议游览时间：1小时 - 2小时,四季皆可。,"{'【精品线】漠河+北极村纯玩2日游（九曲+鹿苑+观音山·品质）\n\n': ['¥298起'], 'VIP2-6人小包团 漠河3日经典大环线 车+住+票一价全含\n\n': ['¥480起'], '漠河中国醉北点+北极村小众纯玩+大环线2-6人小团三日游\n\n': ['¥650起']}",,2
霍拉盆地,http://travel.qunar.com/p-oi713416-huolapendi,"

地址:
黑龙江省大兴安岭漠河县城西50公里的崇山峻岭中

",神奇、美丽、富饶的霍拉盆地坐落在漠河县城西50公里的崇山峻岭中，盆地形如巨扇，面积约80平方公里，闻名龙江大地的古莲河露天煤矿就诞生在这里。“霍拉盆地”一词鄂伦春语，意为湖泊、沼泽之地。盆地地表大部分被四纪沼泽覆盖，在盆地的南端有一形状如新月的自然湖泊，这就是成因奇特的冰川热融湖一月牙湖。 三十年前，霍拉盆地还是一方水肥草美，风光独秀，动物资源十分丰富的处女地， 一个秋高气爽的秋天，达翰尔族猎人沃柳山来到霍拉盆地月牙湖附近一个叫“犴圈”的地方狩猎，轻取...神奇、美丽、富饶的霍拉盆地坐落在漠河县城西50公里的崇山峻岭中，盆地形如巨扇，面积约80平方公里，闻名龙江大地的古莲河露天煤矿就诞生在这里。“霍拉盆地”一词鄂伦春语，意为湖泊、沼泽之地。盆地地表大部分被四纪沼泽覆盖，在盆地的南端有一形状如新月的自然湖泊，这就是成因奇特的冰川热融湖一月牙湖。 三十年前，霍拉盆地还是一方水肥草美，风光独秀，动物资源十分丰富的处女地， 一个秋高气爽的秋天，达翰尔族猎人沃柳山来到霍拉盆地月牙湖附近一个叫“犴圈”的地方狩猎，轻取猎物后炊时发现露头煤，遂向当时的大兴安岭革命委员会工火业局报矿。1977年由地区工业局组成的调查组来到霍拉盆地踏查了煤田的基本情况，1978年5月第一批煤矿勘探队员进驻霍拉盆地，从此拉开了古莲河露天煤矿开发建设的序幕。盆地已经探明地质储量起过1亿5千万吨。发祥于霍拉盆地的古莲河露天煤矿伴随着改革开放的春风开发建设，时值2008年，经历了三十年的风雨历程后已经取得了举世瞩目的辉煌成就！现已形成产优质原煤三百万吨的生产能力，科学管理，有序开发，延长了煤矿的服务年限；注意环境保护，强化生态文明建设，使得霍拉盆地成为大兴安岭上一道亮丽的风景线！,全天,https://img1.qunarzz.com/travel/poi/1409/09/c414efad18f7e38cffffffffc8d65eac.jpg_480x360x95_e44994d1.jpg,--,建议游览时间：4小时 - 1天,四季皆有不同景色。,免费,,2
观音山采金小镇景区Linhaiguanyin Mountain,http://travel.qunar.com/p-oi7588395-guanyinshancaijinxiao,"

地址:
黑龙江省大兴安岭地区漠河市G331公路4038公里处


电话:
0457-8966888

",观音山采金小镇景区全部景点如下：林海观音、热尔图加遗址、胭脂沟、李金庸祠堂。观音山：山上奉安一座三面观音圣像，这尊观音圣象是三亚108米南海观音圣像的原身像，因坐落在观音山的万顷林海中，故为“林海观音”，也称“北极林海观音”。 李金镛祠堂：祠堂里供奉着一位外界鲜为人知的清朝命官，漠河金矿的创办人李金镛。由于李金镛所创办的漠河金矿达到了清政府的办矿宗旨---兴利实边，因此李鸿章请旨加封李金镛。清廷降旨，允李金镛的事迹在国史馆立传，荫袭一子（入监读书），并准予在漠河及原籍无锡建立祠堂以示恩宠。因李金镛被称为“金圣”，所以以往的淘金者在淘金前必先来此拜祭，此处已成为一处旅游胜地。直到现在，凡采金人在摁锖前（即挖矿井）都首先要祭拜李金镛求福。空间布局 ：两核、七区 。两核： 观音山核心 采金小镇核心；七区： 管理服务区 宗教朝觐区 莲花精舍禅修康养度假区 森林体验区 “热尔图加”采金遗址文化区 清代采金遗址文化区 采金体验区。景区规划面积约665公顷，通过两核七区充分挖掘当地民族文化遗产、文物、遗迹、人文旅游地及其周边环境特色，我们景区致力于打造一个集休闲、旅游、度假、游憩、朝觐等于一体的高品质的旅游度假区。景区是建设中的“大北极旅游圈”核心区的重要组成部分是漠河市---观音山•采金小镇景区---北极村旅游黄金路线上的重要节点；处于众多旅游资源的交错地带，可以与其他旅游景区形成优势互补，提高区域旅游的影响力，构建区域旅游大格局，是观光游览的胜地。,1/1-12/31 全天开放,https://img1.qunarzz.com/travel/d6/1711/d0/6b9971e8b8aabfb5.jpg_480x360x95_e980641c.jpg,4.5,建议游览时间：2小时,,具体收费情况以现场公示为主,,3
中国138号界碑No. 138 Boundary Monument,http://travel.qunar.com/p-oi7568971-zhongguo138haojiebei,"

地址:
黑龙江省大兴安岭地区北极村北极沙洲内

",138界碑在北极村境内，离中国最北点比较近，所以也称为“中国最北界碑”。在北极村境内分别有136、137、138和139四块界碑，其中136界碑距离北极村比较远，138界碑离中国最北点比较近，所以也将它辟为了一个景点同时也称为中国最北界碑。,全天,https://img1.qunarzz.com/travel/poi/1412/5c/5c9d5c1c9d91a49dcdb.jpg_480x360x95_ec140b6b.jpg,4.4,建议游览时间：0.5小时 - 2小时,夏季最佳,具体收费情况以现场公示为主,,3
北极沙洲,http://travel.qunar.com/p-oi7527081-beijishazhou,"

地址:
大兴安岭地区漠河县城北面

",北极沙洲风光原始秀丽，黑龙江江水款款流过，与俄罗斯隔江相望的最北点，远眺对岸是俄罗斯美丽的自然风光。江边一座高大立体的“北”字形标志性钢建筑下，立有一座三棱锥形钢塔，上面清晰地标注着此处的经纬度———这个塔尖，就是中国版图的“最北点”。中国北极标志制作得很有特色，实际上是三个北字的半边，从中心呈120度角散射排列，所以从哪个角度看都是北字。,全天,https://tr-osdcp.qunarzz.com/tr-osd-tr-mapi/img/8508303a6c9289584023221fbb04fb46.jpg_480x360x95_7f750c12.jpg,4.5,建议游览时间：1小时 - 2小时,,"{'【黑龙江】【漠河】【北极村-北红村-龙江湾】2日精华游\n\n': ['¥580起'], '甄选漠河+北红村+北极村3日经典环线游 品质团 解锁网红玩法\n\n': ['¥680起'], '甄选漠河+北红村+北极村3日游（3日经典环线游2-10人品质团+追逐神秘极光-解锁各种网红玩法）\n\n': ['¥680起']}",,3
呼玛吴八老岛,http://travel.qunar.com/p-oi704704-humawubalaodao,,为黑龙江第二大岛，该岛位于漠河县兴安乡东北约4公里的黑龙江中，距中国岸50米，距俄岸350米。1685年（康熙二十四年）理藩院待郎明爱奉诏修墨尔要（嫩江）至雅克萨之间的驿站，在雅克萨之战期间，该岛又成为清军收复雅克萨的桥头堡。在岛上筑土城、建营盘，设置指挥部。岛上的城堡与炮台至今还留有痕迹，当年的铜炮“震北侯”佚落在岛东南的南益山中。 由清军平定罗刹在此进行了著名的雅克萨自卫反击战。岛屿对岸为雅克萨城，今为俄罗斯的阿尔巴金诺。雅克萨战争期间，清军指挥驻于岛...为黑龙江第二大岛，该岛位于漠河县兴安乡东北约4公里的黑龙江中，距中国岸50米，距俄岸350米。1685年（康熙二十四年）理藩院待郎明爱奉诏修墨尔要（嫩江）至雅克萨之间的驿站，在雅克萨之战期间，该岛又成为清军收复雅克萨的桥头堡。在岛上筑土城、建营盘，设置指挥部。岛上的城堡与炮台至今还留有痕迹，当年的铜炮“震北侯”佚落在岛东南的南益山中。 由清军平定罗刹在此进行了著名的雅克萨自卫反击战。岛屿对岸为雅克萨城，今为俄罗斯的阿尔巴金诺。雅克萨战争期间，清军指挥驻于岛上，筑土城而获现名。岛屿面积15平方公里，已全部开垦。1964年前额木尔公社曾驻于岛上。1985年春汛，发生冰凌灾害，仅剩二层楼房一栋，供游人及村民上岛寄宿之用。,,,--,,,,,3
大兴安岭漠河,http://travel.qunar.com/p-oi39602266-daxinganlingmohe,,,,,4.5,,,,,3
漠河极地体验馆 (中国科技馆分馆),http://travel.qunar.com/p-oi38952594-mohejiditiyanguan_,,漠河极地体验馆，整馆建筑面积，约为3100平方米，主展厅以“感受极地特色，培养极地兴趣”为主题，并将科技内容和极地特色相结合，设置了 极地自然、极地探索、冰雪之恋三个展区、共33件展品。极地馆的吉祥物--北极熊憨憨、这个展项运用了初级的AI智能处理，可以跟大家进行简单的对话，展项模拟极光：漠河是全国境内可以看到北极光的城市，尤其在北极村更是观测位置。通过这个展项，大家可以更清楚的了解他的生成原因，漠河观测极光的时间窗口为夏至前后—万里无云观测条件好和冬至前...漠河极地体验馆，整馆建筑面积，约为3100平方米，主展厅以“感受极地特色，培养极地兴趣”为主题，并将科技内容和极地特色相结合，设置了 极地自然、极地探索、冰雪之恋三个展区、共33件展品。极地馆的吉祥物--北极熊憨憨、这个展项运用了初级的AI智能处理，可以跟大家进行简单的对话，展项模拟极光：漠河是全国境内可以看到北极光的城市，尤其在北极村更是观测位置。通过这个展项，大家可以更清楚的了解他的生成原因，漠河观测极光的时间窗口为夏至前后—万里无云观测条件好和冬至前后夜晚较长，但是据漠河气象部门近50年的监测，每年可以看到极光的次数平均在5次左右。展项极昼与极夜的形成：形成的三大要素是地球绕太阳的公转轨道、地球自转及地球倾斜角，一年中有6个月时间两极之中总有一极朝着太阳，全是白天；另一个极背向太阳，全是黑夜。南、北极这种神奇的自然现象是其他大洲所没有的。大家可以通过触摸屏在仔细了解它的科学原理。展项绚丽极光影院：感受极光的魅力，影片是采用奇幻穿越的手法演示极光，让大家能身临其境的观看极光出现时瑰丽壮观的景象，了解极光从出现到消失的全过程代表性展品：小球大世界，球体采用碳纤维材料，直径是174厘米，运用美国大气海洋管理局NOAA精心打造的素材资料，向我们投射展示的是整个星球大世界的缩影。它包含了天文、地理、大气、海洋、人文、全球卫星云图等各种影像。展项：自星星的你，陨石也被称之为陨星，是从行星际空间穿过地球大气层而陨落到地球表面上的天然固态物体。我们极地馆收藏了两件铁陨石，大家可以将手放在陨石上，或许它跟澳大利亚艾尔湖发现的陨石一样比地球还要古老。展项圆顶冰屋模型：是北极地区原住民因纽特人的独特建筑，雪屋是他们外出打猎、或者放牧驯鹿时临时搭建的住所，大家稍后可以打雪屋打乱重新建造试试。展品听位爷爷讲极地探险故事：位梦华爷爷是第一个进入南极中心地区，也就是南纬80度以南的中国人；他曾9次考察北极，在北极居住的时间累计起来有三年多，作为中国远征北极点科学考察的总领队，1995年5月6日把五星红旗插上了北极点，他是发表和出版有关南极、北极的科普文章和科学专著较多的中国人，中学语文课本里的一篇《旅鼠之谜》就是他写的；他也是在国内和美国，以南极、北极为题材演说较多的中国人。这个展品叫做-观察水结冰，在自然界中，水在-0℃以下时、由液态变为固态，称为结冰。水结冰是一种结晶现象，是由水分子附着在细小的晶核上，不断疑结长大形成的晶体。在不同的温度下，形成的冰晶各不相同。速冻时，迅速生成许多晶核，容易形成许多细小的冰晶。而缓慢冰冻时，生成的晶核较少。大家可以利用放大镜观察一下水结冰的过程。展项叫做不同的隔热材料：材料的保温隔热性能与它的导热性密切相关。导热性能代表物体传递热量的能力，导热性能越好，传递热量的能力越强，保温隔热效果就越差人们通常把导热性能好的材料作为导热材料，把导热性能差的材料作为保温材料，利用保温材料制作出各种衣物、手套等物品来抵御寒冷。展项南极生物链：大家都知道南极大陆是较冷的大陆，迄今为止，世界上记录到的较低温度-93.2℃就是在那里观测到的。虽然极冷，但是南极海域的生物繁茂，截止2009年，被记录到的南极动物就达150种之多，比如说帝企鹅、海豹、南极磷虾等等，大家通过四方的触摸面板，可以了解南极的生态系统。展项生活在北极的动物：这个展项向我们介绍了8种具有代表性的北极动物，比如在海洋公园常见的北极熊、白鲸，还有北极狼、北极地松鼠等等，可以用过插卡答题的方式，了解他们在寒冷冬天是怎样过冬的。这个展项是以中国南极科考站实际地点为原型摆放的，自1985年我国设立第一个常年越冬站—长城站以来，到目前为止我国共建有5座科考站，其中罗斯海站于2018年奠基预计于2022年完工。展项冰雪世界有绿洲：这个展项收录了16种南北极植被的实地照片，大家稍后可以了解一下。里面有一种植物叫做越橘，漠河本地人称它为红豆，这样说可能大家还不是很明白，他的亲戚叫做蔓越莓，大家一定听过，越橘就是生长在中国的蔓越莓，他们两者的营养成分都相差不多。,,,5.0,,,,,3
二十六站,http://travel.qunar.com/p-oi38940187-ershiliuzhan,,,,,5.0,,,,,3
北极岛,http://travel.qunar.com/p-oi38940022-beijidao,,中国最北岛屿——北极岛。北极岛面积2170公顷，纬度上与中国陆地最北点距离相差455米。北极岛山环水抱，藏风聚气。岛上森林茂密，主要的树种有樟子松、落叶松、黑桦、白桦、杨树等。很神奇的是这棵高耸的樟子松，它鹤立鸡群一般地居于北极岛的最北点上，犹如神树一般。北极岛是自然、历史、人文共存的岛屿，这里有清末采金遗址、黄金古驿道、民国泰和站旧址等历史文化遗迹，有渔人地窨子、獐子洞、野猪窝、玛瑙滩等人文遗址。据说北极岛上还将建一个集气象、观光于一身的上百米高度的观光塔，届时它将成为“大北极旅游区”的耀眼的北极明珠塔。,,,5.0,,,,,3
加格达奇老道口十里画廊,http://travel.qunar.com/p-oi38876759-jiagedaqilaodaokoushi,,,,,0.0,,,,,3
爱情坐标点,http://travel.qunar.com/p-oi38803678-aiqingzuobiaodian,,,,,--,,,具体收费情况以现场公示为主,,3
女脚湾,http://travel.qunar.com/p-oi38336689-nu:jiaowan,,,,,--,,,具体收费情况以现场公示为主,,4
乌克勒江河,http://travel.qunar.com/p-oi38034861-wukelejianghe,,,,,--,,,具体收费情况以现场公示为主,,4
伊勒呼里山,http://travel.qunar.com/p-oi38034513-yilehulishan,,,,,5.0,,,,,4
东北山,http://travel.qunar.com/p-oi38034421-dongbeishan,,,,,4.5,,,具体收费情况以现场公示为主,,4
北极文化园,http://travel.qunar.com/p-oi37807200-beijiwenhuayuan,"

地址:
北极村东南方向最北哨所北面200米处


电话:
18745045270

",,全年 09:00-18:00,,0.0,,,,,4
鹿鼎山Humaxian Luding Mountain,http://travel.qunar.com/p-oi35214819-ludingshan,,山上有大量的天然樟子松母树林，登上山顶可以将呼玛秀美风光尽收眼底。奇花异草，山明水秀。,,,5.0,建议游览时间：12小时 - 3天,,具体收费情况以现场公示为主,,4
圣诞村Christmas Village,http://travel.qunar.com/p-oi35198558-shengdancun,,该圣诞村是中国极地资源与西方圣诞文化的融合，圣诞老人屋、圣诞老人广场、儿童童话世界、白雪公主乐园、七个小矮人藏宝屋等景点，足不出国就能享受浪漫圣诞。,,https://tr-osdcp.qunarzz.com/tr-osd-tr-mapi/img/44f605cbf178e3a5d9fcf8275eb8770a.jpg_480x360x95_81eb1e7c.jpg,5.0,建议游览时间：12小时 - 3天,,具体收费情况以现场公示为主,,4
漠河北极博物馆Mohebeiji Museum,http://travel.qunar.com/p-oi34272063-mohebeijibowuguan,"

地址:
漠河县北极镇通江街

",,全年 8:30-17:00,,5.0,,,收费,,4
民俗博物馆Minsu Museum,http://travel.qunar.com/p-oi32788806-minsubowuguan,"

地址:
大兴安岭地区加格达奇区铁东大街附近

",,上午：9:00-11:00；下午14:00-16:00。,,--,,,20元,,4
鄂温克驯鹿园Ewenki Reindeer Park,http://travel.qunar.com/p-oi32787346-ewenkexunluyuan,,鄂温克驯鹿园距北极村23公里，开车需要半小时，是从漠河市区到北极村的必经之地。,,https://tr-osdcp.qunarzz.com/tr-osd-tr-space/img/9f53d5599283c869adf7f03738afaf8e.jpg_480x360x95_a58763fb.jpg,4.6,建议游览时间：2小时 - 3小时,,具体收费情况以现场公示为主,,4
加格达奇站站前广场Jiagedaqizhan Zhanqian Square,http://travel.qunar.com/p-oi32749165-jiagedaqizhanzhanqian,"

地址:
大兴安岭地区加格达奇区世纪大道与兴安大街交叉口东南50米

",,全年 全天开放,https://tr-osdcp.qunarzz.com/tr-osd-tr-manager/img/8778084a3871e91153e15534fd457d13.jpg_480x360x95_c80f306c.jpg,5.0,建议游览时间：1小时 - 2小时,,,,5
阿木尔镇Amuer Town,http://travel.qunar.com/p-oi32744308-amuerzhen,"

地址:
黑龙江省大兴安岭地区漠河市

",,全年 全天开放,https://tr-osdcp.qunarzz.com/tr-osd-tr-manager/img/786a54c91f0cc283f601332747cf4bb4.jpg_480x360x95_200393ff.jpg,5.0,,,具体收费情况以现场公示为主,,5
漠河北极泉风景区Beijiquan Sceneic Area,http://travel.qunar.com/p-oi29462837-mohebeijiquanfengjing,"

地址:
S207(加漠公路)


电话:
(0457)2860888

",这里再往北，是人烟很少的外兴安岭和西伯利亚。以这里为圆心，直线距离方圆500多公里内没有大城市，就连中小型城市都很少。这里没有任何工业污染，看到的是莽莽苍苍的森林，点缀林间的湿地，九曲回肠的河流和冬天漫山遍野的皑皑白雪。在这里，您很难想象森林覆盖率高达百分之九十四是个什么概念。曲径通幽处，林深花草香，这里有着十分幽静的人居环境和设施，使人想起梭罗居住在瓦尔登湖的情景。还有“空山新雨后”、“独钓寒江雪”的意境。,1月1日-12月31日：9:00-17:00,,0.0,,,具体收费情况以现场公示为主,,5
黑龙江南瓮河国家级自然保护区,http://travel.qunar.com/p-oi26690434-heilongjiangnanwenghe,,,,,--,,,,,5
大迁移壁画Mural of Great Migration,http://travel.qunar.com/p-oi26586255-daqianyibihua,,,,,--,,,,,5
北极村国家森林公园Beijicun Forest Park,http://travel.qunar.com/p-oi24409909-beijicunguojiasenlingong,"

地址:
大兴安岭地区漠河市

",北极村国家森林公园是中国大陆较北端的森林公园。地处大兴安岭山脉北麓的七星山脚下，位于素有中国北极村之称的黑龙江省漠河县境内，面积为363333.33公顷。北极村森林公园于1992年被批准为“国家森林公园”，是中国较北的森林公园，素有“北极村”、“不夜城”之称，是中国观赏北极光和极昼美景的胜地。,全年 全天开放,https://tr-osdcp.qunarzz.com/tr-osd-tr-manager/img/a1c610afc505657203a286481435862a.jpg_480x360x95_66101d60.jpg,4.6,建议游览时间：12小时 - 3天,,具体收费情况以现场公示为主,,5
鄂伦春民族村Elunchun Ethnic Village,http://travel.qunar.com/p-oi24409862-elunchunminzucun,,,,,--,,,具体收费情况以现场公示为主,,5
中国最北点China's Northernmost Point Stele,http://travel.qunar.com/p-oi23343938-zhongguozuibeidian,,,,,,,,,,5
大兴安岭林场Daxinganling Forest Farm,http://travel.qunar.com/p-oi23343795-daxinganlinglinchang,,大兴安岭林场到处都是漫山遍野的白桦林以及松树。也是中国很美森林之一。一年四季都为游客呈现不一样的迷人景色。,,https://tr-osdcp.qunarzz.com/tr-osd-tr-space/img/485c125979dfd6f93030dab2e3e27362.jpg_480x360x95_a9d8a7fe.jpg,4.3,建议游览时间：12小时 - 3天,,具体收费情况以现场公示为主,,5
扎林库尔山Zhalinku'er Mountain,http://travel.qunar.com/p-oi23343775-zhalinkuershan,,,,,--,,,具体收费情况以现场公示为主,,5
南瓮河Nanweng River,http://travel.qunar.com/p-oi23342884-nanwenghe,,,,https://tr-osdcp.qunarzz.com/tr-osd-tr-manager/img/f0a10d5b60c84c7773ff906011d0b183.jpg_480x360x95_60f687c8.jpg,5.0,,,具体收费情况以现场公示为主,,6
二十八站Station Twenty-eight,http://travel.qunar.com/p-oi23341842-ershibazhan,,,,https://tr-osdcp.qunarzz.com/tr-osd-tr-manager/img/f4b682ff29d8e6022dae50e134fab0eb.jpg_480x360x95_bae75d95.jpg,5.0,,,具体收费情况以现场公示为主,,6
"漠河黑龙江Mohe, Heilongjiang",http://travel.qunar.com/p-oi23341248-moheheilongjiang,,,,,,,,,,6
白银纳民族乡Baiyinna Ethnic Country,http://travel.qunar.com/p-oi20937414-baiyinnaminzuxiang,,,,,--,建议游览时间：1小时 - 3小时,,具体收费情况以现场公示为主,,6
兴安落叶松林Xing'an Larch Forest,http://travel.qunar.com/p-oi20907215-xinganluoyesonglin,,,,https://tr-osdcp.qunarzz.com/tr-osd-tr-manager/img/f4352283772ba91331f5b9a83859309f.jpg_480x360x95_93f9d79b.jpg,--,建议游览时间：12小时 - 3天,,,,6
漠河胭脂沟金矿Yanzhi Valley Goldmine of Mohe,http://travel.qunar.com/p-oi20907180-moheyanzhigoujinkuang,"

地址:
金沟林场

",,全年 8:00-17:00,,0.0,建议游览时间：12小时 - 3天,,,,6
野生罂粟园Wild Poppy Garden,http://travel.qunar.com/p-oi20904167-yeshengyingsuyuan,"

地址:
北极村东南部

",该园是当地一个无人栽种，全部都是自生自落的一个天然植物景观，到了每年花开时节，一望无际，很是壮观。,全年 8:30-17:00,,0.0,建议游览时间：2小时 - 3小时,,具体收费情况以现场公示为主,,6
松岭展览中心SongLing ZhanLan ZhongXin,http://travel.qunar.com/p-oi19630646-songlingzhanlanzhongxin,,,,,--,,,,,6
呼玛博物馆Huma Museum,http://travel.qunar.com/p-oi19524276-humabowuguan,,博物馆共分为历史陈列、发展史、专题文化、自然地理、城市规划等六个展厅。是一座以自然、历史、文化为主题的艺术类博物馆。,,https://tr-osdcp.qunarzz.com/tr-osd-tr-manager/img/61593a363b5cf97e0559d71981f2341e.jpg_480x360x95_4c953d1e.jpg,4.0,建议游览时间：2小时 - 3小时,,,,6
图强林业博物馆Tuqiang Forestry Museum,http://travel.qunar.com/p-oi19508910-tuqianglinyebowuguan,,,,,0.0,,,具体收费情况以现场公示为主,,6
漠河图书馆Mohe Library,http://travel.qunar.com/p-oi19466840-mohetushuguan,"

地址:
中华街030号


电话:
2886375

",,"春季、冬季 周一至周五 08:30-11:30 14:00-17:00 周六,周日 09:00-11:30 14:00-1...",https://tr-osdcp.qunarzz.com/tr-osd-tr-manager/img/9cfb399448eda6421c6459a244fc02aa.jpg_480x360x95_0a018963.jpg,4.7,,,具体收费情况以现场公示为主,,7
中国北极生态植物园Chinese Arctic Ecological Botanical Garden,http://travel.qunar.com/p-oi19463704-zhongguobeijishengtai,,,,,--,,,具体收费情况以现场公示为主,,7
中国北方民族园Northern Ethinic Park of China,http://travel.qunar.com/p-oi18717136-zhongguobeifangminzuyuan,,中国北方民族园是融古今文化于一园，集北方民族精粹于一体的集锦式园林，景区由历史文化区、民族风情区和湖畔休闲区三部分组成。,,https://tr-osdcp.qunarzz.com/tr-osd-tr-space/img/c0a8ecab9b1adc61aaa1051d6ad12eca.jpg_480x360x95_4f49a1d1.jpg,--,建议游览时间：1小时 - 2小时,,具体收费情况以现场公示为主,,7
下央格气林场Xiyanggeqi Forest Farm,http://travel.qunar.com/p-oi18716496-xiayanggeqilinchang,,,,,,,,,,7
五泉山自然保护区Wuquan Mountain Nature Reserve,http://travel.qunar.com/p-oi18716381-wuquanshanziranbaohuqu,,,,,5.0,,,具体收费情况以现场公示为主,,7
牛耳河Niu'er River,http://travel.qunar.com/p-oi18715261-niuerhe,,,,https://img1.qunarzz.com/travel/poi/1803/a8/0a9e9a29f69fc537.jpg_480x360x95_51f51db4.jpg,5.0,,,具体收费情况以现场公示为主,,7
凝翠山Ningcui Mountain,http://travel.qunar.com/p-oi18715260-ningcuishan,,,,,,,,,,7
南山公园Nan Mountain Park,http://travel.qunar.com/p-oi18715202-nanshangongyuan,,公园里既有自然景观，还有人工设计的景观，园内干净整洁，环境优美，很适合放松休闲。,,https://img1.qunarzz.com/travel/poi/1803/36/0ad24a28bc9e5937.jpg_480x360x95_ffa6354a.jpg,3.8,建议游览时间：2小时 - 3小时,,具体收费情况以现场公示为主,,7
"漠河仙人洞Fairy Cave, Mohe County",http://travel.qunar.com/p-oi18715125-mohexianrendong,,漠河仙人洞是一处洞高十几米的天然洞穴，外形是立柱形，洞壁岩石是棕黑色，周围长满了落叶松和樟子松，让人叹为观止。,,https://tr-osdcp.qunarzz.com/tr-osd-tr-manager/img/3f8fd261e6dfe66240be791ac82210b5.jpg_480x360x95_4cf08408.jpg,4.3,建议游览时间：1小时 - 2小时,,具体收费情况以现场公示为主,,7
民族风情园Ethnic Culture Park,http://travel.qunar.com/p-oi18715097-minzufengqingyuan,,,,https://img1.qunarzz.com/travel/poi/1803/8d/ae68f9bd2cf3a937.jpg_480x360x95_35a33255.jpg,5.0,,,具体收费情况以现场公示为主,,7
激流河大桥Jiliu River Bridge,http://travel.qunar.com/p-oi18714348-jiliuhedaqiao,,,,https://tr-osdcp.qunarzz.com/tr-osd-tr-manager/img/796e61c6a7e08bdbb0d351274d7430dc.jpg_480x360x95_7b1be749.jpg,4.7,,,具体收费情况以现场公示为主,,8
古源镇Guyuan Town,http://travel.qunar.com/p-oi18713875-guyuanzhen,,,,https://tr-osdcp.qunarzz.com/tr-osd-tr-manager/img/831fae9f715bc272fde0d42c6fcb1181.jpg_480x360x95_92e6f459.jpg,5.0,,,具体收费情况以现场公示为主,,8
根河断桥Genhe Broken Bridge,http://travel.qunar.com/p-oi18713828-genheduanqiao,,,,https://tr-osdcp.qunarzz.com/tr-osd-tr-manager/img/c50fff53ceb49b0467b7ad7f1708a060.jpg_480x360x95_53d5d69e.jpg,5.0,,,具体收费情况以现场公示为主,,8
北极观光塔Arctic Sightseeing Tower,http://travel.qunar.com/p-oi18713137-beijiguanguangta,,北极观光塔高53米，有观光电梯和高倍望远镜，是观看日出的好地方，和俄罗斯村庄隔江相望。,,https://tr-osdcp.qunarzz.com/tr-osd-tr-manager/img/c472ace9594608b8f06b13d4db43964c.jpg_480x360x95_79c7f148.jpg,3.5,建议游览时间：2小时,,,,8
奥克里堆山Aokelidui Mountain,http://travel.qunar.com/p-oi18712992-aokeliduishan,,奥克里堆山别名鲜卑山。因发现了古冰川遗迹而闻名。这里受气候影响，山上积雪会长达数月不化，因此也称之为中国的富士山。,,https://tr-osdcp.qunarzz.com/tr-osd-tr-manager/img/e0c809fd74aaebe7d1667e343c2ba619.jpg_480x360x95_6aa4bac8.jpg,4.8,建议游览时间：12小时 - 3天,,具体收费情况以现场公示为主,,8
"金鸡之冠Comb of Golden Rooster, Mohe",http://travel.qunar.com/p-oi18703024-jinjizhiguan,,金鸡之冠的主题雕塑以玺为创作元素。代表了中华大地，象征着天佑我中华国运昌盛。主体部分拔地而起，雄浑有力，显示出漠河地处金鸡之冠的气度与风范。,,,4.5,建议游览时间：1小时 - 2小时,,具体收费情况以现场公示为主,,8
兴安口岸Xing'an Port,http://travel.qunar.com/p-oi18700134-xingankouan,"

地址:
大兴安岭地区漠河县兴安镇

",兴安口岸式经国家批准建成的，线包括八个区域：口岸办公室区、联检区、码头区、口岸发展区、生活服务区、封闭货场区、社会发展区、江边过货区。兴安口岸式介于黑河和满洲里口岸中间的中际客货运输口岸，俄罗斯政府业指定了一些优惠政策，因此在口岸经常可以买到俄罗斯的一些特色产品，房屋建筑也破具异国风情。,全年 全天开放,https://tr-osdcp.qunarzz.com/tr-osd-tr-manager/img/ed5410559079052fac2128008fc97a51.jpg_480x360x95_258d3352.jpg,4.6,建议游览时间：1小时,,,,8
飞来松Feilaisong,http://travel.qunar.com/p-oi10024383-feilaisong,"

地址:
大兴安岭地区漠河县北极村约四、五公里的加漠公路南侧

",在距黑龙江省漠河县北极村约四、五公里的加漠公路南侧，生长着一棵苍劲挺拔的西伯利亚红松，树高14.5米，胸径在20厘米左右。因为它是大兴安岭林海中罕见的一棵红松，人称“飞来松”。这棵红松的出现，引起了人们的注目和猜测：一说是因当时漠河的老沟金矿发现黄金以后，风声远播，俄国人纷纷来这里开矿盗采，此地方圆百里没有人烟，衣着膳食皆由自备，是俄国人所带的松籽移落后而生；一说是飞鸟所衔松籽落地后而生的。如今，“飞来松”成为北极村旅游观光的一道风景线，也成为科研人员研究的一个课题。,全年 全天开放,https://tr-osdcp.qunarzz.com/tr-osd-tr-manager/img/9967bbc4836f24055ea8f488e86b7d4c.jpg_480x360x95_d307660d.jpg,4.5,建议游览时间：0.2小时 - 0.3小时,,具体收费情况以现场公示为主,,8
北极沙州Beiji Town Shazhou,http://travel.qunar.com/p-oi10024377-beijishazhou,,北极沙洲为自然景观与人文景观融为一体的一处大型综合性景点。东径122°20′43.48″，北纬53°29′52.58″这个三角坐标点，就矗立在中国的北部黑龙江主航道中方一侧的沙洲岛上。这是中国九百六十万平方公里辽阔大地之北极点，也正是中国版图金鸡冠的部位所在。,,https://tr-osdcp.qunarzz.com/tr-osd-tr-manager/img/3c26a34a4d2cab46fa9276121e37006f.jpg_480x360x95_4b8f52e3.jpg,4.8,建议游览时间：0.5小时 - 1小时,,北极村旅游风景区门票已包含。,,8
圣诞邮局Santa Claus Post Office,http://travel.qunar.com/p-oi10012982-shengdanyouju,,圣诞邮局于2010年12月20日如期向游人开放，邮局的设计风格仿照芬兰圣诞文化的建筑特色，让国内各方游客不出国就能体会到异国风土人情。邮局的一楼分为展示区、摄影区、书写区。展示区陈列着各类圣诞产品，包含中国邮票、邮品和世界圣诞礼品。摄影区供游客在圣诞树旁拍照；书写区摆放着木桌、木椅，游客可在此书写明信片、纪念封。工作人员都装扮成圣诞老人的模样，戴着可爱的圣诞帽、穿着红色的圣诞衣，记录着人们的美好愿望和祝福。圣诞邮局还向集邮爱好者提供与圣诞老人、圣诞节有关的邮票、集邮文具等一些具有纪念性的物品。,,https://tr-osdcp.qunarzz.com/tr-osd-tr-manager/img/3c034acd928ada4d251ecf2b65fc1497.jpg_480x360x95_1532662d.jpg,3.9,建议游览时间：0.5小时,,具体收费情况以现场公示为主,,8
苍山石林景区Cangshan Shilin Scenic Area,http://travel.qunar.com/p-oi10009314-cangshanshilinjingqu,,苍山石林景区位于黑龙江省大兴安岭地区的呼中区内，紧邻呼中自然保护区，是当地知名的原始森林风景区。这里有着茂密的树林和巍峨的高山，苍山较值得观赏和游览的是石林。亿万年前的火山爆发，让这片地方几乎都被岩浆侵蚀，火山灰厚重的遮了天，同时，地壳移动挤压将这里的土地分裂成了几个大块，熔岩积累成各种巨石，又经过几千万年的日晒雨淋，水流和风的洗礼，这里的岩石形成了特别的形态，这是大自然的力量所造，苍山的石头被赋予了奇异的神韵，有的如仙蟾，有的像林芝，每一块都有着自己的风格，令人感到惊奇和赞叹。,,https://tr-osdcp.qunarzz.com/tr-osd-tr-manager/img/e51305238a68e34f9a251a4bb15d73f7.jpg_480x360x95_d58dc1fe.jpg,5.0,,,,,9
"白银纳鄂伦春民族风情园Oroqen Ethnic Culture Park, Baiyinna Village",http://travel.qunar.com/p-oi10005890-baiyinnaelunchunminzu,,    白银纳鄂伦春民族乡位于呼玛县北部，地处呼玛河中游北岸的冲击平原上。这里是呼玛县唯一的少数民族乡，生活着汉、鄂伦春、满、蒙古、回、朝鲜、达斡尔等7个民族的人民，是鄂伦春民族聚居地之一。    鄂伦春民族性格粗犷、能歌善舞、待人热情好客。对于远方来的客人，他们都穿上本民族节日盛装，燃起篝火，载歌载舞。游人来到鄂乡，同鄂族兄弟共进篝火晚餐，吃着“手把肉”，住着“仙人柱”，观赏民族歌舞，可尽情领略北方少数民族的淳朴风情。,,,5.0,建议游览时间：1小时,,具体收费情况以现场公示为主,,9
迎门砬子Yingmenlizi,http://travel.qunar.com/p-oi10005889-yingmenlazi,,迎门砬子景区位于呼玛县金山乡境内，距察哈彦村公路距离为7公里，江上距离为11公里。迎门砬子是黑龙江上险要的一段航道，过去甚至有“迎门砬子鬼门关，十艘穿过九艘翻”的说法，汹涌的激流和大大小小的漩涡让人感受到大自然的力量。迎门砬子紧依江水，如刀削斧砍的石砬子充满着原始的野性美。而在嶙峋怪石上，落叶松、白桦树顽强地生长着，有一番生机勃勃的景象。,,https://tr-osdcp.qunarzz.com/tr-osd-tr-manager/img/7e0161e8d53595002cfb92e994814a81.jpg_480x360x95_6c8e3be1.jpg,0.0,,,,,9
龙头山Longtou Mountain,http://travel.qunar.com/p-oi10005888-longtoushan,,龙头山景区位于呼玛县的湖通镇附近，是黑龙江上游江段著名的风景区之一。乘船从黑龙江上游出发，顺流而下，经过呼玛县境内的迎门砬子、冒烟山、画山等著名景区后，在湖通镇附近的呼玛河入江口处，远远地就会看到江的左岸俄罗斯境内，一座陡峭的高山横卧在江面上，山的形状酷似中国的图腾——龙的头部，龙头引颈向南，倒映在滔滔江水中，环抱于巍巍青山之间，宛若“潜龙在水，飞龙在天”，颇有气势。这就是龙头山景区。,,https://tr-osdcp.qunarzz.com/tr-osd-tr-mapi/img/43b2723cefa43b0ea473098bdd58c941.jpg_480x360x95_bc61e62b.jpg,4.3,建议游览时间：12小时 - 3天,,具体收费情况以现场公示为主,,9
桃源峰水库Taoyuanfeng Reservoir,http://travel.qunar.com/p-oi10005887-taoyuanfengshuiku,,桃源峰水库位于呼玛县三卡乡宽河村附近，距呼玛县城90公里。水库坝高30余米，在宽河上人工拦截宽河水成为高峡平湖.游人可乘船游览水库山光水色，垂钓、划船、游泳，还可以参观水利发电。,,https://tr-osdcp.qunarzz.com/tr-osd-tr-mapi/img/514a4ac9e8a115146e878d71bbf0309b.jpg_480x360x95_e0edcbdd.jpg,3.8,,,具体收费情况以现场公示为主,,9
画山景区Painting Mountain Scenic Area,http://travel.qunar.com/p-oi10005886-huashanjingqu,,在这里提到的画山，可不是桂林赫赫有名的九马画山，而是大兴安岭地区呼玛县的一处美丽景致，由一山一岛组成主要风景区。它位于黑龙江的江畔，在呼玛县的旺哈达村里，画山临江而立，山壁陡峭雄伟，如同被利剑劈砍过一样，这里的山壁岩石有着五彩的颜色，远看就像是一副天然而成的山水油画，岛上的村民辛勤的耕织着，牧草点缀着拂动的柳芽，野花开遍，散发幽香，鱼儿在江水里游者，这里宛如天堂，吸引着不少人前来散心和垂钓。,,https://tr-osdcp.qunarzz.com/tr-osd-tr-manager/img/7fb24602a91019ee6f9446b120c0a0a7.jpg_480x360x95_c0ea182d.jpg,4.9,,,具体收费情况以现场公示为主,,9
呼玛河口景区Huma Estuary Scenic Area,http://travel.qunar.com/p-oi10005885-humahekoujingqu,,呼玛河口景区位于黑龙江省大兴安岭地区的呼玛县的呼玛河大桥南岸，邻靠着黑河到漠河的公路－209国道，在这个景区里，人们能够欣赏到呼玛河岸边的自然美景，这里生机勃勃，美丽清新。就在呼玛河口不远处的南岸有一个迎门砬子，这块岩石虽然体型不大，却矗立于河中央，造成了一处险道，从此经过的江船都须小心谨慎，才能不被湍急的河流所影响，这片河域十分惊险，体验过的人都将永生难忘。不过与之想比，呼玛河口则是一片美好，两岸树木成林，绿意盎然，河中盛产各种冷水鱼，有日本人很喜爱的哲罗鱼，还有大马哈鱼，每年这里都会有很多日本游客特意前来垂钓，他们认为能够钓起一条哲罗鱼，将是一件人生喜事。呼玛河的风景秀丽，安静自然，宛如豪迈的北国风情中的一缕别样的柔情，非常值得推荐。,,https://tr-osdcp.qunarzz.com/tr-osd-tr-manager/img/a9e68b449c11764593809aa413d8b967.jpg_480x360x95_98145e20.jpg,4.3,建议游览时间：1小时 - 3小时,,具体收费情况以现场公示为主,,9
吴八老岛wu ba lao dao,http://travel.qunar.com/p-oi10005884-wubalaodao,,,,,,,,,,9
北山森林公园Beishan Mountain Forest Park,http://travel.qunar.com/p-oi10005882-beishansenlingongyuan,"

地址:
大兴安岭地区加格达奇区建林路


电话:
0457-2123217

",北山森林公园坐落于黑龙江省大兴安岭地区的加格达奇市区内，是当地知名的市民公园。这里有着美丽的原始森林，有着成熟的休闲设施，是人们平日里散心漫步，亲子游玩的好去处。在北山公园里，古色古香的亭台楼阁遍布各个角落，营造着一种安宁惬意的氛围。公园主要的标志性建筑是一座铁道兵纪念碑，铁道和大兴安岭的建设及加格达奇的开发有着深远的关系，为了纪念铁道战士的奉献精神，便设立了这座纪念碑。,全年 全天开放,https://tr-osdcp.qunarzz.com/tr-osd-tr-manager/img/063c17c48d094ccc016194f08b3658d7.jpg_480x360x95_4514e079.jpg,4.8,建议游览时间：1小时 - 2小时,,具体收费情况以现场公示为主,,9
漠河县城Mohe County,http://travel.qunar.com/p-oi10004453-mohexiancheng,"

地址:
大兴安岭漠河县内


电话:
0457-2887224

",安静的漠河县城深藏于大兴安林区中。因寒冷的天气、不太方便的交通、不繁华的街道、一早就黑下来的天空，连时时刻刻需要的手机信号都成为一种挑战，但是这里有满天的繁星、原始白桦林、入夜后静谧的村庄，味道浓郁的农家菜，一定会带给你一段难忘的“找北之旅”。漠河的出租车分为两种，一种是面包车，一种是现代、奇瑞等，这些车都集中在漠河县火车站外的出站口等待游客。面包车每车可坐7人左右，到达景区，200元每车，讲价的话可降到150元，因此几个人拼车过去是比较合适的。只在漠河县城内游逛，统一价10元，到达县内任何地方。,全年 全天开放,https://img1.qunarzz.com/travel/d1/1808/99/f0200b33610be0b5.jpg_480x360x95_b93e299b.jpg,4.5,建议游览时间：3小时 - 4小时,,"{'【精品线】漠河+北极村纯玩2日游（九曲+鹿苑+观音山·品质）\n\n': ['¥298起'], 'VIP2-6人小包团 漠河3日经典大环线 车+住+票一价全含\n\n': ['¥480起'], '游经典 漠河-北极村1日游（中俄边境-大界江-感受东北风采）\n\n': ['¥228起']}",,9
神龙湾景区Shenlong Bay Scenic Area,http://travel.qunar.com/p-oi9768902-shenlongwanjingqu,"

地址:
Z042县道

",神龙湾景区位于额木尔河流域河湾林场施业区，由男脚湾、女脚湾、脚印岛和神龙湾等景点构成。酷似龙江第一湾，同样的巧夺天工，湾内树木郁郁葱葱，河水波光粼粼，景色优美。,全年 9:00-16:00,https://tr-osdcp.qunarzz.com/tr-osd-tr-manager/img/34cd70ce8186a95df6b7ee9d25a36b71.jpg_480x360x95_bc2d9709.jpg,4.8,建议游览时间：1小时 - 3小时,,具体收费情况以现场公示为主,,10
阿木尔国家湿地公园,http://travel.qunar.com/p-oi9767618-amuerguojiashidigongyuan,,湿地公园规划区内湿地资源丰富，类型独特，生态区位极其重要，为我国寒温带地区典型的沼泽湿地区，主要包括河流湿地、沼泽湿地。它们被列入试点，填补了大兴安岭地区没有国家湿地公园（试点）的空白。,,https://img1.qunarzz.com/travel/poi/1707/99/714aa260e99a0537.jpg_480x360x95_8f0fab76.jpg,--,,,,,10
呼玛河口,http://travel.qunar.com/p-oi9712076-humahekou,,在这个景区里，人们能够欣赏到呼玛河岸边的自然美景，这里生机勃勃，美丽清新。就在呼玛河口不远处的南岸有一个迎门砬子，这块岩石虽然体型不大，却矗立于河中央，造成了一处险道，从此经过的江船都必须小心谨慎，才能不被湍急的河流所影响，这片河域十分惊险，体验过的人都将永生难忘。不过与之想比，呼玛河口则是一片美好，两岸树木成林，绿意盎然，河中盛产各种冷水鱼，有日本人最喜爱的哲罗鱼，还有大马哈鱼，每年这里都会有很多日本游客特意前来垂钓，他们认为能够钓起一条哲罗鱼...在这个景区里，人们能够欣赏到呼玛河岸边的自然美景，这里生机勃勃，美丽清新。就在呼玛河口不远处的南岸有一个迎门砬子，这块岩石虽然体型不大，却矗立于河中央，造成了一处险道，从此经过的江船都必须小心谨慎，才能不被湍急的河流所影响，这片河域十分惊险，体验过的人都将永生难忘。不过与之想比，呼玛河口则是一片美好，两岸树木成林，绿意盎然，河中盛产各种冷水鱼，有日本人最喜爱的哲罗鱼，还有大马哈鱼，每年这里都会有很多日本游客特意前来垂钓，他们认为能够钓起一条哲罗鱼，将是一件人生喜事。呼玛河的风景秀丽，安静自然，宛如豪迈的北国风情中的一缕别样的柔情，非常值得一来。,,https://img1.qunarzz.com/travel/poi/1706/7d/0bdcac9b73218c37.jpg_480x360x95_6420c987.jpg,--,,,,,10
江畔公园,http://travel.qunar.com/p-oi9712045-jiangpangongyuan,,江畔公园沿黑龙江自北向南长 1000 多米，江岸是用石块砌成的，而1963年前的这段江岸还不是石砌的。由于呼玛镇处于黑龙江航道的拐弯处，是江流的迎水面，所以迎水江岸在江水的冲击下，造成水土流失，自建国以来至 1963 年，呼玛镇被冲走土地达 4 . 8 公顷之多，因为当时中苏之间这段边界是以黑龙江主航道为界，所以我方江岸水土流失，也就意味着国土面积的减少。为了保护神圣的国土， 1963 年国家财政拨款，呼玛县政府组织施工修筑了这段江岸。,,https://tr-osdcp.qunarzz.com/tr-osd-tr-mapi/img/c5326cfb450ffb34fe42f6bb17803cdc.jpg_480x360x95_56f4d331.jpg,--,,,,,10
北极林海观音山,http://travel.qunar.com/p-oi9567140-beijilinhaiguanyinshan,"
",林海观音山位于漠河县北极村附近金沟林场东侧。观音山上的林海观音是一尊三面观音正象，三位观音菩萨持着不同法器，一为持经箧，一为持念珠，一为持莲花，展现了观音大士的不同化身。观音法身有10.8米之高，端庄肃穆，威严大气，它是从海南特地搬移来此的佛像，为的是成就南极和北极观音遥相辉映，普渡众生的美好心愿。这座观音在白雪皑皑的巍峨山林间，坐北朝南，俯瞰世间，据说当北极星最为闪耀的时刻，正是处于佛像的上方，可谓佛光普照，令人心生尊敬。,8:00-18:30,https://img1.qunarzz.com/piao/fusion/1908/b4/72eb95b1fecd1302.jpg_480x360x95_606acf03.jpg,--,,,"{'游经典 漠河-北极村1日游（中俄边境-大界江-感受东北风采）\n\n': ['¥228起'], '甄选漠河+北红村+北极村3日经典环线游 品质团 解锁网红玩法\n\n': ['¥680起'], '漠河-北极村一日包车游\n\n': ['¥300起']}",,10
北极圣诞村Arctic Christmas Village,http://travel.qunar.com/p-oi9550078-beijishengdancun,"

地址:
大兴安岭地区漠河县北极村以东22公里处


电话:
0457-2858049,0457-8966999

",漠河北极圣诞村是中国有名的圣诞主题乐园，四处群山抱拢，这里建有一座北极圣诞邮局（邮戳很有特色）。一座圣诞老人之家（圣诞老人办公居住处所）。一座圣诞礼堂（常用于举办圣诞婚礼）。一座白雪公主之家及七座小矮人屋。另有圣诞滑雪场一座。圣诞村主要包括圣诞老人屋、圣诞邮局、圣诞老人广场、儿童童话世界、白雪公主乐园、七个小矮人藏宝屋、驯鹿园等景点。亚洲的圣诞世界、芬兰罗瓦涅米纯正的圣诞老人、巨型雪雕圣诞袜子、巨型冰尜、圣诞邮局，在这里听着圣诞音乐，与圣诞老人一起融进童话般的冰雪世界，体验原汁原味的圣诞文化。游人还可赏冰灯、观雪景，开展雪地摩托、雪地足球、冰壶比赛、雪地高尔夫等冰雪运动和冰雪生存训练，感受“四不象”爬犁、冰上捕鱼、寒地温泉，体验冰雪的无穷乐趣。,景区暂时停业，详情请以景区公示为准。原开放时间：8:30-16:00。,https://img1.qunarzz.com/travel/d6/1703/4b/978f9aac1d5e50b5.jpg_480x360x95_cf1ae22b.jpg,4.2,建议游览时间：3天,,具体收费情况以现场公示为主,,10
蓝莓小镇,http://travel.qunar.com/p-oi9530273-lanmeixiaozhen,"

地址:
黑龙江省大兴安岭地区漠河县

",蓝莓小镇是阿木尔林业局（阿木尔镇）的雅称。这里因为得天独厚的气象条件和地理条件，孕育了很多不同的土特产，像桔、稠李子、草莓、水葡萄、蕨菜、草莓等，是开发多种经营极其宝贵的原料。还有像菌类的灵芝、松蘑、草蘑、桦树蘑等。其中最有名的就是蓝莓，也叫（笃柿果）。气温的差别和土壤的养分，是这里的蓝莓味道好的重要原因。除了这些，伴随着漠河旅游热，蓝莓小镇以“一日体验游、一生蓝莓情”的形象定位，吸引了不少游客。蓝莓小镇已经成为漠河北极村旅游的热门线路之一。,全天,https://img1.qunarzz.com/travel/d7/1705/cb/e0425a44c3dcfbb5.jpg_480x360x95_b88a05ed.jpg,3.0,建议游览时间：1小时 - 2小时,,免费,距离市区较远，建议自驾出行。,10
北极星广场Xishan Park,http://travel.qunar.com/p-oi9526193-beijixingguangchang,,,,,,,,,,10
二十八站林场,http://travel.qunar.com/p-oi9220246-ershibazhanlinchang,"

地址:
大兴安岭地区漠河县	

",二十八站为方便游客登山观赏风景，图强林业局在“日月江山”修建了900多个盘山而上的木制栈道，每登上一个平台都能领略到不同的风景，攀至峰顶，美景尽收眼底，豁然开朗。在乌苏里江边的“卡伦小镇”兴建了别墅群，卡伦味道餐厅、烤吧，人们可光脚在沙滩上嬉戏，做天然免费足疗，亦可在江边垂钓，清风吹过，一排江鸥划过水面，让人赏心悦目。森林里银白的山芍药、绿油油的瓜田别有一番韵味，古朴陈旧的地窨子再现了当时人们的居住环境。,全天,https://tr-osdcp.qunarzz.com/tr-osd-tr-space/img/43e4609e58a395fd4cc4af1dd2a930ba.jpg_480x360x95_d741d849.jpg,0.0,建议游览时间：3小时 - 5小时,,免费,,10
呼玛县,http://travel.qunar.com/p-oi9208425-humaxian,"

地址:
黑龙江省大兴安岭呼玛县

",呼玛县，隶属于黑龙江省大兴安岭地区。位于大兴安岭东麓，黑龙江上游西南岸。呼玛县，因呼玛河得名。“呼玛”，又称“呼玛尔”、“库玛尔”，系达斡尔语，“高山峡谷不见阳光的急流”之意。西部和北部与新林区、塔河县毗邻，南部与黑河市爱辉区、嫩江县接壤，东部与俄罗斯施马诺夫斯克市、斯沃搏德内市和马格达加奇区隔江相望。对俄边境线长达371公里，占到大兴安岭地区对俄边境总长的近二分之一，也是黑龙江省对俄边境线最长的县份。呼玛县是大兴安岭地区唯一以农为主的行政县。著名...呼玛县，隶属于黑龙江省大兴安岭地区。位于大兴安岭东麓，黑龙江上游西南岸。呼玛县，因呼玛河得名。“呼玛”，又称“呼玛尔”、“库玛尔”，系达斡尔语，“高山峡谷不见阳光的急流”之意。西部和北部与新林区、塔河县毗邻，南部与黑河市爱辉区、嫩江县接壤，东部与俄罗斯施马诺夫斯克市、斯沃搏德内市和马格达加奇区隔江相望。对俄边境线长达371公里，占到大兴安岭地区对俄边境总长的近二分之一，也是黑龙江省对俄边境线最长的县份。呼玛县是大兴安岭地区唯一以农为主的行政县。著名特产有木耳、蘑菇、猴头、蓝莓。呼玛县江段属于黑龙江上游，因地质情况等诸多原因，此江段地质断层较多，所以形成了多处奇山美景。,全天开放,https://img1.qunarzz.com/travel/d3/1705/a9/a5a295b1462ec5b5.jpg_480x360x95_ce52d1ff.jpg,0.0,,,免费,,10
