名字,链接,地址,介绍,开放时间,图片链接,评分,建议游玩时间,建议季节,门票,小贴士,Page
恒山Mount Heng,http://travel.qunar.com/p-oi707446-hengshan,"

地址:
大同市浑源县东南郊恒山脚下


电话:
0352-5028229

",恒山位于大同市浑源县城南处，是“五岳”之中的北岳。恒山景区包括天峰岭景区、翠屏峰景区、千佛岭景区等。恒山不仅风光优美，也是重要的道教发祥地，山上有许多道教庙观，相传“八仙”之一的张果老就是在恒山修行得道的。游玩恒山一般先去游玩翠屏峰下悬在半山腰的千年古寺悬空寺，然后前往天峰岭游览道教建筑群，登天峰岭之巅望远。恒山游览线路大致为：大字湾-虎风口-舍身崖-飞石窟-恒宗殿-天峰岭山顶，爬山大概3-4小时便可往返。需要注意的是，由于天峰岭山顶开放时间不定，许多时候只能走到恒宗殿，想要登顶的游客可提前向景区确认。进入天峰岭售票处便是一段盘山路，通往恒山停车场（停旨岭）。在停车场向东仰望，可以看到大字湾的峭壁上刻着刚健的“恒宗”二字，这也是恒山上较为特色的石刻，被视为恒山的标志。如果时间紧，可以从停车场坐索道上到庙群区，也可以爬上去。沿着登山步道往上先到果老岭，这里有一个近90度的直弯，山风非常大，叫做“虎风口”。恒山上古松非常多，数虎风口的“悬根松”较为特别，它的根系全部露在外，又地处风口，风声树声交织在一起，如同猛虎咆哮。此外，果老岭东侧的山崖也是恒山看夕阳的好地方。继续往上走，来到一个木牌楼，上面写着“人天北柱”，便是恒山庙群区的大门了。进入的方形院落，可看到玄井亭，里边有两口并排的井，叫“苦甜井”。北边的井甜如甘露，南边的井却苦涩无比，非常神奇。这里还可以看到马神庙、百虚观、接官亭等道教建筑，在此可以上香祈福。再向上攀登，来到布满历代墨客题刻的飞石窟和恒山主庙恒宗殿（北岳庙）。恒宗殿是恒山庙群区的亮点，建在山腰的峭壁间，规模很大。大殿里供奉着北岳大帝，神座上方是康熙御笔的“化垂悠久”四字。值得一提的是山门前的103级陡阶，级级向前倾斜约有三四十度，得要手脚并用才能爬上去。在恒宗殿前可俯瞰恒山景致，视野很好。恒宗大殿西边是会仙崖，半山腰的会仙府（集仙洞）有许多壁刻，以“天地大观”、“壁立万仞”较为醒目。这里也是恒山较高的建筑，周边还有玉皇阁、御碑亭、琴棋台、通元谷等景观。从通元谷往上，爬上恒山主峰天峰岭之巅，可感受“一览众山小”的壮美。在山顶拍照赏景，休整过后，经纯阳宫、九天宫便可下山回到停车场了。,04/01-10/31 08:00-18:00;11/01-03/31 08:30-16:00,https://img1.qunarzz.com/travel/d9/1704/b2/735e20e9d72a48b5.jpg_480x360x95_1a29f3c2.jpg,4.4,建议游览时间：12小时 - 3天,"全年均可，春赏桃花,夏、秋避暑,冬观雪景。","{'恒山电子导览服务大小同价\n\n': ['¥1起'], '恒山VIP人工讲解服务+悬空寺VIP人工讲解服务大小同价\n\n': ['¥498起'], '【大同出发】悬空寺+恒山一日游(门票全含)\n\n': ['¥88起']}",1、恒山停车场距顶峰还有4千米，从停车场上到顶峰只需要1个多小时。2、参观庙宇旅游时间一般安排三四个小时。3、如需要住宿，停车场旁有宾馆，也可选择住在当地农家。4、恒山属温带半干旱大陆性气候，四季分明，夏季雨量集中，秋季多为晴朗天气，早晚温差大，年平均温度6.1℃。您最好多带一件衣服，以抵御早晚的寒气。,1
云冈石窟Yungang Grottoes,http://travel.qunar.com/p-oi709615-yungangshiku,"

地址:
山西省大同市云冈区云冈镇1号


电话:
0352-7992622,0352-3206818


官网:
http://www.yungang.org/

",云冈石窟位于大同市城西约16公里的武州（周）山南麓、武州川的北岸，始建于北魏建都平城（今大同）的时代。和后期开凿的洛阳龙门石窟不同的是，云冈石窟不仅有中国传统艺术风格，也融合了古印度、西域和中原各民族的艺术特征。具有代表性的是第20窟（白佛爷洞）高13.75米露天释迦坐像，这尊塑像胸部以上保存得依然完整：面部半圆，深目高鼻，眼大唇薄，保留着典型的西域少数民族、印度人的面部特征。而龙门石窟中的大佛，则已经接近南朝士大夫的相貌了。云冈这尊释迦坐像的衣饰线条也不似龙门石窟那样柔和，而是透着北魏早期艺术的干练。云冈石窟景区分为景观区和石窟群，整个石窟群自东而西依自然山势分为东、中、西三区，目前对外开放的洞窟大约40个，比较传统的参观路线是从东部的第1窟开始，依次往西直到第45窟结束。若参观时间在两小时左右，一般主要游览第5、6窟，五华洞（第9-13窟）和昙曜五窟（第16-20窟）。,全年 09:00-17:00,https://img1.qunarzz.com/travel/d1/1410/12/5680f8f4c9e4584bffffffffc8d65eac.jpg_480x360x95_737f90d7.jpg,4.7,建议游览时间：4小时 - 5小时,5月~10月，春季风沙过大，冬季寒冷，夏秋时节最宜。,"{'云冈石窟门票成人票\n\n': ['¥120起'], '云冈石窟门票儿童票\n\n': ['¥60起'], '云冈石窟门票+电子导览服务成人票\n\n': ['¥135起']}",每年8月——10月为中国（大同）云冈文化旅游节，以展示中国传统宗教文化以及优美癿塞外风光为主。旅游节包括晋北景点展示、文佑盛事表演、城市交往、旅游观光觅胜推介、大同旅游项目招唱等活劢。1、云冈石窟9至13窟正在实施国家级保护工程，暂时不对外开放。2、尊重世界文化遗产，保护文物古迹。请不要在洞窟内和建筑上留下您的大名；洞窟内请勿拍照；并请注意警示标志，服从工作人员的管理。3、做文明观众。文明环境靠我们共同营造，请您参观云冈石窟时请勿携带危险品及宠物进入景区；不要做出有碍观瞻、有损形象的行为；请勿乱丢垃圾废物，请勿吸烟和随地吐痰。4、为了保护世界文化遗产，如遇人群密集时，请听从工作人员的疏导，有序参观，不要拥挤。5、在开放时间即将结束时，请注意广播和工作人员的提示，尽快结束参观。6、每年8月~10月为中国（大同）云冈文化旅游节，以展示中国传统宗教文化以及优美癿塞外风光为主。旅游节包括晋北景点展示、文佑盛事表演、城市交往、旅游观光觅胜推介、大同旅游项目招唱等活劢。7、《云冈石窟保护条例》将于2018年8月1日正式施行，损毁云冈石窟保护标志和界碑，刻划、涂污或者损毁文物，或是在景区内吸烟，在重点保护洞窟内闪光拍摄的游客，可能被处以最高200元的罚款。,1
九龙壁Nine Dragons Wall,http://travel.qunar.com/p-oi709710-jiulongbi,"

地址:
大同市平城区大东街18号


电话:
0352-2054788

",九龙壁原是明初代王朱桂府前的照壁，在现存享有盛名的三座九龙壁中，是建筑年代早而且富有艺术魅力的一座。此壁的建筑结构全部使用黄、绿、蓝、紫、黑、白等色琉璃构件拼砌而成。壁体由三部分组成：底部为须弥座，中部为壁身，上部为壁顶。东西两端分别是旭日东升和明月当空的图案，并衬有江崖海水，流云纹饰。须弥座的束腰镶有两层琉璃兽：一层是麒麟、狮、虎、鹿、飞马等，二层是小型行龙。这些琉璃兽姿态各异，栩栩如生。壁身之上有仿木结构的琉璃斗拱六十二组，承托琉璃瓦壁顶。壁顶为单檐五脊，正脊两侧是高浮雕的多层花瓣的花朵以及游龙等，脊顶戗兽、脊兽、龙兽俱全，两端是雕刻手法细腻的鸱吻。,全年 08:00-18:00;全年 08:30-17:30,https://img1.qunarzz.com/travel/poi/201211/15/43dc3e1851a7fdcbddb12cfb.jpg_480x360x95_67cd94fd.jpg,4.3,建议游览时间：1小时,四季皆宜。,{'大同云冈石窟+华严寺+九龙壁包车一日游|【纯玩/上门接送】\n\n': ['¥388起']},周边景点有善化寺、华严寺、云冈石窟等，游客可以一同游览。,1
大同古城墙Datong Ancient City Wall,http://travel.qunar.com/p-oi7527037-datongguchengqiang,,,,,,,,,,1
悬空寺Hanging Temple,http://travel.qunar.com/p-oi706125-xuankongsi,"

地址:
大同市浑源县东南郊恒山脚下


电话:
0352-5028229

",悬空寺位于恒山金龙峡翠屏峰的悬崖峭壁间，始建于北魏，距今已有1500多年历史，是国内现存较早、保存较好的高空木构摩崖建筑。来到恒山脚下，远远地就可以看到悬在半山腰的悬空寺，可谓是万丈深渊上的建筑。整个寺院悬在陡峭的崖壁上，利用峭壁的凹凸部分巧妙依势而建，显得格外错落有致。诗人李白当年游览过悬空寺后，挥笔写下“壮观”二字，写完仍觉得不够体现自己激动的心情，又在“壮”上多加了一点，这两个字至今还刻在寺院脚下的岩石上。寺院由三部分构成，首部是一个完整的寺院布局，建在山崖间。第二、第三部分则是真正“悬”在崖壁上，两部分之间连接的木栈道更是好像凭空浮在半空中一般，游人走在上面，看着下面的悬崖，心也不由跟着悬起来。,1/1-2/28 08:30-16:30;3/1-10/31 08:00-17:00;11/1-12/31 08:30-16:30,https://img1.qunarzz.com/travel/poi/201211/15/41a4dbf05bb71f6fddb12cfb.jpg_480x360x95_347f5f48.jpg,4.6,建议游览时间：1小时 - 2小时,4月—10月是最佳游玩时机。,"{'悬空寺电子导览服务大小同价\n\n': ['¥0.9起'], '恒山VIP人工讲解服务+悬空寺VIP人工讲解服务大小同价\n\n': ['¥498起'], '【大同出发】悬空寺+恒山一日游(门票全含)\n\n': ['¥88起']}",1、浑源属晋北，饮食习惯以面食为主。 2、恒山属温带半干旱大陆性气候，四季分明，但早晚温差大，建议您适量增减衣物。 ,1
华严寺Huayan Temple,http://travel.qunar.com/p-oi710991-huayansi,"

地址:
大同市平城区下寺坡街459号


电话:
0352-2042025

",位于大同市中心的华严寺，始建于辽清宁八年（公元1062年），之后多次重建。明代华严寺分为上、下华严寺两部分，上华严寺以大雄宝殿为中心，下华严寺以薄伽教藏殿为中心，两寺紧邻，下华严寺位于上华严寺的南方。直到建国后，两寺再次合为一体，两寺之间有小门相通。游览华严寺时，可以先游览北面的上华严寺，再从寺中小门进入南面的下华严寺，两处均沿着中轴线游览即可。需要注意的是，华严寺的两条中轴线与中原汉地大部分寺院的“南北走向”不同，上、下华严寺的中轴线都是“东西走向”，主要殿宇都是面向东方，这与辽国契丹族崇拜太阳、以东方为上的信仰和习俗有关。当你来到上华严寺的大雄宝殿时，能够看到辽代的地基、金代的建筑，还有殿内明代的塑像和清代的壁画。站在大殿前仰视，可以看到殿顶正脊两端的琉璃鸱吻（传说中龙九子之一，会喷水灭火），北端的鸱吻是金代遗物，南端鸱吻是明代配制的，两者风格略有不同。殿内供奉着明代的密宗五方五佛，两侧立有二十诸天神像。其中“诸天神像”都是向前倾15度左右，这样做一是为了显示了护法天王的威严和气度；二是利用力学原理，能长时间保存塑像的完整性。下华严寺的薄伽教藏殿，是寺中唯一尚存的辽代建筑，殿中的31尊辽代塑像尤为珍贵。佛像姿态、神情各异，端庄的佛、慈善的菩萨、凶猛的天王、各具特色，既有唐代丰满圆润，又有宋代秀美俏丽。其中最值得欣赏的是“合掌露齿菩萨”，佛像立于莲花之上，有着优美的线条，她面带微笑，流露出内心的喜悦。这种面带微笑的佛像，是极其少见的。在薄伽教藏殿，除了可以观赏到精致的辽代塑像外，在殿内塑像后面建有双层楼阁式藏经柜，也是国宝级的文物。殿内四周依墙而建排列着藏经柜共有38间，上层是供设佛像和佛龛，下层是存放经书的壁藏。环绕大殿一周的勾栏栏板，图案多样，全部以镂空雕刻，玲珑剔透。工匠还在藏经柜间搭建了一座圆弧拱桥，并在桥上建有“天宫楼阁”，这与佛教中传说的“天宫宝藏”不谋而合。著名的建筑学家梁思成先生看后，赞誉其为“千年国宝、无上国宝、罕有的国宝”。  寺中的其他建筑和塑像也都是非常珍贵的文物，整座华严寺，就是一座中国古建筑和佛教文化的瑰宝。,4/1-10/31 08:30-18:00;11/1-3/31 08:00-17:30,https://img1.qunarzz.com/travel/d2/1712/af/ea9bd3eb19bb42b5.jpg_480x360x95_7b367c55.jpg,4.7,建议游览时间：2小时 - 3小时,四季均可，4-10月最佳。此时的大同风沙小，天气较凉爽。,"{'华严寺人工讲解服务大小同价\n\n': ['¥256起'], '大同华严寺手机导览不含门票大小同价\n\n': ['¥0.1起'], '大同云冈石窟+华严寺+九龙壁包车一日游|【纯玩/上门接送】\n\n': ['¥388起']}",,1
大同博物馆Datong Museum,http://travel.qunar.com/p-oi709728-datongbowuguan,"

地址:
大同市平城区太和路


电话:
0352-2303518

",大同市博物馆是一座地志性综合博物馆，隶属于大同市文物局，位于大同市御东太和路，现有馆藏文物七万余件，为国家二级博物馆。藏品以彰显北方少数民族文化、边陲重镇军旅文化、宗教文化特征而著称，特别是北魏、辽、金三代的精品文物，在国内独领风骚，享有盛誉。博物馆占地面积51556平方米，建筑面积32821平方米，建筑设计通过对异型建筑空间的升腾动态进行典型刻画，将大同的历史文化融入其中，吸收大同自然地貌——大同火山群、龙壁文化和云冈石窟空间演化的文化元素。整个建筑形体...大同市博物馆是一座地志性综合博物馆，隶属于大同市文物局，位于大同市御东太和路，现有馆藏文物七万余件，为国家二级博物馆。藏品以彰显北方少数民族文化、边陲重镇军旅文化、宗教文化特征而著称，特别是北魏、辽、金三代的精品文物，在国内独领风骚，享有盛誉。博物馆占地面积51556平方米，建筑面积32821平方米，建筑设计通过对异型建筑空间的升腾动态进行典型刻画，将大同的历史文化融入其中，吸收大同自然地貌——大同火山群、龙壁文化和云冈石窟空间演化的文化元素。整个建筑形体环绕中央大厅以螺旋型的空间结构环绕形成一个整体。分地下一层、地上三层，局部有夹层。含文物展览区、公共服务区、多功能厅、文物库区和办公区等。大同市博物馆馆历经半个多世纪，馆址历经下华严寺、展览馆西厅、大同十中天文楼。新馆于2010年5月18日开工建设，2014年12月31日开馆迎客。大同市博物馆新馆的陈列主题确定为“民和·大同”，侧重反映本地区民族融合的发展历程以及由此带来的政治、经济、军事、文化的繁荣，再现各民族共同生活、相互促进、和谐共存的生活景象，充分体现民族融合的地域文化特色。陈列分为“大同恐龙”“代地沧桑”“魏都平城”“辽金西京”“明清重镇”“梵语清音”“妙笔丹青”“瓷路撷珍”等单元，在结构划分上，摒弃了惯用的从古至今的叙事性展示手法，依托馆藏文物，结合陈列主题，层次分明、详略得当地进行分配，着重突出拓跋鲜卑建立的北魏王朝定都于平城期间的百年盛况，浓墨重彩书写了“魏都平城”的传奇。千余件文物无声地讲述着北魏王朝的兴衰，传递着中西文化碰撞的激情，奏响了民族融合的乐章，开启了大唐盛世的帷幕。辽金时期，契丹、女真分别主政大同，散存于晋北各处的建筑遗构和雕塑是诠释这一时期民族融合的直接体现：造型雄浑古朴、端庄大气，明显异于同时期宋代建筑雕塑风格；工艺上却显著吸收、借鉴了汉民族的特色，宋《营造法式》的诸多内容在此均可得到佐证，南北交流、民族融合的繁荣由此略窥一斑。,周二-周日9:00-17:00（16:00停票，16:30清场），周一闭馆（含国家法定节假日）、除夕、正月初一闭馆。,https://img1.qunarzz.com/travel/poi/201407/31/45ed74b671548124c8d65eac.jpg_480x360x95_0eada61a.jpg,4.5,建议游览时间：2小时 - 4小时,四季皆宜。,"{'大同博物馆人工讲解服务大小同价\n\n': ['¥740起'], '大同博物馆金牌导游私享人工讲解服务(不含门票预约)大小同价\n\n': ['¥740起'], '大同市博物馆手机智能讲解门票大小同价\n\n': ['¥0.4起']}",1、机关团体、企事业单位、部队、学校集体组织参观，需提前两天预约，尽量避开高峰期参观。2、博物馆每天只限800人参观，上、下午各400人。,1
华严街,http://travel.qunar.com/p-oi37806292-huayanjie,,,,,5.0,,,具体收费情况以现场公示为主,,1
善化寺Shanhua Temple,http://travel.qunar.com/p-oi705627-shanhuasi,"

地址:
大同市平城区南寺街6号(近楼房巷)


电话:
0352-2539436

",善化寺，位于大同市区西南方，始建于唐代，后毁于战火，辽、金时期开始重建。如今的善化寺是我国现存较为完整的辽金寺院。寺中的主要建筑三圣殿、大雄宝殿等，都位于南北方向的中轴线上。和很多寺院不一样，善化寺是没有山门（大门）的。寺内的大雄宝殿，是善化寺规模较大的殿宇，建于辽代，金代重修。来到殿内，正面供奉有“五方佛像”，从西到东的排列是：北方不空成就佛、西方阿弥陀佛、中部毗卢遮那佛、南方宝生佛和东方阿閦佛。五方佛是佛教“密宗”崇奉的一组尊神。殿内两侧的砖台上还站立着二十四诸天塑像，这些塑像都是金代塑像中的精品。这些人神合一的杰作，每尊都高约三米，有的披甲执仗，有的朝冠官袍，有的圆润、衣带飘荡，尊尊表情生动传神。在大殿墙上，还有清朝康熙年间所绘的壁画，壁画的内容都是佛经故事。此外，寺中三圣殿内的供奉着的“华严三圣”塑像，释迦牟尼佛和普贤、文殊两位菩萨，也是形象生动、栩栩如生。在寺门前的广场，你还能见到上世纪八十年代迁过来的五龙壁，五龙壁是明万历年间遗物，壁中五条巨龙翻腾于波涛汹涌的云雾之中，其中一条“正龙”，怀抱一颗火珠，头朝正前方，正对着古寺。,全年 8:00-17:30,https://img1.qunarzz.com/travel/d5/201404/23/118ada5ac90791aeddb12cfb.jpg_480x360x95_d46df810.jpg,4.6,建议游览时间：0.7小时 - 1小时,4-10月最佳。大同地势较高，昼夜温差较大，夏季风沙小，天气较凉爽。,具体收费情况以现场公示为主,四季皆宜,1
大同土林Datong Soil Forest,http://travel.qunar.com/p-oi5740675-datongtulin,"

地址:
大同市云州区杜庄乡杜庄村


电话:
0352-8019543

",大自然的鬼斧神工造化了土林诡异迷离的地貌，当你走进这里，一时很难明白自己是登陆火星上还身陷魔域仙界。这就是大同土林，当地人叫“石板沟”，是目前华北地区唯一已知的土林景点。放眼望去，土林的奇特令人眼花缭乱，似古堡而非古堡，似雕塑又不是雕塑。有的犬牙交错壁立千仞，那一定是天界地缘；有的连绵不断，如远古长城再现；有的独居单处，好似隐士休闲；有的三五成群，有如古堡森严。土林的南边伸入到一片的宁静水域之中，站在岸边眺望，在水光倒影中的土林，更是扑朔迷离恍如梵界。在不同的阳光照射下，土林呈现出不同的风采，或金光闪闪，或红如火焰，气势恢宏，是许多摄影爱好者青睐之处。,8:00-19:00，18:30停止购票。,https://tr-osdcp.qunarzz.com/tr-osd-tr-space/img/1537e304b03e067a4f00c36283b48bba.jpg_480x360x95_7cc0cee2.jpg,4.2,建议游览时间：2小时 - 3小时,,{'大同土林门票成人票\n\n': ['¥43起']},,1
鼓楼Drum Tower,http://travel.qunar.com/p-oi710080-gulou,"

地址:
大同市平城区大南街与鼓楼东街交汇处


电话:
15034249880.0

",大同鼓楼始建于明朝，清朝顺治、乾隆年间均有重修，是山西乃至全国保存较为完好，规模较大的明清鼓楼。鼓楼高三层，为十字歇山顶建筑，面阔和进深均为三间。楼阁四面设门，四周有回廊栏杆，底层有木制楼梯。明清时期，鼓楼是全城报时报警之地，备有测定时间的“铜漏壶”和“定更鼓”。鼓楼四面均悬挂牌匾，南向上匾为“鼓楼”，下匾为“声闻四达”；东向上匾为“歌风”，下匾为“云开春晓”；西向上匾为“振德”，下匾为“和声鸣盛”；北向上匾为“时雍”，下匾为“蟾云就月”。,全年 全天开放,https://img1.qunarzz.com/travel/d9/1707/cd/e053f521e6b756b5.jpg_480x360x95_2158e44c.jpg,4.5,建议游览时间：1小时,四季皆均可。4-10月最佳。大同地势较高，昼夜温差较大，夏季风沙小，天气较凉爽。,具体收费情况以现场公示为主,,2
大同火山群国家地质公园Datong Volcanic Group,http://travel.qunar.com/p-oi709282-datonghuoshanqunguojia,"

地址:
大同市云州区109国道与339省道交叉口北150米


电话:
0351-4282438

",大同火山群是我国第四纪火山群之一，大约在6万年前就停止了喷发，目前已知的有30多座，主要分布于大同盆地东部，按所在方位分别划分为东、西、南、北四个区域，其中位于今大同县城东北部的西区火山则是火山锥景观为密集也是非常壮观的一个部分。它们的海拔高度大多在1100米至1400余米之间，大概是由于有平坦宽广的河谷地貌的衬托，这些火山锥一个个犹如地底幽灵突兀而起，大多显出一种威武与神秘。西区火山中火山口直径较为大者即是狼窝山，达500米左右，几乎呈正圆形状，山口深则平均达到30至50米，这也是大同火山群中火山口较为深邃的一座。昊天山是大同西区火山口自然维体较为完整的一座，在空中鸟瞰可以发现不到数十万年间水蚀作用在山体上所留下的一点痕迹。它坐落在大同县城的东北近郊，已经成为这个小县城的一处比较显著的自然标志物。金山火山锥，更像是一颗正在夏夜夜空中灼灼燃烧着的明亮“彗星”，其“彗尾”不但生动而硕长（约300余米，为火山爆发时山口岩浆外流而形成），而且洁白闪光。再从高空俯看阁老山，它的形状像一枚金色的“桃心”，由于其四周布满了呈放射状的水蚀沟纹理，所以从“桃心”发出的“金光”就显得更为迷人。东坪山火山锥距离西区火山的密集地带较远，它坐落在大同县城正东约两公里以外，因为火山喷发时熔岩流朝着东南方向喷流，故而这个火山锥的东南部就留下了一个很明显的缺口，这缺口使得整个火山锥冠就像是一只惟妙惟肖的巨型、马蹄子。,全年 8:30-18:00,https://img1.qunarzz.com/travel/d2/1505/81/f5a5b4aac6232f.jpg_480x360x95_5d3407e0.jpg,4.4,建议游览时间：2小时 - 3小时,四季均可，5月~10月最佳，春季风沙过大，冬季寒冷，夏秋时节最宜。,{'大同火山群手机智能讲解门票大小同价\n\n': ['¥7起']},大同火山群分布范围广，主要在大同盆地东部和桑干河中部河谷地带的远郊地区，周边有一些乡村，食宿的话需返回县城。,2
桑干古道乌龙峡WuLongXia Eco-Tourism Resort,http://travel.qunar.com/p-oi7432332-sanggangudaowulongxia,"

地址:
大同市云州区册田水库东3华里鹅毛村


电话:
400-0352-528


官网:
http://www.dtwlx.com/

",乌龙峡系一亿年前火山熔岩喷发，经桑干河水上亿年的冲刷，形成了一条长约10公里，宽数百米的天然峡谷，为火山地质公园。乌龙峡一年四季：春来绿草如茵；夏至林木蔽日；秋临霜红遍野；冬到冰雪如画。峡内有花果山、水帘洞、五行山、梁祝飞来冢、相思崖、幽谷寻根等景观，清溪、激流、温泉、飞瀑，加上“龙凤呈祥”的神奇地貌、神态诡异的火山熔岩、流传千古的人文遗址，使得这里的一山一水一草一木，平添了无限的自然与神秘色彩。景区内还有众多娱乐项目，有滑沙、滑草、湖面荡舟、峡谷漂流、竹筏、皮划艇、林间骑射、山泉边烧烤、蒙古包放歌、篝火晚会等。,8:30-18:30,https://img1.qunarzz.com/travel/poi/201407/29/fb8e17b47ed4759fc8d65eac.jpg_480x360x95_3d56279f.jpg,4.3,建议游览时间：4小时 - 6小时,每年6-9月，可以玩皮划艇和漂流等项目。,{'乌龙峡生态旅游度假区门票成人票\n\n': ['¥29起']},,2
得胜堡De Sheng Bao,http://travel.qunar.com/p-oi7432333-deshengbao,"

地址:
大同市城北新荣区得胜堡村

",得胜堡建于明初，是外长城的重要隘口，京包铁路与长城在此交汇，晋蒙两省在此分界。得胜堡以北1公里即是得胜口，是连接口里口外的重要关口。由得胜堡、镇羌堡、四城堡、得胜月城组成了一个具有边墙关隘、守关城堡、屯兵镇城及边塞马市的连环堡群。四堡之间相距很近，皆为夯土城堡。得胜堡现存遗物多为土夯，古朴厚重。登上门楼，放眼望去，四边堡墙轮廓完整，墙体规整。墙外田野辽阔，墙内房舍成片。一条大街从南门向北延伸，穿过一座砖箍方台，方台下有门洞，台上曾建玉皇阁。得胜堡原有阁楼４座，分别为南城阁、日菩萨阁、玉皇阁、神武阁。如今，四座阁楼及瓮城、月城均已不存。明王朝与蒙古靴靶部订立互市盟约，发展贸易往来，开辟了民族团结的新局面。当时的得胜堡是贸易的主要市场。通过此市场，中原地区的丝绸、茶叶、豆、米、粮食等货物可以运往蒙古及西北等少数民族地区；少数民族地区的牛、羊、马、皮毛等又可以输入中原内地。,全年 全天开放,https://img1.qunarzz.com/travel/poi/201407/29/55b6483839aa0d3ec8d65eac.jpg_480x360x95_81d883bb.jpg,4.6,建议游览时间：2小时 - 3小时,全年皆宜。,具体收费情况以现场公示为主,,2
天镇县新平堡镇,http://travel.qunar.com/p-oi7432335-tianzhenxianxinpingbao,"

地址:
大同市天镇县

",,全天开放,https://img1.qunarzz.com/travel/poi/201407/29/7d8384da87d919c7c8d65eac.jpg_480x360x95_d2ae5dac.jpg,3.0,,四季皆宜。,免费,山西属大陆性季风气候昼夜温差大，降水少，春秋季多风沙。同时，请备带外套、遮阳伞、防晒霜、药物、饮用水等以便不时之需。,2
桃花山Taohuashan,http://travel.qunar.com/p-oi707704-taohuashan,"

地址:
大同市灵丘县红石塄乡沙湖门


电话:
0352-8524666

",大同桃花山位于灵丘东南的红石塄乡沙湖门村一带，经过大自然千百万年的造化，形成了一系列天然溶洞群，主要有桃花洞、蝙蝠洞。桃花洞位于桃花山海拔1900米处。该洞距今已有170万年的历史，并且仍处在生长期。洞内钟乳林立，形态各异，有的如白玉般的大幅珠帘，有的如百折织锦垂慢，有的如披着盔甲的将军，有的像一丛丛新鲜的蘑菇，层层叠叠，生气勃勃。手捧仙桃，面带微笑的桃花仙子吸引着无数青年男女来此一睹风采。蝙蝠洞位于桃花山北海拔900米处。该洞高大，四通八达。主洞深70多米，有六个出口，洞内数以千计的蝙蝠密密麻麻地倒吊在洞顶，像一串串黑色的精灵，昼伏夜行，十分有趣。西侧洞的洞壁、洞顶天然形成的壁画，栩栩如生。,全年 8:00-18:00,https://img1.qunarzz.com/travel/poi/1408/29/5451cf7502608b2affffffffc8d65eac.jpg_480x360x95_3765de1b.jpg,4.1,建议游览时间：2小时 - 3小时,2月——5月，春季桃花盛开，缤纷落丘。,具体收费情况以现场公示为主,1、山西属大陆性季风气候昼夜温差大，降水少，春秋季多风沙，旅途中最好准备太阳镜、帽子等物以防风沙。 2、大同的春天，白天与黑夜温差很大，记得备齐可以添减的衣服。冬季漫长且寒冷干燥。夏、秋季是去大同最佳季节。3、前往景区请携带手电、雨伞、外套、舒适运动鞋等备用物品。 4、建议游客随身携带应急物品（创可贴、止血绷带、碘伏等）。,2
大同煤矿万人坑遗址纪念馆Mass Grave,http://travel.qunar.com/p-oi706322-datongmeikuangwanrenkeng,,,,,,,,,,2
晋华宫国家矿山公园Jinhuagong National Mine Park,http://travel.qunar.com/p-oi716363-jinhuagongguojiakuang,"

地址:
大同市云冈区晋华宫


电话:
0352-7086666,0352-7086600

",晋华宫矿山公园，位于大同市以西约13公里处，与世界文化遗产云冈石窟一河之隔。2000年，这里开发了“井下探秘游”项目，成为首批全国工业旅游示范点。公园集工业遗址保护、环境更新、生态恢复与绿色矿山建设于一体，这是一座新型休闲观光园区，也是为世人留下完整近代工业记忆的矿业文化创意园。公园内主要景点有煤炭博物馆和井下探险游。园区内的煤炭博物馆是一座集科学性、知识性、观赏性和趣味性于一体的大型地址矿山博物馆。这里的镇馆之宝是一款已经成煤的硅化木，通体黝黑，纹理清晰，至今大家还可清晰的看到原本植物的鳞片和脉络。游客还可以参加井下探秘游，真实的了解1.4亿年前侏罗纪时期煤炭形成的历史知识，体验从原始采煤到现代采煤的历史演变进程，身临其境的感受煤炭工人的井下生活。游客下井参观前，需要换好工作服、戴好安全帽，达到五人左右会有景区专人带领下井。,11/1-3/31(淡季) 09:00-17:00;4/1-10/31(旺季) 09:00-17:30,https://img1.qunarzz.com/travel/poi/1408/29/faa1f786d5b35b8effffffffc8d65eac.jpg_480x360x95_58da89f3.jpg,4.5,建议游览时间：2小时 - 3小时,四季皆宜。,{'晋华宫煤矿电子讲解服务大小同价\n\n': ['¥7起']},周边景区有云冈石窟、华严寺、九龙壁、善化寺、平型关战役遗址、恒山风景名胜区。,2
御河生态园,http://travel.qunar.com/p-oi705832-yuheshengtaiyuan,"

地址:
山西-大同

","御河生态园，南北长5.5公里，东西宽500-800米，规划总面积为400公顷，至2004年10月中旬告竣，使昔日贫瘠、荒凉的御河两岸重现风光，市民携老带幼,争睹新河风采，大同市自然生态环境得以历史性的改善。 一条河流能给予一座城市以灵魂，河畔生态园使城市物华得以体现，城市的审美和灵性凭河而含，籍园而展，御河蓄水，御园绽绿，两岸的开发已成为时代的挑战。御河公园包括儿童活动区、文化娱乐游览区、体育活动区、水上活动区、花卉园艺展示区、休闲区、老年活动区、管理区8个功能分区。...御河生态园，南北长5.5公里，东西宽500-800米，规划总面积为400公顷，至2004年10月中旬告竣，使昔日贫瘠、荒凉的御河两岸重现风光，市民携老带幼,争睹新河风采，大同市自然生态环境得以历史性的改善。 一条河流能给予一座城市以灵魂，河畔生态园使城市物华得以体现，城市的审美和灵性凭河而含，籍园而展，御河蓄水，御园绽绿，两岸的开发已成为时代的挑战。御河公园包括儿童活动区、文化娱乐游览区、体育活动区、水上活动区、花卉园艺展示区、休闲区、老年活动区、管理区8个功能分区。另规划了盆景园、植物角、动物角、月季园、牡丹园、槭树园、樱花园、莲池、水生植物园、蔓园等各类专类园。",全天,https://img1.qunarzz.com/travel/poi/1806/2f/5b23d86cb235e437.jpg_480x360x95_5daf4714.jpg,4.0,,春季夏季，园内众多鲜花盛开，十分美丽。,,,2
清真大寺The Grand Mosque,http://travel.qunar.com/p-oi713448-qingzhendasi,"

地址:
大同市平城区大西街九楼巷5号


电话:
0352-2067337

",清真大寺始建于唐贞观二年，距今已有千年历史。该寺建筑古朴，结构严谨，整个建筑既有中国传统汉式木构建筑特色，又有阿拉伯风格。它也是在《二十四史》中有载的清真寺。大寺内明嘉靖丙午（1546年）陨石碑刻，也是一块刻在陨石上的阿汉文碑刻。寺庙现存有正门、十字穿心楼阁、石桥、礼拜殿，主体建筑由四组殿堂相连而成，在中线两侧还有沐浴室。其中畔池、后拱桥、陨石台、牌坊、碑楼等为明清遗物，寺内还存有康熙圣谕牌、历代《古兰经》手抄本、刻印本及清真寺藏书等珍贵典籍文物。,全年 8:00-18:00,https://img1.qunarzz.com/piao/fusion/1505/8f/0d47e3f4329990.jpg_480x360x95_a1e5331d.jpg,4.4,建议游览时间：1小时 - 2小时,,具体收费情况以现场公示为主,,2
观音堂Shuri Kannondo Temple,http://travel.qunar.com/p-oi716308-guanyintang,"

地址:
小站村观音堂


电话:
0352-20142539533

",,夏季8:00-18:00，冬季8:30-17:30,https://img1.qunarzz.com/travel/poi/201407/31/6690493ca1f9262bc8d65eac.jpg_480x360x95_81cfc4c7.jpg,4.4,建议游览时间：1小时,四季皆宜。,具体收费情况以现场公示为主,,3
阳高县古城堡汉墓群,http://travel.qunar.com/p-oi711838-yanggaoxianguchengbao,,阳高县古城堡汉墓群位于阳高县城东南方60里之古城堡周围，包括南梨园沟河东岸汉墓25个。两岸汉墓15个、古城堡北汉墓8个、古城堡东汉墓10个。,,,--,,,,,3
赵武灵王墓Zhaowu Lingwang Tomb,http://travel.qunar.com/p-oi712795-zhaowulingwangmu,,,,,,,,,,3
吴官屯石窟Wuguantun Grottoes,http://travel.qunar.com/p-oi715955-wuguantunshiku,"

地址:
城区云岗沟

",,全年 8:30-17:30,https://tr-osdcp.qunarzz.com/tr-osd-tr-manager/img/e8d87323a7a7f013bb06cf9995e9d812.jpg_480x360x95_a27124e0.jpg,5.0,建议游览时间：2小时 - 3小时,四季皆宜。,{'吴官屯石窟电子讲解服务大小同价\n\n': ['¥8起']},,3
小悬空寺,http://travel.qunar.com/p-oi706955-xiaoxuankongsi,,山西广灵县城南有座壶山，上有大士庵和水神庙的合称“小悬空寺”。寺庙建于山巅。创建于北魏时期，现存为明代时期遗物。小悬空寺为平面八角形的建筑，有山门、正殿、东西殿、钟楼等。殿堂的雕刻手法细腻，钟楼结构玲珑，前有掖门穿过，周围设有回廊围护。寺内东南隅，矗立一座高约二十米，八角形七层楼阁式砖塔，塔上雕有斗拱、门窗、塔刹、脊饰，结构规整，形体秀丽，比例优美适度。寺内一口古井，直通山下泉源。丰水源泉环山涌出，壶河水至此与丰水汇合，形成广百余亩的巨潭，...山西广灵县城南有座壶山，上有大士庵和水神庙的合称“小悬空寺”。寺庙建于山巅。创建于北魏时期，现存为明代时期遗物。小悬空寺为平面八角形的建筑，有山门、正殿、东西殿、钟楼等。殿堂的雕刻手法细腻，钟楼结构玲珑，前有掖门穿过，周围设有回廊围护。寺内东南隅，矗立一座高约二十米，八角形七层楼阁式砖塔，塔上雕有斗拱、门窗、塔刹、脊饰，结构规整，形体秀丽，比例优美适度。寺内一口古井，直通山下泉源。丰水源泉环山涌出，壶河水至此与丰水汇合，形成广百余亩的巨潭，夏秋之际碧光潋艳，当月色绞洁明亮照映泉源中时，与殿堂楼阁交相辉映，颇有江南水乡风光姿色。,,https://img1.qunarzz.com/travel/d5/1605/8f/a09f32c0607896f7.jpg_480x360x95_2d1b3829.jpg,4.7,,,,,3
关帝庙Emperor Guan Temple,http://travel.qunar.com/p-oi5740680-guandimiao,"

地址:
大同市平城区县楼北街36号


电话:
0359-2800310

",这里的主要建筑沿中轴线排列有致，渐次有山门、过殿、东西廊房、主殿。原先在正门之上挂有万字边牌匾一块，上书：“大义参天”。门前树有雄伟壮观的木构牌坊。牌坊前又分别竖立着高耸入云的旗杆一对及两尊威武凶猛的铁狮子。山门对面曾筑有镌刻精美的拱形元代戏台一座，画栋雕梁，宽阔高大，颇为壮观。该建筑主殿面阔三间、进深三间，单檐歇山顶，上覆琉璃瓦。殿前置面阔三间、进深两间的抱厦，为清代所增建。大殿没有台基，由平地立柱砌墙。 殿内后端置内柱两根，柱间各置雕刻精细的木质神龛一个，结构均为重檐。檐下斗拱共十一踩，排列密集纯系装饰，为清代结构。殿内清代增置的平棋藻井上绘制的龙形图案，多姿多态，别具一格。,5月1日-10月1日8:00-18:00；10月2日-次年4月30日8:00-17:30。,https://img1.qunarzz.com/p/tts8/1806/7e/a881c163b0853c02.jpg_480x360x95_87b806fa.jpg,4.6,建议游览时间：1小时,,{'大同关帝庙手机智能讲解门票大小同价\n\n': ['¥7起']},,3
云冈国家森林公园,http://travel.qunar.com/p-oi713686-yungangguojiasenlingong,,云冈国家森林公园是经原国家林业部首林造批字（1992）200号批准建立的，地处山西大同市境内，总面积15967公顷，森林覆盖率约为31%。 公园区域气候属明显的大陆性季风气候，年平均气温6.5℃，夏季气候凉爽宜人，每年6～10月是旅游的黄金季节。公园内自然人文景观丰富多彩，有享誉全球的北魏云冈石窟艺术；有名载史册的西汉“白登之战”的古战场；有绿水清波的文瀛湖美景；有赤岩苍松的红石崖奇观；有远古植物化石遗迹；还有现代煤炭产业展览；它们与大同市内的上、下华严寺、善化寺、...云冈国家森林公园是经原国家林业部首林造批字（1992）200号批准建立的，地处山西大同市境内，总面积15967公顷，森林覆盖率约为31%。 公园区域气候属明显的大陆性季风气候，年平均气温6.5℃，夏季气候凉爽宜人，每年6～10月是旅游的黄金季节。公园内自然人文景观丰富多彩，有享誉全球的北魏云冈石窟艺术；有名载史册的西汉“白登之战”的古战场；有绿水清波的文瀛湖美景；有赤岩苍松的红石崖奇观；有远古植物化石遗迹；还有现代煤炭产业展览；它们与大同市内的上、下华严寺、善化寺、九龙壁以及相邻的应县木塔、恒山悬空寺等共同形成了一个山水古迹相映，自然人文景观交辉，历史文化底蕴深厚，风格特色各异的旅游胜地。,,,5.0,,,,,3
兴国寺五龙壁,http://travel.qunar.com/p-oi706576-xingguosiwulongbi,,原来是大同城南兴国寺山门前的照壁，于1980年拆迁于善化寺。壁长19.9米，高7米，厚1.48米。壁面用五彩琉璃镶砌，下筑须弥座。须弥座的束腰雕有蛇、兔、牛、马等十多种动物，姿态各异。壁顶是仿木构房屋建筑形式，镶嵌着屋檐、斗拱、瓦垅、垂莲柱，以及鸱吻垂兽等。宽大的壁面上浮雕着五条四爪金龙，盘旋回绕，上下翻腾，色泽斑斓。这些雕龙，其形态之优美、雕刻之精细、意境之深远，与明代大同代王府的九龙壁可相媲美。,,https://img1.qunarzz.com/travel/d7/1602/40/89678586c3768ff7.jpg_480x360x95_5cb30a0b.jpg,2.0,,,,,3
法华寺Fahua Temple,http://travel.qunar.com/p-oi7569060-fahuasi,,,,,,,,,,3
文嬴湖,http://travel.qunar.com/p-oi714303-wenyinghu,,,,,,,,,,3
朱熹易系辞碑,http://travel.qunar.com/p-oi712153-zhuxiyixicibei,,除北魏碑刻外，大同存世的历代碑铭还有很多。近年来陆续出土的唐代墓志铭中不乏书刻俱佳的精品；善化寺内南宋朱弁撰文、孔固书丹的《大金西京大普恩寺重修大殿记》，和同它比肩而立的金代大文学家、书法家党怀英篆额的《大金西京普恩寺再修释迦如来成道碑铭并序》，都是形制宏大、书法精美的佳作；明清以来的碑碣随处可见，不以书法名世的明代天启年间户部分司吴伯与所书的《游石佛寺铭》和《礼观音堂有序铭》，风骨爽爽，光彩照人。,,,--,,,,,4
大同魏都生态博览园,http://travel.qunar.com/p-oi716337-datongweidoushengtaibo,,大同魏都生态博览园是是由大同市南郊区人民政府、云冈镇人民政府和秦皇岛民营企业家合资建设的。占地550亩，总投资4500万元，目前，是华北地区最大的园林式生态博览园，也是国内一流的集“休闲游乐、生态观光、科学研究”为一体的多功能博览园。主要分为六个景区：民族风情园、千鸟湖、生态博览城、大型中华鲟鱼馆、猛兽长廊、鸟艺表演馆。园内既有展示少数民族古朴风情的风情海；又有颧鹤高歌、鸭雉相戏的千鸟湖；既有古木老树郁郁葱葱、奇花异草青翠欲滴的生态城，又有尽显海底神奇...大同魏都生态博览园是是由大同市南郊区人民政府、云冈镇人民政府和秦皇岛民营企业家合资建设的。占地550亩，总投资4500万元，目前，是华北地区最大的园林式生态博览园，也是国内一流的集“休闲游乐、生态观光、科学研究”为一体的多功能博览园。主要分为六个景区：民族风情园、千鸟湖、生态博览城、大型中华鲟鱼馆、猛兽长廊、鸟艺表演馆。园内既有展示少数民族古朴风情的风情海；又有颧鹤高歌、鸭雉相戏的千鸟湖；既有古木老树郁郁葱葱、奇花异草青翠欲滴的生态城，又有尽显海底神奇，人鱼和谐共处的美人鱼表演馆，还有虎熊平和相伴，令人叹为观止的猛兽长廊。此外，令人垂涎的特色民族小吃，以及水面开阔、竹漓环湖的水上乐园和颇具傣家风格的竹楼别墅，也令人心旷神怡，留连忘返。,,,5.0,,,,,4
文庙五龙壁,http://travel.qunar.com/p-oi714038-wenmiaowulongbi,,这是在大同现存诸龙壁中唯一的一座砖雕龙壁。从雕塑风格看，为清代遗物。它耸立在大墙后街原明代大同县文庙（现为大同市妇幼医院）的门前。此龙壁建筑奇特，构造别具一格。龙壁为单面砖雕，长28.5米，高5.7米，整个龙壁由壁座、壁身、壁顶三部分构成。中部的壁身由对方青砖镶砌而成，上面是高浮雕的五条砖雕团龙，直径各为2.20米。壁顶呈仿木结构的单檐五脊顶，正脊的两端砌有琉璃兽吻。此项由二十五组砖雕斗拱承托，斗拱下面是一层宽约0.4米的廊檐状的砖雕帷幔垂挂于龙壁上方。整个...这是在大同现存诸龙壁中唯一的一座砖雕龙壁。从雕塑风格看，为清代遗物。它耸立在大墙后街原明代大同县文庙（现为大同市妇幼医院）的门前。此龙壁建筑奇特，构造别具一格。龙壁为单面砖雕，长28.5米，高5.7米，整个龙壁由壁座、壁身、壁顶三部分构成。中部的壁身由对方青砖镶砌而成，上面是高浮雕的五条砖雕团龙，直径各为2.20米。壁顶呈仿木结构的单檐五脊顶，正脊的两端砌有琉璃兽吻。此项由二十五组砖雕斗拱承托，斗拱下面是一层宽约0.4米的廊檐状的砖雕帷幔垂挂于龙壁上方。整个帷幔由八根下垂廊柱将其分为正室五间，耳室两间的形制，垂柱间的帷幔上部分别雕饰有葡萄、莲花、人物等。,,https://img1.qunarzz.com/piao/fusion/1505/a4/e00c3f1303bf9e.jpg_480x360x95_9bbea685.jpg,4.0,,,,,4
平型关战斗遗址,http://travel.qunar.com/p-oi709957-pingxingguanzhandouyi,,,,,,,,,,4
三皇墓,http://travel.qunar.com/p-oi702919-sanhuangmu,,在大同城南十五里王家庄。据《一统志舆地记山西通志》记载：三皇本纪以太皋、女娲、炎帝为三皇，葬于此。清朝诗人李养本游览三皇墓，赋诗名曰“三皇墓”：浩劫还余尺土封，云车羽驾问荒踪。鸿蒙顿辟三才位，浑噩从开万古胸。白草黄沙埋断瓦，孤村寒树背高塘。图经指点传疑处，落日烟霏咽暮钟。,,,--,,,,,4
元淑墓志,http://travel.qunar.com/p-oi710827-yuanshumuzhi,,元淑墓志，八十年代初出土于大同市城东十公里白登山下的东王庄村。此志刻于北魏宣武帝永平元年（508年），碑高0.74米（加额），宽0.42米。碑额为“魏元公之墓志”六个篆书，风格与司马金龙墓表篆额相近，但书法略逊一等。墓志正文为楷书，坚二十四行，每行二十七字，共计511字。字格二厘米见方。志文除右下部和左上部因年久接土，二十余字漫灭不可辩读外，绝大部分字体精整，锋颖犹新。它是目前大同地区出土的北魏志石中文字最多的一种。,,,--,,,,,4
大安寺,http://travel.qunar.com/p-oi715461-daansi,,距应县城11公里，位于东宿庄村南，为应州十三大寺院之一。据传明代开国皇帝朱元璋降生于此。据明万历《应州志》载：“元皇庆四年，仁宗皇帝为独峰和尚敕建。洪武二年，僧粲重修。”寺内大殿面宽三间，进深三间，单檐歇山项，布局严谨，殿内金身佛像，庄严如法。其南有歇山顶钟鼓二楼，前有天王殿三间，殿两侧有山门，山门门楣书“大安寺”。寺内有碧锋舍利塔一座，六角五层，庄重古朴。1966年“文革”中毁。现正在修复。,,,3.0,,,,,4
觉山寺Jue Mountain Temple,http://travel.qunar.com/p-oi712883-jueshansi,"

地址:
东南10公里的红石楞乡觉山村

",,全年 7:00-19:00,https://flight-feed.qunarzz.com/as3/180/image/poi_vishnu/705fb3fd-7265-4135-bdf0-7b1542fca5a7.jpg,4.4,建议游览时间：1小时,,具体收费情况以现场公示为主,,4
空中草原,http://travel.qunar.com/p-oi713474-kongzhongcaoyuan,,"空中大草原----甸子梁,位于灵丘县柳科乡刁泉村东南，与河北涞源、张家口蔚县交界，东西狭长，南北广阔，有一块巨大的山顶，海拔2159米，四周是陡峭的山坡，顶部宽广平坦，面积达3万亩，任马奔腾，任车奔驰，原来这里叫甸子梁，现在被称为空中草原。居其上，天似穹庐，笼盖四野，无边无垠，坦荡如砥，似置身草原。夏季无暑，气候凉爽。夏季山花烂漫，牧草青青，秋季天蓝草碧，牛羊满山，是一处亲近自然、回归自然的好去处。在那高高的甸梁上，习习的凉风吹拂着碧海花浪，朵朵白云抚地...空中大草原----甸子梁,位于灵丘县柳科乡刁泉村东南，与河北涞源、张家口蔚县交界，东西狭长，南北广阔，有一块巨大的山顶，海拔2159米，四周是陡峭的山坡，顶部宽广平坦，面积达3万亩，任马奔腾，任车奔驰，原来这里叫甸子梁，现在被称为空中草原。居其上，天似穹庐，笼盖四野，无边无垠，坦荡如砥，似置身草原。夏季无暑，气候凉爽。夏季山花烂漫，牧草青青，秋季天蓝草碧，牛羊满山，是一处亲近自然、回归自然的好去处。在那高高的甸梁上，习习的凉风吹拂着碧海花浪，朵朵白云抚地游走，成群的牛羊悠闲地放牧，多么迷人的一幅天然美景。什么是世外桃源，什么是天上人间，什么是宁静安谧，进入这无边无际的大草甸、大花园，你就会有切身的体会。置身其上，脚踏似锦花草地，举手可摸白云天，此时，人和大自然融为一体，那份得意，那份陶醉，会将人的灵魂净化，将人的心胸里里外外淘洗得干干净净，忘掉人世间的一切喧嚣和烦恼，达到物我两忘的境界",,,0.0,,,,,4
明代藩九墓,http://travel.qunar.com/p-oi707468-mingdaifanjiumu,,位于大同城东5公里之马铺山下。其墓群分布是：东起东坟村东北，中经燕庄村南西坟村，西至古城砖瓦厂一带，东西绵延3．5公里，沿着马铺山弧形排列九个圆型宝顶坟墓，墓高4米有余，墓丘直径9米左右。1966年3月28日公布为第一批市级文物保护单位。根据《大同府志》载：“明代藩诸墓：代简王栓墓、戾王（悼戾王）逊端墓、隐王仕Ｘ墓、懿王俊杖墓、昭王允耀墓、恭王廷琦墓、定王鼎铉墓并在采凉山，惠王成炼墓、思王聪沫墓并在马铺山。”据有关考察，明代藩九王墓陵园之规模虽然比不上昌平...位于大同城东5公里之马铺山下。其墓群分布是：东起东坟村东北，中经燕庄村南西坟村，西至古城砖瓦厂一带，东西绵延3．5公里，沿着马铺山弧形排列九个圆型宝顶坟墓，墓高4米有余，墓丘直径9米左右。1966年3月28日公布为第一批市级文物保护单位。根据《大同府志》载：“明代藩诸墓：代简王栓墓、戾王（悼戾王）逊端墓、隐王仕Ｘ墓、懿王俊杖墓、昭王允耀墓、恭王廷琦墓、定王鼎铉墓并在采凉山，惠王成炼墓、思王聪沫墓并在马铺山。”据有关考察，明代藩九王墓陵园之规模虽然比不上昌平县十三陵之大，但也相当可观。享殿皆为红墙纹瓦，碑亭、碑坊以及五供台桌一一俱全，四周筑有高大围墙环绕墓园，官府还安排了大量民户为其守墓。今东坟村、西坟村就是当年守墓人之住地，每年清明节，为其祭祀扫墓。,,,--,,,,,4
青檀自然保护区,http://travel.qunar.com/p-oi702662-qingtanziranbaohuqu,,青擅自然保护区位于县境西南三楼乡牛邦口、花塔西村附近。总面积2.54万亩。该区属太行山系五台山文系。区内山峦重迭，青檀树生长集中，核心林区面积达0.9万亩。密度每亩30--110株，单株最高4.5米，胸径最粗10厘米，树龄在10--30年。该区周围有良好的自然环境。三楼河贯穿区内，河西岸有保存完整的明代长城和敌楼，还有穷水长流的红沙岭隧洞。花塔村是大同市境内海拔最低的地方，海拔558米，四面环山，河水绕 村，春秋两季鸟语花香，山青水秀，景色秀丽，故称之为“塞外江南”。1993年2...青擅自然保护区位于县境西南三楼乡牛邦口、花塔西村附近。总面积2.54万亩。该区属太行山系五台山文系。区内山峦重迭，青檀树生长集中，核心林区面积达0.9万亩。密度每亩30--110株，单株最高4.5米，胸径最粗10厘米，树龄在10--30年。该区周围有良好的自然环境。三楼河贯穿区内，河西岸有保存完整的明代长城和敌楼，还有穷水长流的红沙岭隧洞。花塔村是大同市境内海拔最低的地方，海拔558米，四面环山，河水绕 村，春秋两季鸟语花香，山青水秀，景色秀丽，故称之为“塞外江南”。1993年2月该区被山西省政府批准为灵丘青檀自然保护区。,,,--,,,,,5
石柱山,http://travel.qunar.com/p-oi709421-shizhushan,,位于应县城正南20公里处，在梨树坪乡，境内是最新发现的国内罕见的地质景观。沿山沟蜿蜒而进，一路是苍山对峙，花香鸟语，一路山清水秀，树荣草茂。行约2公里，迎面一幅宽约100米，高30米，由根根棱角分明的六棱石柱组成的峭壁进入眼帘，悬挂山腰，冲天而起，气势宏伟，象大山怒吼，如火箭待发。据地质专家考证，此景观大约四、五千万年前由火山爆发自然形成。真乃鬼斧神工之作，展现今日之奇观。,,,--,,,,,5
镇子梁水库游乐场,http://travel.qunar.com/p-oi705507-zhenziliangshuikuyoule,,,,,,,,,,5
龙山Longshan,http://travel.qunar.com/p-oi715120-longshan,,,,,,,,,,5
云林寺Yunlin Temple,http://travel.qunar.com/p-oi701694-yunlinsi,"

地址:
大同市阳高县龙泉镇云林路


电话:
0352-5101398,0352-6622850

","又叫云林禅寺，俗称西寺，座落在阳高城内西门南侧。云林寺建于明代，由皇帝下诏而建。中轴线上依次有金刚殿、天王殿、大雄宝殿、朵殿、钟鼓楼等。寺院本身的价值在主殿三面殿墙绘满123组120平方米的壁画，朱红石绿，重彩平涂，是所谓的""聚墨碾子画""，特别富丽堂皇。另外正殿本身也是一件木结构精品，殿前十二扇隔扇门一字排开，窗棂图案尤其别致。寺内还有泥塑像25尊，其中主像3尊、弟子2尊、罗汉18尊，姿态自然，给人以艺术之美感。多种文物荟萃在一起，整个寺宇富丽壮观，对研究我国明代建筑、雕塑、绘画艺术具有较高价值。",全年 8:00-18:00,https://tr-osdcp.qunarzz.com/tr-osd-tr-space/img/58e9ab716a530ff16cefca2b8c5b0450.jpg_480x360x95_7fabe545.jpg,4.5,建议游览时间：1小时,,景区暂时停业，详情请以景区公示为准。,,5
水神堂Shuishen Hall,http://travel.qunar.com/p-oi709488-shuishentang,"

地址:
大同市广灵县城南一里

",,全年 8:00-18:30,https://img1.qunarzz.com/piao/fusion/1707/aa/0610642b07c3d502.jpg_480x360x95_6bc774bd.jpg,4.8,建议游览时间：1小时,,具体收费情况以现场公示为主,,5
文殊寺,http://travel.qunar.com/p-oi703703-wenshusi,,文殊寺位于应县城11公里小石村，是古应州十三大寺之一。相传文殊菩萨曾在此处说法，故而得名。据明代《应州志》载：“乾统六年（公元1007年），西方和尚义潭禅师讲经寺中，遂建殿宇。”后又经多次修葺。现存建筑系明代中期之物，正殿三间，东西配殿各三间，前有钟鼓楼，山门面宽三间，进深一间，其两侧塑四大天王像，造型威猛生动，殿内佛像经近代重新彩绘，色彩鲜艳，是研究明清塑像壁画的实物资料。全寺走向合理，布局严谨。寺中古松霜皮苍翠，枝杆如龙，俗称“古龙松”。据传是印度...文殊寺位于应县城11公里小石村，是古应州十三大寺之一。相传文殊菩萨曾在此处说法，故而得名。据明代《应州志》载：“乾统六年（公元1007年），西方和尚义潭禅师讲经寺中，遂建殿宇。”后又经多次修葺。现存建筑系明代中期之物，正殿三间，东西配殿各三间，前有钟鼓楼，山门面宽三间，进深一间，其两侧塑四大天王像，造型威猛生动，殿内佛像经近代重新彩绘，色彩鲜艳，是研究明清塑像壁画的实物资料。全寺走向合理，布局严谨。寺中古松霜皮苍翠，枝杆如龙，俗称“古龙松”。据传是印度僧人所栽，至今已有900多年历史。,,,--,,,,,5
封和要墓志铭,http://travel.qunar.com/p-oi714296-fengheyaomuzhiming,,全名为屯骑校尉建威将军洛州刺史昌国子封史君墓志铭。1980年出土于大同市西8公里的小站村附近。墓碑高0.42米，宽0.32米。楷书十二行，每行十二字，共141宇。石上刻以浅（上其下石）子格，格长宽为2.7厘米至2.9厘米。刻于北魏宣武帝正始元年（公元504年），石质极好，书刻俱精，铭文完好如初。无书刻人姓名。墓主人封和 ，是北魏代郡平城（今大同市）人，生于太武帝拓跋焘太平真君三年（公元438年），主要活动于文成、献文、孝文、宣武帝时。,,,--,,,,,5
清王万邦墓,http://travel.qunar.com/p-oi704164-qingwangwanbangmu,,清威于镇总兵王万邦墓在阳高县西北七里，赐祭葬，入昭忠祠。,,,--,,,,,5
塞外长城,http://travel.qunar.com/p-oi708391-saiwaizhangcheng,,活象一条巨龙，蜿蜒曲折，横于天地之间。据华夏子《明长城考实》载：长城由阳高县镇边堡向西约4公里，进入大同市元墩村界，长城在大同市内的基本走向为：由元墩向西经镇川口抵宏赐口。然后分为两路，主体长城由宏赐堡向北转，经河东窑，跨饮马河，西转至镇羌堡，又由镇羌堡经拒墙口、拒门口、助马口至十三边，由十三边长城转向南至砖楼沟继续向南，出大同市入左云县界。另外一条由宏赐堡向习性，经新荣、破虏至吴施窑入左云界。大同市辖南北两条长城共约105公里。,,,--,,,,,5
灵丘古道Lingqiu Ancient Road,http://travel.qunar.com/p-oi704226-lingqiugudao,"

地址:
大同市灵丘县东南

",,全年 全天开放,https://tr-osdcp.qunarzz.com/tr-osd-tr-manager/img/c5dc39c32908dc41b81e0bdf6460bb9a.jpg_480x360x95_5764ce5a.jpg,4.8,建议游览时间：3小时 - 5小时,,具体收费情况以现场公示为主,,6
慈云寺Ciyunsi,http://travel.qunar.com/p-oi713486-ciyunsi,,,,,4.1,建议游览时间：1小时 - 2小时,,具体收费情况以现场公示为主,,6
方山永固陵,http://travel.qunar.com/p-oi705848-fangshanyongguling,,方山永固陵位于山西省大同市镇川乡西寺儿梁山（古称方山）南部，是一处以北魏文成帝文明皇后冯氏的陵墓－永固陵为中心的大型陵园遗址。始建于北魏太和五年（公元481年），历时八年而成，太和十四年（公元490年）文帝祖母冯太后死后葬于这里。遗址面积为2平方公里。主要包括文明皇后冯氏陵墓一“永固陵”及陵庙“永固堂”、孝文帝虚宫“万年堂”、陵园门阙基址、“思远浮屠”遗址、灵泉宫池遗址以及登山的御道等遗迹。永固陵地表有高大的封土，墓室由墓道、前室、过道和主室组成。主...方山永固陵位于山西省大同市镇川乡西寺儿梁山（古称方山）南部，是一处以北魏文成帝文明皇后冯氏的陵墓－永固陵为中心的大型陵园遗址。始建于北魏太和五年（公元481年），历时八年而成，太和十四年（公元490年）文帝祖母冯太后死后葬于这里。遗址面积为2平方公里。主要包括文明皇后冯氏陵墓一“永固陵”及陵庙“永固堂”、孝文帝虚宫“万年堂”、陵园门阙基址、“思远浮屠”遗址、灵泉宫池遗址以及登山的御道等遗迹。永固陵地表有高大的封土，墓室由墓道、前室、过道和主室组成。主室平面近方形，四角攒尖顶。墓室门框上雕有口衔宝珠的朱雀和手捧花蕾的赤足童子，是北魏石雕中的精品。永固陵陵园按中轴线规划布局，特别是陵园与佛寺相结合，在历代帝陵中很有特色。永固陵是目前唯一能够确认的北魏平城时代皇家陵园遗址，对于研究北魏时期的历史文化具有重要意义。,,,--,,,,,6
册田水库Cetian Reservoir,http://travel.qunar.com/p-oi713417-cetianshuiku,"

地址:
大同市云州区西册田村

",册田水库始建于1958年，位于桑干河中上游，东西长30公里，下游为乌龙峡。水库自投入运用以来，曾拦蓄1967年一次非常大的洪水，为减轻官厅水库的淤积和京津地区的防洪安全起到了显著作用。这里同时还为40多万亩农田灌溉，年产鱼五万多公斤。水库周围环境优美，空气清新，集住宿、餐饮、休闲于一体，是少有的休闲旅游胜地。,全年 全天开放,https://tr-osdcp.qunarzz.com/tr-osd-tr-manager/img/508b3e646ce8a7736c145ebaf6dcc898.jpg_480x360x95_e3889a45.jpg,4.8,建议游览时间：1小时 - 2小时,,具体收费情况以现场公示为主,,6
曲回寺,http://travel.qunar.com/p-oi716496-quhuisi,,"曲回寺又称哭回寺，是山西省重点文物保护单位。据曲回寺遗址千斤大铁钟文记载，曲回寺是五台山佛寺的下院,与五台山禅宗佛寺有密切的联系，开元二十一年北京的大禅师慧感在此建寺，并且在建寺十年后，从天宝元年开始至天宝十一年间，雕刻了大批花岗石佛像，修筑三百六十座佛塔，按照顺序埋于曲回寺方圆几十里的地下，其规模宏大实为罕见。曲回寺附近的山岗、山脚、台地沟岔等地方，散布有墓丘状的石像冢。石像冢的形制均为石块砌垒，上以长条石封顶，再以沙石土掩埋。每冢增留一小门，...曲回寺又称哭回寺，是山西省重点文物保护单位。据曲回寺遗址千斤大铁钟文记载，曲回寺是五台山佛寺的下院,与五台山禅宗佛寺有密切的联系，开元二十一年北京的大禅师慧感在此建寺，并且在建寺十年后，从天宝元年开始至天宝十一年间，雕刻了大批花岗石佛像，修筑三百六十座佛塔，按照顺序埋于曲回寺方圆几十里的地下，其规模宏大实为罕见。曲回寺附近的山岗、山脚、台地沟岔等地方，散布有墓丘状的石像冢。石像冢的形制均为石块砌垒，上以长条石封顶，再以沙石土掩埋。每冢增留一小门，从外部能看见内部的石像。冢体大小不等，一般的高三四米，围二三十米，从外观看与坟墓无异。每座冢中都安置着十尊左右的佛、菩萨、金刚、供养人等雕像。发掘出的石像最大的高1.2米，面目已经模糊，但衣带清晰可辨。石像冢充分反映出中晚唐时期佛像雕刻艺术的纯熟。1937年寺院被日军烧毁，殿基、台、踏道、柱基还保存完好。现已查明的43座石雕像冢为研究唐代石雕艺术和的佛教史、美学史、雕塑史具有重要意义。",,,--,,,,,6
龙真民俗风情园,http://travel.qunar.com/p-oi706542-longzhenminsufengqing,,龙真民俗风情园位于大同市南郊区水泊寺乡小南头村西御河河畔，占地60亩，被第三届云冈旅游节组委会确定为农村民俗风情旅游专线景点。整个民俗园建筑有龙真寺、戏台、卧龙公园、村俗文化展厅、民俗餐厅、民俗表演活动广场等景点，风格古朴，造型独特，浑然一体。龙真寺原名关帝庙，始建于明清时期。寺内现有大雄宝殿、伽蓝殿以及观音殿、东方三圣殿、西方三圣殿和四大天王殿，殿堂内佛像全部为铜塑，造型优美，镌刻精细，法像庄严，是晋北地区唯一一处全铜塑寺院。园内有“三奇”，...龙真民俗风情园位于大同市南郊区水泊寺乡小南头村西御河河畔，占地60亩，被第三届云冈旅游节组委会确定为农村民俗风情旅游专线景点。整个民俗园建筑有龙真寺、戏台、卧龙公园、村俗文化展厅、民俗餐厅、民俗表演活动广场等景点，风格古朴，造型独特，浑然一体。龙真寺原名关帝庙，始建于明清时期。寺内现有大雄宝殿、伽蓝殿以及观音殿、东方三圣殿、西方三圣殿和四大天王殿，殿堂内佛像全部为铜塑，造型优美，镌刻精细，法像庄严，是晋北地区唯一一处全铜塑寺院。园内有“三奇”，即奇树（树龄480多年的大仙树参天蔽日）、奇石（天降百年古陨石）、奇泉（一锹涌清流的青龙泉），为风情园增添了古朴而神秘、幽雅而特别的无限情趣。卧龙公园碧水环绕，楼台幽静，放生池游鱼戏水、美妙无比。民俗园以晋北民俗活动为主体。民俗餐厅突出农家风情，农家炕热呼呼，农家饭香喷喷，为久居城市的客人提供回归自然的田园生活。至2002年农历四月初八对外开放以来，香客、游人络绎不绝，在第三届云冈旅游节期间接待过来自日本、法国、意大利、瑞士等国的外宾朋友及国内百家旅行社的老总。民俗风情表演极富地方特色，小车灯、高跷、秧歌、腰鼓、霸王鞭、挠阁、旱板船等民间舞蹈形式，渊源流长。各种风情表演除了在民俗展厅陈列外，在民俗广场上还以真人表演，与中外游客同舞同乐，场面宏大，气氛热烈，别有一番情趣。依托古朴典雅，错落有致的龙真寺，借助形式活泼，引人入胜的民俗风情，整个龙真民俗风情园充满塞北民土风情，令人留恋忘返。,,,--,,,,,6
司马金龙墓,http://travel.qunar.com/p-oi716081-simajinlongmu,,在大同市城东十五里处石家寨村西南。据《魏书》已载：司马金龙是晋宣帝司马懿之弟――东武城侯司马馗的九世孙。其父司马楚之于泰常四年归附北魏，封为琅琊王，司马金龙乃司马楚之与北魏皇族诸王女河内公主所生。该墓于1965年被发掘，其随葬品现陈列在大同市博物馆内。,,https://img1.qunarzz.com/piao/fusion/1701/ed/e7c4f172baec4b02.jpg_480x360x95_b1ff897d.jpg,--,,,,,6
祁皇后墓,http://travel.qunar.com/p-oi716536-qihuanghoumu,,在大同东北三十里孤山之北，冢头峻绝如山，也名歧山。,,,--,,,,,6
麻庄汉墓群,http://travel.qunar.com/p-oi702770-mazhuanghanmuqun,,浑源县麻庄汉墓群位于浑源县城西北17里之麻庄村，共有汉墓14个。,,,--,,,,,6
清栗毓美墓Tomb of Li Yumei,http://travel.qunar.com/p-oi714159-qingliyumeimu,"

地址:
东南二里城东门外


电话:
0352-8331438

",栗毓美墓位于浑源县城东门外，是当地一处珍贵历史文物。墓地整体布局严谨对称、肃穆壮观，其中大门两侧的汉白玉石刻，更是被游人赞赏。,全年 08:00-18:00,https://tr-osdcp.qunarzz.com/tr-osd-tr-space/img/3438cc738576369fa84a96c5ab1e8f3b.jpg_480x360x95_f8db34ab.jpg,3.6,建议游览时间：1小时 - 2小时,,,,6
丽源绿色生态农业观光园,http://travel.qunar.com/p-oi711531-liyuanlu:seshengtainong,,丽源绿色生态农业观光园地处大同县西坪镇中高庄村东北部，是大同市宏波贸易公司由煤炭产业向绿色环保型产业转化的一个主体项目，园区总面积408亩，预计总投资6800万元，现已投资800万元，建成高灌水塔1座，蔬菜、果木、花卉、药材种植园区100多亩，动物和珍奇动物养殖园区各1座，垂钓鱼塘10亩。目前，园区已养殖梅花鹿、朗德鹅、野鸡、乌鸡、黑天鹅等共计500多只，鲫鱼、鲤鱼共计5000余尾。整体观光园工程预计2010年完成，规划建设自然采摘区、珍奇观赏区、绿色垂钓区和生活实践区四...丽源绿色生态农业观光园地处大同县西坪镇中高庄村东北部，是大同市宏波贸易公司由煤炭产业向绿色环保型产业转化的一个主体项目，园区总面积408亩，预计总投资6800万元，现已投资800万元，建成高灌水塔1座，蔬菜、果木、花卉、药材种植园区100多亩，动物和珍奇动物养殖园区各1座，垂钓鱼塘10亩。目前，园区已养殖梅花鹿、朗德鹅、野鸡、乌鸡、黑天鹅等共计500多只，鲫鱼、鲤鱼共计5000余尾。整体观光园工程预计2010年完成，规划建设自然采摘区、珍奇观赏区、绿色垂钓区和生活实践区四大绿色生态园区。,,,--,,,,,7
七峰山Qifeng Mountain,http://travel.qunar.com/p-oi703761-qifengshan,"

地址:
大同市云冈区口泉峪南侧，距离市区西南26公里处

",地处大同市口泉峪南侧，距离市区西南26公里处。面积为61平方公里，主峰海拔1714.1米。据《大同县志》载：“七峰，曰笔峰、太白峰、剑峰、鳌峰、白云峰、摩天峰、玉女峰。”七峰罗列，摩天较高，层峦叠嶂，气势壮观。在丈人峰下有一座寺院，名为禅房寺。初创于唐天宝年间，后曾多次修葺扩建。又多次毁坏，现仅存石券窑房，分前后两院。前院有左右廊房，院隔腰墙一道，中辟小门。后院正面三间正殿，左右各三间配殿。山南丈人峰巅有辽代禅房寺塔一座，为六角七级，实心砖石结构，高约20米，塔底为须弥座，用规整的长方形石料砌成，石间为木榫。较上层石料雕有莲瓣。再上为束腰，每块石上均雕有莲花、牡丹、童子等图案。上方每面各镌刻有一佛二菩萨浮雕一幅，再上有莲珠束腰两层，并雕有莲瓣等。塔顶檐角构以斗拱。塔西有门窗雕饰。整个雕刻粗算简练，富有变化，图案花纹，刻工精巧，为山西省主要文物保护单位。塔下丈人峰与七峰山上七座高峰紧紧相连，远望崇山峻岭，群峰突兀，林木葱茏，景色别致。,全年 全天开放,https://tr-osdcp.qunarzz.com/tr-osd-tr-manager/img/495152f40d48e3a092595c9db5e3fe79.jpg_480x360x95_a39f4bbc.jpg,4.7,建议游览时间：2小时 - 5小时,,具体收费情况以现场公示为主,,7
北魏冯太后墓,http://travel.qunar.com/p-oi715502-beiweifengtaihoumu,,又名永固陵，位于大同城北五十里之方山。据《魏书》记载：“大和五年起作，八年而成。太和十四年冬十月癸酉文明太皇太后葬此，号水固陵。”《水经注》记载：“方岭上有文明太皇太后陵，陵之东北有高祖陵。”《旧志》所谓北魏二陵。唐朝诗人温庭筠游览冯太后墓，赋诗名曰“题元魏冯太后永固陵”：云中北顾是方山，永团名陵闭玉颜。艳骨已消黄壤下，荒坟犹在翠微间。春深岩畔花争放，秋尽祠前草自斑。欲吊香魂何处问？古碑零落水潺瑗。,,https://img1.qunarzz.com/piao/fusion/1807/ff/ac47430889b8ed02.jpg_480x360x95_35719257.jpg,--,,,,,7
白登山Baideng Mountain,http://travel.qunar.com/p-oi704541-baidengshan,"

地址:
大同市云州区城东五公里处

",山下现矗建一座“汉阙式”碑亭，镌刻碑文中，详细记述了“白登之战”两军对垒鏖战情景。,全年 8:30-18:00,https://img1.qunarzz.com/travel/poi/1803/66/7c6efa5e3240a537.jpg_480x360x95_093eee6c.jpg,4.4,建议游览时间：2小时 - 3小时,,具体收费情况以现场公示为主,,7
大同唐晋王李克用墓Datong King Jin of Tang Dynasty Li Keyong Tomb,http://travel.qunar.com/p-oi704259-datongtangjinwanglike,"

地址:
山西省大同县境内

",,全年 全天开放,,--,,,,,7
北岳恒山,http://travel.qunar.com/p-oi40004945-beiyuehengshan,,北岳恒山位于大同市浑源县，峰峦叠嶂，山势险要，景色秀丽，是人们爬山的好去处。,,,0.0,,,具体收费情况以景区现场公示为主,,7
雁晶养生洗浴,http://travel.qunar.com/p-oi39874627-yanjingyangshengxiyu,,雁晶以“宾客至上，服务”为经营理念，视宾客为上帝，真诚地为宾客提供”热情、周到、文明、礼貌、快捷、安全、规范”的服务，内含洗浴汗蒸、客房，地处市中心，交通十分便捷。将依靠严格的的管理制度、人性化的管理理念、优质的服务和全新的风貌迎接来自全国各地的宾客。,,,0.0,,,,,7
浪漫满屋洗浴汗蒸,http://travel.qunar.com/p-oi39627549-langmanmanwuxiyuhanzheng,,浪漫满屋洗浴汗蒸是一所现代新型养生中心，内有儿童娱乐区、养生理疗、客房等服务。,,,0.0,,,,,7
阳和坡知青大院,http://travel.qunar.com/p-oi39600069-yanghepozhiqingdayuan,,为推动乡村文化的全面振兴，进一步带动村集体经济壮大、村民增收。2021年7月，阳和坡村“两委”依托城郊优势，利用当年知青插队时住过的“知青大院”以及知青岁月的历史印迹，以知青文化为主题，以知青生活为线索，广泛收集素材，打造了一处集文化、休闲、商业、旅游为一体的具有知青情感的乡村振兴项目“知青大院”体验地。“知青大院”开始试运营，就成为当地群众和游客的热门话题，更成为网络直播的打卡地。,,,0.0,,,,,7
白虚观,http://travel.qunar.com/p-oi39577609-baixuguan,,,,,0.0,,,,,7
周恩来纪念室,http://travel.qunar.com/p-oi39577473-zhouenlaijinianshi,,,,,0.0,,,,,8
北岳恒山-北岳寝宫,http://travel.qunar.com/p-oi39577424-beiyuehengshan_beiyue,,,,,0.0,,,,,8
大同农业嘉年华Datong Agricultural Carnival,http://travel.qunar.com/p-oi39564393-datongnongyejianianhua,,大同农业嘉年华项目占地约1000亩，于2018年底开工，目前主体建设及内部种植已基本完成，项目以大同农业产业为背景、以科技创新为支撑、以地域文化为纽带、以旅游创意为特色、以生态乐活为目的，打造引领全市现代农业发展，带动区域现代农业转型升级的特色现代城郊农业项目。园区包括农业嘉年华主题场馆、育苗温室、游客中心等，配套大同独有的北魏风情商业步行街、北魏鹿苑家庭农场等休闲农业文旅项目。,,,0.0,,,,,8
浑源文庙,http://travel.qunar.com/p-oi39518798-hunyuanwenmiao,,,,,0.0,,,,,8
文昌阁,http://travel.qunar.com/p-oi39366458-wenchangge,,,,,0.0,,,,,8
大同古城-和阳门,http://travel.qunar.com/p-oi39366320-datonggucheng_heyangmen,,,,,4.7,,,,,8
平城记忆馆,http://travel.qunar.com/p-oi39366287-pingchengjiyiguan,,,,,,,,,,8
中共大同工委旧址,http://travel.qunar.com/p-oi39318548-zhonggongdatonggongwei,,,,,0.0,,,,,8
古代铜造艺术博物馆,http://travel.qunar.com/p-oi39318472-gudaitongzaoyishubowu,,,,,0.0,,,,,8
三元宫,http://travel.qunar.com/p-oi39316193-sanyuangong,,,,,0.0,,,,,8
唐河峡谷,http://travel.qunar.com/p-oi39316182-tanghexiagu,,,,,5.0,,,,,9
云冈美术馆,http://travel.qunar.com/p-oi39279112-yungangmeishuguan,,,,,0.0,,,,,9
悬空寺-霞客亭,http://travel.qunar.com/p-oi39178052-xuankongsi_xiaketing,,,,,0.0,,,,,9
东葫芦头村,http://travel.qunar.com/p-oi39177968-donghulutoucun,,,,,0.0,,,,,9
北魏明堂遗址博物馆,http://travel.qunar.com/p-oi39175828-beiweimingtangyizhibo,,,,,0.0,,,,,9
狼窝山,http://travel.qunar.com/p-oi39034209-langwoshan,,,,,--,,,,,9
华严寺广场,http://travel.qunar.com/p-oi38948647-huayansiguangchang,,,,,--,,,,,9
大同印象剧场,http://travel.qunar.com/p-oi38943022-datongyinxiangjuchang,,,,,5.0,,,,,9
忘忧芍药花海,http://travel.qunar.com/p-oi38942398-wangyoushaoyaohuahai,,忘忧芍药花海位于山西省大同市云州区瓜园乡西沙窝云小萱万亩花海内，每年6月，可见花团锦簇的芍药花争奇斗艳，是拍照打卡、周末出游、赏花踏青、休闲玩乐的不二选择,,,--,,,,,9
望佛湾,http://travel.qunar.com/p-oi38941860-wangfowan,,,,,--,,,,,9
楞严寺,http://travel.qunar.com/p-oi38877180-lengyansi,,,,,4.3,,,,,10
明长城遗址,http://travel.qunar.com/p-oi38877036-mingzhangchengyizhi,,,,,5.0,,,,,10
西严寺,http://travel.qunar.com/p-oi38876717-xiyansi,,,,,--,,,,,10
平型关大捷景区,http://travel.qunar.com/p-oi38868957-pingxingguandajiejing,,,,,--,,,,,10
宝生佛洞 (第十九窟),http://travel.qunar.com/p-oi38807281-baoshengfodong_,,,,,--,,,包含在云冈石窟景区内，需先购买云冈石窟景区门票进入,,10
永泰门广场,http://travel.qunar.com/p-oi38674661-yongtaimenguangchang,,,,,4.0,,,具体收费情况以现场公示为主,,10
古城民俗馆,http://travel.qunar.com/p-oi38341209-guchengminsuguan,,,,,--,,,具体收费情况以现场公示为主,,10
保平堡,http://travel.qunar.com/p-oi38341002-baopingbao,,,,,--,,,具体收费情况以现场公示为主,,10
焦山寺,http://travel.qunar.com/p-oi38340784-jiaoshansi,,,,,--,,,具体收费情况以现场公示为主,,10
东山森林公园,http://travel.qunar.com/p-oi38340690-dongshansenlingongyuan,,,,,--,,,具体收费情况以现场公示为主,,10
