名字,链接,地址,介绍,开放时间,图片链接,评分,建议游玩时间,建议季节,门票,小贴士,Page
分界洲岛Boundary Island,http://travel.qunar.com/p-oi703586-fenjiezhoudao,"

地址:
海南省陵水黎族自治县海南环岛东线高速牛岭出口处


电话:
0898-31817733,0898-31817777,0898-83347555,0898-83349222


官网:
http://www.hnfjz.com/

",分界洲岛位于海南省陵水县与万宁市分界处，是个非常美丽的小岛，这里海水清澈干净，沙滩松软细白，自然环境保护得非常好，比起三亚市的几个海滩、海岛，这里拥有更为完整而美丽的海底风光。分界洲岛门票包含往返船票，码头都是用原木搭建起来的，非常有热带风情。船型为快艇，10分钟左右便可到达小岛。下船就是分界洲岛的游客中心。分界洲岛不仅为游客提供潜水、海钓、摩托艇等海洋旅游项目，而且还提供与海豚、海狮、海龟等海洋动物亲密接触的互动项目。另外，还有一艘全潜式海底观光潜水艇，活体珊瑚与珊瑚标本共存的珊瑚区，展示南海海捞瓷文化的海捞瓷区等等众多海洋景观，都可以让游客感受到不同凡响的海洋乐趣。分界洲岛的潜水条件得天独厚，这里的海底除了大量保育良好的活体珊瑚礁群外，还有神秘的古代沉船、七福神像、海底村庄、老旧战斗机和其它多彩的海洋生物等，被国际专业潜水组织认为是“海南最适宜潜水的海岛”之一。国家海岛型5A级旅游景区——分界洲岛，欢迎您的光临！,全年 08:30-22:30,https://tr-osdcp.qunarzz.com/tr-osd-tr-space/img/b7e7b94b3376382abde82669987308a5.jpg_480x360x95_fd698d74.jpg,4.6,建议游览时间：3小时 - 6小时,,"{'分界洲岛旅游区门票+往返船票成人票\n\n': ['¥121.9起'], '分界洲岛旅游区门票+往返船票儿童票\n\n': ['¥66起'], '分界洲岛旅游区门票+往返船票老人票\n\n': ['¥66起']}",,1
清水湾旅游区Qingshui (“Clear Water”) Bay,http://travel.qunar.com/p-oi5808875-qingshuiwanlu:youqu,"

地址:
陵水黎族自治县英州镇清水湾大道雅居乐售楼部沿海50m


电话:
0898-31813158

",清水湾旅游区位于陵水县东部沿海，是一个由雅居乐集团管理的休闲胜地。在这里可将清水、白沙、奇岭、怪石等景色一览无余，奇妙的是，其弧形海岸一半是礁岩，一半是沙滩，同时拥有海南东西两地海岸风光。清水湾旅游区跨越英州、新村两个乡镇，滩涂狭长，海岸线长约12公里，景区东邻南湾猴岛，西有椰田古寨，周边旅游资源也较为丰富。从这里乘坐专线车辆还可方便地前往三亚市区游玩。,全天开放,https://img1.qunarzz.com/travel/d7/1512/18/9b7fae5afba20af7.jpg_480x360x95_0f33ddcb.jpg,4.7,建议游览时间：12小时 - 3天,,入园免费，项目收费,,1
呆呆岛Daidai Island,http://travel.qunar.com/p-oi22945198-daidaidao,"

地址:
海南省陵水县新村镇望海大道1号南湾猴岛售票处


电话:
0898-83360902,0898-83362992

",呆呆岛位于海南省陵水县南约14公里的南湾半岛西南部滨海区域，西与清水湾度假区相邻，南与蜈支洲岛隔海相望。岛上沙滩海岸线全长约5.9公里，是海南岛东海岸线较长、保护较好的沙滩，也是海南十大浪漫景区之一。行走在呆呆岛干净细软的沙滩上，随处可见椰林秋千、泡泡屋、白色小教堂、粉色的小车、沙滩凉亭、废弃的渔船等设施。在这个天蓝水净的地方，伴随翻涌的白色浪花，随便一拍就是自带滤镜的照片，唯美而浪漫，堪称拍照圣地。,全年 08:00-17:20,https://img1.qunarzz.com/piao/fusion/2111/f4/58dee06c2233cc02.jpg_480x360x95_2d437d4f.jpg,4.5,建议游览时间：12小时 - 3天,,"{'呆呆岛+往返轮渡+往返观光车票成人票\n\n': ['¥94起'], '呆呆岛门票(含往返轮渡+往返观光车)票儿童票\n\n': ['¥48起'], '呆呆岛门票(含往返轮渡+往返观光车)票优待票\n\n': ['¥78起']}",,1
椰子岛Coconut Island,http://travel.qunar.com/p-oi712696-yezidao,"

地址:
陵水县椰乡排溪村

",椰子岛位于陵水县城的东部约5公里处，地处陵水河的出口处，是一座面积仅有1平方公里的小岛。椰子岛被碧水环抱，岛上椰林密布，景色自然脱俗，目前为止仍是一处没有开发的原生态岛屿。椰子岛上除了高大的椰子树外，其它植物群落不多，而这里的椰子树几乎棵棵神姿仙态，在岛上很难找到几棵形态相似的椰树。椰子岛虽然很小，但随意在小岛上走走，听听海风掠过树叶的摩挲声，去小沙滩上踏踏海浪，仿佛置身于世外桃源。,全年 全天开放,https://img1.qunarzz.com/travel/poi/1806/f5/b870e345971ae337.jpg_480x360x95_19616ead.jpg,4.2,建议游览时间：1小时 - 2小时,,{'三亚自游者桨板俱乐部【椰子洲岛浆板探秘】\n\n': ['¥438起']},,1
猴岛公园Nanwan Monkey Island,http://travel.qunar.com/p-oi705361-houdaogongyuan,"

地址:
陵水黎族自治县陵水新村镇望海大道1号


电话:
0898-83360902,0898-83362714


官网:
http://www.monkeyisland.com.cn/

",猴岛公园位于海南省陵水县南湾半岛上，三面环海，是我国也是世界上仅有的岛屿型猕猴自然保护区。现居住着千余只猕猴，因此人们称之为“猴岛”。由于景区在半岛上，如果要进入猴岛，可以选择乘观光索道直接抵达景区，或者选择坐船抵达半岛的码头，然后乘坐景区的观光车前往猴岛公园。进入大门，首先看到的将会是猴岛雕塑广场。看到是一只猴子正坐在达尔文的《物种起源》捧着人的头盖骨在思考。这个雕塑可是美国知名的红色资本家哈默博士送给前苏联领导人列宁的礼品雕塑的复制品。观赏完雕塑，来到花果山猕猴游览区。看到由猴队长的带领下高举旗帜可爱猕猴的迎宾仪仗队，还可以看到猕猴的水上乐园——“浴圣池”，游泳池的猴子们或潜水、或游泳、或高楼跳水。在猕猴杂技表演区可以看到充满“人性”的猕猴。在驯化师的带领下，表演各种高难度的杂技。继续前行，有一间猕猴王国拘留所，那是“关押”那些抢劫或者抓伤人后的猕猴，按照规定在这里关押一定的时间。在猕猴演艺场可以观赏一场经典的情景喜剧。,全年 08:00-16:50,https://img1.qunarzz.com/travel/d6/1409/22/f7bc153c5b5300ddffffffffc8d65eac.jpg_480x360x95_e85830ff.jpg,4.3,建议游览时间：3小时 - 5小时,,"{'南湾猴岛门票+往返缆车/轮渡(可选人群)票成人票\n\n': ['¥153.5起'], '南湾猴岛门票+往返缆车/轮渡(可选人群)票儿童票\n\n': ['¥70起'], '猴岛公园门票(含往返缆车/轮渡)+水上运动中心赶海体验1小时成人票\n\n': ['¥190起']}",岛上有天朗度假村，餐饮、住宿、娱乐设施齐全。,1
椰田古寨Yetian Ancient Village,http://travel.qunar.com/p-oi7469335-yetianguzhai,"

地址:
陵水县英州镇英州村椰田古寨景区


电话:
0898-83470995


官网:
http://www.yetianguzhai.com/

",椰田古寨是一个黎族和苗族混合居住的寨子，也是感受黎苗族传统文化的好地方。景区内的建筑既有黎族的金字屋、船形屋和寮房，又有苗族的吊脚楼。而这里的居民更是身体力行地展现着黎苗族的文化习俗。凉棚内有阿婆在织黎锦、粮仓边有阿公在编竹篓。在这里也可以近距离地感受苗蛊文化，尝一尝风味独特的黎苗族美食。这里也有不少展示着手工银饰的阿婆阿妹，银器大多精美，价格则略为昂贵，购买时还需理智选择。黎苗族人能歌善舞，若是三月三来到椰田古寨，这里更会多添一份歌舞洋溢的热情。,7:30-17:30,https://img1.qunarzz.com/travel/d4/1702/ea/e55642fba9cb1ab5.jpg_480x360x95_c022a9bf.jpg,4.1,建议游览时间：2小时 - 4小时,,25元,,1
苏维埃政府旧址,http://travel.qunar.com/p-oi709182-suweiaizhengfujiuzhi,,,,,,,,,,1
香水湾Xiangshui (Perfume) Bay,http://travel.qunar.com/p-oi5940943-xiangshuiwan,"

地址:
陵水黎族自治县光坡镇香水湾高速出口(近港坡村)


电话:
0898-83345160

",香水湾位于海南岛南北气候分界岭——牛岭脚下，陵水县东部。这里因香水岭流来的泉水注入海湾而得名，与万宁市的石梅湾相接，与分界洲岛遥遥相望。如今这里依然保持着原生态的海滨风光，踏入香水湾，首先映入眼帘的是青翠的椰林，再就是漫无尽头的银色沙滩，低处若毯，高处成丘。香水湾较为僻静，沿着海岸线走着，浪花声声声入耳。,全天开放,https://img1.qunarzz.com/travel/d3/1706/7f/62f0cc824716c8b5.jpg_480x360x95_38341de9.jpg,4.5,建议游览时间：2小时,夏季最佳，适合沙滩晒太阳和玩水上项目。,"{'红角岭国际滑翔伞飞行营地滑翔伞单人带飞票成人票\n\n': ['¥870起'], '沙卡冲浪俱乐部（富力湾店）零基础冲浪体验课1v3成人票\n\n': ['¥368起'], '沙卡冲浪俱乐部（富力湾店）一星私教零基础冲浪私教课1v1大小同价\n\n': ['¥868起']}",,1
吊罗山国家森林公园Diaoluo Mountain National Forest Park,http://travel.qunar.com/p-oi711733-diaoluoshanguojiasenlin,"

地址:
海南省陵水黎族自治县(距高速公路陵水开口处21公里)


电话:
0898-83381388

",吊罗山森林公园是海南四大原始森林公园之一，总面积379平方千米，年平均气温约为20℃，是避暑的好去处。这里拥有众多自然景观，巨树古木、湖光山色，还有瀑布百余个。其中较闻名的当属枫果树瀑布群，落差达350米，很是壮观。景区内还有小妹湖、苗王墓、大里瀑布等景点。游玩吊罗山国家森林公园一般当天去当天回，若是时间来不及，也可在山上的度假村入住一晚。因为风光原始，而且山林之中蚊虫较多，游玩时建议请景区内工作人员陪同，或者与有较多户外经验的驴友一起前往。后山有一条800米的雨林栈道，沿途原始风光无限，走到终点便可看到一棵“神树”，这也是景区内的一个有名景点，据说已有3000年历史。吊罗山较好的游览季节是旱季的11月至次年的3月，这里鲜花竞相盛开，彩蝶飞舞，十分美丽迷人；每年5月底至10月底是雨季，四月是旱季和雨季的相交时段，偶有小雨，山高路滑，不太利于户外运动。,全年 8:00-18:00,https://img1.qunarzz.com/travel/poi/1409/11/7e29fa123d61de32ffffffffc8d65eac.jpg_480x360x95_dac466c1.jpg,4.2,建议游览时间：12小时 - 3天,,35元,,1
海陵珍珠养殖场Hailing Pearl Cultivation Farm,http://travel.qunar.com/p-oi715376-hailingzhenzhuyangzhi,"

地址:
新村镇

",位于陵水县南部新村港，与南湾猴岛隔水相望，是我国有名的珍珠养殖场。该珍珠场以养殖马氏珍珠贝和白蝶珍珠贝，每年都生产出数量可观的名贵珍珠，还曾培养出国内较大的一粒人工养殖珍珠。珍珠场有一座楼房，通过一条长长的石堤伸到海中，远望像一座海上平台。提醒：在珍珠养殖场观光之后能在珍珠商店购到货真价实的海水珍珠首饰。,全天,https://img1.qunarzz.com/travel/poi/1409/11/f07f0bec12515a09ffffffffc8d65eac.jpg_480x360x95_8494cb05.jpg,3.0,建议游览时间：3小时,全年皆宜。海南长夏无冬，终年湿润，无明显季节之分。,具体收费情况以现场公示为主,,1
陵水河Lingshui River,http://travel.qunar.com/p-oi7475878-lingshuihe,"

地址:
陵水黎族自治县

",陵水河当地俗称大溪河。 古称陵木丹水、陵栅水、陵拱水。它是海南第四大河，陵水河发源于保亭县贤芳岭，经保亭县的八村、什玲进入陵水县境，经群英、南平、提蒙、椰林、陵城于水口港汇入南海，陵水河主要支流有保亭水、都总河。陵水河上游为什玲河，什玲河与石硐河会合后称陵水河。集雨面积1131平方公里，干流全长73.5公里，坡降3.13‰，总落差1059米。多年平均降雨深2040毫米，年均径流量14.1亿立方米，年均流量44.7立方米/秒。,全年 全天开放,https://img1.qunarzz.com/travel/poi/1409/17/8bb73bc4b55c851fffffffffc8d65eac.jpg_480x360x95_12a3bbb0.jpg,4.7,建议游览时间：1小时,四季皆宜。,具体收费情况以现场公示为主,,2
南波湾海洋生态乐园Nanbo Bay,http://travel.qunar.com/p-oi7469374-nanbowanhaiyangshengtai,"

地址:
陵水县南约14公里处的南湾半岛的西南侧


电话:
400-834-5345

",南湾猴岛南波湾全称南湾半岛南波湾海洋生态乐园，位于海南省陵水县南14公里处的南湾半岛西南侧。对岸是海南岛的沙滩海岸清水湾度假区，与蜈支洲岛隔海相望。南波湾是一个集山、海、岛、湾以及热带雨林、海底珊瑚等景观为一体的综合海洋生态保护区。,全年 8:00-17:00,https://img1.qunarzz.com/travel/poi/1408/27/9d333acff39da088ffffffffc8d65eac.jpg_480x360x95_f3828b8e.jpg,4.3,建议游览时间：2小时,四季皆宜。,具体收费情况以现场公示为主,,2
小赤岭,http://travel.qunar.com/p-oi39627617-xiaochiling,,,,,0.0,,,,,2
南门岭,http://travel.qunar.com/p-oi39442929-nanmenling,,,,,,,,,,2
双帆石,http://travel.qunar.com/p-oi39315422-shuangfanshi,,双帆石，坐落在香水湾风景区内，是1996年我国向世界公布的领海基点之一，被誉为北纬18度的海上圣景。双帆石也很适合潜水，可以找俱乐部出海自由潜和水肺潜；每年6-9月是双帆石海况较好的时候，风浪比较小，水下能见度高，水温稳定在24-28度，潜点深度在5-30米左右。这里不光是水况好，水下也集合了岩石、裂缝、沙丁鱼风暴、甚至还能偶遇鲸鲨，算是国内几个天花板潜点之一。,,,0.0,,,,,2
小妹水库,http://travel.qunar.com/p-oi38911162-xiaomeishuiku,,,,,0.0,,,,,2
海南富力海洋欢乐世界度假区,http://travel.qunar.com/p-oi38807767-hainanfulihaiyanghuan,,"海南富力海洋欢乐世界游玩攻略必打卡项目推荐南海列车：南海列车 推荐指数：5颗星 位置：三沙之城国内第一条浅海运行的单轨观光列车，运营环线全长3.3公里，体验沿海“低空飞行”的喜悦。富力海洋欢乐世界1.  南海秘境 推荐指数：5颗星 位置：探索港湾七个主题展区，共有43个展池，可观赏学习种类超过1500、总数超40000只的各类水生生物。2.  海鸥展翅 推荐指数：4颗星 位置：海南生态海岸结合了海鸥翱翔的理念与波浪式的运动模式，让游客们体验到翱翔的自由与欢乐。3.  海龟沙滩 推荐指数：5颗星 位置：海南生态海岸海龟沙滩是开展海龟救护、人工繁育的科普展馆，分为水池区与沙滩区；平均水深达3米，誉为省级海龟救助繁育基地。4.  海南生态海岸 推荐指数：5颗星 位置：海南生态海岸近距离接触海南特有的热带雨林动物，是海南生态多样性动植物的展示中心。5.  丛林漂流 推荐指数：5颗星 位置：海南生态海岸坐在漂流筏内沿河道顺流而下，通过水底的挡板来制造汹涌的水波，整个游玩过程可实现对狂野速度的追求。 6.  铁锈山激流 推荐指数：5颗星  位置：冒险海洋沉浸式体验激流勇进，感受蓝海护卫队和海洋污染的战斗激情与刺激，激起浪花四溅，蔚然壮观。7.  极限坠落 推荐指数：5颗星  位置：冒险海洋以每秒10几米的速度上升至60米高空，随即又快速向下跌落，带来震撼的心理感受。8.  杰克海战 推荐指数：4颗星 位置：冒险海洋战船设有八挺水枪，可在船与船几船岸边之间互相射击，是一项家庭户外亲子活动配备。9.  鳐鱼礁    推荐指数：5颗星 位置：冒险海洋造型宛如一条游弋的鳐鱼，近千吨水体为多种生物提供宽敞的生活空间，可零距离触摸海中飞翼。10. 蓝海卫士——穿越时空，对海洋生物一探究竟，乘坐在乘骑座椅上，俯冲、穿行、滑翔等动作，配合座椅的震动、吹风，加上强烈的超重、失重、悬空、漂浮等，带来震撼的观影感受，仿若进入大海与生物真实接触。11.梦幻转马——海洋动物主题的双层旋转木马，上下层可单独做旋转。双臂张开在风中尽情舒展，风从四面八方吹来，让人仿佛游荡在空中，带给游客轻松自在的体验。富力水世界：1. 争霸塔 推荐指数：5颗星强烈的失重感，飞速旋转，然后极速滑下。带来超快的速度和超强的重力感。2. 暴风海神湾 推荐指数：5颗星可同时容纳2000人的造浪池，深水区可体验层层叠浪带来的刺激感。浅水区可静静漂浮，享受内心的片刻宁静。  3. 赫拉彩虹天梯 推荐指数：4颗星由八条不同颜色的滑道组成，充满趣味性，与其它赛道上的朋友们沿着跌宕起伏的滑道朝前竞速滑行。4. 泰坦战场 推荐指数：5颗星共4条滑道，最长178米，形状犹如巨碗一般，在滑筏上体验如滑雪比赛般的快速回转。5. 德墨特尔城堡 推荐指数：5颗星集趣味性，安全性，互动性于一体；当翻桶被水灌满时，倾泄而下的巨型水柱令人感到无比刺激。6. 科孚冲浪 推荐指数：5颗星 模拟体验超真实冲浪运动，无法抗拒的极限体验。时尚炫酷，享受快感与满足感，把水上冲浪玩出新花样！精彩演艺：1.  摩托艇滑水竞技赛 演出地点：探索港湾 水上竞技选手，为我们带来一场结合速度、花式、尾波滑水、以及水上飞人高难动作的水上极速竞技赛，是一场不容错过的高速水上表演。2.  搞怪先生嘉年华   演出地点：探索港湾主干道 对于这群用“绳命”给大家带来快乐的搞怪先生 你究竟了解多少 ?  他们充分融合了杂技、技巧等多种表演形式。快来吧，一起跟着他们感受新颖独特的互动盛宴吧！3.  南海美人鱼传说   演出地点：南海秘境 人类对海洋的探索从未停止，在南海中，有人说曾经看见过美人鱼出现，有人说是假的… 今天就让我们一起走进南海的海底世界，一起去看看这个「南海美人魚传说」4.  蓝海旋律音乐喷泉 演出地点：炫彩辰光广场 国际喷泉技术，打造完美的音乐喷泉效果，喷泉喷出的水柱伴随着音乐，高低起伏在舞蹈。喷泉的声音 “哗哗”的声响，就像是微风拂过树梢，渐近渐响。5.  守护海洋花车水秀 演出地点：炫彩辰光广场 剧中拉里误把垃圾污染了海洋，影响生态平衡，幸得海豚精灵的救助，海洋得以恢复原有的气息。透过守护海洋花车水秀，唤醒我们对海洋的保护，珍惜海洋生态。6.  压轴旋律舞曲    演出地点：炫彩辰光广场 伴随着欢快的音乐 , 动感的旋律，一帮年轻的舞者 , 身着华丽的礼服相拥而立 , 挽臂伸手 , 在乐曲的波涛中翩翩起舞。7.  桑妮剧场         演出地点：冒险海洋 在美丽的海岛上，有两位欢乐海狮使者 －力极和马林。今天欢乐老师带大家来到这里，展开一场别开生面的课堂，也给大家介绍力极和马林的一些有趣的知识。餐饮必吃推荐：1.  水母餐厅 特色美食：花样寿司、西红柿牛腩面 位置：三沙之城 餐厅位于蓝海卫士馆旁，以海洋生物水母为设计为中心，以主打面食为主，提供特色面食和特色花样寿司，让客户快速享用到美食花样寿司2.  海港餐厅 特色美食：小船长鲜虾芝士堡套餐、经典香辣鸡腿堡套餐 位置：探索港湾 餐厅位于海豚表演场与摩天轮中心位置，餐厅可提供各种汉堡及精美小食，使顾客在享受各种高品质美食的同时，也能感受到最亲切的优质服务和用餐环境。            小船长鲜虾芝士堡套餐3.  南海秘境•海底餐厅 特色美食：主题定制 位置：探索港湾 餐厅位于南海秘境二楼，用餐环境优雅，可近距离观赏展池内新奇海底鱼类与珊瑚，内设包厢，提供融和粤菜、生猛海鲜及海南当地菜等高端中西式菜品，是家庭聚会、团队用餐、商务宴、生日、求婚之处。海底餐厅主题定制4.  玳瑁餐厅 特色美食：粤式叉烧饭 位置：海南生态海岸 餐厅位于生态区，面朝大海迎面有徐徐海风，耳畔可听见生态海岸处百鸟争鸣。餐厅供应粤式快餐和手工面，以及东南亚小吃为主，产品组合多样性，结合本地新鲜食材资源，精心打造带有异域风格的美食代表作。       粤式叉烧饭5.  北极圈餐厅 特色美食：小龙虾意大利面套餐（套餐配可乐、蔬菜沙拉）、招牌榴莲披萨套餐（套餐配橙汁、蔬菜沙拉）位置：冒险海洋  餐厅位于极限坠落及小火车轨道对面，在这里既可以体验跳楼机的惊险刺激，又可以感受到小火车的浪漫与温馨。菜品融合多元西式美食，采用地道新鲜食材，以正宗美式披萨为主，浓浓奶酪、口感馥郁，再搭配娇嫩澳洲牛排、鲜美蒙古烤羊腿给您带来一场视觉与味觉上的盛宴！招牌榴莲披萨套餐6.  阿唐冰淇淋  特色美食：海南椰奶清补凉、双球冰淇淋 位置：冒险海洋      在阿唐电影院出入口处“阿唐冰淇淋”的花式吃法，是以独创的海洋风为主题的冰淇淋、香草、草莓、椰子等口味冰淇淋远近闻名，品尝冰凉可口的冰淇淋，也是很好的选择 双球冰淇淋",,,5.0,,,,,2
滨河南夜市,http://travel.qunar.com/p-oi38337485-binhenanyeshi,,,,,0.0,,,具体收费情况以现场公示为主,,2
清水湾汽车公园,http://travel.qunar.com/p-oi38337036-qingshuiwanqichegongyuan,,"﻿清水湾汽车公园占据清水湾北纬18°独特的地理优势，周边环境优美。周边500米半径范围内五星级酒店和大型楼盘环绕而建，生活配套一应俱全极其方便,交通便捷.从项目到12公里海岸线上会唱歌的沙滩只需3分钟车程。成立于2019年3月6日，总占地120亩，一期主要经营汽油卡丁车（200 CC）、英式马术教学、特色音乐餐吧、和味厨房粤菜餐厅；民宿版块涵盖时下火热的房车营地等。
二期建设，主要经营业态分为特色集装箱街区、集装箱民宿、水上乐园、越野赛场、户外拓展基地、教育培训基地、机车特技表演及比赛等板块。
 初衷：用丰富的生态资源，多元的产品将大众化的娱乐项目带给游客，照顾到每一位不同消费层级的客户群体。
",,,--,建议游览时间：2小时 - 4小时,,,,2
海南富力海洋欢乐世界,http://travel.qunar.com/p-oi38145376-hainanfulihaiyanghuan,"

地址:
海南省陵水黎族自治县黎安镇双湖大道1号海南富力海洋欢乐世界


电话:
400-186-2777

",海南富力海洋欢乐世界游玩攻略必打卡项目推荐南海列车：南海列车 推荐指数：5颗星 位置：三沙之城国内第一条浅海运行的单轨观光列车，运营环线全长3.3公里，体验沿海“低空飞行”的喜悦。富力海洋欢乐世界1. 南海秘境 推荐指数：5颗星 位置：探索港湾七个主题展区，共有43个展池，可观赏学习种类超过1500、总数超40000只的各类水生生物。2. 海鸥展翅 推荐指数：4颗星 位置：海南生态海岸结合了海鸥翱翔的理念与波浪式的运动模式，让游客们体验到翱翔的自由与欢乐。3. 海龟沙滩 推荐指数：5颗星 位置：海南生态海岸海龟沙滩是开展海龟救护、人工繁育的科普展馆，分为水池区与沙滩区；平均水深达3米，誉为省级海龟救助繁育基地。4. 海南生态海岸 推荐指数：5颗星 位置：海南生态海岸近距离接触海南特有的热带雨林动物，是海南生态多样性动植物的展示中心。5. 丛林漂流 推荐指数：5颗星 位置：海南生态海岸坐在漂流筏内沿河道顺流而下，通过水底的挡板来制造汹涌的水波，整个游玩过程可实现对狂野速度的追求。 6. 铁锈山激流 推荐指数：5颗星 位置：冒险海洋沉浸式体验激流勇进，感受蓝海护卫队和海洋污染的战斗激情与刺激，激起浪花四溅，蔚然壮观。7. 极限坠落 推荐指数：5颗星 位置：冒险海洋以每秒10几米的速度上升至60米高空，随即又快速向下跌落，带来震撼的心理感受。8. 杰克海战 推荐指数：4颗星 位置：冒险海洋战船设有八挺水枪，可在船与船几船岸边之间互相射击，是一项家庭户外亲子活动配备。9. 鳐鱼礁    推荐指数：5颗星 位置：冒险海洋 造型宛如一条游弋的鳐鱼，近千吨水体为多种生物提供宽敞的生活空间，可零距离触摸海中飞翼。精彩演艺：1. 摩托艇滑水竞技赛 演出地点：探索港湾2. 搞怪先生嘉年华   演出地点：探索港湾主干道3. 南海美人鱼传说   演出地点：南海秘境4. 蓝海旋律音乐喷泉 演出地点：炫彩辰光广场5. 守护海洋花车水秀 演出地点：炫彩辰光广场6. 压轴旋律舞曲    演出地点：炫彩辰光广场7. 桑妮剧场        演出地点：冒险海洋 餐饮必吃推荐：1. 水母餐厅 特色美食：花样寿司、西红柿牛腩面 位置：三沙之城花样寿司2. 海港餐厅 特色美食：小船长鲜虾芝士堡套餐、经典香辣鸡腿堡套餐 位置：探索港湾                    小船长鲜虾芝士堡套餐3. 南海秘境•海底餐厅 特色美食：主题定制 位置：探索港湾海底餐厅主题定制4. 玳瑁餐厅 特色美食：粤式叉烧饭 位置：海南生态海岸        粤式叉烧饭5. 北极圈餐厅 特色美食：小龙虾意大利面套餐（套餐配可乐、蔬菜沙拉）、招牌榴莲披萨套餐（套餐配橙汁、蔬菜沙拉）位置：冒险海洋   招牌榴莲披萨套餐6. 阿唐冰淇淋 特色美食：海南椰奶清补凉、双球冰淇淋 位置：冒险海洋           双球冰淇淋,全年 10:00-18:00,,4.7,建议游览时间：2小时 - 3小时,,,,2
港门岭公园,http://travel.qunar.com/p-oi38135563-gangmenlinggongyuan,,港门岭公园位于黎安镇，因山顶有巨石酷似老猫倦卧，故民间亦称老猫岭。岭上有两个观景平台，可俯瞰港内外的美景，还有陵水湾的全貌，湛蓝色的海水呈现点薄荷绿，在湛蓝的天空映衬下更显得迷人。,,,5.0,建议游览时间：2小时 - 3小时,,具体收费情况以现场公示为主,,3
托南日瀑布,http://travel.qunar.com/p-oi38135187-tuonanripubu,,,,,--,,,具体收费情况以现场公示为主,,3
龙头岭,http://travel.qunar.com/p-oi37806188-longtouling,,"龙头岭位于陵水，这里有沙滩和木栈道，沙滩很长，沙子很细，人们可以一边欣赏海景，一边捡贝壳，非常有趣。
",,,5.0,建议游览时间：2小时,,,,3
清水湾国际农博园,http://travel.qunar.com/p-oi37192958-qingshuiwanguojinongbo,,,,,0.0,,,具体收费情况以现场公示为主,,3
大里瀑布,http://travel.qunar.com/p-oi36421874-dalipubu,,"大里瀑布分为姐妹瀑布和托日南瀑布，姐妹瀑布落差小，适合游玩；而托南日瀑布落差大，有30米，游客可以在这里拍照留念。
",,,4.0,建议游览时间：2小时 - 3小时,,,,3
赤岭福湾,http://travel.qunar.com/p-oi36380964-chilingfuwan,"

地址:
陵水黎族自治县赤岭村西堤路58号

","赤岭福湾位于三亚国家海岸海棠湾与陵水清水湾交接的分界岭，与蜈支洲岛隔海相望，是得天独厚的天然海港，是海南自贸港重点美丽乡村项目之一，也是三亚边缘为数不多的一处私密海湾，没有被更多的开发所破坏，让自然生态得到了极大的保护；海滩沙质细腻，没有污染，在群山和乡间小路的环绕之下，宁静而又纯净，适合情侣在此度蜜月、感受渔家风情，亲子户外运动、团体拓展活动等；景区以安全、环保、客户为经营原则、开展特色民宿，滨海浴场、出海观光、渔家海钓，体验潜水、户外写真摄影、无人机拍摄、以及摩托艇、香蕉船、帆船等休闲海上项目、是享受畅泳放松，舒缓紧张情绪和享受休闲生活的不二选择。
",全年 08:30-16:00,,5.0,建议游览时间：2小时 - 3小时,,180元,,3
南湾猴岛生态旅游区Nanwan Monkey Island Ecological Scenic Spot,http://travel.qunar.com/p-oi36149445-nanwanhoudaoshengtailu:,"

地址:
陵水黎族自治县陵水新村镇望海大道1号


电话:
0898-83360902,0898-83362714


官网:
http://www.monkeyisland.com.cn/

",南湾猴岛生态旅游区位于海南省陵水县南约14公里的南湾半岛。它依山傍水，三面环海，形状狭长，总面积为10.2平方公里，大小12个山头连绵起伏。山上大小岩洞无数，奇岩怪石嶙峋。南湾猴岛上的动植物物种种类繁多，森林覆盖率达95%，生态资源极为丰富。全岛生长着茂密的阔叶林和灌木丛林，四季花果飘香，风景秀丽，气候怡人。岛上生活着近1500只活泼可爱的猕猴，属国家二类保护动物。南湾猴岛是我国也是世界上唯一的热带岛屿型猕猴自然保护区。南湾猴岛生态旅游区包含猴岛公园和呆呆岛两个部分。景区内2138米长的跨海观光索道将神秘的南湾猴岛、迷人的热带港湾、浓郁的“疍家民俗风情”、喧闹的渔港风光串成一线。乘缆车在海面上越空滑行，可俯瞰港口处千帆竞发，渔排林立的盛景；游客沐浴着凉爽的海风，可眺望远处洁净迷人的沙滩与妩媚多姿的椰林随风摇曳，可观白云朵朵点缀蔚蓝天空，可见天际线处海天一色，怡人的美景令人回味无穷。呆呆岛位于中国海南省陵水县南约14公里的南湾半岛西南部滨海区域，西与清水湾度假区相邻，南与蜈支洲岛隔海相望。沙滩海岸线全长5.9公里，是海南岛东海岸线最长的，保护最好的绝美沙滩。这里是海南十大浪漫景区之一，是一片最原始、最生态、最静谧、最情怀的绝美之地。疍家渔排位于海南省陵水县新村镇新村港的海面上，港内南北长4公里，东西宽6公里，面积24平方公里，港口窄内宽，东西两面有南湾半岛环抱，港内风平浪静，避风条件好，是一个得天独厚的天然良港。疍家渔排素有“海上街市”之称，是陵水的“八景之一”。,全年 08:00-17:20,,4.3,建议游览时间：12小时 - 3天,,152元,,3
清水湾礁石群Qingshui Bay Reefs,http://travel.qunar.com/p-oi35814814-qingshuiwanjiaoshiqun,"

地址:
陵水黎族自治县清水湾旅游区

",清水湾礁石群位于清水湾景区内，和沙滩一起集合了海南东西两地截然不同的景观。礁石群造型独特，怪石嶙峋，是游玩海岸线不可忽略的美景。,全年 全天开放,,4.0,建议游览时间：2小时 - 3小时,,具体收费情况以现场公示为主,,3
清水湾海滩沙雕Sand Sculptures on the Beach of Qingshui Bay,http://travel.qunar.com/p-oi35808744-qingshuiwanhaitanshadiao,"

地址:
陵水黎族自治县清水湾莱佛士酒店附近海滩

",在12公里海岸线上，游客在这里可以欣赏到极具艺术与创意的沙雕作品，了解沙雕文化，充分感受到沙雕的艺术魅力。,全年 全天开放,https://tr-osdcp.qunarzz.com/tr-osd-tr-mapi/img/032ed0aaeb273fb6f4c7d85c097e6628.jpg_480x360x95_ecb10ba8.jpg,4.4,,,具体收费情况以现场公示为主,,3
九所岭Jiusuo Mountain,http://travel.qunar.com/p-oi35295716-jiusuoling,,,,,--,建议游览时间：3小时 - 4小时,,具体收费情况以现场公示为主,,3
陵水海滨风景名胜区Lingshui Seaside Scenic Area,http://travel.qunar.com/p-oi35238882-lingshuihaibinfengjing,,,,,1.0,,,具体收费情况以现场公示为主,,4
水口庙Shuikou Temple,http://travel.qunar.com/p-oi35000198-shuikoumiao,"

地址:
陵水黎族自治县

",水口庙位于椰子岛生态旅游区东侧，距陵城5公里。,全年 全天开放,,4.8,建议游览时间：1小时 - 2小时,,具体收费情况以现场公示为主,,4
陵水黎族自治县博物馆Lingshui Lizu Zizhixian Museum,http://travel.qunar.com/p-oi34271910-lingshuilizuzizhixian,"

地址:
椰林镇中山东路141号

",该博物馆的展品很丰富，展品主要涉及古代文物、近现代文物、民族文物、传世品文物等，有唐代珊瑚石雕人头像、唐宋时期的珊瑚石碑、清代铜香炉和树皮被等。,上午8:00-12:00；下午15:00-18:00(周一闭馆）,,2.0,建议游览时间：1小时 - 2小时,,免费,,4
陵水黎族风俗村Lingshui Li Customs Village,http://travel.qunar.com/p-oi26586257-lingshuilizufengsucun,,黎族原始部落之一，已有百年文化史，景观设计结合当地黎族文化传统，具有优越地理位置和便利交通条件的村庄，成为了许多人眼中的“宝地”。,,,4.1,建议游览时间：12小时 - 3天,,具体收费情况以现场公示为主,,4
琼山会馆Qiong Mountain Association,http://travel.qunar.com/p-oi23343698-qiongshanhuiguan,,,,,--,,,具体收费情况以现场公示为主,,4
新村内海Xincun Inland Sea,http://travel.qunar.com/p-oi23343410-xincunneihai,,新村港是个很大而且封闭的内海，平静的港湾， 繁忙的渔港，一个渔民们实实在在生活的地方。,,,5.0,,,具体收费情况以现场公示为主,,4
大溪桥Daxi Bridge,http://travel.qunar.com/p-oi23343407-daxiqiao,,,,https://tr-osdcp.qunarzz.com/tr-osd-tr-manager/img/9942da7036228f3422e692b931c27360.jpg_480x360x95_43ea044a.jpg,--,,,具体收费情况以现场公示为主,,4
黎安港Li'an Port,http://travel.qunar.com/p-oi23342408-liangang,,黎安港是一个天然形成的潟湖，三面临海，紧邻南湾猴岛自然保护区。,,https://tr-osdcp.qunarzz.com/tr-osd-tr-manager/img/bd4539b531f0357327ebe726dccb4090.jpg_480x360x95_8e99168e.jpg,5.0,建议游览时间：2小时 - 3小时,,具体收费情况以现场公示为主,,4
黎安镇Li'anzhen,http://travel.qunar.com/p-oi23342405-lianzhen,,位于黎族自治县东南部黎安镇长夏无冬，雨量充沛，光照充足，气候温和。,,https://tr-osdcp.qunarzz.com/tr-osd-tr-manager/img/f1830cfce0f6f2f897d67ec9eee62973.jpg_480x360x95_b0db0d95.jpg,4.0,建议游览时间：3天,,,,4
新村港Xincun Harbor,http://travel.qunar.com/p-oi23342395-xincungang,,,,,,,,,,4
跨海索道Cross-sea Ropeway,http://travel.qunar.com/p-oi23029454-kuahaisuodao,"

地址:
海南省三亚市陵水县新村镇南湾猴岛


电话:
0898-83360902

",南湾猴岛索道全长2138米，乘缆车在海面上越空滑行，可俯瞰港口处千帆竞发，渔排林立的盛景。,8:00-16:50,,5.0,建议游览时间：0.5小时 - 2小时,,包含于南湾猴岛景区门票内，通用于南湾猴岛景区门票。,,5
高雅画廊,http://travel.qunar.com/p-oi19528806-gaoyahualang,,,,,,,,,,5
土福湾Tufu Bay,http://travel.qunar.com/p-oi19460270-tufuwan,"

地址:
陵水县土福湾休闲旅游度假区(近G98高速土福湾出口)

",土福湾地处陵水县英州镇的南面，东南面紧挨晓乐岛，西南面与蜈支洲岛相连，与三亚市的亚龙湾并称姐妹湾。,全年 全天开放,https://tr-osdcp.qunarzz.com/tr-osd-tr-space/img/a446b8667f08d0c27c72d6d80a5f4156.jpg_480x360x95_68f8358c.jpg,4.7,建议游览时间：12小时 - 3天,,具体收费情况以景区现场公示为主。,,5
苏维埃政府旧址Suwei'ai Zhengfu Site,http://travel.qunar.com/p-oi18703146-suweiaizhengfujiuzhi,,陵水县苏维埃政府旧址，前身为“琼山会馆”。陵水苏维埃旧址是一幢精美的建筑，总体看来是一个祠堂式的多进式院落，分前、中、后三进建筑，每进建筑之间都有天井分隔。,,https://flight-feed.qunarzz.com/as3/376/image/poi_vishnu/e028b52b-1847-41cf-9246-b3c8b4a46124.jpg,4.7,建议游览时间：1小时 - 2小时,,具体收费情况以现场公示为主,,5
一号沙滩Nanwan Houdao Island Ecological Scenic Spot 1st Beach,http://travel.qunar.com/p-oi10091722-yihaoshatan,"

地址:
陵水县新村镇南湾猴岛(南湾半岛西南部滨海区域）


电话:
0898-83362992,0898-83360902

",一号沙滩位于中国海南省陵水县南约14公里的南湾半岛西南部滨海区域，西与清水湾相邻，南与蜈支洲岛隔海相望。一号沙滩海岸线全长5.9公里，是海南岛东海岸线较长的，保护较好的绝美沙滩。这里是海南十大浪漫景区之一，是一片较原始、较静谧、较有情怀的绝美之地。,全年 8:00-17:00,https://mp-piao-admincp.qunarzz.com/mp_piao_admin_mp_piao_admin/fusion/20221/4cdca330bebe4f6009dda61664e5f0fc.jpg_480x360x95_bb0884df.jpg,4.6,建议游览时间：4小时 - 5小时,,"{'【可选潜水套餐】三亚出发陵水分界洲岛纯玩一日游（含往返门船票+接送）\n\n': ['¥122起'], '【疫情优选小团】陵水SUP浆板体验-小团含拍摄\n\n': ['¥198起']}",,5
南湾花镇灯会Nanwanhua Town Lantern Festival,http://travel.qunar.com/p-oi10070950-nanwanhuazhendenghui,"

地址:
陵水县新村镇曲港（转盘处）南湾花镇景区


电话:
13842946468

",南湾花镇位于陵水县，是集旅游观光、美食、住宿、游乐场等休闲娱乐项目于一体的三角梅花海主题旅游景区。首期占地3000亩。园区内拥有超过80个品种的各类海南省省花三角梅花卉40余万株，是目前国内品种较多较全，数量较高的三角梅种植基地。“海南省首届三角梅（琼花）国际大型主题灯火”将于2017年元旦节隆重开幕，此届灯会由80万株三角梅花海以及上百组超大型的传统自贡彩灯组成，灯会以“花为本、灯为媒”的艺术理念，花海和灯海的展现，并结合历史人文故事、神话传说等多方元素，并加入恐龙和变形金刚等远古与现代的碰撞，呈现在人们眼前的将会是一个流光溢彩的斑斓世界。让人们在花海和灯海之中流连忘返仿佛置身于仙境。,16:30-23:00（18:30开灯，20:00节目表演，21:00放烟花）。,https://img1.qunarzz.com/p/tts6/1801/db/e643e6b09d2a4f02.jpg_480x360x95_f09f3f9a.jpg,4.0,建议游览时间：1小时 - 2小时,,具体收费情况以现场公示为主,,5
七彩沙滩Qicai Beach,http://travel.qunar.com/p-oi10068706-qicaishatan,"

地址:
陵水县新村镇南湾猴岛浪漫天缘景区内二号沙滩区


电话:
0898-83360902

",七彩沙滩位于南湾半岛的南部海滨，对岸是清水湾度假区，与蜈支洲岛隔海相望。沙滩海岸线长5.9公里，是海南岛长的纯生态海岸线。七彩沙滩不仅环境优美，是现在海南岛东海岸线保存的原始的沙滩，也是疍家人世代生息的地方，因为这里靠近新村港的出海口，是渔民出海打渔的必经航线，所以疍家人现在还把这里当做出海祭祀的场所。,具体开放时间请咨询景区,https://img1.qunarzz.com/travel/poi/1803/33/636309f766785837.jpg_480x360x95_2bb43718.jpg,2.0,建议游览时间：2小时 - 3小时,,96元,,5
吊罗山Diaoluo Mountain,http://travel.qunar.com/p-oi10001576-diaoluoshan,"

地址:
海南省陵水黎族自治县县西北部


电话:
0898-83421478

",     吊罗山有着极为珍贵的原始热带雨林区，来到这里，就是来到了绿色的海洋。除了丛林景观外，吊罗山森林公园内还拥有枫果树瀑布群以及优美的南国田园风光。     这座名副其实的“植物宝库”，既适宜于避寒避暑，也适宜于考察探险。     交通：距高速公路陵水出口处21公里，有省道相通。,全年 8:00-18:00,https://img1.qunarzz.com/travel/poi/1712/27/d8f9cbe68c7d8e37.jpg_480x360x95_e2895f0f.jpg,4.0,建议游览时间：2小时,,70元,,5
赤岭渔村,http://travel.qunar.com/p-oi9537936-chilingyucun,"

地址:
陵水英州镇

",赤岭渔村位于英州清水湾，和土福湾之间的赤岭渔村是疍家渔民的聚居地，虽无一分田地，靠海吃海的小村却是富饶美丽。优异的自然条件和独特的疍家风情村落更是让“赤岭风景区”的美名不胫而走，在大三亚风景圈里亦是小有名气。并且赤岭至今仍保留着独具特色的疍家风情：古屋画栋雕梁、龙王庙里香火鼎盛、敬老院、卫生院竟是一应齐全。村内民风淳朴，三五农妇在“百年酸豆树”下织网、婴儿熟睡于渔网摇篮里、连村民佩戴的也是用海螺化石手工打磨的项链，俨然一副“与世隔绝”的宁静与美好...赤岭渔村位于英州清水湾，和土福湾之间的赤岭渔村是疍家渔民的聚居地，虽无一分田地，靠海吃海的小村却是富饶美丽。优异的自然条件和独特的疍家风情村落更是让“赤岭风景区”的美名不胫而走，在大三亚风景圈里亦是小有名气。并且赤岭至今仍保留着独具特色的疍家风情：古屋画栋雕梁、龙王庙里香火鼎盛、敬老院、卫生院竟是一应齐全。村内民风淳朴，三五农妇在“百年酸豆树”下织网、婴儿熟睡于渔网摇篮里、连村民佩戴的也是用海螺化石手工打磨的项链，俨然一副“与世隔绝”的宁静与美好。走过太多“繁荣”的景区，回到这样一个美好、自然的小村，总会让人想起“家乡”的滋味，回忆儿时的蓝天绿水。,全天,https://img1.qunarzz.com/travel/d2/1703/d8/befea6b105fab0b5.jpg_480x360x95_0c9b2767.jpg,3.0,建议游览时间：2小时 - 3小时,,免费,,5
水口庙,http://travel.qunar.com/p-oi9537928-shuikoumiao,"

地址:
海南省陵水县椰林镇

",水口庙建于乾隆五十年(公元1785年)元月13日，传说当时多华村的“水通割田”(即现椰子岛一带)常遭洪灾，村民纷纷祈祷盼神治水，免受其害。正巧，本村一渔翁在河里钓鱼时遇见条奇木飘浮在水中，便打捞上岸并作为雕刻神公之用，经一番筹备后便在距水口港仅几十米的地方建起了水口庙。本庙中居有“水口侯王”、“水底夫人”、“万天元帅”、“明师公婆”等众神，以侯王为主，均是建勋业昭日月之先哲，令人万分敬仰，其英灵显赫非凡，赐予人间福德，水口侯王第一次点睛显灵是农历正月十三日...水口庙建于乾隆五十年(公元1785年)元月13日，传说当时多华村的“水通割田”(即现椰子岛一带)常遭洪灾，村民纷纷祈祷盼神治水，免受其害。正巧，本村一渔翁在河里钓鱼时遇见条奇木飘浮在水中，便打捞上岸并作为雕刻神公之用，经一番筹备后便在距水口港仅几十米的地方建起了水口庙。本庙中居有“水口侯王”、“水底夫人”、“万天元帅”、“明师公婆”等众神，以侯王为主，均是建勋业昭日月之先哲，令人万分敬仰，其英灵显赫非凡，赐予人间福德，水口侯王第一次点睛显灵是农历正月十三日，故定为诞日，每逢农历正月十三日，成千上万的善男善女从四面八方涌进水口庙，参拜道贺，求神祈福，热闹非凡。,9:00~17:00,https://img1.qunarzz.com/travel/d8/1712/fe/d01af438ab1eb9b5.jpg_480x360x95_d96a0e9c.jpg,5.0,建议游览时间：1小时 - 2小时,,免费,,5
新村港,http://travel.qunar.com/p-oi9537925-xincungang,"

地址:
海南省陵水新村镇

",是个很大且封闭的内海，狭窄的出入口一边是新村镇另一边是南湾村，著名的南湾猴岛就在南湾村的山上，渔港在新村镇这一边。新村港是个令人亢奋的地方，渔民从小舢板往岸上的卡车装大条的石斑鱼，接着去看码头边停泊的渔船。而且靠近内海出口的深水区密布网箱养殖的渔排，这就是著名的疍（音dan）家渔排，那些养殖户为了方便和看护，在自家的渔排上搭建活动板房，也安家在渔排上，有的还搭个遮阳棚开起海鲜餐馆。在渔排上吃海鲜，直接到网箱里点，直观便捷，疍家渔排这样的餐馆很多。,全天开放,https://tr-osdcp.qunarzz.com/tr-osd-tr-mapi/img/1847b19fd737530134b5efaa45604dc9.jpg_480x360x95_fe76bb14.jpg,4.3,建议游览时间：2小时 - 4小时,,免费开放,,6
尖岭沙滩Jianling Beach,http://travel.qunar.com/p-oi7475884-jianlingshatan,"

地址:
海南省陵水黎族自治县

",尖岭沙滩水质很好，沙子略偏黄，非常干净，沙滩上可以举办烧烤聚会。还可以下海玩水，可爱的小鱼会在人的身边游来游去。,全天,https://img1.qunarzz.com/travel/poi/1409/17/b26168d5682ea302ffffffffc8d65eac.jpg_480x360x95_f4a3d787.jpg,3.9,建议游览时间：2小时 - 3小时,,具体收费情况以现场公示为主,,6
分界洲岛Boundary Island,http://travel.qunar.com/p-oi703586-fenjiezhoudao,"

地址:
海南省陵水黎族自治县海南环岛东线高速牛岭出口处


电话:
0898-31817733,0898-31817777,0898-83347555,0898-83349222


官网:
http://www.hnfjz.com/

",分界洲岛位于海南省陵水县与万宁市分界处，是个非常美丽的小岛，这里海水清澈干净，沙滩松软细白，自然环境保护得非常好，比起三亚市的几个海滩、海岛，这里拥有更为完整而美丽的海底风光。分界洲岛门票包含往返船票，码头都是用原木搭建起来的，非常有热带风情。船型为快艇，10分钟左右便可到达小岛。下船就是分界洲岛的游客中心。分界洲岛不仅为游客提供潜水、海钓、摩托艇等海洋旅游项目，而且还提供与海豚、海狮、海龟等海洋动物亲密接触的互动项目。另外，还有一艘全潜式海底观光潜水艇，活体珊瑚与珊瑚标本共存的珊瑚区，展示南海海捞瓷文化的海捞瓷区等等众多海洋景观，都可以让游客感受到不同凡响的海洋乐趣。分界洲岛的潜水条件得天独厚，这里的海底除了大量保育良好的活体珊瑚礁群外，还有神秘的古代沉船、七福神像、海底村庄、老旧战斗机和其它多彩的海洋生物等，被国际专业潜水组织认为是“海南最适宜潜水的海岛”之一。国家海岛型5A级旅游景区——分界洲岛，欢迎您的光临！,全年 08:30-22:30,https://tr-osdcp.qunarzz.com/tr-osd-tr-space/img/b7e7b94b3376382abde82669987308a5.jpg_480x360x95_fd698d74.jpg,4.6,建议游览时间：3小时 - 6小时,,"{'分界洲岛旅游区门票+往返船票成人票\n\n': ['¥121.9起'], '分界洲岛旅游区门票+往返船票儿童票\n\n': ['¥66起'], '分界洲岛旅游区门票+往返船票老人票\n\n': ['¥66起']}",,7
清水湾旅游区Qingshui (“Clear Water”) Bay,http://travel.qunar.com/p-oi5808875-qingshuiwanlu:youqu,"

地址:
陵水黎族自治县英州镇清水湾大道雅居乐售楼部沿海50m


电话:
0898-31813158

",清水湾旅游区位于陵水县东部沿海，是一个由雅居乐集团管理的休闲胜地。在这里可将清水、白沙、奇岭、怪石等景色一览无余，奇妙的是，其弧形海岸一半是礁岩，一半是沙滩，同时拥有海南东西两地海岸风光。清水湾旅游区跨越英州、新村两个乡镇，滩涂狭长，海岸线长约12公里，景区东邻南湾猴岛，西有椰田古寨，周边旅游资源也较为丰富。从这里乘坐专线车辆还可方便地前往三亚市区游玩。,全天开放,https://img1.qunarzz.com/travel/d7/1512/18/9b7fae5afba20af7.jpg_480x360x95_0f33ddcb.jpg,4.7,建议游览时间：12小时 - 3天,,入园免费，项目收费,,7
呆呆岛Daidai Island,http://travel.qunar.com/p-oi22945198-daidaidao,"

地址:
海南省陵水县新村镇望海大道1号南湾猴岛售票处


电话:
0898-83360902,0898-83362992

",呆呆岛位于海南省陵水县南约14公里的南湾半岛西南部滨海区域，西与清水湾度假区相邻，南与蜈支洲岛隔海相望。岛上沙滩海岸线全长约5.9公里，是海南岛东海岸线较长、保护较好的沙滩，也是海南十大浪漫景区之一。行走在呆呆岛干净细软的沙滩上，随处可见椰林秋千、泡泡屋、白色小教堂、粉色的小车、沙滩凉亭、废弃的渔船等设施。在这个天蓝水净的地方，伴随翻涌的白色浪花，随便一拍就是自带滤镜的照片，唯美而浪漫，堪称拍照圣地。,全年 08:00-17:20,https://img1.qunarzz.com/piao/fusion/2111/f4/58dee06c2233cc02.jpg_480x360x95_2d437d4f.jpg,4.5,建议游览时间：12小时 - 3天,,"{'呆呆岛+往返轮渡+往返观光车票成人票\n\n': ['¥94起'], '呆呆岛门票(含往返轮渡+往返观光车)票儿童票\n\n': ['¥48起'], '呆呆岛门票(含往返轮渡+往返观光车)票优待票\n\n': ['¥78起']}",,7
椰子岛Coconut Island,http://travel.qunar.com/p-oi712696-yezidao,"

地址:
陵水县椰乡排溪村

",椰子岛位于陵水县城的东部约5公里处，地处陵水河的出口处，是一座面积仅有1平方公里的小岛。椰子岛被碧水环抱，岛上椰林密布，景色自然脱俗，目前为止仍是一处没有开发的原生态岛屿。椰子岛上除了高大的椰子树外，其它植物群落不多，而这里的椰子树几乎棵棵神姿仙态，在岛上很难找到几棵形态相似的椰树。椰子岛虽然很小，但随意在小岛上走走，听听海风掠过树叶的摩挲声，去小沙滩上踏踏海浪，仿佛置身于世外桃源。,全年 全天开放,https://img1.qunarzz.com/travel/poi/1806/f5/b870e345971ae337.jpg_480x360x95_19616ead.jpg,4.2,建议游览时间：1小时 - 2小时,,{'三亚自游者桨板俱乐部【椰子洲岛浆板探秘】\n\n': ['¥438起']},,7
猴岛公园Nanwan Monkey Island,http://travel.qunar.com/p-oi705361-houdaogongyuan,"

地址:
陵水黎族自治县陵水新村镇望海大道1号


电话:
0898-83360902,0898-83362714


官网:
http://www.monkeyisland.com.cn/

",猴岛公园位于海南省陵水县南湾半岛上，三面环海，是我国也是世界上仅有的岛屿型猕猴自然保护区。现居住着千余只猕猴，因此人们称之为“猴岛”。由于景区在半岛上，如果要进入猴岛，可以选择乘观光索道直接抵达景区，或者选择坐船抵达半岛的码头，然后乘坐景区的观光车前往猴岛公园。进入大门，首先看到的将会是猴岛雕塑广场。看到是一只猴子正坐在达尔文的《物种起源》捧着人的头盖骨在思考。这个雕塑可是美国知名的红色资本家哈默博士送给前苏联领导人列宁的礼品雕塑的复制品。观赏完雕塑，来到花果山猕猴游览区。看到由猴队长的带领下高举旗帜可爱猕猴的迎宾仪仗队，还可以看到猕猴的水上乐园——“浴圣池”，游泳池的猴子们或潜水、或游泳、或高楼跳水。在猕猴杂技表演区可以看到充满“人性”的猕猴。在驯化师的带领下，表演各种高难度的杂技。继续前行，有一间猕猴王国拘留所，那是“关押”那些抢劫或者抓伤人后的猕猴，按照规定在这里关押一定的时间。在猕猴演艺场可以观赏一场经典的情景喜剧。,全年 08:00-16:50,https://img1.qunarzz.com/travel/d6/1409/22/f7bc153c5b5300ddffffffffc8d65eac.jpg_480x360x95_e85830ff.jpg,4.3,建议游览时间：3小时 - 5小时,,"{'南湾猴岛门票+往返缆车/轮渡(可选人群)票成人票\n\n': ['¥153.5起'], '南湾猴岛门票+往返缆车/轮渡(可选人群)票儿童票\n\n': ['¥70起'], '猴岛公园门票(含往返缆车/轮渡)+水上运动中心赶海体验1小时成人票\n\n': ['¥190起']}",岛上有天朗度假村，餐饮、住宿、娱乐设施齐全。,7
椰田古寨Yetian Ancient Village,http://travel.qunar.com/p-oi7469335-yetianguzhai,"

地址:
陵水县英州镇英州村椰田古寨景区


电话:
0898-83470995


官网:
http://www.yetianguzhai.com/

",椰田古寨是一个黎族和苗族混合居住的寨子，也是感受黎苗族传统文化的好地方。景区内的建筑既有黎族的金字屋、船形屋和寮房，又有苗族的吊脚楼。而这里的居民更是身体力行地展现着黎苗族的文化习俗。凉棚内有阿婆在织黎锦、粮仓边有阿公在编竹篓。在这里也可以近距离地感受苗蛊文化，尝一尝风味独特的黎苗族美食。这里也有不少展示着手工银饰的阿婆阿妹，银器大多精美，价格则略为昂贵，购买时还需理智选择。黎苗族人能歌善舞，若是三月三来到椰田古寨，这里更会多添一份歌舞洋溢的热情。,7:30-17:30,https://img1.qunarzz.com/travel/d4/1702/ea/e55642fba9cb1ab5.jpg_480x360x95_c022a9bf.jpg,4.1,建议游览时间：2小时 - 4小时,,25元,,7
苏维埃政府旧址,http://travel.qunar.com/p-oi709182-suweiaizhengfujiuzhi,"

地址:
海南省陵水黎族自治县椰林镇中山东路22号


电话:
0898-83317957

",是一个祠堂式的多进式院落，分前、中、后三进建筑，每进建筑之间都有天井分隔。一进为单层，二、三进均为二层楼房，每进建筑之间有天井分隔。木照壁上的鎏金彩绘，门窗棂上的精致雕刻，白墙壁上的浮雕花饰等建筑装潢上都显现中国传统建筑特色。同时还融入欧式抱厦、圆弧顶部、脊饰卷草造型、脊下彩塑双凤设计，券形拱门下四根方柱顶佩以狮饰，门面采用拱券式长柱廊等欧洲巴洛克风格和楼廊密柱式花栏杆非常明显突出，尽显当年琼山商人的奢华之气和建筑的气度不凡。经历了80年风云变幻，...是一个祠堂式的多进式院落，分前、中、后三进建筑，每进建筑之间都有天井分隔。一进为单层，二、三进均为二层楼房，每进建筑之间有天井分隔。木照壁上的鎏金彩绘，门窗棂上的精致雕刻，白墙壁上的浮雕花饰等建筑装潢上都显现中国传统建筑特色。同时还融入欧式抱厦、圆弧顶部、脊饰卷草造型、脊下彩塑双凤设计，券形拱门下四根方柱顶佩以狮饰，门面采用拱券式长柱廊等欧洲巴洛克风格和楼廊密柱式花栏杆非常明显突出，尽显当年琼山商人的奢华之气和建筑的气度不凡。经历了80年风云变幻，陵水县苏维埃政府旧址没有遭到人为的破坏，这座建筑也成为了陵水的标志。,8：00-12：00 15：00-18：00 周一闭馆,https://img1.qunarzz.com/piao/fusion/1501/13/bd3a2746d0aa2f.jpg_480x360x95_745d299c.jpg,4.5,建议游览时间：1小时,,免费开放,,7
香水湾Xiangshui (Perfume) Bay,http://travel.qunar.com/p-oi5940943-xiangshuiwan,"

地址:
陵水黎族自治县光坡镇香水湾高速出口(近港坡村)


电话:
0898-83345160

",香水湾位于海南岛南北气候分界岭——牛岭脚下，陵水县东部。这里因香水岭流来的泉水注入海湾而得名，与万宁市的石梅湾相接，与分界洲岛遥遥相望。如今这里依然保持着原生态的海滨风光，踏入香水湾，首先映入眼帘的是青翠的椰林，再就是漫无尽头的银色沙滩，低处若毯，高处成丘。香水湾较为僻静，沿着海岸线走着，浪花声声声入耳。,全天开放,https://img1.qunarzz.com/travel/d3/1706/7f/62f0cc824716c8b5.jpg_480x360x95_38341de9.jpg,4.5,建议游览时间：2小时,夏季最佳，适合沙滩晒太阳和玩水上项目。,"{'红角岭国际滑翔伞飞行营地滑翔伞单人带飞票成人票\n\n': ['¥870起'], '沙卡冲浪俱乐部（富力湾店）零基础冲浪体验课1v3成人票\n\n': ['¥368起'], '沙卡冲浪俱乐部（富力湾店）一星私教零基础冲浪私教课1v1大小同价\n\n': ['¥868起']}",,7
吊罗山国家森林公园Diaoluo Mountain National Forest Park,http://travel.qunar.com/p-oi711733-diaoluoshanguojiasenlin,"

地址:
海南省陵水黎族自治县(距高速公路陵水开口处21公里)


电话:
0898-83381388

",吊罗山森林公园是海南四大原始森林公园之一，总面积379平方千米，年平均气温约为20℃，是避暑的好去处。这里拥有众多自然景观，巨树古木、湖光山色，还有瀑布百余个。其中较闻名的当属枫果树瀑布群，落差达350米，很是壮观。景区内还有小妹湖、苗王墓、大里瀑布等景点。游玩吊罗山国家森林公园一般当天去当天回，若是时间来不及，也可在山上的度假村入住一晚。因为风光原始，而且山林之中蚊虫较多，游玩时建议请景区内工作人员陪同，或者与有较多户外经验的驴友一起前往。后山有一条800米的雨林栈道，沿途原始风光无限，走到终点便可看到一棵“神树”，这也是景区内的一个有名景点，据说已有3000年历史。吊罗山较好的游览季节是旱季的11月至次年的3月，这里鲜花竞相盛开，彩蝶飞舞，十分美丽迷人；每年5月底至10月底是雨季，四月是旱季和雨季的相交时段，偶有小雨，山高路滑，不太利于户外运动。,全年 8:00-18:00,https://img1.qunarzz.com/travel/poi/1409/11/7e29fa123d61de32ffffffffc8d65eac.jpg_480x360x95_dac466c1.jpg,4.2,建议游览时间：12小时 - 3天,,35元,,7
海陵珍珠养殖场Hailing Pearl Cultivation Farm,http://travel.qunar.com/p-oi715376-hailingzhenzhuyangzhi,"

地址:
新村镇

",位于陵水县南部新村港，与南湾猴岛隔水相望，是我国有名的珍珠养殖场。该珍珠场以养殖马氏珍珠贝和白蝶珍珠贝，每年都生产出数量可观的名贵珍珠，还曾培养出国内较大的一粒人工养殖珍珠。珍珠场有一座楼房，通过一条长长的石堤伸到海中，远望像一座海上平台。提醒：在珍珠养殖场观光之后能在珍珠商店购到货真价实的海水珍珠首饰。,全天,https://img1.qunarzz.com/travel/poi/1409/11/f07f0bec12515a09ffffffffc8d65eac.jpg_480x360x95_8494cb05.jpg,3.0,建议游览时间：3小时,全年皆宜。海南长夏无冬，终年湿润，无明显季节之分。,具体收费情况以现场公示为主,,7
分界洲岛Boundary Island,http://travel.qunar.com/p-oi703586-fenjiezhoudao,"

地址:
海南省陵水黎族自治县海南环岛东线高速牛岭出口处


电话:
0898-31817733,0898-31817777,0898-83347555,0898-83349222


官网:
http://www.hnfjz.com/

",分界洲岛位于海南省陵水县与万宁市分界处，是个非常美丽的小岛，这里海水清澈干净，沙滩松软细白，自然环境保护得非常好，比起三亚市的几个海滩、海岛，这里拥有更为完整而美丽的海底风光。分界洲岛门票包含往返船票，码头都是用原木搭建起来的，非常有热带风情。船型为快艇，10分钟左右便可到达小岛。下船就是分界洲岛的游客中心。分界洲岛不仅为游客提供潜水、海钓、摩托艇等海洋旅游项目，而且还提供与海豚、海狮、海龟等海洋动物亲密接触的互动项目。另外，还有一艘全潜式海底观光潜水艇，活体珊瑚与珊瑚标本共存的珊瑚区，展示南海海捞瓷文化的海捞瓷区等等众多海洋景观，都可以让游客感受到不同凡响的海洋乐趣。分界洲岛的潜水条件得天独厚，这里的海底除了大量保育良好的活体珊瑚礁群外，还有神秘的古代沉船、七福神像、海底村庄、老旧战斗机和其它多彩的海洋生物等，被国际专业潜水组织认为是“海南最适宜潜水的海岛”之一。国家海岛型5A级旅游景区——分界洲岛，欢迎您的光临！,全年 08:30-22:30,https://tr-osdcp.qunarzz.com/tr-osd-tr-space/img/b7e7b94b3376382abde82669987308a5.jpg_480x360x95_fd698d74.jpg,4.6,建议游览时间：3小时 - 6小时,,"{'分界洲岛旅游区门票+往返船票成人票\n\n': ['¥121.9起'], '分界洲岛旅游区门票+往返船票儿童票\n\n': ['¥66起'], '分界洲岛旅游区门票+往返船票老人票\n\n': ['¥66起']}",,8
清水湾旅游区Qingshui (“Clear Water”) Bay,http://travel.qunar.com/p-oi5808875-qingshuiwanlu:youqu,"

地址:
陵水黎族自治县英州镇清水湾大道雅居乐售楼部沿海50m


电话:
0898-31813158

",清水湾旅游区位于陵水县东部沿海，是一个由雅居乐集团管理的休闲胜地。在这里可将清水、白沙、奇岭、怪石等景色一览无余，奇妙的是，其弧形海岸一半是礁岩，一半是沙滩，同时拥有海南东西两地海岸风光。清水湾旅游区跨越英州、新村两个乡镇，滩涂狭长，海岸线长约12公里，景区东邻南湾猴岛，西有椰田古寨，周边旅游资源也较为丰富。从这里乘坐专线车辆还可方便地前往三亚市区游玩。,全天开放,https://img1.qunarzz.com/travel/d7/1512/18/9b7fae5afba20af7.jpg_480x360x95_0f33ddcb.jpg,4.7,建议游览时间：12小时 - 3天,,入园免费，项目收费,,8
呆呆岛Daidai Island,http://travel.qunar.com/p-oi22945198-daidaidao,"

地址:
海南省陵水县新村镇望海大道1号南湾猴岛售票处


电话:
0898-83360902,0898-83362992

",呆呆岛位于海南省陵水县南约14公里的南湾半岛西南部滨海区域，西与清水湾度假区相邻，南与蜈支洲岛隔海相望。岛上沙滩海岸线全长约5.9公里，是海南岛东海岸线较长、保护较好的沙滩，也是海南十大浪漫景区之一。行走在呆呆岛干净细软的沙滩上，随处可见椰林秋千、泡泡屋、白色小教堂、粉色的小车、沙滩凉亭、废弃的渔船等设施。在这个天蓝水净的地方，伴随翻涌的白色浪花，随便一拍就是自带滤镜的照片，唯美而浪漫，堪称拍照圣地。,全年 08:00-17:20,https://img1.qunarzz.com/piao/fusion/2111/f4/58dee06c2233cc02.jpg_480x360x95_2d437d4f.jpg,4.5,建议游览时间：12小时 - 3天,,"{'呆呆岛+往返轮渡+往返观光车票成人票\n\n': ['¥94起'], '呆呆岛门票(含往返轮渡+往返观光车)票儿童票\n\n': ['¥48起'], '呆呆岛门票(含往返轮渡+往返观光车)票优待票\n\n': ['¥78起']}",,8
椰子岛Coconut Island,http://travel.qunar.com/p-oi712696-yezidao,"

地址:
陵水县椰乡排溪村

",椰子岛位于陵水县城的东部约5公里处，地处陵水河的出口处，是一座面积仅有1平方公里的小岛。椰子岛被碧水环抱，岛上椰林密布，景色自然脱俗，目前为止仍是一处没有开发的原生态岛屿。椰子岛上除了高大的椰子树外，其它植物群落不多，而这里的椰子树几乎棵棵神姿仙态，在岛上很难找到几棵形态相似的椰树。椰子岛虽然很小，但随意在小岛上走走，听听海风掠过树叶的摩挲声，去小沙滩上踏踏海浪，仿佛置身于世外桃源。,全年 全天开放,https://img1.qunarzz.com/travel/poi/1806/f5/b870e345971ae337.jpg_480x360x95_19616ead.jpg,4.2,建议游览时间：1小时 - 2小时,,{'三亚自游者桨板俱乐部【椰子洲岛浆板探秘】\n\n': ['¥438起']},,8
猴岛公园Nanwan Monkey Island,http://travel.qunar.com/p-oi705361-houdaogongyuan,"

地址:
陵水黎族自治县陵水新村镇望海大道1号


电话:
0898-83360902,0898-83362714


官网:
http://www.monkeyisland.com.cn/

",猴岛公园位于海南省陵水县南湾半岛上，三面环海，是我国也是世界上仅有的岛屿型猕猴自然保护区。现居住着千余只猕猴，因此人们称之为“猴岛”。由于景区在半岛上，如果要进入猴岛，可以选择乘观光索道直接抵达景区，或者选择坐船抵达半岛的码头，然后乘坐景区的观光车前往猴岛公园。进入大门，首先看到的将会是猴岛雕塑广场。看到是一只猴子正坐在达尔文的《物种起源》捧着人的头盖骨在思考。这个雕塑可是美国知名的红色资本家哈默博士送给前苏联领导人列宁的礼品雕塑的复制品。观赏完雕塑，来到花果山猕猴游览区。看到由猴队长的带领下高举旗帜可爱猕猴的迎宾仪仗队，还可以看到猕猴的水上乐园——“浴圣池”，游泳池的猴子们或潜水、或游泳、或高楼跳水。在猕猴杂技表演区可以看到充满“人性”的猕猴。在驯化师的带领下，表演各种高难度的杂技。继续前行，有一间猕猴王国拘留所，那是“关押”那些抢劫或者抓伤人后的猕猴，按照规定在这里关押一定的时间。在猕猴演艺场可以观赏一场经典的情景喜剧。,全年 08:00-16:50,https://img1.qunarzz.com/travel/d6/1409/22/f7bc153c5b5300ddffffffffc8d65eac.jpg_480x360x95_e85830ff.jpg,4.3,建议游览时间：3小时 - 5小时,,"{'南湾猴岛门票+往返缆车/轮渡(可选人群)票成人票\n\n': ['¥153.5起'], '南湾猴岛门票+往返缆车/轮渡(可选人群)票儿童票\n\n': ['¥70起'], '猴岛公园门票(含往返缆车/轮渡)+水上运动中心赶海体验1小时成人票\n\n': ['¥190起']}",岛上有天朗度假村，餐饮、住宿、娱乐设施齐全。,8
椰田古寨Yetian Ancient Village,http://travel.qunar.com/p-oi7469335-yetianguzhai,"

地址:
陵水县英州镇英州村椰田古寨景区


电话:
0898-83470995


官网:
http://www.yetianguzhai.com/

",椰田古寨是一个黎族和苗族混合居住的寨子，也是感受黎苗族传统文化的好地方。景区内的建筑既有黎族的金字屋、船形屋和寮房，又有苗族的吊脚楼。而这里的居民更是身体力行地展现着黎苗族的文化习俗。凉棚内有阿婆在织黎锦、粮仓边有阿公在编竹篓。在这里也可以近距离地感受苗蛊文化，尝一尝风味独特的黎苗族美食。这里也有不少展示着手工银饰的阿婆阿妹，银器大多精美，价格则略为昂贵，购买时还需理智选择。黎苗族人能歌善舞，若是三月三来到椰田古寨，这里更会多添一份歌舞洋溢的热情。,7:30-17:30,https://img1.qunarzz.com/travel/d4/1702/ea/e55642fba9cb1ab5.jpg_480x360x95_c022a9bf.jpg,4.1,建议游览时间：2小时 - 4小时,,25元,,8
苏维埃政府旧址,http://travel.qunar.com/p-oi709182-suweiaizhengfujiuzhi,"

地址:
海南省陵水黎族自治县椰林镇中山东路22号


电话:
0898-83317957

",是一个祠堂式的多进式院落，分前、中、后三进建筑，每进建筑之间都有天井分隔。一进为单层，二、三进均为二层楼房，每进建筑之间有天井分隔。木照壁上的鎏金彩绘，门窗棂上的精致雕刻，白墙壁上的浮雕花饰等建筑装潢上都显现中国传统建筑特色。同时还融入欧式抱厦、圆弧顶部、脊饰卷草造型、脊下彩塑双凤设计，券形拱门下四根方柱顶佩以狮饰，门面采用拱券式长柱廊等欧洲巴洛克风格和楼廊密柱式花栏杆非常明显突出，尽显当年琼山商人的奢华之气和建筑的气度不凡。经历了80年风云变幻，...是一个祠堂式的多进式院落，分前、中、后三进建筑，每进建筑之间都有天井分隔。一进为单层，二、三进均为二层楼房，每进建筑之间有天井分隔。木照壁上的鎏金彩绘，门窗棂上的精致雕刻，白墙壁上的浮雕花饰等建筑装潢上都显现中国传统建筑特色。同时还融入欧式抱厦、圆弧顶部、脊饰卷草造型、脊下彩塑双凤设计，券形拱门下四根方柱顶佩以狮饰，门面采用拱券式长柱廊等欧洲巴洛克风格和楼廊密柱式花栏杆非常明显突出，尽显当年琼山商人的奢华之气和建筑的气度不凡。经历了80年风云变幻，陵水县苏维埃政府旧址没有遭到人为的破坏，这座建筑也成为了陵水的标志。,8：00-12：00 15：00-18：00 周一闭馆,https://img1.qunarzz.com/piao/fusion/1501/13/bd3a2746d0aa2f.jpg_480x360x95_745d299c.jpg,4.5,建议游览时间：1小时,,免费开放,,8
香水湾Xiangshui (Perfume) Bay,http://travel.qunar.com/p-oi5940943-xiangshuiwan,"

地址:
陵水黎族自治县光坡镇香水湾高速出口(近港坡村)


电话:
0898-83345160

",香水湾位于海南岛南北气候分界岭——牛岭脚下，陵水县东部。这里因香水岭流来的泉水注入海湾而得名，与万宁市的石梅湾相接，与分界洲岛遥遥相望。如今这里依然保持着原生态的海滨风光，踏入香水湾，首先映入眼帘的是青翠的椰林，再就是漫无尽头的银色沙滩，低处若毯，高处成丘。香水湾较为僻静，沿着海岸线走着，浪花声声声入耳。,全天开放,https://img1.qunarzz.com/travel/d3/1706/7f/62f0cc824716c8b5.jpg_480x360x95_38341de9.jpg,4.5,建议游览时间：2小时,夏季最佳，适合沙滩晒太阳和玩水上项目。,"{'红角岭国际滑翔伞飞行营地滑翔伞单人带飞票成人票\n\n': ['¥870起'], '沙卡冲浪俱乐部（富力湾店）零基础冲浪体验课1v3成人票\n\n': ['¥368起'], '沙卡冲浪俱乐部（富力湾店）一星私教零基础冲浪私教课1v1大小同价\n\n': ['¥868起']}",,8
吊罗山国家森林公园Diaoluo Mountain National Forest Park,http://travel.qunar.com/p-oi711733-diaoluoshanguojiasenlin,"

地址:
海南省陵水黎族自治县(距高速公路陵水开口处21公里)


电话:
0898-83381388

",吊罗山森林公园是海南四大原始森林公园之一，总面积379平方千米，年平均气温约为20℃，是避暑的好去处。这里拥有众多自然景观，巨树古木、湖光山色，还有瀑布百余个。其中较闻名的当属枫果树瀑布群，落差达350米，很是壮观。景区内还有小妹湖、苗王墓、大里瀑布等景点。游玩吊罗山国家森林公园一般当天去当天回，若是时间来不及，也可在山上的度假村入住一晚。因为风光原始，而且山林之中蚊虫较多，游玩时建议请景区内工作人员陪同，或者与有较多户外经验的驴友一起前往。后山有一条800米的雨林栈道，沿途原始风光无限，走到终点便可看到一棵“神树”，这也是景区内的一个有名景点，据说已有3000年历史。吊罗山较好的游览季节是旱季的11月至次年的3月，这里鲜花竞相盛开，彩蝶飞舞，十分美丽迷人；每年5月底至10月底是雨季，四月是旱季和雨季的相交时段，偶有小雨，山高路滑，不太利于户外运动。,全年 8:00-18:00,https://img1.qunarzz.com/travel/poi/1409/11/7e29fa123d61de32ffffffffc8d65eac.jpg_480x360x95_dac466c1.jpg,4.2,建议游览时间：12小时 - 3天,,35元,,8
海陵珍珠养殖场Hailing Pearl Cultivation Farm,http://travel.qunar.com/p-oi715376-hailingzhenzhuyangzhi,"

地址:
新村镇

",位于陵水县南部新村港，与南湾猴岛隔水相望，是我国有名的珍珠养殖场。该珍珠场以养殖马氏珍珠贝和白蝶珍珠贝，每年都生产出数量可观的名贵珍珠，还曾培养出国内较大的一粒人工养殖珍珠。珍珠场有一座楼房，通过一条长长的石堤伸到海中，远望像一座海上平台。提醒：在珍珠养殖场观光之后能在珍珠商店购到货真价实的海水珍珠首饰。,全天,https://img1.qunarzz.com/travel/poi/1409/11/f07f0bec12515a09ffffffffc8d65eac.jpg_480x360x95_8494cb05.jpg,3.0,建议游览时间：3小时,全年皆宜。海南长夏无冬，终年湿润，无明显季节之分。,具体收费情况以现场公示为主,,8
分界洲岛Boundary Island,http://travel.qunar.com/p-oi703586-fenjiezhoudao,"

地址:
海南省陵水黎族自治县海南环岛东线高速牛岭出口处


电话:
0898-31817733,0898-31817777,0898-83347555,0898-83349222


官网:
http://www.hnfjz.com/

",分界洲岛位于海南省陵水县与万宁市分界处，是个非常美丽的小岛，这里海水清澈干净，沙滩松软细白，自然环境保护得非常好，比起三亚市的几个海滩、海岛，这里拥有更为完整而美丽的海底风光。分界洲岛门票包含往返船票，码头都是用原木搭建起来的，非常有热带风情。船型为快艇，10分钟左右便可到达小岛。下船就是分界洲岛的游客中心。分界洲岛不仅为游客提供潜水、海钓、摩托艇等海洋旅游项目，而且还提供与海豚、海狮、海龟等海洋动物亲密接触的互动项目。另外，还有一艘全潜式海底观光潜水艇，活体珊瑚与珊瑚标本共存的珊瑚区，展示南海海捞瓷文化的海捞瓷区等等众多海洋景观，都可以让游客感受到不同凡响的海洋乐趣。分界洲岛的潜水条件得天独厚，这里的海底除了大量保育良好的活体珊瑚礁群外，还有神秘的古代沉船、七福神像、海底村庄、老旧战斗机和其它多彩的海洋生物等，被国际专业潜水组织认为是“海南最适宜潜水的海岛”之一。国家海岛型5A级旅游景区——分界洲岛，欢迎您的光临！,全年 08:30-22:30,https://tr-osdcp.qunarzz.com/tr-osd-tr-space/img/b7e7b94b3376382abde82669987308a5.jpg_480x360x95_fd698d74.jpg,4.6,建议游览时间：3小时 - 6小时,,"{'分界洲岛旅游区门票+往返船票成人票\n\n': ['¥121.9起'], '分界洲岛旅游区门票+往返船票儿童票\n\n': ['¥66起'], '分界洲岛旅游区门票+往返船票老人票\n\n': ['¥66起']}",,9
清水湾旅游区Qingshui (“Clear Water”) Bay,http://travel.qunar.com/p-oi5808875-qingshuiwanlu:youqu,"

地址:
陵水黎族自治县英州镇清水湾大道雅居乐售楼部沿海50m


电话:
0898-31813158

",清水湾旅游区位于陵水县东部沿海，是一个由雅居乐集团管理的休闲胜地。在这里可将清水、白沙、奇岭、怪石等景色一览无余，奇妙的是，其弧形海岸一半是礁岩，一半是沙滩，同时拥有海南东西两地海岸风光。清水湾旅游区跨越英州、新村两个乡镇，滩涂狭长，海岸线长约12公里，景区东邻南湾猴岛，西有椰田古寨，周边旅游资源也较为丰富。从这里乘坐专线车辆还可方便地前往三亚市区游玩。,全天开放,https://img1.qunarzz.com/travel/d7/1512/18/9b7fae5afba20af7.jpg_480x360x95_0f33ddcb.jpg,4.7,建议游览时间：12小时 - 3天,,入园免费，项目收费,,9
呆呆岛Daidai Island,http://travel.qunar.com/p-oi22945198-daidaidao,"

地址:
海南省陵水县新村镇望海大道1号南湾猴岛售票处


电话:
0898-83360902,0898-83362992

",呆呆岛位于海南省陵水县南约14公里的南湾半岛西南部滨海区域，西与清水湾度假区相邻，南与蜈支洲岛隔海相望。岛上沙滩海岸线全长约5.9公里，是海南岛东海岸线较长、保护较好的沙滩，也是海南十大浪漫景区之一。行走在呆呆岛干净细软的沙滩上，随处可见椰林秋千、泡泡屋、白色小教堂、粉色的小车、沙滩凉亭、废弃的渔船等设施。在这个天蓝水净的地方，伴随翻涌的白色浪花，随便一拍就是自带滤镜的照片，唯美而浪漫，堪称拍照圣地。,全年 08:00-17:20,https://img1.qunarzz.com/piao/fusion/2111/f4/58dee06c2233cc02.jpg_480x360x95_2d437d4f.jpg,4.5,建议游览时间：12小时 - 3天,,"{'呆呆岛+往返轮渡+往返观光车票成人票\n\n': ['¥94起'], '呆呆岛门票(含往返轮渡+往返观光车)票儿童票\n\n': ['¥48起'], '呆呆岛门票(含往返轮渡+往返观光车)票优待票\n\n': ['¥78起']}",,9
椰子岛Coconut Island,http://travel.qunar.com/p-oi712696-yezidao,"

地址:
陵水县椰乡排溪村

",椰子岛位于陵水县城的东部约5公里处，地处陵水河的出口处，是一座面积仅有1平方公里的小岛。椰子岛被碧水环抱，岛上椰林密布，景色自然脱俗，目前为止仍是一处没有开发的原生态岛屿。椰子岛上除了高大的椰子树外，其它植物群落不多，而这里的椰子树几乎棵棵神姿仙态，在岛上很难找到几棵形态相似的椰树。椰子岛虽然很小，但随意在小岛上走走，听听海风掠过树叶的摩挲声，去小沙滩上踏踏海浪，仿佛置身于世外桃源。,全年 全天开放,https://img1.qunarzz.com/travel/poi/1806/f5/b870e345971ae337.jpg_480x360x95_19616ead.jpg,4.2,建议游览时间：1小时 - 2小时,,{'三亚自游者桨板俱乐部【椰子洲岛浆板探秘】\n\n': ['¥438起']},,9
猴岛公园Nanwan Monkey Island,http://travel.qunar.com/p-oi705361-houdaogongyuan,"

地址:
陵水黎族自治县陵水新村镇望海大道1号


电话:
0898-83360902,0898-83362714


官网:
http://www.monkeyisland.com.cn/

",猴岛公园位于海南省陵水县南湾半岛上，三面环海，是我国也是世界上仅有的岛屿型猕猴自然保护区。现居住着千余只猕猴，因此人们称之为“猴岛”。由于景区在半岛上，如果要进入猴岛，可以选择乘观光索道直接抵达景区，或者选择坐船抵达半岛的码头，然后乘坐景区的观光车前往猴岛公园。进入大门，首先看到的将会是猴岛雕塑广场。看到是一只猴子正坐在达尔文的《物种起源》捧着人的头盖骨在思考。这个雕塑可是美国知名的红色资本家哈默博士送给前苏联领导人列宁的礼品雕塑的复制品。观赏完雕塑，来到花果山猕猴游览区。看到由猴队长的带领下高举旗帜可爱猕猴的迎宾仪仗队，还可以看到猕猴的水上乐园——“浴圣池”，游泳池的猴子们或潜水、或游泳、或高楼跳水。在猕猴杂技表演区可以看到充满“人性”的猕猴。在驯化师的带领下，表演各种高难度的杂技。继续前行，有一间猕猴王国拘留所，那是“关押”那些抢劫或者抓伤人后的猕猴，按照规定在这里关押一定的时间。在猕猴演艺场可以观赏一场经典的情景喜剧。,全年 08:00-16:50,https://img1.qunarzz.com/travel/d6/1409/22/f7bc153c5b5300ddffffffffc8d65eac.jpg_480x360x95_e85830ff.jpg,4.3,建议游览时间：3小时 - 5小时,,"{'南湾猴岛门票+往返缆车/轮渡(可选人群)票成人票\n\n': ['¥153.5起'], '南湾猴岛门票+往返缆车/轮渡(可选人群)票儿童票\n\n': ['¥70起'], '猴岛公园门票(含往返缆车/轮渡)+水上运动中心赶海体验1小时成人票\n\n': ['¥190起']}",岛上有天朗度假村，餐饮、住宿、娱乐设施齐全。,9
椰田古寨Yetian Ancient Village,http://travel.qunar.com/p-oi7469335-yetianguzhai,"

地址:
陵水县英州镇英州村椰田古寨景区


电话:
0898-83470995


官网:
http://www.yetianguzhai.com/

",椰田古寨是一个黎族和苗族混合居住的寨子，也是感受黎苗族传统文化的好地方。景区内的建筑既有黎族的金字屋、船形屋和寮房，又有苗族的吊脚楼。而这里的居民更是身体力行地展现着黎苗族的文化习俗。凉棚内有阿婆在织黎锦、粮仓边有阿公在编竹篓。在这里也可以近距离地感受苗蛊文化，尝一尝风味独特的黎苗族美食。这里也有不少展示着手工银饰的阿婆阿妹，银器大多精美，价格则略为昂贵，购买时还需理智选择。黎苗族人能歌善舞，若是三月三来到椰田古寨，这里更会多添一份歌舞洋溢的热情。,7:30-17:30,https://img1.qunarzz.com/travel/d4/1702/ea/e55642fba9cb1ab5.jpg_480x360x95_c022a9bf.jpg,4.1,建议游览时间：2小时 - 4小时,,25元,,9
苏维埃政府旧址,http://travel.qunar.com/p-oi709182-suweiaizhengfujiuzhi,"

地址:
海南省陵水黎族自治县椰林镇中山东路22号


电话:
0898-83317957

",是一个祠堂式的多进式院落，分前、中、后三进建筑，每进建筑之间都有天井分隔。一进为单层，二、三进均为二层楼房，每进建筑之间有天井分隔。木照壁上的鎏金彩绘，门窗棂上的精致雕刻，白墙壁上的浮雕花饰等建筑装潢上都显现中国传统建筑特色。同时还融入欧式抱厦、圆弧顶部、脊饰卷草造型、脊下彩塑双凤设计，券形拱门下四根方柱顶佩以狮饰，门面采用拱券式长柱廊等欧洲巴洛克风格和楼廊密柱式花栏杆非常明显突出，尽显当年琼山商人的奢华之气和建筑的气度不凡。经历了80年风云变幻，...是一个祠堂式的多进式院落，分前、中、后三进建筑，每进建筑之间都有天井分隔。一进为单层，二、三进均为二层楼房，每进建筑之间有天井分隔。木照壁上的鎏金彩绘，门窗棂上的精致雕刻，白墙壁上的浮雕花饰等建筑装潢上都显现中国传统建筑特色。同时还融入欧式抱厦、圆弧顶部、脊饰卷草造型、脊下彩塑双凤设计，券形拱门下四根方柱顶佩以狮饰，门面采用拱券式长柱廊等欧洲巴洛克风格和楼廊密柱式花栏杆非常明显突出，尽显当年琼山商人的奢华之气和建筑的气度不凡。经历了80年风云变幻，陵水县苏维埃政府旧址没有遭到人为的破坏，这座建筑也成为了陵水的标志。,8：00-12：00 15：00-18：00 周一闭馆,https://img1.qunarzz.com/piao/fusion/1501/13/bd3a2746d0aa2f.jpg_480x360x95_745d299c.jpg,4.5,建议游览时间：1小时,,免费开放,,9
香水湾Xiangshui (Perfume) Bay,http://travel.qunar.com/p-oi5940943-xiangshuiwan,"

地址:
陵水黎族自治县光坡镇香水湾高速出口(近港坡村)


电话:
0898-83345160

",香水湾位于海南岛南北气候分界岭——牛岭脚下，陵水县东部。这里因香水岭流来的泉水注入海湾而得名，与万宁市的石梅湾相接，与分界洲岛遥遥相望。如今这里依然保持着原生态的海滨风光，踏入香水湾，首先映入眼帘的是青翠的椰林，再就是漫无尽头的银色沙滩，低处若毯，高处成丘。香水湾较为僻静，沿着海岸线走着，浪花声声声入耳。,全天开放,https://img1.qunarzz.com/travel/d3/1706/7f/62f0cc824716c8b5.jpg_480x360x95_38341de9.jpg,4.5,建议游览时间：2小时,夏季最佳，适合沙滩晒太阳和玩水上项目。,"{'红角岭国际滑翔伞飞行营地滑翔伞单人带飞票成人票\n\n': ['¥870起'], '沙卡冲浪俱乐部（富力湾店）零基础冲浪体验课1v3成人票\n\n': ['¥368起'], '沙卡冲浪俱乐部（富力湾店）一星私教零基础冲浪私教课1v1大小同价\n\n': ['¥868起']}",,9
吊罗山国家森林公园Diaoluo Mountain National Forest Park,http://travel.qunar.com/p-oi711733-diaoluoshanguojiasenlin,"

地址:
海南省陵水黎族自治县(距高速公路陵水开口处21公里)


电话:
0898-83381388

",吊罗山森林公园是海南四大原始森林公园之一，总面积379平方千米，年平均气温约为20℃，是避暑的好去处。这里拥有众多自然景观，巨树古木、湖光山色，还有瀑布百余个。其中较闻名的当属枫果树瀑布群，落差达350米，很是壮观。景区内还有小妹湖、苗王墓、大里瀑布等景点。游玩吊罗山国家森林公园一般当天去当天回，若是时间来不及，也可在山上的度假村入住一晚。因为风光原始，而且山林之中蚊虫较多，游玩时建议请景区内工作人员陪同，或者与有较多户外经验的驴友一起前往。后山有一条800米的雨林栈道，沿途原始风光无限，走到终点便可看到一棵“神树”，这也是景区内的一个有名景点，据说已有3000年历史。吊罗山较好的游览季节是旱季的11月至次年的3月，这里鲜花竞相盛开，彩蝶飞舞，十分美丽迷人；每年5月底至10月底是雨季，四月是旱季和雨季的相交时段，偶有小雨，山高路滑，不太利于户外运动。,全年 8:00-18:00,https://img1.qunarzz.com/travel/poi/1409/11/7e29fa123d61de32ffffffffc8d65eac.jpg_480x360x95_dac466c1.jpg,4.2,建议游览时间：12小时 - 3天,,35元,,9
海陵珍珠养殖场Hailing Pearl Cultivation Farm,http://travel.qunar.com/p-oi715376-hailingzhenzhuyangzhi,"

地址:
新村镇

",位于陵水县南部新村港，与南湾猴岛隔水相望，是我国有名的珍珠养殖场。该珍珠场以养殖马氏珍珠贝和白蝶珍珠贝，每年都生产出数量可观的名贵珍珠，还曾培养出国内较大的一粒人工养殖珍珠。珍珠场有一座楼房，通过一条长长的石堤伸到海中，远望像一座海上平台。提醒：在珍珠养殖场观光之后能在珍珠商店购到货真价实的海水珍珠首饰。,全天,https://img1.qunarzz.com/travel/poi/1409/11/f07f0bec12515a09ffffffffc8d65eac.jpg_480x360x95_8494cb05.jpg,3.0,建议游览时间：3小时,全年皆宜。海南长夏无冬，终年湿润，无明显季节之分。,具体收费情况以现场公示为主,,9
分界洲岛Boundary Island,http://travel.qunar.com/p-oi703586-fenjiezhoudao,,,,,,,,,,10
清水湾旅游区Qingshui (“Clear Water”) Bay,http://travel.qunar.com/p-oi5808875-qingshuiwanlu:youqu,"

地址:
陵水黎族自治县英州镇清水湾大道雅居乐售楼部沿海50m


电话:
0898-31813158

",清水湾旅游区位于陵水县东部沿海，是一个由雅居乐集团管理的休闲胜地。在这里可将清水、白沙、奇岭、怪石等景色一览无余，奇妙的是，其弧形海岸一半是礁岩，一半是沙滩，同时拥有海南东西两地海岸风光。清水湾旅游区跨越英州、新村两个乡镇，滩涂狭长，海岸线长约12公里，景区东邻南湾猴岛，西有椰田古寨，周边旅游资源也较为丰富。从这里乘坐专线车辆还可方便地前往三亚市区游玩。,全天开放,https://img1.qunarzz.com/travel/d7/1512/18/9b7fae5afba20af7.jpg_480x360x95_0f33ddcb.jpg,4.7,建议游览时间：12小时 - 3天,,入园免费，项目收费,,10
呆呆岛Daidai Island,http://travel.qunar.com/p-oi22945198-daidaidao,"

地址:
海南省陵水县新村镇望海大道1号南湾猴岛售票处


电话:
0898-83360902,0898-83362992

",呆呆岛位于海南省陵水县南约14公里的南湾半岛西南部滨海区域，西与清水湾度假区相邻，南与蜈支洲岛隔海相望。岛上沙滩海岸线全长约5.9公里，是海南岛东海岸线较长、保护较好的沙滩，也是海南十大浪漫景区之一。行走在呆呆岛干净细软的沙滩上，随处可见椰林秋千、泡泡屋、白色小教堂、粉色的小车、沙滩凉亭、废弃的渔船等设施。在这个天蓝水净的地方，伴随翻涌的白色浪花，随便一拍就是自带滤镜的照片，唯美而浪漫，堪称拍照圣地。,全年 08:00-17:20,https://img1.qunarzz.com/piao/fusion/2111/f4/58dee06c2233cc02.jpg_480x360x95_2d437d4f.jpg,4.5,建议游览时间：12小时 - 3天,,"{'呆呆岛+往返轮渡+往返观光车票成人票\n\n': ['¥94起'], '呆呆岛门票(含往返轮渡+往返观光车)票儿童票\n\n': ['¥48起'], '呆呆岛门票(含往返轮渡+往返观光车)票优待票\n\n': ['¥78起']}",,10
椰子岛Coconut Island,http://travel.qunar.com/p-oi712696-yezidao,"

地址:
陵水县椰乡排溪村

",椰子岛位于陵水县城的东部约5公里处，地处陵水河的出口处，是一座面积仅有1平方公里的小岛。椰子岛被碧水环抱，岛上椰林密布，景色自然脱俗，目前为止仍是一处没有开发的原生态岛屿。椰子岛上除了高大的椰子树外，其它植物群落不多，而这里的椰子树几乎棵棵神姿仙态，在岛上很难找到几棵形态相似的椰树。椰子岛虽然很小，但随意在小岛上走走，听听海风掠过树叶的摩挲声，去小沙滩上踏踏海浪，仿佛置身于世外桃源。,全年 全天开放,https://img1.qunarzz.com/travel/poi/1806/f5/b870e345971ae337.jpg_480x360x95_19616ead.jpg,4.2,建议游览时间：1小时 - 2小时,,{'三亚自游者桨板俱乐部【椰子洲岛浆板探秘】\n\n': ['¥438起']},,10
猴岛公园Nanwan Monkey Island,http://travel.qunar.com/p-oi705361-houdaogongyuan,"

地址:
陵水黎族自治县陵水新村镇望海大道1号


电话:
0898-83360902,0898-83362714


官网:
http://www.monkeyisland.com.cn/

",猴岛公园位于海南省陵水县南湾半岛上，三面环海，是我国也是世界上仅有的岛屿型猕猴自然保护区。现居住着千余只猕猴，因此人们称之为“猴岛”。由于景区在半岛上，如果要进入猴岛，可以选择乘观光索道直接抵达景区，或者选择坐船抵达半岛的码头，然后乘坐景区的观光车前往猴岛公园。进入大门，首先看到的将会是猴岛雕塑广场。看到是一只猴子正坐在达尔文的《物种起源》捧着人的头盖骨在思考。这个雕塑可是美国知名的红色资本家哈默博士送给前苏联领导人列宁的礼品雕塑的复制品。观赏完雕塑，来到花果山猕猴游览区。看到由猴队长的带领下高举旗帜可爱猕猴的迎宾仪仗队，还可以看到猕猴的水上乐园——“浴圣池”，游泳池的猴子们或潜水、或游泳、或高楼跳水。在猕猴杂技表演区可以看到充满“人性”的猕猴。在驯化师的带领下，表演各种高难度的杂技。继续前行，有一间猕猴王国拘留所，那是“关押”那些抢劫或者抓伤人后的猕猴，按照规定在这里关押一定的时间。在猕猴演艺场可以观赏一场经典的情景喜剧。,全年 08:00-16:50,https://img1.qunarzz.com/travel/d6/1409/22/f7bc153c5b5300ddffffffffc8d65eac.jpg_480x360x95_e85830ff.jpg,4.3,建议游览时间：3小时 - 5小时,,"{'南湾猴岛门票+往返缆车/轮渡(可选人群)票成人票\n\n': ['¥153.5起'], '南湾猴岛门票+往返缆车/轮渡(可选人群)票儿童票\n\n': ['¥70起'], '猴岛公园门票(含往返缆车/轮渡)+水上运动中心赶海体验1小时成人票\n\n': ['¥190起']}",岛上有天朗度假村，餐饮、住宿、娱乐设施齐全。,10
椰田古寨Yetian Ancient Village,http://travel.qunar.com/p-oi7469335-yetianguzhai,"

地址:
陵水县英州镇英州村椰田古寨景区


电话:
0898-83470995


官网:
http://www.yetianguzhai.com/

",椰田古寨是一个黎族和苗族混合居住的寨子，也是感受黎苗族传统文化的好地方。景区内的建筑既有黎族的金字屋、船形屋和寮房，又有苗族的吊脚楼。而这里的居民更是身体力行地展现着黎苗族的文化习俗。凉棚内有阿婆在织黎锦、粮仓边有阿公在编竹篓。在这里也可以近距离地感受苗蛊文化，尝一尝风味独特的黎苗族美食。这里也有不少展示着手工银饰的阿婆阿妹，银器大多精美，价格则略为昂贵，购买时还需理智选择。黎苗族人能歌善舞，若是三月三来到椰田古寨，这里更会多添一份歌舞洋溢的热情。,7:30-17:30,https://img1.qunarzz.com/travel/d4/1702/ea/e55642fba9cb1ab5.jpg_480x360x95_c022a9bf.jpg,4.1,建议游览时间：2小时 - 4小时,,25元,,10
苏维埃政府旧址,http://travel.qunar.com/p-oi709182-suweiaizhengfujiuzhi,"

地址:
海南省陵水黎族自治县椰林镇中山东路22号


电话:
0898-83317957

",是一个祠堂式的多进式院落，分前、中、后三进建筑，每进建筑之间都有天井分隔。一进为单层，二、三进均为二层楼房，每进建筑之间有天井分隔。木照壁上的鎏金彩绘，门窗棂上的精致雕刻，白墙壁上的浮雕花饰等建筑装潢上都显现中国传统建筑特色。同时还融入欧式抱厦、圆弧顶部、脊饰卷草造型、脊下彩塑双凤设计，券形拱门下四根方柱顶佩以狮饰，门面采用拱券式长柱廊等欧洲巴洛克风格和楼廊密柱式花栏杆非常明显突出，尽显当年琼山商人的奢华之气和建筑的气度不凡。经历了80年风云变幻，...是一个祠堂式的多进式院落，分前、中、后三进建筑，每进建筑之间都有天井分隔。一进为单层，二、三进均为二层楼房，每进建筑之间有天井分隔。木照壁上的鎏金彩绘，门窗棂上的精致雕刻，白墙壁上的浮雕花饰等建筑装潢上都显现中国传统建筑特色。同时还融入欧式抱厦、圆弧顶部、脊饰卷草造型、脊下彩塑双凤设计，券形拱门下四根方柱顶佩以狮饰，门面采用拱券式长柱廊等欧洲巴洛克风格和楼廊密柱式花栏杆非常明显突出，尽显当年琼山商人的奢华之气和建筑的气度不凡。经历了80年风云变幻，陵水县苏维埃政府旧址没有遭到人为的破坏，这座建筑也成为了陵水的标志。,8：00-12：00 15：00-18：00 周一闭馆,https://img1.qunarzz.com/piao/fusion/1501/13/bd3a2746d0aa2f.jpg_480x360x95_745d299c.jpg,4.5,建议游览时间：1小时,,免费开放,,10
香水湾Xiangshui (Perfume) Bay,http://travel.qunar.com/p-oi5940943-xiangshuiwan,"

地址:
陵水黎族自治县光坡镇香水湾高速出口(近港坡村)


电话:
0898-83345160

",香水湾位于海南岛南北气候分界岭——牛岭脚下，陵水县东部。这里因香水岭流来的泉水注入海湾而得名，与万宁市的石梅湾相接，与分界洲岛遥遥相望。如今这里依然保持着原生态的海滨风光，踏入香水湾，首先映入眼帘的是青翠的椰林，再就是漫无尽头的银色沙滩，低处若毯，高处成丘。香水湾较为僻静，沿着海岸线走着，浪花声声声入耳。,全天开放,https://img1.qunarzz.com/travel/d3/1706/7f/62f0cc824716c8b5.jpg_480x360x95_38341de9.jpg,4.5,建议游览时间：2小时,夏季最佳，适合沙滩晒太阳和玩水上项目。,"{'红角岭国际滑翔伞飞行营地滑翔伞单人带飞票成人票\n\n': ['¥870起'], '沙卡冲浪俱乐部（富力湾店）零基础冲浪体验课1v3成人票\n\n': ['¥368起'], '沙卡冲浪俱乐部（富力湾店）一星私教零基础冲浪私教课1v1大小同价\n\n': ['¥868起']}",,10
吊罗山国家森林公园Diaoluo Mountain National Forest Park,http://travel.qunar.com/p-oi711733-diaoluoshanguojiasenlin,"

地址:
海南省陵水黎族自治县(距高速公路陵水开口处21公里)


电话:
0898-83381388

",吊罗山森林公园是海南四大原始森林公园之一，总面积379平方千米，年平均气温约为20℃，是避暑的好去处。这里拥有众多自然景观，巨树古木、湖光山色，还有瀑布百余个。其中较闻名的当属枫果树瀑布群，落差达350米，很是壮观。景区内还有小妹湖、苗王墓、大里瀑布等景点。游玩吊罗山国家森林公园一般当天去当天回，若是时间来不及，也可在山上的度假村入住一晚。因为风光原始，而且山林之中蚊虫较多，游玩时建议请景区内工作人员陪同，或者与有较多户外经验的驴友一起前往。后山有一条800米的雨林栈道，沿途原始风光无限，走到终点便可看到一棵“神树”，这也是景区内的一个有名景点，据说已有3000年历史。吊罗山较好的游览季节是旱季的11月至次年的3月，这里鲜花竞相盛开，彩蝶飞舞，十分美丽迷人；每年5月底至10月底是雨季，四月是旱季和雨季的相交时段，偶有小雨，山高路滑，不太利于户外运动。,全年 8:00-18:00,https://img1.qunarzz.com/travel/poi/1409/11/7e29fa123d61de32ffffffffc8d65eac.jpg_480x360x95_dac466c1.jpg,4.2,建议游览时间：12小时 - 3天,,35元,,10
海陵珍珠养殖场Hailing Pearl Cultivation Farm,http://travel.qunar.com/p-oi715376-hailingzhenzhuyangzhi,"

地址:
新村镇

",位于陵水县南部新村港，与南湾猴岛隔水相望，是我国有名的珍珠养殖场。该珍珠场以养殖马氏珍珠贝和白蝶珍珠贝，每年都生产出数量可观的名贵珍珠，还曾培养出国内较大的一粒人工养殖珍珠。珍珠场有一座楼房，通过一条长长的石堤伸到海中，远望像一座海上平台。提醒：在珍珠养殖场观光之后能在珍珠商店购到货真价实的海水珍珠首饰。,全天,https://img1.qunarzz.com/travel/poi/1409/11/f07f0bec12515a09ffffffffc8d65eac.jpg_480x360x95_8494cb05.jpg,3.0,建议游览时间：3小时,全年皆宜。海南长夏无冬，终年湿润，无明显季节之分。,具体收费情况以现场公示为主,,10
