名字,链接,地址,介绍,开放时间,图片链接,评分,建议游玩时间,建议季节,门票,小贴士,Page
九一八事变策划地纪念馆918th Shibian Cehuadi Memorial Hall,http://travel.qunar.com/p-oi20978191-jiuyibashibiancehuadi,,九一八事变策划地纪念馆是了解九一八事变发生与策划过程的展馆，是时刻提醒人们勿忘国耻，振兴中华！值得一览！,,https://tr-osdcp.qunarzz.com/tr-osd-tr-manager/img/cbd53e666b0e90783842617f0bbc6988.jpg_480x360x95_474bca21.jpg,4.5,建议游览时间：1小时 - 2小时,,具体收费情况以现场公示为主,,1
核伙沟Hehuogoucun,http://travel.qunar.com/p-oi713797-hehuogou,"

地址:
辽阳市辽阳县寒岭镇境内


电话:
0419-6110001

",核伙沟自然风景区核伙沟位于辽阳县寒岭镇境内，与本溪毗邻。区内有着丰富的动植物资源且无丝毫人为雕琢痕迹，有着丰富的动植物资源和自然景观，梦笔峰、双狮像、清泉、断桥、瀑布、迎客松、姐妹松、鸽子洞等自然美景无一不奇、无一不美，一年四季风光各异，置身其间，让人感受一种原始与古朴的风貌，仿佛是人在画中游。核伙沟风景区总面积7.97平方公里，有火龙沟、西大沟、花溪沟三个景区，山势险峻，峰陡坡急。景区内动植物资源丰富，山色风光优美。每年都有许多画家和美术爱好者在这里写生作画，有“十里画廊”的美誉。,全年 全天开放,https://img1.qunarzz.com/piao/fusion/1510/3f/1960d30d0b0221f7.jpg_480x360x95_f7945104.jpg,3.9,建议游览时间：4小时 - 5小时,,10元,,1
广佑寺Guangyou Temple,http://travel.qunar.com/p-oi3762376-guangyousi,"

地址:
辽阳市白塔区中华大街60号


电话:
0419-2890666

",广佑寺始建于汉代，是佛教传入中国后较早出现的寺院之一，鼎盛于明清。广佑寺景区内的中华广场上耸立着一个巨大的青石牌坊，五门六柱，气派非凡。寺内的供奉的释迦牟尼佛像是目前世界有名的木质鎏金坐像。广佑寺气势恢宏，雄伟壮观。山门前的青石牌坊宽34米，高16米，五门六柱，形体高大，雕刻精细，是中国石牌坊中的杰作。山门两侧各有一铜塑，左为车马出行，取材于两汉时期墓葬壁画的车马出行图，作品以辽东官员乘舆疾行的生动场面，形象地展示了古襄平独领东北一隅的汉魏之风。右为驾鹤升仙，取材于民间传说。,全年 08:00-17:00,https://img1.qunarzz.com/travel/poi/1408/26/e58c4f362541baa3ffffffffc8d65eac.jpg_480x360x95_4f080236.jpg,4.6,建议游览时间：1小时 - 2小时,,{'广佑寺电子讲解服务大小同价\n\n': ['¥9起']},,1
白塔公园Baita Park,http://travel.qunar.com/p-oi707842-baitagongyuan,,,,,,,,,,1
东京陵Dongjing Ling,http://travel.qunar.com/p-oi712375-dongjingling,"

地址:
辽阳市文圣区东京陵乡东京陵村

",东京陵位于辽阳市太子河区东京陵乡东京陵村，为省级文物保护单位。东京陵曾在清朝先祖建业辽沈期间一度为王室的祖陵，在清朝政权发展史上具有十分重要的意义。清太祖努尔哈赤迁都辽阳后，于后金天命九年（1624年）将其祖父、弟、子等十余人的陵墓由赫图阿拉迁至东京城东北4华里的阳鲁山上，成为后金祖陵，故称“东京陵”。清顺治十一年（1654年），努尔哈赤祖父辈的陵墓迁回故土赫图阿拉城的清永陵。东京陵现存努尔哈赤胞弟舒尔哈齐、长子褚英、庶母弟穆尔哈齐及其子达尔差等人的四座陵园。陵园内有缭墙、山门、碑亭等建筑。碑亭保存完好，建于舒尔哈齐墓前，是四券单檐歇山式建筑，内有彩绘藻井，亭中立有大理石《庄达尔汉把兔鲁亲王碑》，用汉、满两种文字刊刻，字迹清晰，雕刻精美。,暂时停业，具体营业时间详见景区公示。原开放时间为：8:00-18:00。,https://tr-osdcp.qunarzz.com/tr-osd-tr-mapi/img/d3fd1d756772255760e216b78aca9b19.jpg_480x360x95_9afe0879.jpg,4.5,建议游览时间：1小时,,暂时停业，具体营业时间详见景区公示。原门市价10元。,,1
冷热地公园Cold and Hot Land Park (East Gate),http://travel.qunar.com/p-oi708753-lengredigongyuan,"

地址:
辽阳市弓长岭区华表路姑嫂城村


电话:
0419-5607797

",公园位于辽阳市弓长岭区安平乡姑嫂城村，地处白砬子山脚下，这里寒冬野草抽芽发绿，盛夏寒气袭人、滴水结冰。这一奇特地段东西长约500米、上下宽约20米，山体都是白色的风化石。盛夏酷暑，人们站在上面，顿觉凉气上涌，呆10多分钟后就凉得受不了，像在冰窖里一样；而到寒冷的冬天，这里又变得温暖异常，地上从不积雪，洞穴石缝中往外透出微微的热气，小草鹅黄嫩绿。,全年 7:00-18:00,https://flight-feed.qunarzz.com/as3/180/image/poi_vishnu/35057b21-9283-4ff5-a926-d260bcffe6ec.jpg,4.5,建议游览时间：1小时,,具体收费情况以现场公示为主,,1
龙峰山Liaoyang Longfengshan Scenic Area,http://travel.qunar.com/p-oi722459-longfengshan,"

地址:
辽阳市辽阳县下达河乡境内


电话:
0419-6100958

",龙峰山位于辽阳市辽阳县下达河乡境内，距辽阳市区约35公里，在千山风景区和汤河水库风景区之间，为国家3A级旅游景区。山上有龙峰寺。龙峰山又名金刚山，峰峦叠嶂，奇特险峻，山下九龙河碧水环绕，蜿蜒曲折。山上的自然景观有龙头峰、大金刚峰、二金刚峰、金蟾迎旭、犀龟望月、卧狮峰、人头峰、白云洞、一线天、迎客松、九龙河、龙潭垂柳、老君塘、老君柜石等，统称为金刚山28景。新近又开发了山下水上游乐项目，并新修了道路和停车场。,8:00-17:00,https://mp-commentcp.qunarzz.com/mp_comment_mp_comment/1562441024659100j16000000ywvvm4655_D_640_10000.jpg_480x360x95_80d2f3e5.jpg,4.5,建议游览时间：3小时 - 4小时,,{'龙峰山门票成人票\n\n': ['¥18起']},,1
辽阳博物馆Liaoyang Museum,http://travel.qunar.com/p-oi706431-liaoyangbowuguan,"

地址:
辽阳市文圣区中心路2号


电话:
0419-3716823,0419-3716888

",辽阳市博物馆位于辽阳市文圣区中路2号，博物馆于1985年10月1日正式对外开放。用31间房屋、面积450平方米，布置5个展室。作为辽阳简史基本陈列。从馆藏文物4000余件中选出300余件充实陈列内容。从新石器时代至明清时 期的精品，以出土文物为主，也有传世文物。突出了更新世梅氏犀牛化石、春秋战国青铜器、西汉村落出土文物、古墓壁画。,11/1-3/31 周二-周日 09:00-16:30;4/1-10/31 周二-周日 09:00-17:00;全年 周一 全天不开放,https://img1.qunarzz.com/piao/fusion/1905/75/34382e2449ee3102.jpg_480x360x95_ce52812a.jpg,4.7,建议游览时间：1小时 - 2小时,,具体收费情况以现场公示为主,,1
曹雪芹纪念馆Cao Xueqin Memorial Hall (South Gate),http://travel.qunar.com/p-oi708079-caoxueqinjinianguan,"

地址:
辽阳市文圣区武圣路武圣路卧狮胡同2号


电话:
0419-3610879

",曹雪芹纪念馆位于辽阳市卧狮胡同2号，是在清代建筑吴公馆的基础上建立的，为市级文物保护单位。曹雪芹纪念馆为二进四合院，有硬山瓦房21间，院内有曹雪芹塑像。纪念馆内各展室收藏和展出曹家相关的历史档案、曹雪芹祖父曹寅诗作、曹氏家谱、清宫档案等一系列文献资料。此外，还陈列有多版本的《红楼梦》以及以《红楼梦》为内容的全国名家书画等。整个陈列馆为清代建筑，每个展室皆有楹联，前门有出名红学专家冯其庸题写的“曹雪芹纪念馆”金字牌匾。,全年 周二-周日 9:00-15:30,https://img1.qunarzz.com/piao/fusion/1601/ac/d2675ddfd6e271f7.jpg_480x360x95_71ed3d94.jpg,4.5,建议游览时间：1小时,,具体收费情况以现场公示为主,,1
瓦子沟,http://travel.qunar.com/p-oi711306-wazigou,"

地址:
辽宁省辽阳弓长岭区瓦子沟旅游风景区

",瓦子沟农家风情旅游区创建于2001年5月，由辽阳市人民政府计划经济委员会批准建立。旅游区地处弓长岭区西南，汤河水库中游，距市区30公里，占地面积10平方公里。瓦子沟农家风情旅游区由果园观赏采摘区、农家小院食宿区、水库观光垂钩区和民俗风情园区四个部分组成；有鹰咀砬、玄武洞、城墙砬、水库等自然景观和天池、蓄水池、拦河坝、休闲广场、果园、农家院等人文景观供游人游览。,全天,,--,,,15元,,1
清风寺Qingfengsi,http://travel.qunar.com/p-oi709953-qingfengsi,"

地址:
辽阳市辽阳县首山乡马伊屯村

",清风寺历史上曾有“辽南第一寺”的美称。清风寺有山门、正殿、后殿、配殿、僧房共22间。山门墙壁上嵌有清咸丰七年立的石碑。正殿仍保留明代歇山式作法，是省内现存明代殿宇建筑的典型代表。正殿后有白松一株，为国内罕见。经过重修，保持基本完好，为我市重点古建筑之一。建筑面积3418平方米，原有殿房34间，三层殿，山门、正殿、配殿、僧房、钟鼓楼、碑匾、塔院俱全。其中正殿仍保存明代歇山式建筑结构，1988年被列为省级文物保护单位。,全年 8:00-18:30,https://tr-osdcp.qunarzz.com/tr-osd-tr-mapi/img/102f821b719ec02b1c0843528ae2d064.jpg_480x360x95_2b8837eb.jpg,4.9,建议游览时间：1小时,,5元,,2
参窝水库Canwo Reservoir,http://travel.qunar.com/p-oi703297-canwoshuiku,"

地址:
弓长岭区安平乡南沙村东


电话:
+86 419 313 9999

",参窝水库位于辽阳市弓长岭区安平乡街道南沙村，地处辽阳县、灯塔县和弓长岭区交界处的太子河干流上，是辽宁省大型水库之一。参窝水库建成于1973年，距辽阳市区40公里。参窝水库大坝宏伟壮观，水面浩渺无际，自然景观优美，四季景观各异。参窝水库风景区内设有山门区、服务区、登山区、望海泉寺、综合游乐区、太子河游览区、一担山景区等。,8：00—18：00,https://flight-feed.qunarzz.com/as3/180/image/poi_vishnu/de0bb2f4-96ad-48e9-8d96-1053e7ed8f0b.jpg,4.0,建议游览时间：1小时,,具体收费情况以现场公示为主,,2
龙鼎山风景区Longding Mountain,http://travel.qunar.com/p-oi713227-longdingshanfengjingqu,"

地址:
辽阳市宏伟区东环路39号


电话:
0419-5165330

",龙顶山山青水秀、松海涛涛。龙顶山有南北两座主峰，面对面地遥遥相望着，在两座主峰间有几百射的开阔平坦的草地。龙顶山风景区内现建有长15里的环山路，以及小型会议厅、娱乐厅等设施。山上建有“钟古楼”，楼内悬挂一口古钟。在龙顶山山顶建有一个八角重檐亭，拾级而上，在亭中可远眺辽阳市区。龙顶山上有烽火台遗址，在遗址基础上，修筑了一段260米长的古长城以及烽火台。龙顶山麓的低洼处筑坝截水，形成了湖，名为“东山湖”，湖中放养鱼苗，可供游人垂钓。,全年 09:00-18:00,https://tr-osdcp.qunarzz.com/tr-osd-tr-mapi/img/bb69a207600683b45a4707c2b6ba721a.jpg_480x360x95_87859c93.jpg,4.8,建议游览时间：3小时,,具体收费情况以现场公示为主,,2
云漾汤泉生活,http://travel.qunar.com/p-oi39634118-yunyangtangquanshenghuo,,云漾汤泉生活营业面积6000余平米，是集洗浴、餐饮、汗蒸、休闲书吧、休闲娱乐、豪华客房、SPA套房、豪华室外温泉、按摩养生保健为一体的豪华商务洗浴广场，我们拥有核心的管理理念和晋升机制，将为你提供广阔的发展空间。功能区域分布：一楼：总台、鞋部、男宾、女宾；二楼：按摩房间8间、豪华客房1间、SPA套房2间、客房14间、休闲大厅床位22；三楼：书吧、电玩、水吧、茶艺、室外温泉；负一：豪华餐包2间、散台16、茶艺、汗蒸房2间（盐玉房、艾草房）、更衣室。 ,,,0.0,,,,,2
太子岛天鹅湖,http://travel.qunar.com/p-oi39627437-taizidaotianehu,,,,,0.0,,,,,2
天桥沟,http://travel.qunar.com/p-oi39564282-tianqiaogou,,,,,0.0,,,,,2
前杜新村,http://travel.qunar.com/p-oi39175836-qianduxincun,,,,,--,,,,,2
辽阳市图书馆,http://travel.qunar.com/p-oi38876663-liaoyangshitushuguan,,,,,0.0,,,具体收费情况以景区现场公示为主,,2
汤河风景区,http://travel.qunar.com/p-oi38806273-tanghefengjingqu,,,,,--,,,具体收费情况以现场公示为主,,2
辽阳美术馆,http://travel.qunar.com/p-oi38689206-liaoyangmeishuguan,,,,,--,,,具体收费情况以现场公示为主,,2
宏伟青年湖公园,http://travel.qunar.com/p-oi38617994-hongweiqingnianhugong,,,,,0.0,,,具体收费情况以现场公示为主,,3
彭家公馆,http://travel.qunar.com/p-oi38335759-pengjiagongguan,,,,,--,,,具体收费情况以现场公示为主,,3
关帝园,http://travel.qunar.com/p-oi37806720-guandiyuan,,,,,0.0,,,,,3
辽峰小镇,http://travel.qunar.com/p-oi37806279-liaofengxiaozhen,,,,,0.0,,,具体收费情况以现场公示为主,,3
太子河公园,http://travel.qunar.com/p-oi36300152-taizihegongyuan,,太子河公园位于辽阳市白塔区，集旅游观光、休闲娱乐、科学教育等功能于一体的旅游景观带。其内建有运动广场、防洪纪念塔广场、栈桥、码头、水上看台等景点，环境优美、莺飞草长、鱼翔浅底，是人们休闲遛弯的好去处。,,,--,建议游览时间：2小时 - 3小时,,具体收费情况以现场公示为主,,3
河东广场,http://travel.qunar.com/p-oi36244907-hedongguangchang,,河东广场又叫襄平广场，每到傍晚时分便陆续聚集不少人，在这里遛弯、跳广场舞等，还有喷泉点缀其中，非常热闹。,,,5.0,建议游览时间：1小时,,,,3
辽阳冮官窑博物馆,http://travel.qunar.com/p-oi36235377-liaoyanggangguanyaobo,,辽阳冮官窑博物馆位于辽阳市文圣区，是一座以单一窑口为主题的博物馆。馆内收集和展示了各个品类的冮官窑文物，主要以酱釉、黑釉和白釉为主。,,,4.3,建议游览时间：1小时 - 2小时,,具体收费情况以现场公示为主,,3
关帝庙,http://travel.qunar.com/p-oi36230958-guandimiao,,该庙宇俗称老爷庙，在辽阳老城西门外，是一座历史悠久、建筑规模宏大的建筑群，座北朝南青砖围墙，建有影壁、牌楼、山门、戏楼、旗杆、武成门、武成殿、伏魔殿、三代殿、钟鼓楼等建筑。,,,5.0,建议游览时间：1小时 - 2小时,,具体收费情况以现场公示为主,,3
文庙广场,http://travel.qunar.com/p-oi36225628-wenmiaoguangchang,,辽阳文庙始建于明洪武十五年间，布局严谨，照壁、棂星门、泮池、戟门、大成殿、启圣祠等，现已改建为文庙广场，中心为重修的孔子雕像，并成了有教育意义的市民休闲娱乐广场。,,,4.0,建议游览时间：0.5小时 - 1小时,,具体收费情况以现场公示为主,,3
魁星楼,http://travel.qunar.com/p-oi36225598-kuixinglou,,辽阳魁星楼通高约40米分上下两层，因城起基往上又起石台三层，周边围以石栏，上建八角层楼，楼外立有八根朱漆木柱支撑梁枋飞椽，上挂清末民初文人题联。门内中央立有魁星像，单足立于鳌顶，寓为独占鳌头。楼内设有一匾题有独占鳌头四字，与魁星形象互相呼应！魁星像头顶为北斗七星图，与魁星身份互相呼应！魁星像左手执印，右手高撑握笔，名为点状元！,,,5.0,建议游览时间：0.5小时 - 1小时,,具体收费情况以现场公示为主,,3
汤河水库Tanghe Reservoir,http://travel.qunar.com/p-oi35847492-tangheshuiku,,汤河水库是东南山区的蓄水建筑和旅游景点。整个水库处于群山围绕之地，山青水净，很是优美。同时也是垂钓爱好者的钓鱼场所之一。,,,5.0,建议游览时间：1小时 - 3小时,,具体收费情况以现场公示为主,,4
辽阳龙石风景区Liaoyang Longshi Scenic Area,http://travel.qunar.com/p-oi35832825-liaoyanglongshifengjing,,辽阳龙石风景区位于辽阳市宏伟区，由龙鼎山景区和石洞沟景区两部分组成，占地面积约20余平方公里，森林覆盖率达90%，林木苍翠，环境优雅，是辽宁省内少有的“生态氧吧”和“城市绿岛”。,,,5.0,建议游览时间：2小时 - 3小时,,具体收费情况以现场公示为主,,4
辽阳柳豪湿地公园Liaoyangliuhao Wetland Park,http://travel.qunar.com/p-oi35832188-liaoyangliuhaoshidigong,,柳豪湿地公园因着气候宜人的原因，园内有各种珍稀动物多达数百种。景色也极其优美。是人们旅游休闲的好去处。,,,--,建议游览时间：2小时 - 3小时,,,,4
上王家村月季花卉基地Shangwangjia Village Rose Flower Base,http://travel.qunar.com/p-oi35558669-shangwangjiacunyuejihua,,,,,--,,,具体收费情况以现场公示为主,,4
"太子河区观音阁Guanyin Pavilion, Taizihe District",http://travel.qunar.com/p-oi35474273-taizihequguanyinge,,,,,4.5,,,具体收费情况以现场公示为主,,4
首山现代农业示范区,http://travel.qunar.com/p-oi35441895-shoushanxiandainongye,,首山农业示范区规划面积16平方公里，涉及首山、兴隆两个乡镇，耕地面积3万亩。示范区分核心区、拓展区两期建设。一期核心区占地2600亩，以总投资4亿元的中农富通“农业嘉年华”为引爆点，围绕“都市农业和科技农业”的主题，致力于打造国家农业科技公园。二期拓展区建设农业物流集聚区、农业综合服务区、娱乐餐饮住宿休闲度假区，重点推进一二三产业充分融合，初步拟定建设大型农产品交易市场、高标准农业综合服务大厅、农产品检测中心和农业技术培训职教中心。,,,--,,,,,4
红沟沿Honggouyan Village,http://travel.qunar.com/p-oi35386242-honggouyan,,,,,--,,,具体收费情况以现场公示为主,,4
宏大公墓,http://travel.qunar.com/p-oi35384068-hongdagongmu,,,,,--,,,具体收费情况以现场公示为主,,4
西偏岭,http://travel.qunar.com/p-oi35288165-xipianling,,,,,--,,,具体收费情况以现场公示为主,,4
龙鼎山风景区Longding Mountain Sceneic Area,http://travel.qunar.com/p-oi35214478-longdingshanfengjingqu,"

地址:
工农街道东环路39号


电话:
0419-5165330

",龙顶山是一座山青水秀、松海涛涛，是个处处充满着故事的地方。龙顶山有南北两座主峰，面对面地遥遥相望着，在两座主峰间有几百射的开阔平坦的草地。龙顶山风景区内现建有长15里的环山路，以及小型会议厅、娱乐厅等设施。山上建有“钟古楼”，楼内悬挂一口古钟。在龙顶山较高峰建有一个八角重檐亭，拾级而上，在亭中可远眺辽阳市区。龙顶山上有烽火台遗址，在遗址基础上，修建了一段260米长的古长城以及烽火台。龙顶山麓的低洼处筑坝截水，形成的人工湖，名为“东山湖”，湖中放养鱼苗，可供游人垂钓。,全年 09:00-18:00,,4.8,建议游览时间：12小时 - 3天,,,,4
满铁图书馆旧址Mantie Library Site,http://travel.qunar.com/p-oi34770088-mantietushuguanjiuzhi,,,,,0.0,,,具体收费情况以现场公示为主,,5
辽阳动物园Longding Mountain Zoo,http://travel.qunar.com/p-oi28710286-liaoyangdongwuyuan,"

地址:
辽阳市宏伟区龙石风景旅游区南园区域内


电话:
0419-5560679

",辽阳龙鼎山动物园位于辽阳市宏伟区龙石风景旅游区南园区域内，有鸟类动物园、旅游观光车服务、儿童乐园。,4/1-10/31(旺季) 08:30-18:00;11/1-3/31(淡季) 08:30-16:30,https://tr-osdcp.qunarzz.com/tr-osd-tr-manager/img/11e953e0e6fa59339c17bdfa6e07ef20.jpg_480x360x95_3846e320.jpg,4.5,建议游览时间：2小时 - 3小时,,"{'龙鼎山动物园门票成人票\n\n': ['¥25起'], '龙鼎山动物园门票家庭票(2大1小)\n\n': ['¥69起'], '龙鼎山动物园门票亲子票(1大1小)\n\n': ['¥45起']}",,5
峨嵋林场,http://travel.qunar.com/p-oi26959619-emeilinchang,,,,,--,,,,,5
本溪矿柱林总场辽阳林场,http://travel.qunar.com/p-oi26635065-benxikuangzhulinzongchang,,,,,--,,,,,5
辽阳风味小吃街Liaoyang FengWei XiaoChi Jie,http://travel.qunar.com/p-oi24439663-liaoyangfengweixiaochi,,,,,--,,,具体收费情况以现场公示为主,,5
辽阳繁荣街FanRong Jie,http://travel.qunar.com/p-oi24437968-liaoyangfanrongjie,,,,,--,,,具体收费情况以现场公示为主,,5
辽阳西大街Xi DaJie,http://travel.qunar.com/p-oi24437964-liaoyangxidajie,,,,,--,,,具体收费情况以现场公示为主,,5
首山步行街ShouShan BuXingJie,http://travel.qunar.com/p-oi24437954-shoushanbuxingjie,,,,,--,,,具体收费情况以现场公示为主,,5
曙光路步行街ShuGuang Lu BuXingJie,http://travel.qunar.com/p-oi24437949-shuguanglubuxingjie,,,,,--,,,具体收费情况以现场公示为主,,5
光华步行街GuangHua BuXingJie,http://travel.qunar.com/p-oi24437943-guanghuabuxingjie,,,,,--,,,具体收费情况以现场公示为主,,5
辽阳鸡鸣寺Liaoyang Jiming Temple,http://travel.qunar.com/p-oi24407048-liaoyangjimingsi,"

地址:
辽宁省辽阳县河栏镇鸡鸣寺村

",,全年 8:00-17:30,,--,,,具体收费情况以现场公示为主,,6
辽阳民俗博物馆,http://travel.qunar.com/p-oi24388065-liaoyangminsubowuguan,"

地址:
辽阳市白塔区中心路2号

",辽阳民俗博物馆是一座规模较大的四合院民宅建筑，是以收藏、展示辽阳地区民俗文物及文化为主的博物馆。该馆内设有民间服饰展、民俗器具展、满族民居展、商贸民俗展等，很有历史风貌。,周一至周日 09:00-17:00,https://tr-osdcp.qunarzz.com/tr-osd-tr-manager/img/044a486e6cdcee41ae54248395d16cf7.jpg_480x360x95_e9e406ce.jpg,0.0,,,免费,,6
圆通禅院Yuantong Buddhist Temple,http://travel.qunar.com/p-oi23351573-yuantongshanyuan,"

地址:
辽阳市白塔区和平路15号白塔公园内

",禅院占地面积大，环境清幽。大殿为五开间歇山单檐式仿古建筑，宏伟气魄。殿内有千手千眼观音坐像栩栩如生，是信徒朝拜和辽阳的重要旅游地之一。,全年 全天开放,,4.6,建议游览时间：1小时 - 2小时,,具体收费情况以现场公示为主,,6
褚英墓Tomb of Chu Ying,http://travel.qunar.com/p-oi23343601-chuyingmu,,,,,--,,,具体收费情况以现场公示为主,,6
舒尔哈齐墓Tomb of Shuerhaqi,http://travel.qunar.com/p-oi23343600-shuerhaqimu,,,,,--,,,具体收费情况以现场公示为主,,6
九龙宫Jiulong Gong （Southwest Gate）,http://travel.qunar.com/p-oi20964539-jiulonggong,"

地址:
辽阳市弓长岭区朴南路

",九龙宫位于华表崖壁下，景观十分壮美，是一座道观。,全年 8:00-18:00,https://img1.qunarzz.com/travel/poi/1807/44/e78fa924af088c37.jpg_480x360x95_407120b9.jpg,--,建议游览时间：1小时 - 2小时,,具体收费情况以现场公示为主,,6
青风寺Qingfeng Temple,http://travel.qunar.com/p-oi19978031-qingfengsi,,青风寺地处地首山镇内，青石青砖的建筑设计幽静且庄严。寺内殿窗掩映钟磬悠扬，雕梁画栋古朴浑厚，善男信女络绎不绝。,,https://tr-osdcp.qunarzz.com/tr-osd-tr-manager/img/c142ee489981ced79562bcd33eb0a6ec.jpg_480x360x95_51a5fb3a.jpg,0.0,建议游览时间：1小时 - 2小时,,具体收费情况以现场公示为主,,6
辽阳文圣区龙凤寺Liaoyang Wenshengqu Longfeng Temple,http://travel.qunar.com/p-oi19975930-liaoyangwenshengqulong,,辽阳文圣区龙凤寺始建于唐代，坐北朝南，依山傍水，建筑面积达上万平方米。寺内有大雄宝殿、三圣殿、龙佛殿、护法殿等建筑，恢弘大气。,,,--,建议游览时间：1小时 - 2小时,,具体收费情况以现场公示为主,,6
辽阳站广场Liaoyangzhan Square,http://travel.qunar.com/p-oi19970868-liaoyangzhanguangchang,,,,https://tr-osdcp.qunarzz.com/tr-osd-tr-manager/img/2ca75a723512d7827ec75eb0531b57a4.jpg_480x360x95_e11d2dd7.jpg,4.1,,,具体收费情况以现场公示为主,,6
兆麟广场Zhaolin Square,http://travel.qunar.com/p-oi19968465-zhaolinguangchang,,,,,--,,,具体收费情况以现场公示为主,,6
望水台村文化活动广场Wangshuitaicun Wenhua Huodong Square,http://travel.qunar.com/p-oi19968464-wangshuitaicunwenhuahuo,,,,,--,,,具体收费情况以现场公示为主,,7
宏伟广场Hongwei Square,http://travel.qunar.com/p-oi19968451-hongweiguangchang,,,,,--,,,具体收费情况以现场公示为主,,7
小赵台村民委员会文化广场Xiaozhaotai Cunmin Weiyuanhui Culture Square,http://travel.qunar.com/p-oi19968448-xiaozhaotaicunminweiyuan,,,,,--,,,,,7
清宁寺Qingning Temple,http://travel.qunar.com/p-oi19968032-qingningsi,,,,,--,,,具体收费情况以现场公示为主,,7
辽阳市基督教协会Liaoyangshi Christ Church,http://travel.qunar.com/p-oi19968019-liaoyangshijidujiaoxie,,,,,--,,,具体收费情况以现场公示为主,,7
团山公园Tuanshan Park (East Gate),http://travel.qunar.com/p-oi19968018-tuanshangongyuan,,,,,0.0,,,,,7
辽阳市宏伟区光华基督教会Liaoyangshi Hongweiqu Guanghua Christ Church,http://travel.qunar.com/p-oi19968017-liaoyangshihongweiquguang,,,,,,,,,,7
白塔区公园社区卫生服物站,http://travel.qunar.com/p-oi19967989-baitaqugongyuanshequwei,,,,,--,,,,,7
应真寺Yingzhen Temple,http://travel.qunar.com/p-oi19967986-yingzhensi,,,,,--,,,具体收费情况以现场公示为主,,7
辽阳汉魏壁画馆Liaoyang Museum of  Han and Wei Murals,http://travel.qunar.com/p-oi19967985-liaoyanghanweibihuaguan,"

地址:
辽阳老城内东四道街中心路2号

",辽阳汉魏壁画馆位于辽阳博物馆东侧，这里收藏有壁画拓片以及壁画墓出土文物，逼真的还原了两座壁画墓，展现了古代人的富足生活。,全年 周二-周日 09:00-16:00,https://tr-osdcp.qunarzz.com/tr-osd-tr-manager/img/f9468c0b15faf288f5b5d63cbd9b208a.jpg_480x360x95_2577638f.jpg,4.8,建议游览时间：1小时 - 2小时,,具体收费情况以现场公示为主,,7
万邦宣教教会Wanbangxuan Church,http://travel.qunar.com/p-oi19967959-wanbangxuanjiaojiaohui,,,,,--,,,具体收费情况以现场公示为主,,8
塔湾塔Tawan Tower,http://travel.qunar.com/p-oi19967922-tawanta,,,,,--,,,具体收费情况以现场公示为主,,8
老伙计足球俱乐部,http://travel.qunar.com/p-oi19537286-laohuojizuqiujulebu,,,,,--,,,,,8
3D画展,http://travel.qunar.com/p-oi19513062-3dhuazhan,,,,,--,,,,,8
中共辽阳市艺术馆总支部委员会,http://travel.qunar.com/p-oi19510830-zhonggongliaoyangshiyi,,,,,--,,,,,8
中邑冰酒,http://travel.qunar.com/p-oi19510722-zhongyibingjiu,,,,,--,,,,,8
政协书画院,http://travel.qunar.com/p-oi19510444-zhengxieshuhuayuan,,,,,--,,,,,8
汇香坊香薰图书馆,http://travel.qunar.com/p-oi19506508-huixiangfangxiangxuntu,,,,,--,,,,,8
辽阳市公路规划设计院工会委员会,http://travel.qunar.com/p-oi19504903-liaoyangshigongluguihua,,,,,--,,,,,8
李兆麟古居纪念馆Lizhaolin Guju Memorial Hall,http://travel.qunar.com/p-oi19504054-lizhaolingujujinianguan,,,,,0.0,,,具体收费情况以现场公示为主,,8
图书馆会计培训中心,http://travel.qunar.com/p-oi19476937-tushuguanhuijipeixunzhong,"

地址:
西四道街


电话:
0419-3235968,0419-8854868

",,周一至周日 09:00-18:00,,--,,,,,9
庆化技术图书馆Qinghuajishu Library,http://travel.qunar.com/p-oi19473983-qinghuajishutushuguan,,,,,--,,,具体收费情况以现场公示为主,,9
科学技术馆,http://travel.qunar.com/p-oi19473393-kexuejishuguan,,,,,--,,,,,9
天增福书画苑,http://travel.qunar.com/p-oi19469465-tianzengfushuhuayuan,,,,,--,,,,,9
辽阳市宏伟区图书馆Liaohua Library,http://travel.qunar.com/p-oi19468826-liaoyangshihongweiqutu,,,,,--,,,具体收费情况以现场公示为主,,9
少年儿童图书馆Liaoyang Juvenile Children Library,http://travel.qunar.com/p-oi19467128-shaonianertongtushuguan,,,,,--,,,具体收费情况以现场公示为主,,9
东方特色生态园Oriental Characteristic Ecological Garden,http://travel.qunar.com/p-oi19467104-dongfangteseshengtaiyuan,,,,,--,,,具体收费情况以现场公示为主,,9
辽阳县图书馆Liaoyang Library,http://travel.qunar.com/p-oi19466946-liaoyangxiantushuguan,,,,,--,,,具体收费情况以现场公示为主,,9
灯塔市图书馆Dengta Library,http://travel.qunar.com/p-oi19466911-dengtashitushuguan,,灯塔市图书馆是管理灯塔市书刊资料和电子文献资源的场所。,,,0.0,建议游览时间：2小时,,,,9
辽宁信息职业技术学院图书馆Liaoning Information Vocational Technical College Library,http://travel.qunar.com/p-oi19466886-liaoningxinxizhiyejishu,,,,,0.0,,,具体收费情况以现场公示为主,,9
石化公司档案馆,http://travel.qunar.com/p-oi19464373-shihuagongsidanganguan,,,,,--,,,,,10
雷锋纪念馆Leifeng Memorial Hall,http://travel.qunar.com/p-oi19463850-leifengjinianguan,,雷锋纪念馆位于辽阳，馆内有塑像、图片和实物等，该馆是当地重要的爱国主义教育基地。,,,0.0,建议游览时间：1小时 - 2小时,,具体收费情况以现场公示为主,,10
凯临圣汇生态园Kailinshenghui Ecological Park,http://travel.qunar.com/p-oi19463836-kailinshenghuishengtai,,,,,--,,,具体收费情况以现场公示为主,,10
国防教育展览馆,http://travel.qunar.com/p-oi19463584-guofangjiaoyuzhanlanguan,,,,,--,,,,,10
王尔烈纪念馆Wang'erlie Memorial Hall,http://travel.qunar.com/p-oi18716243-wangerliejinianguan,,"王尔烈纪念馆位于辽阳老城西门里翰林府胡同，今属白塔区翰林委。它是清嘉庆皇帝赐建的府第。这座翰林府第在建筑布局上，不同于封建时代那种对称封闭式官宦人家的公馆，府第并不大，东西两院，房屋20余间。西院为住宅，东院为书房、花园。门朝南开，门上有马石、影壁，一间小门楼，外挂""太史第""，内挂""传胪""两匾，蓝地金字，由大学士王杰题写。门里一趟5间前厅，房脊左右斜插""钢刹寿""，表示为官显赫。第二趟5间后堂，是祭拜祖宗之所，堂里收藏王尔烈画像和谱书，王尔烈七十和其母九十大寿两架寿屏，在夹壁墙里收藏，作为王氏世代传家之宝。现在，两架寿屏，珍藏在辽阳博物馆。",,https://tr-osdcp.qunarzz.com/tr-osd-tr-manager/img/a71a789a9447717eaef4eb47a5ef8511.jpg_480x360x95_15ab4d3d.jpg,4.6,建议游览时间：1小时 - 2小时,,具体收费情况以现场公示为主,,10
通明山Tongming Mountain,http://travel.qunar.com/p-oi18716185-tongmingshan,"

地址:
辽阳市辽阳县八会镇

",通明山位于辽阳县下八会乡，是千山九百九十九朵莲花峰里的一朵，南端第一峰，海拔标高770.4米，山体面积8平方公里，植被率90%。山上青松荫荫蔽蔽，岩石瑰诡，崖壁峭峻，是出于大自然造化意表。崖边涧畔，葛萝蔓引，苔藓斑剥，野花草药，不可指数。四周山麓，连片的南果梨树，绿铺一般。五月初旬，梨花盛开，一片雪海，点缀在青山茂林之间；八月，梨子成熟，黄中泛红，满树陆离，时时有香气袭人。一峰凌空起黛，斗绝矗立于万仞之巅。远处望去，怪伟披离，青峦翠（山献），云气蒙蒙，岩岫在明灭有无中。峰巅的北顶，有一狭长石洞孔，山下望之，纵约4米左右，豁然峰峦间，透露一线青天。当夕照时，日光由此通过，斜射到山中的寺庙上，晶光夺目，别有一种明丽的景象。据上过此山的人说，洞孔可以通过车马。俗传为唐将薛仁贵一箭射穿的。有一首民谣：“首山扶一把，鞍山上了马。千山射一箭，一箭射到南海岸。”传闻未免怪诞。但人们并不在意它的真实与虚假，却据此叫这山作窟窿山。后来，又改称为通明山。,全年 6:00-18:00,https://tr-osdcp.qunarzz.com/tr-osd-tr-manager/img/21e7a885196037d3856bbad5937ff133.jpg_480x360x95_247be3be.jpg,4.7,建议游览时间：12小时 - 3天,,具体收费情况以现场公示为主,,10
天井公园Tianjing Park,http://travel.qunar.com/p-oi18716120-tianjinggongyuan,,天井公园就是辽化人的天然大氧吧。天井公园深33米，呈南北略长，东西略窄面积约1.5平方公里左右的火山形洼地。这里树木参天，灌木丛生，青草连片。天井东北角，一池绿水一遇小亭点缀其中，宛如盆景，青翠欲滴，自然天成。天井公园不仅是辽化天然大氧吧，还是一处惟妙惟肖的天然大盆景。,,https://img1.qunarzz.com/travel/poi/1803/80/d7ab70fd38a76337.jpg_480x360x95_8a649e2b.jpg,4.5,建议游览时间：3小时,,,,10
首山公园Shoushan Park,http://travel.qunar.com/p-oi18715840-shoushangongyuan,,首山公园满山都种着槐树，每当春天来临，槐树花开得漫山遍野，白白的一片，很是漂亮，不时可以闻到阵阵花香。沿着山势修建了几条攀沿而上的小马路，夜晚常有很多人沿路而上锻炼身体。那里空气清新，是个休闲煅炼的好去处。,,https://img1.qunarzz.com/travel/poi/1803/2e/9f6f3b593736b437.jpg_480x360x95_aeb69886.jpg,4.9,建议游览时间：2小时 - 3小时,,具体收费情况以现场公示为主,,10
白塔青年湖公园Liaoning Qingnianhu Park,http://travel.qunar.com/p-oi18714800-baitaqingnianhugongyuan,"

地址:
曙光路11号


电话:
3133602

",青年湖公园位于辽阳市中心繁华区，是集游艺、娱乐、休闲于一体的现代化主题公园，是辽阳广佑寺景区的一个园区。园区内湖面约4.2公顷，绿地面积约16.7公顷，园路面积约1公顷，总占地约约21.7公顷，呈平坦地势。,全年 全天开放,,4.8,建议游览时间：2小时 - 3小时,,具体收费情况以现场公示为主,,10
辽阳壁画墓群Liaoyang Painted Tombs,http://travel.qunar.com/p-oi18714799-liaoyangbihuamuqun,,辽阳汉壁画墓群位于辽宁省辽阳市北部的棒台子、三道壕、北园一带。 墓群于二十世纪初发现，是东汉末年和汉魏之际的石室壁画墓，墓主都是当时割据辽东的公孙氏政权的显贵。五十年代，辽宁省博物馆等单位组织对墓群进行发掘，清理了几座墓葬。墓全部以石板构筑而成。大型墓由前室、后室、回廊、左右耳室和数目不等的回廊中的小室组成，全墓的平面略呈方形，长宽大都在7米左右。小型墓由前、后室和左、右耳室组成，长宽一般在4～5米左右。各墓的随葬品早年已被盗掘一空。墓内的壁画直接绘于墓室的石壁上，内容以表现墓主经历和生活的题材为主，分布的情况和规律是：墓门的两侧是门卒和门犬；前室多绘场面巨大的百戏和乐舞；后室和回廊绘有墓主的车骑出行图；后回廊一般绘乐舞百戏、门阙、宅院以及属吏；耳室和小室则绘墓主的宴饮和庖厨图；各室的顶部绘有流云纹图。壁画构图严谨，形象生动，色彩鲜艳，是了解当时辽东地区贵族豪门的经济、文化、生活等方面的珍贵实物材料。,,https://tr-osdcp.qunarzz.com/tr-osd-tr-manager/img/fa1c7560b370ce927b22e1082bcceb84.jpg_480x360x95_0565f504.jpg,4.6,建议游览时间：1小时 - 2小时,,具体收费情况以现场公示为主,,10
