名字,链接,地址,介绍,开放时间,图片链接,评分,建议游玩时间,建议季节,门票,小贴士,Page
迤沙拉村Yishala Village,http://travel.qunar.com/p-oi23344843-yishalacun,,,,,,,,,,1
新山梯田,http://travel.qunar.com/p-oi9644327-xinshantitian,,新山梯田位于米易新山傈僳族乡，梯田的面积中等，由于附近的山体比较陡峭，所以形成了独特的梯田风景。,,https://img1.qunarzz.com/travel/d6/1705/88/4c78dd162ba3bfb5.jpg_480x360x95_6f8e68b9.jpg,5.0,,,,,1
红格镇,http://travel.qunar.com/p-oi702150-honggezhen,,红格景区位于攀枝花市区东南部，距市区38公里，总面积174平方公里。景区内风光秀丽，加之居住着白、彝、傣、普米、回等少数民族，丰富多彩的民族风情给整个景区格外增色。红格温泉疗养区，距市中心38公里。红格温泉水温达摄氏58度，水质优良，对皮肤病有疗效；日流量达270吨，可供近1000人浴用。温泉周围群山环抱，绿树成荫，周围芭蕉树成林，每当紫金花盛开，构成了一派南亚热带的风光。翠泉别墅疗养中心，能同时供100人疗养。热带植物场游览区，距中心35公里，场内有热带水果芒果、...红格景区位于攀枝花市区东南部，距市区38公里，总面积174平方公里。景区内风光秀丽，加之居住着白、彝、傣、普米、回等少数民族，丰富多彩的民族风情给整个景区格外增色。红格温泉疗养区，距市中心38公里。红格温泉水温达摄氏58度，水质优良，对皮肤病有疗效；日流量达270吨，可供近1000人浴用。温泉周围群山环抱，绿树成荫，周围芭蕉树成林，每当紫金花盛开，构成了一派南亚热带的风光。翠泉别墅疗养中心，能同时供100人疗养。热带植物场游览区，距中心35公里，场内有热带水果芒果、荔枝、油茶、菠萝、柑桔等，瓜果成丰，林木苍郁，景色古朴自然。,,,4.5,,,20元,,1
金沙江大峡谷,http://travel.qunar.com/p-oi38590133-jinshajiangdaxiagu,,金沙江大峡谷途经巧家、昭阳、永善、绥江等地，以民族文化和水电文明为特色，具有幽、秀、奇等特点，两岸沟壑纵横，峡谷内水流湍急。,,,5.0,建议游览时间：3小时,,,,1
大黑山森林公园Daheishan Forest Park,http://travel.qunar.com/p-oi714752-daheishansenlingongyuan,,,,,,,,,,1
望月楼,http://travel.qunar.com/p-oi706196-wangyuelou,"

地址:
攀枝花市米易挂榜乡

",从成昆铁路路经米易挂榜乡，凭窗西望，万绿从中，一座红色亭阁亭亭玉立，它便是攀枝花市的省级文件保护单位望月楼。望月楼以木构榫结，四方形底层及上两层六方形楼阁，六角攒尖顶有机连结，承托得四平八稳。虽经二百年风雨和道光三年、十年、十三年三次大地震而保存至今。十分难得。作为早期的清真寺建筑，它既具有宗教文物性质，又因其设计独特，构思巧妙，一楼多用，为省内清真建筑所少有，因此又具有古建筑的艺术文物价值。,全天,,1.0,,,10元,,1
苏铁自然保护区,http://travel.qunar.com/p-oi705985-sutieziranbaohuqu,"

地址:
云南个旧市、蒙自县交界处

",主要保护对象是攀枝花苏铁这一珍稀濒危植物及其生态环境。攀枝花苏铁是1971年发现的苏铁新种，1981年才正式定名，1984年被列入我国第一批珍稀濒危保护植物名录，攀枝花苏铁对于研究我国横断山脉植物区系的发生和发展，以及古生物、古生态、古气候、古地质、古地理和种子植物的起源和演化都具有十分重要的地位。本区地处川滇两省交界处，气候属南亚热带气候类型，区内分布有目前世界上面积最大、株数最多、分布最集中的野生苏铁林，共有攀枝苏铁约23万株。,7:00～18:30,,--,,,20元,,1
青龙洞,http://travel.qunar.com/p-oi708473-qinglongdong,"

地址:
攀枝花市盐边县江西乡苍蒲村的青龙山下


电话:
0812-3551373

",一个神奇的地下溶洞――青龙洞，象一座奇异非凡的地下宫殿，隐没在盐边县江西乡苍蒲村的青龙山下。在青龙洞附近，便有几股终年常流不断的地下水。其中有一股桶口粗细 的泉水，被引人环山水渠．人们谓之“龙泉圣水”。在洞内，至今还隐约可见岩溶形成的“龙”体，有头有尾，有影有甲，那就是青龙。据当地老乡说，这个洞可通云南省华坪县永兴乡。有一年，当地有七个大胆的人自告奋勇去探洞，在洞中整整走了七天七夜也没有走出洞口。青龙洞洞中异景纷呈，一个个奇特的碧水清潭，与干奇 ...一个神奇的地下溶洞――青龙洞，象一座奇异非凡的地下宫殿，隐没在盐边县江西乡苍蒲村的青龙山下。在青龙洞附近，便有几股终年常流不断的地下水。其中有一股桶口粗细 的泉水，被引人环山水渠．人们谓之“龙泉圣水”。在洞内，至今还隐约可见岩溶形成的“龙”体，有头有尾，有影有甲，那就是青龙。据当地老乡说，这个洞可通云南省华坪县永兴乡。有一年，当地有七个大胆的人自告奋勇去探洞，在洞中整整走了七天七夜也没有走出洞口。青龙洞洞中异景纷呈，一个个奇特的碧水清潭，与干奇 百怪的石林交相辉映，简直可以与“西子湖”、“天池”媲美！“莲花塘”、“江中石林”，“青龙戏水”、“鸳鸯闹塘”。一根根鳞次秸比的大小玉雕石柱，有的好似“定海神针”，有的宛若“龙头拐杖”；这里刚刚演完舞剧，宽大的帷幕才拉拢一半那里的“群蟹渡江”、“龟兔 赛跑”已闹得正欢还有“坐地罗汉”、“群罗拜佛”“七仙女下凡”―一真是数不胜数． 最令人叹为观止的是瑶池仙境，它是一座布满钟乳石的宽阔大厅。,8：00—17：30,,--,,,30元,,1
二滩国家森林公园Er'tan National Forest Park,http://travel.qunar.com/p-oi715150-ertanguojiasenlingong,"

地址:
攀枝花市盐边县中环南路11号


电话:
0812-8656002

",二滩国家森林公园地处成都-峨眉山-西昌-昆明这条旅游热线上，既有美丽的自然风光，如高山、峡谷、湖泊、森林，也有壮观的人工建筑，二滩水电站。景区内为高山峡谷地貌，交通不是很方便，建议自驾出游。一路上，山峦重叠，峡谷幽深，绿荫密布，还可以找到珍稀的野生动物。这里是摄影师钟爱的取景地，也是休闲度假的好地方。,全年 全天开放,https://tr-osdcp.qunarzz.com/tr-osd-tr-manager/img/d8f6509738342cb6c1ead657aec1f432.jpg_480x360x95_f1458a43.jpg,4.4,建议游览时间：3小时 - 4小时,,10元,,1
颛顼龙洞旅游景区Longtan Cave,http://travel.qunar.com/p-oi714613-zhuanxulongdonglu:you,"

地址:
攀枝花市米易县白马镇龙塘村


电话:
0812-8140888,0812-8139231

",颛顼龙洞旅游景区位于攀枝花米易县白马镇，景区内山清水秀，崖壁如画。这里既可以欣赏大自然的鬼斧神工，又可登山锻炼身体，夏天来这避暑也是一个不错的选择。在溶洞内可以看到千姿百态的钟乳石，奇特的造型再配上灯光的点缀，煞是好看。洞内空气的含氧量较高，可尽情呼吸新鲜空气。洞内分布着大大小小的瀑布，气势磅礴，1000米的洞中大于15米落差的水瀑布有6个，实属罕见，建议驻足欣赏。,全年 8:30-17:00,https://img1.qunarzz.com/travel/d3/1706/33/f4595e8140c62db5.jpg_480x360x95_da42ac92.jpg,4.3,建议游览时间：2小时 - 3小时,,"{'颛顼龙洞旅游景区门票成人票\n\n': ['¥50起'], '颛顼龙洞旅游景区门票优待票\n\n': ['¥25起']}",,1
马兰山公园,http://travel.qunar.com/p-oi38930535-malanshangongyuan,,,,,--,,,,,3
易园,http://travel.qunar.com/p-oi38797981-yiyuan,,,,,5.0,,,具体收费情况以现场公示为主,,3
昔格达村,http://travel.qunar.com/p-oi38674610-xigedacun,,,,,0.0,,,具体收费情况以现场公示为主,,3
玉佛寺,http://travel.qunar.com/p-oi38340919-yufosi,,,,,0.0,,,具体收费情况以现场公示为主,,3
仁和公园,http://travel.qunar.com/p-oi38337008-renhegongyuan,,仁和公园 位于仁和区，总占地面积约22.77公顷，绿化率高达百分之七十多。公园以原有杨树林为基础进行建设，将具有顺义地方特色的“村名”、“潮白河”等元素融入公园设施建设，形成了独具特色的人文景观。,,,5.0,建议游览时间：2小时,,,,3
河滨公园,http://travel.qunar.com/p-oi38336523-hebingongyuan,,,,,--,,,具体收费情况以现场公示为主,,3
二滩风景区,http://travel.qunar.com/p-oi38035255-ertanfengjingqu,,,,,--,,,具体收费情况以现场公示为主,,3
太阳湖公园,http://travel.qunar.com/p-oi38034707-taiyanghugongyuan,,"太阳湖公园位于盐边，公园景色秀丽、空气清新，园内设有植物科普区、湿地体验区和综合活动区，还有骑行环线，是户外运动爱好者的理想去处。
",,,5.0,建议游览时间：2小时 - 3小时,,具体收费情况以现场公示为主,,3
风都花海,http://travel.qunar.com/p-oi38034669-fengdouhuahai,,,,,--,,,具体收费情况以现场公示为主,,3
湖岛风景区,http://travel.qunar.com/p-oi38034581-hudaofengjingqu,,,,,--,,,具体收费情况以现场公示为主,,3
龙爪山森林公园,http://travel.qunar.com/p-oi37807100-longzhuashansenlingong,,"龙爪山森林公园位于米易，公园内建有山脊景观廊、登山步道和景观亭，这里还种植了很多植物，如木蝴蝶、清香木、云南松和黄花风铃木等。
",,,--,建议游览时间：3小时 - 4小时,,具体收费情况以现场公示为主,,4
新山梯田,http://travel.qunar.com/p-oi37805981-xinshantitian,,,,,5.0,,,具体收费情况以现场公示为主,,4
清真寺,http://travel.qunar.com/p-oi36280263-qingzhensi,,整个建筑在主体上采用了中国传统建筑的形态，全寺采用单进四合院布局，主入口在南面轴线上，这里矗立着一座一底二楼三重檐六角形攒尖木质楼阁，名为“望月楼”，也称“邦克楼”。,,,4.0,建议游览时间：1小时 - 2小时,,具体收费情况以现场公示为主,,4
马坎森林公园Makan Forest Park,http://travel.qunar.com/p-oi35877342-makansenlingongyuan,,,,,--,,,具体收费情况以现场公示为主,,4
茨达营林队,http://travel.qunar.com/p-oi35474464-cidayinglindui,,,,,--,,,具体收费情况以现场公示为主,,4
倒林箐Daolinqing Village,http://travel.qunar.com/p-oi35474346-daolinqing,,,,,--,,,具体收费情况以现场公示为主,,4
黄草回族村Huangcao Hui Village,http://travel.qunar.com/p-oi35474255-huangcaohuizucun,,,,,--,,,具体收费情况以现场公示为主,,4
达陇村Dalong Village,http://travel.qunar.com/p-oi35474242-dalongcun,,,,,--,,,具体收费情况以现场公示为主,,4
烂坝田Lanbatian Natural Village,http://travel.qunar.com/p-oi35474189-lanbatian,,,,,--,,,具体收费情况以现场公示为主,,4
黑风垭Heifengya Village,http://travel.qunar.com/p-oi35388140-heifengya,,,,,--,,,具体收费情况以现场公示为主,,4
他的么Tademe Village,http://travel.qunar.com/p-oi35386313-tademe,,,,,--,,,具体收费情况以现场公示为主,,5
攀枝花公园动物园Zoo,http://travel.qunar.com/p-oi35214623-panzhihuagongyuandong,,攀枝花公园动物园内有爬行动物馆、熊猫馆、猴山、羊驼骆驼场、猛兽馆等区域，可分区观看。,,,4.7,建议游览时间：2小时 - 3小时,,具体收费情况以现场公示为主,,5
永仁方山诸葛营村风景旅游区Yongren Fangshan Zhugeyingcun Tourist Scenic Spot,http://travel.qunar.com/p-oi35213399-yongrenfangshanzhugeying,,位于方山之巅，是一个避暑胜地，因为诸葛亮曾在方山安营留驻建村而得名。,,,--,建议游览时间：1小时 - 2小时,,具体收费情况以现场公示为主,,5
渔门岛Yumen Island,http://travel.qunar.com/p-oi35213396-yumendao,,,,,--,,,具体收费情况以现场公示为主,,5
"二滩水电站观景台Observation Deck, Ertan Hydropower Station",http://travel.qunar.com/p-oi35213238-ertanshuidianzhanguan,,这里是典型的金沙江河谷地貌，电站建成后留下了大量的旅游景点供游人参观游览。乘船在水库上游览，景色十分优美。,,,4.7,建议游览时间：1小时 - 2小时,,具体收费情况以现场公示为主,,5
攀枝花开发建设纪念馆Panzhihua Kaifa Jianshe Memorial Hall,http://travel.qunar.com/p-oi34272660-panzhihuakaifajianshe,"

地址:
攀枝花市东区大渡口北街2号


电话:
0812-2230303

",攀枝花开发建设纪念馆的展厅面积约有四百平方米，里面的藏品很丰富，有照片和雕塑等，通过这些展品，人们更好地了解攀枝花“三线”建设的历史进程。,全年 周二-周日 9:00-17:00,,0.0,建议游览时间：1小时 - 2小时,,,,5
大田会议纪念馆Datianhuiyi Memorial Hall,http://travel.qunar.com/p-oi34269748-datianhuiyijinianguan,"

地址:
攀枝花市仁和区大田镇

",,全年 周二-周日 9:00-17:00,,0.0,,,,,5
苏铁自然保护区Sutie Nature Reserve,http://travel.qunar.com/p-oi27338807-sutieziranbaohuqu,"

地址:
四川省攀枝花市西区巴关河地区

",,全年 8:00-18:00,,--,,,具体收费情况以现场公示为主,,5
保安营森林公园,http://travel.qunar.com/p-oi26658163-baoanyingsenlingongyuan,,,,,--,,,,,5
攀西阳光蜀红酒庄葡萄园,http://travel.qunar.com/p-oi26648182-panxiyangguangshuhong,,,,,--,,,,,5
仁和区宝灵街步行街RenHeQu BaoLing Jie BuXingJie,http://travel.qunar.com/p-oi24441193-renhequbaolingjiebuxing,,步行街位于宝灵街与攀枝花大道南段交叉口西50米，是休闲购物的好去处。,,https://tr-osdcp.qunarzz.com/tr-osd-tr-manager/img/904e018ddfda27786468a770e0b281c7.gif_480x360x95_5a0774e9.gif,4.4,建议游览时间：3小时,,,,6
清香坪步行街QingXiangPing BuXingJie,http://travel.qunar.com/p-oi24440418-qingxiangpingbuxingjie,,,,,--,,,具体收费情况以现场公示为主,,6
炳草岗商业步行街BingCaoGang ShangYe BuXingJie,http://travel.qunar.com/p-oi24440400-bingcaogangshangyebuxing,,,,,--,,,具体收费情况以现场公示为主,,6
渔门镇Yumen Townlet,http://travel.qunar.com/p-oi24412275-yumenzhen,"

地址:
四川省攀枝花市盐边县南街33号

",,全年 全天开放,,5.0,建议游览时间：12小时 - 3天,,具体收费情况以现场公示为主,,6
望月楼 Wangyue TowerWangyue Tower,http://travel.qunar.com/p-oi24412181-wangyuelou_wangyue_to,,望月楼位于四川省攀枝花市米易县，始建于清朝康熙年间，是我国的清真寺的早期建筑之一。望月楼具有浓重的傣族文化特色，造型独特。,,,5.0,建议游览时间：1小时 - 2小时,,具体收费情况以现场公示为主,,6
长冲箐森林公园Changchongqing Forest Park,http://travel.qunar.com/p-oi24410583-zhangchongqingsenlingong,,,,,--,,,具体收费情况以现场公示为主,,6
雅砻江Yalong River,http://travel.qunar.com/p-oi23343825-yalongjiang,,雅砻江又名若水、打冲江、小金沙江，藏语称尼雅曲，意为多鱼之水。发源于青海省巴颜喀拉山南麓，流域地跨藏、汉、彝为主的多民族地区。流域内水量丰沛湍急，落差集中，水能蕴藏量大。,,https://flight-feed.qunarzz.com/as3/180/image/poi_vishnu/2cfda0e2-0319-45ab-9b42-20291529b557.jpg,4.0,建议游览时间：3小时,,,,6
箐河瀑布Qinghe Waterfall,http://travel.qunar.com/p-oi23343593-qinghepubu,,,,,,,,,,6
岩神山Yanshen Mountain,http://travel.qunar.com/p-oi23342725-yanshenshan,,岩神山位于攀枝花市仁和镇，又名普陀岩，因山形像尊弥勒坐像而得名，海拔一千多米，有岩峰叠翠、云霞雾霭、日出夕照、神莲异彩等自然景观。,,,--,建议游览时间：2小时 - 4小时,,具体收费情况以现场公示为主,,6
迤沙拉Yishala Village,http://travel.qunar.com/p-oi23342723-yishala,"

地址:
四川省攀枝花市仁和区平地镇东南端

",迤沙拉是四川省较大的少数民族聚居村，该村历史上是古南丝绸之路拉乍古渡的一个驿站，具有独特的理泼民俗文化和建筑文化。,全年 全天开放,,4.3,建议游览时间：12小时 - 3天,,,,6
攀西葡萄沟Panxi Grape Valley,http://travel.qunar.com/p-oi23342720-panxiputaogou,,,,,5.0,,,具体收费情况以现场公示为主,,7
兰家火山Lanjiahuo Mountain,http://travel.qunar.com/p-oi23342717-lanjiahuoshan,,在攀枝花兰家火山、尖山，有一座国内规模较大的现代化的天然钒钛磁铁矿采矿场。它场面宏大，气势磅礴，每日成于上万吨矿石从这里运走，因此名闻遐迩。成了人们争相一睹的胜景。要俯瞰宏伟的采矿壮景及攀枝花矿山全貌，较佳视点便是登上海拔1620米的兰家火山山顶．在一个叫“垭口”的地方驻足而观。,,,--,,,具体收费情况以现场公示为主,,7
中心广场Center Square,http://travel.qunar.com/p-oi23342033-zhongxinguangchang,,,,,4.0,,,,,7
海塔风景区Haita Scenic Resort,http://travel.qunar.com/p-oi20919293-haitafengjingqu,"

地址:
攀枝花市米易县撒莲镇海塔村


电话:
+86 831 498 0888

",海塔风景区是由月儿海与六角白塔组成，四周山峦叠嶂，溪清谷幽，月儿海与六角白塔两者交相辉映，相辅相成，“海塔”因此得名。,全年 8:30-19:30,,0.0,建议游览时间：2小时 - 3小时,,具体收费情况以现场公示为主,,7
一线天Yixiantian Gap Road,http://travel.qunar.com/p-oi20898042-yixiantian,,一线天位于乐山市沙湾区，长约1.5公里，高约30米，宽处约7-8米，窄处只有2.5米左右。两山裂谷长如刀削斧劈，深达两百余米极为险峻，谷中一小溪流过，溪水清澈见底，谷内寒凉适合夏天游玩。,,https://tr-osdcp.qunarzz.com/tr-osd-tr-manager/img/4bc661303ab908336a775b31e49dbbf0.jpg_480x360x95_6ac813f0.jpg,0.0,建议游览时间：2小时 - 3小时,,具体收费情况以现场公示为主,,7
何家坝史前遗址Hejiaba Prehistorical Site,http://travel.qunar.com/p-oi19976783-hejiabashiqianyizhi,,,,,--,,,具体收费情况以现场公示为主,,7
米易县基督教永生堂Miyi Christian Yongsheng Hall,http://travel.qunar.com/p-oi19976776-miyixianjidujiaoyongsheng,,,,,5.0,,,具体收费情况以现场公示为主,,7
三圣殿Sansheng Palace,http://travel.qunar.com/p-oi19976762-sanshengdian,,,,,--,,,具体收费情况以现场公示为主,,7
天王殿Hall of Heavenly Kings,http://travel.qunar.com/p-oi19976760-tianwangdian,,,,,--,,,具体收费情况以现场公示为主,,7
西区基督教堂West Area Christian Church,http://travel.qunar.com/p-oi19976594-xiqujidujiaotang,,,,,--,,,具体收费情况以现场公示为主,,7
渡江公园Dujiang Park,http://travel.qunar.com/p-oi19976428-dujianggongyuan,,,,,--,,,具体收费情况以现场公示为主,,8
西昌航天皮衣店,http://travel.qunar.com/p-oi19974471-xichanghangtianpiyidian,,,,,--,,,,,8
凤凰广场Fenghuang Square,http://travel.qunar.com/p-oi19970757-fenghuangguangchang,,,,,--,,,具体收费情况以现场公示为主,,8
建设者广场Jianshezhe Square,http://travel.qunar.com/p-oi19970754-jianshezheguangchang,,,,,--,,,具体收费情况以现场公示为主,,8
新星园休闲小广场Xinxingyuan Xiuxian Xiao Square,http://travel.qunar.com/p-oi19970751-xinxingyuanxiuxianxiao,,,,,--,,,,,8
格里坪漂流广场Geliping Drifting Square,http://travel.qunar.com/p-oi19970749-gelipingpiaoliuguangchang,,,,,--,,,具体收费情况以现场公示为主,,8
百灵寺Bailing Temple,http://travel.qunar.com/p-oi19969735-bailingsi,, 百灵寺位于攀枝花市桐子林镇，寺内建筑恢弘大气，佛像庄严肃穆，环境清净无比，是修养灵性的好地方，更是这片富饶之地上一颗闪亮的攀西明珠。,,,0.0,建议游览时间：1小时 - 2小时,,具体收费情况以现场公示为主,,8
东区凤凰花公园Eastern Phoenix Flower Park,http://travel.qunar.com/p-oi19969722-dongqufenghuanghuagong,,东区凤凰花公园是一个赏花的好去处，一到季节漫山遍野的凤凰花，红成一片，十分漂亮。,,https://tr-osdcp.qunarzz.com/tr-osd-tr-manager/img/d9505b3136d078577fb78aaf14e314ec.jpg_480x360x95_331afef2.jpg,4.0,建议游览时间：2小时 - 3小时,,具体收费情况以现场公示为主,,8
观音崖寺Guanyinya Temple,http://travel.qunar.com/p-oi19969714-guanyinyasi,,观音崖寺位于四川省攀枝花市，这里面积不是很大，但很安静，风景优美。海拔有1600米，也是夏天避暑的好地方。,,,--,建议游览时间：1小时 - 2小时,,具体收费情况以现场公示为主,,8
老街吞之呼,http://travel.qunar.com/p-oi19967706-laojietunzhihu,,,,,--,,,,,8
平凡人家啤酒广场NO.51,http://travel.qunar.com/p-oi19967697-pingfanrenjiapijiuguang,,,,,--,,,,,9
攀枝花市图书馆,http://travel.qunar.com/p-oi19534873-panzhihuashitushuguan,,,,,--,,,,,9
鑫非凉冰淇淋批发部,http://travel.qunar.com/p-oi19521153-xinfeiliangbingqilinpi,,,,,--,,,,,9
骑骊骐益智游乐,http://travel.qunar.com/p-oi19516512-qiliqiyizhiyoule,,,,,--,,,,,9
天乐宝贝儿童乐园,http://travel.qunar.com/p-oi19507376-tianlebaobeiertongleyuan,,,,,--,,,,,9
卡奇乐儿童乐园,http://travel.qunar.com/p-oi19505200-kaqileertongleyuan,,,,,--,,,,,9
朴仁艺术书吧,http://travel.qunar.com/p-oi19503984-porenyishushuba,,,,,0.0,,,具体收费情况以现场公示为主,,9
开发建设纪念馆,http://travel.qunar.com/p-oi19475893-kaifajianshejinianguan,,,,,--,,,,,9
西蜀阳光乐园,http://travel.qunar.com/p-oi19475772-xishuyangguangleyuan,,,,,--,,,,,9
十九冶职工乐园,http://travel.qunar.com/p-oi19475553-shijiuyezhigongleyuan,,,,,--,,,,,9
城市基本建设档案馆,http://travel.qunar.com/p-oi19475440-chengshijibenjianshedang,,,,,--,,,,,10
哇哈哈儿童乐园,http://travel.qunar.com/p-oi19474012-wahahaertongleyuan,,,,,--,,,,,10
福乐园,http://travel.qunar.com/p-oi19473528-fuleyuan,,,,,--,,,,,10
亚热带植物标本园(西北门店)Panzhihua Subtropical Plant Specimen Garden,http://travel.qunar.com/p-oi19472152-yaredaizhiwubiaobenyuan,,,,,,,,,,10
学院图书馆(香樟路店)Panzhihua University Library (Xiangzhang Road),http://travel.qunar.com/p-oi19471925-xueyuantushuguan,,,,https://tr-osdcp.qunarzz.com/tr-osd-tr-manager/img/ad41ca7f03d1620af3ce2840ad7551b2.jpg_480x360x95_8a8eb3a7.jpg,--,,,具体收费情况以现场公示为主,,10
米易县图书馆Miyi Library,http://travel.qunar.com/p-oi19471916-miyixiantushuguan,,米易县图书馆为公益性图书馆，馆藏文献约20多万册(件)，已开设的有师生阅览室、电子阅览室、少儿阅览室等多个区域，是阅读学习，陶冶情操的好去处。,,https://img1.qunarzz.com/travel/poi/1805/67/0212edcd383f4737.jpg_480x360x95_b3824a52.jpg,4.5,建议游览时间：1小时 - 2小时,,具体收费情况以现场公示为主,,10
青龙洞Qinglong Cave,http://travel.qunar.com/p-oi18715436-qinglongdong,"

地址:
攀枝花市盐边县江西乡苍蒲村


电话:
0812-3551373

",青龙洞——一个神奇的地下溶洞，像一座奇异非凡的地下宫殿，隐没于盐边县江西乡苍蒲村的青龙山下。在青龙洞附近，有几股终年长流不断的地下水，其中有一股桶口粗细的泉水，被引入环山水渠，人们称之为“龙泉圣水”。洞内至今还隐约可见岩溶形成的“龙”体，有头有尾，有影有甲，那就是青龙。,全年 8:00-16:00,https://img1.qunarzz.com/travel/poi/1803/67/1d0d70afefee4737.jpg_480x360x95_ba2e7644.jpg,4.6,建议游览时间：1小时 - 2小时,,不含20元民族表演节目。,,10
平江天主教堂Pingjiangtianzhu Church,http://travel.qunar.com/p-oi18715321-pingjiangtianzhujiaotang,,,,https://img1.qunarzz.com/travel/poi/1803/c6/2f991823bb166837.jpg_480x360x95_9743ddcc.jpg,0.0,,,,,10
攀枝花市金沙公园Panzhihua Jinsha Park,http://travel.qunar.com/p-oi18715288-panzhihuashijinshagong,,攀枝花市金沙公园，地址位于一个既有壮丽山河峡谷奇景、又有遗存古朴风貌的理想的旅游胜地--攀枝花，就在攀枝花大渡口的桥南。,,https://img1.qunarzz.com/travel/poi/1803/a3/ded14418ffdd7c37.jpg_480x360x95_3864a247.jpg,3.8,建议游览时间：2小时 - 3小时,,具体收费情况以现场公示为主,,10
二滩水电站Ertan Hydropower Station,http://travel.qunar.com/p-oi18713659-ertanshuidianzhan,"

地址:
攀枝花市盐边县红果彝族乡盐择路


电话:
028-86654780

",二滩水电站地处中国四川省西南边陲攀枝花市，盐边与米易两县交界处，处于雅砻江下游，坝址距雅砻江与金沙江的交汇口33公里，距攀枝花市区约46公里，系雅砻江水电基地梯级开发的第一个水电站，上游为官地水电站，下游为桐子林水电站。水电站大坝高240米，水库正常蓄水位海拔1200米，总库容58亿立方米，调节库容33.7亿立方米，装机总容量330万千瓦，保证出力100万千瓦，年平均发电量170亿千瓦·时，投资共286亿元。工程以发电为主，兼有其他等综合利用效益的功能。,全年 7:00-16:30,https://tr-osdcp.qunarzz.com/tr-osd-tr-space/img/4fdfe3acd72c7b52d5f3a37bfc6dc588.jpg_480x360x95_2fdd5a56.jpg,4.1,建议游览时间：2小时 - 3小时,,具体收费情况以现场公示为主,,10
