名字,链接,地址,介绍,开放时间,图片链接,评分,建议游玩时间,建议季节,门票,小贴士,Page
吐鲁番博物馆Turpan Museum,http://travel.qunar.com/p-oi717578-tulufanbowuguan,"

地址:
吐鲁番市高昌区木纳尔路1268号


电话:
0995-7619650,0995-7619644

",吐鲁番博物馆是新疆第二大博物馆，收藏着吐鲁番地区出土的上至旧石器时代下至近现代的5000多件文物精品，是了解吐鲁番历代社会、政治、军事、经济、文化生活的一部微缩的百科全书。博物馆设计风格独特，厚朴凝重，突出了西域地方民族特色和历史沧桑感。整个展厅分为出土文物陈列厅、古尸陈列厅和巨犀化石厅三部分。其中吐鲁番地区出土古尸陈列厅是具神秘性和吸引力的展厅。这里展出的11具干尸，从春秋战国时期至清代时期的古尸，主要出自阿斯塔那—哈拉和卓墓葬群和苏巴什古墓群、洋海...吐鲁番博物馆是新疆第二大博物馆，收藏着吐鲁番地区出土的上至旧石器时代下至近现代的5000多件文物精品，是了解吐鲁番历代社会、政治、军事、经济、文化生活的一部微缩的百科全书。博物馆设计风格独特，厚朴凝重，突出了西域地方民族特色和历史沧桑感。整个展厅分为出土文物陈列厅、古尸陈列厅和巨犀化石厅三部分。其中吐鲁番地区出土古尸陈列厅是具神秘性和吸引力的展厅。这里展出的11具干尸，从春秋战国时期至清代时期的古尸，主要出自阿斯塔那—哈拉和卓墓葬群和苏巴什古墓群、洋海古墓群等。巨犀化石陈列厅内的巨犀化石是吐鲁番博物馆的镇馆之宝。据考证，这是目前世界上出土完整的一具巨犀骨架化石。出土文物陈列厅分石器时代和姑师（车师）时期，高昌郡、高昌王国、唐代西州、回鹘高昌等5个文化单元，集中反映吐鲁番地区的社会历史发展过程和文明成果。,全年 10:00-19:00,https://img1.qunarzz.com/piao/fusion/1701/62/caf3ece5efec702.jpg_480x360x95_fccdcdab.jpg,4.6,建议游览时间：2小时 - 3小时,,"{'吐鲁番博物馆(含门票)人工讲解服务大小同价\n\n': ['¥108起'], '吐鲁番博物馆(含门票)人工讲解服务团队票\n\n': ['¥458起']}",,2
维吾尔古村,http://travel.qunar.com/p-oi721151-weiwuergucun,"

地址:
吐鲁番市亚尔乡亚尔果勒村

",美丽的吐鲁番维吾尔古村景区位于吐鲁番市亚尔乡亚尔果勒村，交河故城脚下，占地二万余平方米。 她有数百年的历史，内部设有多功能生态广场，维吾尔民俗陈列馆和传统民居，她们交相辉映， 全方位立体地展示了维吾尔人的历史变迁、生产劳动、民居建筑、风土人情、宗教信仰等风貌，其中不少是正在消失和已经消失的后生态文化展示，让人身临其境地感受原汁原味的维吾尔民俗风情！,全天,https://img1.qunarzz.com/travel/d6/1806/53/e614449dc5f7c0b5.jpg_480x360x95_980ff802.jpg,3.6,建议游览时间：2小时 - 3小时,,35元,,2
高昌故城Ancient City of Gaochang,http://travel.qunar.com/p-oi717445-gaochanggucheng,"

地址:
吐鲁番市火焰山南麓木头沟河三角洲三堡乡


电话:
0995-8687885,0995-8687666

",,旺季（4月21日-10月20日）8:00-21:00，淡季（10月21日-次年4月20日） 10:00-18:30。,https://img1.qunarzz.com/travel/poi/201408/07/c62c982090820150c8d65eac.jpg_480x360x95_62a3b80c.jpg,4.3,建议游览时间：3小时,四季皆宜。,"{'高昌故城门票成人票\n\n': ['¥66.5起'], '高昌故城门票学生票\n\n': ['¥35起'], '高昌故城门票（含区间车）票成人票\n\n': ['¥95起']}",,2
柏孜克里克千佛洞Bezeklik Thousand Buddha Caves,http://travel.qunar.com/p-oi706893-bozikelikeqianfodong,"

地址:
吐鲁番地区吐鲁番市东45公里火焰山下


电话:
0995-8687885,0995-8687666

",柏孜克里克千佛洞始凿于南北朝后期，历经唐、五代、宋、元朝，始终是西域地区的佛教中心之一。原共有洞窟83个，现存的57个中，有壁画的为40个，其中第20号窟壁画绘制有回鹘高昌王和王后的图象。第33窟后壁有一幅表现佛涅磐后众弟子默立举哀的致意图，而第38窟是反映古代摩尼教生活情景的洞窟。第82、83号窟，是公元10-11世纪高昌回鹘王国强大时期，专为佛寺高僧修建的小型纪念窟。回鹘高昌是该石窟群繁华的时期。公元13世纪末，高昌王室东迁甘肃永昌，加之伊斯兰教传入吐鲁番后，佛教...柏孜克里克千佛洞始凿于南北朝后期，历经唐、五代、宋、元朝，始终是西域地区的佛教中心之一。原共有洞窟83个，现存的57个中，有壁画的为40个，其中第20号窟壁画绘制有回鹘高昌王和王后的图象。第33窟后壁有一幅表现佛涅磐后众弟子默立举哀的致意图，而第38窟是反映古代摩尼教生活情景的洞窟。第82、83号窟，是公元10-11世纪高昌回鹘王国强大时期，专为佛寺高僧修建的小型纪念窟。回鹘高昌是该石窟群繁华的时期。公元13世纪末，高昌王室东迁甘肃永昌，加之伊斯兰教传入吐鲁番后，佛教渐衰，柏孜克里克千佛洞随之衰落，在异教冲突中遭到毁坏，壁画人物的眼睛全部被挖掉。本世纪初又屡遭洋人盗劫破坏，雪上加霜，面目全非。尽管如此，劫余的佛座华丽精致，残余的壁画内容丰富，多采多姿，仍不失为一座规模宏大的文化艺术宝库。如果你想欣赏这座石窟的壁画精华，恐怕只能去德国柏林印度艺术博物馆了。为纪念唐僧师徒取经经过这里，景区不远处建有师徒四人的雕塑，造型来源于1986年版电视剧《西游记》，雕塑背后就是火焰山了。,旺季（4月21日-10月20日）8:00-20:00，淡季（10月21日-次年4月20日）10:00-18:30。,https://img1.qunarzz.com/travel/poi/201408/07/67c3015a8762d001c8d65eac.jpg_480x360x95_400fce4e.jpg,4.2,建议游览时间：2小时 - 3小时,六月至九月是来这里游玩的最佳季节。,"{'柏孜克里克千佛洞门票成人票\n\n': ['¥38起'], '柏孜克里克千佛洞门票学生票\n\n': ['¥20起'], '柏孜克里克千佛洞门票老人票\n\n': ['¥20起']}",1、由于千佛洞地处悬崖山腰，在参观中请不要到未开放地区参观，以免发生危险；2、在千佛洞洞窟内是不允许拍照和摄像的，请在游览时注意，否则会面临曝光和罚款的处罚；3、请不要触摸壁画、在洞窟内吸烟等；4、其他参观事项，请您在游览时注意景点的具体参观说明；5、参观完千佛洞后，您可在附近游览以下景点：阿斯塔那古墓群，距千佛洞12公里；高昌故城，距千佛洞15公里；火焰山，距千佛洞13公里。,2
库木塔格沙漠Kumtag Desert,http://travel.qunar.com/p-oi7644115-kumutageshamo,"

地址:
吐鲁番市鄯善县公园路999号


电话:
0995-8389389

",库木塔格沙漠位于新疆吐鲁番盘地的东缘，距离吐鲁番市区90公里。库木塔格是一座流动型沙漠，有众多的沙窝、沙山等，景色多样壮观，维吾尔语“库木塔格”也是“沙山”的意思。对于一般游客而言，游玩库木塔格沙漠即是指吐鲁番鄯善县县城南侧的沙山公园（库木塔格沙漠公园），这里是接近沙漠，在沙漠中游玩较为方便。公园内有滑沙、沙漠越野车等众多的娱乐项目，都可以付费体验，在这里游玩3-4小时为宜。不过需要注意的是，要准备好防晒防尘装备，并带足饮用水。另外，库木塔格沙漠内也有两条徒步路线。一条是从沙漠公园处到栏杆乡，大约10公里路程，可以一天走完。另一条是从沙漠公园处穿越到沙漠西南侧的迪坎尔村，这条路线全程四十多公里，也被称为南北大穿越，由于沙路难走，大约需要3天时间走完，且强度较大。需要注意的是，在沙漠内徒步风险较大，不适合没有户外经验的普通游客，更不适合独自出行。建议户外爱好者跟随专业团队一起行动，并备足沙漠穿越的装备。,景区维护暂停营业，具体开放时间另行公告,https://img1.qunarzz.com/travel/d9/1504/10/7afb21eaf53235.jpg_480x360x95_0fe41b28.jpg,4.6,建议游览时间：3小时 - 4小时,每年的春季和秋季是合适的徒步季节。夏季库姆塔格沙漠中温度会在40。C以上。冬季沙漠的夜晚很冷，也不适合徒步。,"{'库木塔格沙漠门票成人票\n\n': ['¥30起'], '库木塔格沙漠门票老人票\n\n': ['¥15起'], '库木塔格沙漠景区门票学生票\n\n': ['¥15起']}",必备装备：徒步库姆塔格，需要标准的徒步露营装备，包括帐篷、睡袋、防潮垫、徒步鞋、炉头、套锅、GPS、指南针、对讲机、徒步衣服等；此外，还有一些特殊的装备，这些装备在一般的徒步活动中可以没有，但沙漠徒步是必须的。防雪套：用来防止沙子进人鞋里；徒步手杖：沙漠很松软，手杖是必不可少的，最好带两根；塑料袋：用来保护各种装备和衣物不至于粘土大量的沙子：摄影器材尤其要保护好！GPS和指南针，用来辨别方向：沙漠中昼夜温差大，夜间使用的睡袋必须足够保暖。沙漠中几乎没有任何植物和动物，也没有人居住，更没有水源，所以全程必须携带足够的食物和饮水，每人大约8-10瓶水。偶尔会碰到人类活动留下的痕迹，例如纸箱子、玻璃瓶等。,2
阿斯塔那古墓群Astana Ancient Tombs,http://travel.qunar.com/p-oi716665-asitaneigumuqun,"

地址:
吐鲁番市三堡乡向北2.5公里


电话:
0995-8687666,0995-8687885

",阿斯塔那墓形制为斜坡墓道洞室墓。古墓平面形状如“甲”字。墓室前方，是一条10多米的长的斜坡墓道，墓道尽头连着墓室，是死者安息的地方。墓室一般高为2米以上，4米见方大小，平顶或穹窿形顶。死者多安放在洞室后部的土炕或简易木床上，他们头枕鸡鸣枕，面部掩巾，眼上盖瞑目，双手握木，身着棉麻或绢锦织品制作的衣服。死者四周，或陈放模拟的亭台楼阁、车马仪仗、琴棋笔墨，或陈放葡萄、瓜果、饺子、面饼等食品，供死者阴间驱使或享用。有的墓室后壁，绘有人物、鸟禽、花卉、山水壁画，形象逼真，线条流畅。古墓中出土有文书、墓志、绘画、泥俑、陶、木、金、石等器物以及古代钱币和丝、棉毛织物等珍贵文物上万件。这里出土的木乃伊（即干尸），足可与埃及木乃伊相媲美。阿斯塔那古墓以葬汉人为主，同时葬有车师、突厥、匈奴、高车以及昭武九姓等少数民族居民，这说明当时高昌王国的主体民族是汉族，各民族之间是平等的。,淡季：10:00-18:30；旺季：8:00-21:00,https://img1.qunarzz.com/p/tts4/1805/18/b497d53f669b8b02.jpg_480x360x95_76167287.jpg,4.2,建议游览时间：2小时 - 3小时,,"{'阿斯塔那古墓群门票成人票\n\n': ['¥38起'], '阿斯塔那古墓群门票学生票\n\n': ['¥20起'], '高昌故城门票+阿斯塔那古墓+柏孜克里克千佛洞门票成人票\n\n': ['¥104.5起']}",,2
车师古道,http://travel.qunar.com/p-oi707233-cheshigudao,"

地址:
新疆吉木萨尔县泉子街乡大龙口南越

",,全天,https://img1.qunarzz.com/travel/poi/201211/15/201d21e93a9fe049ddb12cfb.jpg_480x360x95_2bc681ef.jpg,--,建议游览时间：2小时,,60元,,2
沙疗所,http://travel.qunar.com/p-oi707207-shaliaosuo,"

地址:
吐鲁番市胜亚乡，东距吐鲁番市约9公里。

",,全天,https://img1.qunarzz.com/travel/poi/201408/07/44960d6b74bafb33c8d65eac.jpg_480x360x95_0fe9776a.jpg,--,建议游览时间：2小时,六月至九月。,40元,,2
沙山公园Sha Mountain Park,http://travel.qunar.com/p-oi708187-shashangongyuan,"

地址:
吐鲁番市鄯善县公园路999号


电话:
0995-8389389

",沙山公园是世界上少有的可与城市近距离接触的沙漠，也是与天池、博斯腾湖并列的风景名胜区。面积2500平方公里的库木塔格沙漠位于新疆鄯善老城南端，站在城中就能看见金色大漠雄浑壮观的无限风光。驱车而行，10多分钟便可到达景区。面对茫茫沙漠，只见沙黄天蓝、云淡风清，令来自城市中的游客们视野为之开阔，心情也顿时舒畅起来。走进库木塔格，来到旅游者和探险家的乐园！看库木塔格沙漠，拍壮阔的沙海景观。到大沙漠深处去探险，还有新鲜的沙漠冲浪在等你玩！驾乘沙漠探险车驰骋沙海，在沙谷滑行和穿梭往来。随风走进库木塔格，让您在感受惊险的同时尽情饱览大漠风光。从沙坡滑下，与沙共舞，倾听响沙的天籁之音。在驼背上给感受沙漠金色波涛来的视觉冲击和心灵震撼。,全年 10:00-19:00,https://img1.qunarzz.com/travel/poi/201408/08/ccc372bbd69d4a15c8d65eac.jpg_480x360x95_8a7cb5d6.jpg,4.8,建议游览时间：2小时 - 3小时,六月至九月。,区间车65元,,2
胜金口千佛洞,http://travel.qunar.com/p-oi714929-shengjinkouqianfodong,"

地址:
吐鲁番市胜金

",胜金口千佛洞位于吐鲁番市以东40公里的胜金口。千佛洞属高昌故城系列的佛教建筑之一，始于唐代，建筑规模庞大，到20世纪初时，仍有12座寺院。经斯坦因等劫掠后，损坏严重。现残存洞窟10个，发现有回鹘文壁画及回鹘文题记，山下附属建筑中还出土有婆罗迷文、回鹘文、梵文佛经及佛像。因发现有罕见的摩尼教壁画而具有异常价值。,9：00—18：00,,--,,,20元,,2
吐鲁番沙漠生态旅游区Desert Ecological Tourist Zone of Turpan,http://travel.qunar.com/p-oi702616-tulufanshamoshengtailu:,"

地址:
吐鲁番市, 中国


电话:
+86 995 788 5391

",沙漠上有很多风吹成的雕塑，还可以看到很多像胡杨一样的固沙植物，在这里可以体验一下骑骆驼的乐趣，感受当地的民族风情。,10：00--18：00,https://img1.qunarzz.com/piao/fusion/1701/ea/ceba6fbbb28d5502.jpg_480x360x95_9194ed2b.jpg,3.4,建议游览时间：12小时 - 3天,,具体收费情况以现场公示为主,,3
郡王府Turpan Prince Jun Hotel,http://travel.qunar.com/p-oi720605-junwangfu,,,,,,,,,,3
雅尔湖千佛洞,http://travel.qunar.com/p-oi703371-yaerhuqianfodong,"

地址:
吐鲁番地区交河故城西南河谷南岸

",雅尔湖千佛洞位于交河故城西南河谷南岸，依崖凿窟，窟区东西长40米，现存洞窟7个。窟前有宽约5米的长形平台，平台下距河谷谷底约20米深。洞窟内壁画内容为比丘供养人、说法图、回鹘人供养像等，还有部分汉文、突厥文题记。关于雅尔湖石窟的年代问题，众说纷纭。,8:00～16:00,,--,,,20元,,3
万佛宫(大漠土艺馆)Desert Soil Art Museum,http://travel.qunar.com/p-oi703548-wanfogong,,,,,,,,,,3
吐鲁番沙漠植物园,http://travel.qunar.com/p-oi719525-tulufanshamozhiwuyuan,,,,,,,,,,3
盘吉尔怪石林Panji’er Strange Stone Forest,http://travel.qunar.com/p-oi703710-panjierguaishilin,"

地址:
吐鲁番市托克逊县城克尔碱镇境内的盘吉尔塔克山脊与山坡上


电话:
18116966662

",盘吉尔怪石林位于托克逊盘吉尔塔克山脊与山坡，东南距托克逊县城55公里，有公路可通至附近。是由溶蚀和风蚀作用形成的奇特的峰林地貌。山岩或似羚羊翘首、天马行空，或似猛兽鬼怪，面目狰狞，或似云朵变幻，壮观有趣。岩石多为石炭纪火山岩和角砾凝灰岩，颜色以青灰色、褐红色多见。,全天,https://mp-commentcp.qunarzz.com/mp_comment_mp_comment/1562181459647100e15000000yv4by9B83_D_640_10000.jpg_480x360x95_055b8542.jpg,4.7,建议游览时间：1小时,,具体收费情况请以现场公示为准,,3
阿凡提民俗风情园,http://travel.qunar.com/p-oi717975-afantiminsufengqingyuan,,阿凡提风情园位于吐鲁番葡萄沟中部最能代表神奇自然景观特色的地段，距离吐鲁番市12公里，占地近30亩。是葡萄沟内最具有鲜明主题文化风格的游览胜地之一。园内杏树成林，桑树遮日，这里不仅有吐鲁番常见的景观景色，更有充满了浓郁维吾尔民间文化、阿凡提主题文化风情的葡萄长廊、葡萄景观、民俗博物馆、阿凡提文化广场、水上餐厅等民俗文化景观。阿凡提风情园不只是一个具有新疆民族特色的观光游乐园区，同时它也是一个具有深为新疆各族人民喜爱的艺术形象——阿凡提的主题文化传播基...阿凡提风情园位于吐鲁番葡萄沟中部最能代表神奇自然景观特色的地段，距离吐鲁番市12公里，占地近30亩。是葡萄沟内最具有鲜明主题文化风格的游览胜地之一。园内杏树成林，桑树遮日，这里不仅有吐鲁番常见的景观景色，更有充满了浓郁维吾尔民间文化、阿凡提主题文化风情的葡萄长廊、葡萄景观、民俗博物馆、阿凡提文化广场、水上餐厅等民俗文化景观。阿凡提风情园不只是一个具有新疆民族特色的观光游乐园区，同时它也是一个具有深为新疆各族人民喜爱的艺术形象——阿凡提的主题文化传播基地。阿凡提游乐园阿凡提——童话世界中善良与智慧的化身！寻觅着他那诙谐幽默的歌声……带您走进阿凡提游乐园。园内绿藤绿叶绿果实、绿得纯洁而耀眼、绿得滴翠而迷人……抬头可见干涸的火焰山脉，园内却藤蔓交织、空气湿润、凉爽宜人！田园风光一览无余走进《阿凡提故居》，倾听维吾尔族讲述他们心中的《阿凡提的故事》，看看维吾尔族的赛斗鸡、参与异域别样的钓鱼活动，还能亲自体验骑毛驴！,,https://img1.qunarzz.com/piao/fusion/1701/e4/4baaf2eed76e8102.jpg_480x360x95_8fab9464.jpg,3.0,,,,,3
雅尔湖古墓群,http://travel.qunar.com/p-oi714603-yaerhugumuqun,"

地址:
吐鲁番交河故城沟西台地上

",雅尔湖古墓群位于交河故城沟西台地上，与交河城一沟之隔。整个墓区为一狭长台地，墓葬群面积较大，达10万平方米。仅于50年代发掘过3座墓葬，发现陪葬文物500余件。主要有陶器、压花金片饰物、铜花瓣饰物、晶石红串珠、开元通宝、波斯银币等，确定墓葬年代为曲氏高昌至唐代。其余未再作科学发掘。,8:00～16:00,,--,,,30元,,3
吐鲁番神泉,http://travel.qunar.com/p-oi703380-tulufanshenquan,"

地址:
吐鲁番市二堡乡

",神泉，位于吐鲁番市二堡乡境内，西距吐鲁番市约28公里，有柏油路面通至附近。海拔100米。神泉位于火焰山南麓冲沟中，泉水出露于白垩经地层中，呈溢出形式。外溢缓慢，日涌量约0。51立方米，夏季水量略增。水温全年变化不大，约15度，水质外观无色透明，无噢，味苦咸，总矿化度达85.9克/升。泉水缓慢顺沟流淌，形成宽约2米，深11。5米的浅沟，沟底出现大量从泉水中析出的白色盐类矿物，形成一条弯弯曲曲的白色条带，泉眼以北是被流水切割很深白垩地层，由灰绿色和褐红色相间的泥岩构...神泉，位于吐鲁番市二堡乡境内，西距吐鲁番市约28公里，有柏油路面通至附近。海拔100米。神泉位于火焰山南麓冲沟中，泉水出露于白垩经地层中，呈溢出形式。外溢缓慢，日涌量约0。51立方米，夏季水量略增。水温全年变化不大，约15度，水质外观无色透明，无噢，味苦咸，总矿化度达85.9克/升。泉水缓慢顺沟流淌，形成宽约2米，深11。5米的浅沟，沟底出现大量从泉水中析出的白色盐类矿物，形成一条弯弯曲曲的白色条带，泉眼以北是被流水切割很深白垩地层，由灰绿色和褐红色相间的泥岩构成，其状近于直立，形成深达10余米的深切沟谷，沟深且狭，崎岖难辨，仿佛进入迷宫。顺沟而上可达火焰山脊，山体通红，寸草难萌。由于此泉位置出人所料，备受当地民众膜拜，相传取水洗头可除去头屑，用水洗身可治皮肤疾患，饮用可促生男婴，因此专程来此取水的游人络绎不绝。,9：00——18：00,,--,,,30元,,3
伯什哈千佛洞,http://travel.qunar.com/p-oi715846-boshenhaqianfodong,,,,,,,,,,3
神牛谷旅游景区,http://travel.qunar.com/p-oi38877255-shenniugulu:youjingqu,,神牛谷旅游景区位于吐鲁番市高昌区和二二一团境内，占地22平方公里。景区位于距吐鲁番市区19公里的原大汗沟处，因景色奇特多样，堪称“火洲”的世外桃源。峭壁峡谷的42眼自然清泉喷涌而出，勾勒出奇特的丹霞峡谷地貌。高崖陡立，千回百转，像极了大自然的鬼斧神工，给人以无尽的探索和愉悦的体验。炎热的夏季，峡谷内浓密的树荫和潺潺的流水，让人感受到酷暑中的阵阵清凉。玩沙戏水、亲情聚会、假日避暑，是一个非常好的休闲娱乐场所。这里交通便利，距312国道3公里，距连霍高速6公里，兰新高铁22公里，吐鲁番交河机场25公里，与周边葡萄沟、火焰山、坎儿井、交河故城、艾丁湖等景区行成1小时旅游圈。神奇吐鲁番，尽在神牛谷。瀚海漂流：全长3千米，位于兵团十二师二二一团境内，沿途有跌水、激流、戏水区，人们乘坐橡皮船，利用水流动力顺流而下，时而欢笑、时而尖叫、时而戏水、时而竟流，全程惊而不险，是一种极好的水上体育娱乐项目。,,,5.0,建议游览时间：2小时 - 4小时,,,,4
辛格尔古城,http://travel.qunar.com/p-oi38035240-xingeergucheng,,,,,--,,,具体收费情况以现场公示为主,,4
中国内陆海拔零点,http://travel.qunar.com/p-oi37806224-zhongguoneiluhaibaling,,,,,1.0,,,具体收费情况以现场公示为主,,4
吐鲁番国际会展中心,http://travel.qunar.com/p-oi37189361-tulufanguojihuizhanzhong,,,,,0.0,,,具体收费情况以现场公示为主,,4
麦西莱甫广场,http://travel.qunar.com/p-oi37189323-maixilaifuguangchang,,,,,0.0,,,具体收费情况以现场公示为主,,4
天山红河谷景区Tianshan Honghegu Sceneic Area,http://travel.qunar.com/p-oi35831978-tianshanhonghegujingqu,,红河谷是天山融水冲击形成的一道天然河谷，因周遭山体发红而得名“红河谷”。横卧在雅丹地貌的东边，从北向南贯穿而过。谷内溪流清澈，流水潺潺，碎石满地，草木茂盛。,,,5.0,建议游览时间：12小时 - 3天,,具体收费情况以现场公示为主,,4
克来尔能买里Kelai’ernengmaili Village,http://travel.qunar.com/p-oi35676987-kelaiernengmaili,,,,,0.0,,,具体收费情况以现场公示为主,,4
苏皮阿吉坎儿孜买里Supi’ajikan’erzimaili Village,http://travel.qunar.com/p-oi35474010-supiajikanerzimaili,,,,,0.0,,,,,4
白杨河魔鬼城,http://travel.qunar.com/p-oi35445981-baiyanghemoguicheng,,"东南距托克逊县城28公里，有公路直通。是达坂城风口吹来的大风顺白杨河谷留下的杰作。""城""内城堡、殿堂、人物、禽兽宛然，每当风起，似鬼哭狼嚎，因名魔鬼城。更兼两岸红崖陡峭，崖下河水奔涌，构成天然绝景。",,,--,,,,,4
旅游文化广场,http://travel.qunar.com/p-oi35444463-lu:youwenhuaguangchang,,吐鲁番市旅游文化广场是一个多功能的综合性广场，分为三个功能区：东部休闲区，中部政治集会区，西部商业活动区。政治集会区为低于整修广场平面155厘米的下沉式中心集会广场，近似一个椭圆形的建筑体，建筑面积5349.78平方米，活动中心平地2800平方米，观众席可容纳3500人，主席台可坐200多位贵宾，半径51米的大型舞台内包容着一个小舞台，主席台两侧20×2.4米的巨型浮雕反映了丝绸之路重镇吐鲁番的今昔和民俗风情。东部休闲区，绿草茵茵，鲜花盛开〔葡萄长廊〕进入广场，迎客的就是大...吐鲁番市旅游文化广场是一个多功能的综合性广场，分为三个功能区：东部休闲区，中部政治集会区，西部商业活动区。政治集会区为低于整修广场平面155厘米的下沉式中心集会广场，近似一个椭圆形的建筑体，建筑面积5349.78平方米，活动中心平地2800平方米，观众席可容纳3500人，主席台可坐200多位贵宾，半径51米的大型舞台内包容着一个小舞台，主席台两侧20×2.4米的巨型浮雕反映了丝绸之路重镇吐鲁番的今昔和民俗风情。东部休闲区，绿草茵茵，鲜花盛开〔葡萄长廊〕进入广场，迎客的就是大型铜雕《大漠明月》，表现吐鲁番人手拿民族乐器庆丰收迎宾客。西部商业区，同样绿草如茵。,,https://img1.qunarzz.com/piao/fusion/1701/7a/4824c280af100b02.jpg_480x360x95_a56ebdb0.jpg,--,,,,,4
兵团十二师221团葡萄凰果业,http://travel.qunar.com/p-oi35443363-bingtuanshiershi221tuan,,新疆吐鲁番葡萄凰果业有限责任公司是一家专业从事葡萄干，哈密瓜，杏脯出口外销的企业。产品远销世界各地。公司下设两个分厂，地理位置十分优越环境十分优美。北临312同道2公里，距吐鲁番火车站20公里，交通十分方便，拥有5000平方米生产车间，有1000平方米的冷藏库，厂区占地面积150亩。,,,--,,,,,5
火云谷,http://travel.qunar.com/p-oi35439500-huoyungu,,云谷景区位于吐鲁番市北侧20公里，天山南侧，距离吐鲁番火车北站及机场约15公里，迎宾大道至景区的旅游专线已建设完成，交通十分便利。景区内赤壁丹崖，刀锋林立，千沟万壑，造型奇特，大自然的鬼斧神工，造就了火云谷恢弘壮阔的丹霞世界，也是火洲吐鲁番既具代表性又相对独特的景观。景区内设A，B两条线路，分别为旅游大巴，及越野车队合理设计游览线路。同时每条线路既有车行道又有徒步道，满足各类游客的不同需求，游客可自行选择体验方式，更好的欣赏自然美景。为方便游客更...云谷景区位于吐鲁番市北侧20公里，天山南侧，距离吐鲁番火车北站及机场约15公里，迎宾大道至景区的旅游专线已建设完成，交通十分便利。景区内赤壁丹崖，刀锋林立，千沟万壑，造型奇特，大自然的鬼斧神工，造就了火云谷恢弘壮阔的丹霞世界，也是火洲吐鲁番既具代表性又相对独特的景观。景区内设A，B两条线路，分别为旅游大巴，及越野车队合理设计游览线路。同时每条线路既有车行道又有徒步道，满足各类游客的不同需求，游客可自行选择体验方式，更好的欣赏自然美景。为方便游客更好的参观游览，景区还设置了通天梯、观景平台、小驿等，为游客提供游览观景、休憩拍照的平台。景区在开发建设上致力于保护自然景观的原始性，景区内，火云洞、十八罗汉、火烧莲台、一线天等景点皆为自然形成的基础上，以神话故事为依托，融入西游主题元素，让游客深入了解火云谷的自然及文化历史，增加游览趣味性。,,,--,,,,,5
吐鲁番台藏塔遗址,http://travel.qunar.com/p-oi35438863-tulufantaizangtayizhi,,台藏塔遗址位于新疆维吾尔自治区吐鲁番市三堡乡尤喀买里村，西距吐鲁番市40公里，东南距高昌故城遗址1.2公里。该塔是高昌三国时期的佛教建筑，塔身高约20米，夯土筑成，基部为正方形，边长20米，塔身为正方体。从现存部分看，呈东西方向座落，塔的南、西部破坏严重，四面有佛龛。佛龛排列整齐，东壁三排，上6中7下8，佛龛内存有佛像和佛教故事壁画。北壁上下两层，上4下5，在塔内西壁正中1米高处凿有长方形纵券顶式壁洞，穿墙而出（墙厚达13米），在壁洞内两侧又有两个深入的壁洞。...台藏塔遗址位于新疆维吾尔自治区吐鲁番市三堡乡尤喀买里村，西距吐鲁番市40公里，东南距高昌故城遗址1.2公里。该塔是高昌三国时期的佛教建筑，塔身高约20米，夯土筑成，基部为正方形，边长20米，塔身为正方体。从现存部分看，呈东西方向座落，塔的南、西部破坏严重，四面有佛龛。佛龛排列整齐，东壁三排，上6中7下8，佛龛内存有佛像和佛教故事壁画。北壁上下两层，上4下5，在塔内西壁正中1米高处凿有长方形纵券顶式壁洞，穿墙而出（墙厚达13米），在壁洞内两侧又有两个深入的壁洞。台藏塔遗址占地面积为939平方米。残高约20米。塔身平面略称口字形，朝向南偏西。塔基底部外边南北长约36米，东西残长34米，塔壁基部厚8～12米。塔内中空，内边方约15米。南向正中有宽约3米的缺口。,,https://img1.qunarzz.com/p/tts6/1801/36/d82f2ceb0082d502.jpg_480x360x95_18c57f0b.jpg,--,,,,,5
苏公塔礼拜寺,http://travel.qunar.com/p-oi35434302-sugongtalibaisi,,苏公塔礼拜寺，也称额敏塔清真寺，与苏公塔相邻，是新疆境内大的伊斯兰教礼拜寺之一，占地2500平方米，室内宽敞，建筑庄严、古朴、可容纳上千人做乃玛孜。每逢肉孜节、古尔邦节，穆斯林群众，近的三人一群、五个一簇涌向礼拜寺；远的，骑毛驴、骑自行车、坐汽车从四面八方云集这里，颁经礼圣，祈求福佑。寺大殿面宽9间，进深11间，在上部有天窗通凤和采光。所有门窗，全做成尖拱状，表现出了浓重的伊斯兰风格。寺大门的建筑与南疆常见的相似，只是左右无细柱状的宣礼塔，因巳有苏公...苏公塔礼拜寺，也称额敏塔清真寺，与苏公塔相邻，是新疆境内大的伊斯兰教礼拜寺之一，占地2500平方米，室内宽敞，建筑庄严、古朴、可容纳上千人做乃玛孜。每逢肉孜节、古尔邦节，穆斯林群众，近的三人一群、五个一簇涌向礼拜寺；远的，骑毛驴、骑自行车、坐汽车从四面八方云集这里，颁经礼圣，祈求福佑。寺大殿面宽9间，进深11间，在上部有天窗通凤和采光。所有门窗，全做成尖拱状，表现出了浓重的伊斯兰风格。寺大门的建筑与南疆常见的相似，只是左右无细柱状的宣礼塔，因巳有苏公塔，就不用在门边缘上重复修建宣礼塔了。大门左右边缘处全有小假窗，门上部则是真窗，同时也可以当重点装饰看、大门正中先砌一大门洞，也是尖拱状．大门沿后墙下段则为较小的大门，门扇为双扇板门，该板门后即为一大门厅，可通至大殿内，左转则通至苏公塔内。在此门厅顶部为又一圆拱，内径为5.7米。该厅的正门通至大殿，亦为尖拱形，门不高而宽，左右门边的下部向内收分，手法极为大方利落，毫不拘泥，在常见的清真寺大门做法上，这是很成功的代表。该寺现为新疆维吾尔自治区重点文物保护单位。,,,--,,,,,5
西域明珠塔,http://travel.qunar.com/p-oi35433851-xiyumingzhuta,,西域明珠塔在吐鲁番市，高155米，集就餐、购物、娱乐、旅游观光为一体的多功能电视塔，人们登上塔顶，可一览吐鲁番火焰山、葡萄沟、艾丁湖、苏公塔、交河故城、高昌故城等景区。,,,--,,,,,5
艾丁湖海底古民居,http://travel.qunar.com/p-oi35433035-aidinghuhaidiguminju,,艾丁湖古村是艾丁湖旅游景区的又一发现之旅。距今约300年历史的古建筑群占地190余亩，浑然一体的生土结构，组成各色方、圆、弧、顶、楼阁、亭、台，无一根铁钉、圆柱支撑，落成的特色花墙，汇成极具民族特色的古老建筑景观。奇迹还在于古村中汇集了不同的古老民俗生活场馆，手工红陶馆、地毯编织坊，民族乐器坊，铁器铜艺制作间，食用油坊，全部都是按传统手工工艺生产、加工，给古村庄的民俗空间增加了勃勃生机。,,,--,,,,,5
喀什喀尔买里Kashi Kaermaili Village,http://travel.qunar.com/p-oi35287267-kashikaermaili,,,,,0.0,,,具体收费情况以现场公示为主,,5
阿克喀什吐格曼买里Akekashi Tugemanmaili Village,http://travel.qunar.com/p-oi35287263-akekashitugemanmaili,,,,,0.0,,,具体收费情况以现场公示为主,,5
吐尔逊·阿那依提民俗博物馆Tu'erxun·anayiti Minsu Museum,http://travel.qunar.com/p-oi34274370-tuerxunaneiyitiminsubo,"

地址:
吐鲁番市托克逊县夏乡四大队奥依曼村

",,全年 全天开放,,0.0,,,免费,,5
老粮仓博物馆Laoliangcang Museum,http://travel.qunar.com/p-oi34273013-laoliangcangbowuguan,"

地址:
吐鲁番市高昌区老城路690号

",,全年 周二-周日 10:30-17:00,,3.7,,,免费,,5
"吐鲁番市开力山民俗工艺品收藏馆Kailishan Folk Crafts Collection, Turpan",http://travel.qunar.com/p-oi34272238-tulufanshikailishanmin,,,,,0.0,,,收费,,6
托克逊杏花园Tuokexunxing Garden,http://travel.qunar.com/p-oi32813238-tuokexunxinghuayuan,"

地址:
吐鲁番市托克逊县079县道

",托克逊县是天山南北较早迎来春天的地方，是新疆春天的“第一站”。夏乡万亩杏花园，阳光灿烂，春色萌动，是拍摄杏花美景的好地方。,全年 全天开放,,4.5,建议游览时间：2小时 - 3小时,,具体收费情况以现场公示为主,,6
盐湖城景区Yanhucheng Scenic Spot,http://travel.qunar.com/p-oi27340137-yanhuchengjingqu,,,,,,,,,,6
达瓦孜民俗风情园Dawazi Folk Customs Park,http://travel.qunar.com/p-oi27337415-dawaziminsufengqingyuan,,,,https://flight-feed.qunarzz.com/as3/180/image/poi_vishnu/4fc4af7a-0eec-4974-aa51-517e58f91454.jpg,5.0,,,,,6
阿里木作坊,http://travel.qunar.com/p-oi26580011-alimuzuofang,,,,,--,,,,,6
沙雕区Sand Sculpture,http://travel.qunar.com/p-oi26577677-shadiaoqu,"

地址:
吐鲁番市鄯善县公园路999号库木塔格沙漠景区内

",鄯善县常年干旱少雨，沙雕艺术家结合沙子的特性，制作了富有历史文化和现代文明相结合的沙雕作品。同样是以沙子为主体，采取甲板凝固，由上至下的雕刻工艺，一般的沙雕作品仅能保存几个月，在这里的沙雕能保存近5年，被业界同行称为沙雕作品的奇迹。,包含于库木塔格沙漠景区内，景区开放时间9:30-20:00，景点开放时间详见景区现场公示。,,5.0,建议游览时间：0.5小时 - 2小时,,包含于库木塔格沙漠景区，通用于库木塔格沙漠景区30元门票。,,6
千泉沙湖Qianquansha Lake,http://travel.qunar.com/p-oi26577676-qianquanshahu,,,,,,,,,,6
南湖奇石交易市场NanHu QiShi JiaoYi ShiChang,http://travel.qunar.com/p-oi24441530-nanhuqishijiaoyishichang,,,,,0.0,,,具体收费情况以现场公示为主,,6
华视步行街HuaShi BuXingJie,http://travel.qunar.com/p-oi24439441-huashibuxingjie,,,,,0.0,,,具体收费情况以现场公示为主,,6
阿塔木麻扎A'tamu Mazha Oasis,http://travel.qunar.com/p-oi24411346-atamumazha,,,,,,,,,,6
五道林Wudaolin Forest Farm,http://travel.qunar.com/p-oi23342969-wudaolin,,,,,0.0,,,具体收费情况以现场公示为主,,7
吐峪沟Tuyugou,http://travel.qunar.com/p-oi22945169-tuyugou,"

地址:
吐鲁番市鄯善县吐峪沟乡


电话:
0995-8687666,0995-8687885

",吐峪沟景区位于新疆吐鲁番东南约55公里，属鄯善县吐峪沟乡。景区主要由吐峪沟大峡谷风光、吐峪沟千佛洞、吐峪沟霍加木麻扎和吐峪沟古村落四部分组成。吐峪沟景区是西部颇具神秘色彩的多种宗教历史文化的交汇地。已被命名为“中国历史文化名村”的吐峪沟麻扎村，是新疆现存的比较古老的村落，已逾1700年历史，至今还保存着古老的民俗风情。村落中古老的生土建筑，至今还闪烁着“黄粘土文化”的光芒。,全年 10:00-20:30,https://youimg1.c-ctrip.com/target/10040w000000k77wrACF8_C_300_300.jpg,4.2,建议游览时间：12小时,,30元,,7
火云谷景区Huoyungu Sceneic Area,http://travel.qunar.com/p-oi22945117-huoyungujingqu,"

地址:
吐鲁番市北侧20公里，天山南侧


电话:
0995-8687885,0995-8687666

",火云谷景区位于吐鲁番市北侧20公里，天山南侧，距离吐鲁番火车北站及机场约15公里，景区内赤壁丹崖，刀锋林立，千沟万壑，造型奇特，大自然的鬼斧神工，造就了火云谷恢弘壮阔的丹霞世界，也是火洲吐鲁番既具代表性又相对独特的景观。,营业状态调整频繁，建议提前咨询景区。 开放时间：10:00 - 20:00,https://tr-osdcp.qunarzz.com/tr-osd-tr-space/img/156c534d33515da39149286c1f22215e.jpg_480x360x95_5cbc26e3.jpg,4.5,建议游览时间：2小时 - 3小时,,{'火云谷景区门票成人票\n\n': ['¥38起']},,7
坎儿井传承区Karez Heritage Area,http://travel.qunar.com/p-oi22945104-kanerjingchuanchengqu,"

地址:
吐鲁番市高昌区五道林004乡道


电话:
0995-8687666,0995-8687885

","坎儿井是滋养吐鲁番这片绿洲的源泉，流淌上千年，被誉为中国古代三大水利工程之一的坎儿井，也是吐鲁番绿洲特有的文化景观。
区位：坎儿井传承区位于吐鲁番高昌区西北侧10公里，距吐鲁番游客服务中心仅四公里，距高铁站7公里，紧靠高速，交通便利，同时邻近沙疗所，交河故城，位于吐鲁番景区景点核心分布区域内。
坎儿井传承区所处的五道林，也是吐鲁番坎儿井集中分布的区域之一，且属坎儿井吐鲁番上游部分。独特的区位优势决定着这里有着“原汁原味”的坎儿井遗井，坎儿井的四大要素，竖井、暗渠、明渠、涝坝皆囊括其中。
四大主题内容：
第一：坎儿井
在保护天然暗渠的基础上，为方便参观游览，我们加宽加长改造出了游览通道，在通道内还可看到保存完好的竖井、暗渠，通道两侧引暗渠水源环绕，设取水处，可供游客取水饮用，增强游客体验性。同时以影片，浮雕，文字、雕塑、实物等形式，配备先进声光电设备，声图文，全方位立体化的向游客展示坎儿井建造原理及历史文化。
 第二：葡萄文化长廊
吐鲁番得天独厚的自然环境，造就了我们闻名中外的葡萄文化，也是来吐鲁番必看的元素。坎儿井作为吐鲁番独特的灌溉系统，本身就与葡萄密不可分。景区内设葡萄文化长廊，向游客介绍展示本地丰富多样的葡萄种类，除供游客参观游览的葡萄长廊外，景区还另设25亩葡萄地，可供游客进行葡萄采摘体验活动，增强游客互动。
 第三：坎儿井传承展馆
展馆内不仅有坎儿井竖井沙盘，可一览坎儿井工程的壮阔，更设邓公厅，林公厅、左公厅及军垦文化厅，以声图文加实物展示等形式，全方位讲述我们的民族英雄林则徐、左宗棠及军垦文化与坎儿井的渊源，为坎儿井这项伟大的水利工程所作出的贡献。教育传承坎儿井精神。
 第四：将军林，歌舞演艺休闲区
也就是我们现在所处的位置，紧邻葡萄长廊，在此置身树林，周围明渠环绕，游客可在此欣赏歌舞，品尝瓜果，体验新疆特有的民族文化生活。
 特色：所以我们的坎儿井传承区有丰富性、原始性、教育性、体验性四大特色。这四大特色在景区四大主题设置上得以完整体现。
 整个景区元素丰富，在致力于保护坎儿井，发扬传承坎儿井文化精神的同时，提升趣味性，游览性、互动性，突出红色教育主题。
  坎儿井，古有先辈，英雄，伟人为后世造福，今有我辈传承保护为之奋斗，不仅是坎儿井传承区，包括以上介绍的火云谷景区，我公司自开发建设以来，一直秉承着保护，传承，发展的理念，致力于深入挖掘吐鲁番的自然景观和文化底蕴，做有情怀有责任有担当的企业，为建设大美新疆，为吐鲁番全域旅游的发展，做出我们最大的努力。同时希望有机会能与咱们湖南旅游界的领导、同仁广泛交流，为发展湖南、新疆旅游经济作出我们自己的一份贡献。
",全年 9:00-20:00,https://mp-piao-admincp.qunarzz.com/mp_piao_admin_mp_piao_admin/fusion/20199/c66eb3e55ddb50ab8375200c276c84db.jpg_480x360x95_9125728f.jpg,4.5,建议游览时间：1小时 - 2小时,,"{'坎儿井传承区门票成人票\n\n': ['¥28.5起'], '坎儿井传承区门票学生票\n\n': ['¥15起']}",,7
吐鲁番坎儿井地下水利工程Turpan Kariz underground water system,http://travel.qunar.com/p-oi22771937-tulufankanerjingdixia,,这里一共有两百多个竖井，水量很大，主要用于灌溉，还可以当作生活用水。,,,2.5,建议游览时间：1小时 - 3小时,,具体收费情况以现场公示为主,,7
吐鲁番火焰山大景区Turpan Flame Mountain Scenic Area,http://travel.qunar.com/p-oi20980829-tulufanhuoyanshandajing,"

地址:
吐鲁番市以东30公里（紧邻连霍高速公路二堡乡出口处）


电话:
0995-8687885,0995-8687666

",吐鲁番火焰山大景区是吐鲁番在2017年新开的景区，以“梦幻西游”为主题，将《西游记》中有关火焰山的故事用“全景时尚”与“梦幻体验”的形式呈现，形成可观、可触、可感、可玩、可赏的旅游体系。景区内有火焰山景观、梦幻隧道观光小火车、地质博物馆、龙宫、神泉、环火焰山观光区间车。其中，梦幻隧道长1.22km，环火焰山环形道路全长18公里。,4月1日-10月7日（旺季） 9:00-20:30；10月8日-次年3月31日（淡季） 10:00-18:00，具体开放时间详见景区公示。,https://img1.qunarzz.com/piao/fusion/2104/f2/a54797c3a4d22302.jpg_480x360x95_b8495f59.jpg,4.1,建议游览时间：2小时 - 3小时,,"{'吐鲁番火焰山大景区门票成人票\n\n': ['¥38起'], '吐鲁番火焰山大景区门票学生票\n\n': ['¥20起'], '火焰山大景区（火焰山国家地质公园）大景区门票学生票\n\n': ['¥20起']}",,7
交河驿·坎儿井源Jiaohe Post Scenic Area—Source of Karez,http://travel.qunar.com/p-oi20972507-jiaoheyikanerjingyuan,"

地址:
吐鲁番市高昌区坎儿井路8号（原统一旅游售票中心对面）


电话:
0995-8687885,0995-8687666

",交河驿是大唐时期丝绸之路上的重要驿站，交河驿景区内设置有：驿馆议事大厅、驿承宅、马帮、烽燧、坎儿井源、世界大晾房、葡萄长廊等。景区以多重形式呈现这段历史，将古代传递信息的方式通过长安城、京兆驿、凉州驿、玉门关、交河驿这五部分的场景再现，丝路驿站的辉煌尽凝集于此。吐鲁番由于气候干燥、少雨、水源缺乏，当地各族劳动人民创造性地将地下水引导至地面进行灌溉和生活用水，被称为“坎儿井”，意为“井穴”。全疆有1784条坎儿井，总长度5272公里，吐鲁番地区历史上有1237条坎儿井，现存有水的坎儿井仅有214条。坎儿井是由竖井、暗渠、明渠和涝坝四部分组成，交河驿景区内的坎儿井名称为“可契克·阿吉”坎儿井，距今已有570多年历史。坎儿井源观光区直径20米，乘观光电梯直达深50米坎儿井的源头，亲身体验古人用一锹、一镐、一篓缔造完成的被称为中国“地下运河”，与长城、京杭大运河并称中国古代三项伟大人类工程。,9:30-20:00,https://img1.qunarzz.com/piao/fusion/1907/99/5735060db6af4f02.jpg_480x360x95_ff5541d2.jpg,4.3,建议游览时间：1小时 - 2小时,,"{'交河驿·坎儿井源门票成人票\n\n': ['¥38起'], '交河驿·坎儿井源门票学生票\n\n': ['¥20起'], '交河驿·坎儿井源门票老人票\n\n': ['¥20起']}",,7
垂吉尔塔格山岩画Chuiji'er Tage Mountain Petroglyphs,http://travel.qunar.com/p-oi20931410-chuijiertageshanyanhua,,垂吉尔塔格山岩画位于托克逊县，在柯尔加依沟的山丘石和或砂岩上，分布着数十幅古代岩画，岩画上绘有放牧、狩猎和引水灌溉等图案，非常精美。,,,0.0,建议游览时间：1小时 - 2小时,,具体收费情况以现场公示为主,,7
东大寺Dongda Monastery,http://travel.qunar.com/p-oi19976085-dongdasi,,东大寺整体坐东向西，粉墙彩户、瓦丽窗明，飞檐翘角，宁静肃穆。,,https://tr-osdcp.qunarzz.com/tr-osd-tr-manager/img/34a9f834097841ab85f9eed7973445e4.gif_480x360x95_d244e4ee.gif,4.0,建议游览时间：2小时,,,,7
白杨河公园Baiyanghe Park,http://travel.qunar.com/p-oi19975898-baiyanghegongyuan,,白杨河公园有观景栈道，可观赏河边的小湖，有假山小瀑布，亭阁长廊等景观。是当地居民休闲娱乐的城市公园。,,https://tr-osdcp.qunarzz.com/tr-osd-tr-manager/img/22bd95a37337bb93d3dea6716133f298.jpg_480x360x95_054b81f9.jpg,4.0,建议游览时间：2小时 - 3小时,,,,7
东巴扎农牧民文化健身广场Dongbazhanongmumin Wenhua Jianshen Square,http://travel.qunar.com/p-oi19967161-dongbazhanongmuminwen,,,,,0.0,,,具体收费情况以现场公示为主,,8
柳中城遗址Liuzhongcheng Ruins,http://travel.qunar.com/p-oi19966936-liuzhongchengyizhi,,,,,,,,,,8
鄯善县鄯善镇青年农场寺Shanshanxian Shanshanzhen Qingnian Farm Temple,http://travel.qunar.com/p-oi19966899-shanshanxianshanshanzhen,,,,,0.0,,,具体收费情况以现场公示为主,,8
清真寺Mosque,http://travel.qunar.com/p-oi19966890-qingzhensi,,,,,0.0,,,,,8
白杨河魔鬼城Baiyanghe Ghost Castle,http://travel.qunar.com/p-oi19621367-baiyanghemoguicheng,,白杨河魔鬼城又被称为乌尔禾风城。北隔天山与乌鲁木齐市相邻。是达坂城风口吹来的大风顺白杨河谷留下的杰作。,,,0.0,建议游览时间：3小时,,,,8
文化图书馆,http://travel.qunar.com/p-oi19464490-wenhuatushuguan,,,,,--,,,,,8
鄯善县图书馆Shanshanxian Library,http://travel.qunar.com/p-oi19463984-shanshanxiantushuguan,,,,,0.0,,,具体收费情况以现场公示为主,,8
王洛宾音乐艺术馆Wangluobin Yinyue Art Museum,http://travel.qunar.com/p-oi18716248-wangluobinyinleyishuguan,,王洛宾音乐艺术馆具有浓郁新疆民族风格，依山傍水，交通便利。这里主要陈列着有关王洛宾先生的百余幅历史图片和大量珍贵的文物资料，具有重要的历史纪念意义。,,https://img1.qunarzz.com/travel/poi/1803/32/0be1e4fab0016437.jpg_480x360x95_3f042a2b.jpg,4.5,建议游览时间：2小时,,,,8
鄯善县城Shanshan County,http://travel.qunar.com/p-oi18715661-shanshanxiancheng,,鄯善县隶属新疆吐鲁番市，位于天山东部南麓的吐鲁番盆地东侧，北与木垒县、奇台县为邻，东经七克台镇连接哈密市七角井乡，西部吐峪沟苏巴什村与吐鲁番市胜金乡接壤，南部经南湖戈壁至觉罗塔格与若羌县、尉犁县为界。境域总面积39800平方千米，约占新疆总面积的2.5% 。辖5个镇、5个乡，总人口231297人（2010年）。鄯善油田是中国第一个大型株罗系油田。兰新铁路、兰新高铁、连霍高速、亚欧光缆、西气东输管线贯穿全境，有鄯善火车站、高铁鄯善北站、高铁吐哈站三座火车站，距离吐鲁番机场104公里，区位优越、交通便利，是乌鲁木齐一小时经济圈的重要构成部分。2017年，鄯善县被列入国家园林县城。2018年12月，农业农村部确定为第二批中国特色农产品优势区。2018年重新确认国家卫生县城（乡镇）。,,https://img1.qunarzz.com/travel/poi/1803/dc/050a43d38672a037.jpg_480x360x95_dc90a452.jpg,4.3,建议游览时间：3天,,,,8
大漠土艺馆Desert Soil Art Gallery,http://travel.qunar.com/p-oi18713416-damotuyiguan,,大漠土艺馆位于火焰山的背面，里面展示了很多民间的土艺，可以体验一下西域的风情。,,https://tr-osdcp.qunarzz.com/tr-osd-tr-manager/img/b396c1a869badf45ffe300af60734e75.jpg_480x360x95_30b159a0.jpg,4.0,建议游览时间：1小时 - 2小时,,具体收费情况以现场公示为主,,8
克尔碱旅游区Keerjian Tourist Area,http://travel.qunar.com/p-oi18702017-keerjianlu:youqu,,克尔碱旅游区在吐鲁番地区托克逊县境内，是一处以地景旅游资源为主的风景旅游区，距离托克逊县城28公里，距离吐鲁番市120公里，距离乌鲁木齐162公里。其中克尔碱岩画，坐落在克尔碱境内，东南距离镇政府5公里。,,https://tr-osdcp.qunarzz.com/tr-osd-tr-manager/img/60674c030a6577cd9f0f52c72af7cb2a.jpg_480x360x95_2ed9b0d8.jpg,4.5,建议游览时间：3小时,,,,9
楼兰酒庄Loulan Winery,http://travel.qunar.com/p-oi10095531-loulanjiuzhuang,,,,,,,,,,9
驼铃酒庄Chateau Tuoling,http://travel.qunar.com/p-oi10095434-tuolingjiuzhuang,"

地址:
吐鲁番市高昌区葡萄沟口西侧150米处312国道旁驼铃酒庄

",酒庄占地面积150余亩，坐拥葡萄沟辐射优良葡萄基地1000余亩，驼铃酒庄主园区同葡萄沟景区紧密相连，主园区内集葡萄观光、采摘，葡萄品种科普知识普及为一体的“葡萄世界”面前拥有葡萄品种36种，酿酒葡萄品种涵盖众多优良的酿酒葡萄品种赤霞珠、梅露辄、蛇龙珠、霞多丽、玫瑰香、北醇等，游客可以葡萄的海洋中进行葡萄采摘等休闲活动。主体建筑酒文化馆及地下酒窖已经建成，文化馆总面积2400平方米，造型运用吐鲁番生土文化、葡萄凉房等多种元素，富有地域特色，馆内涵盖葡萄酒历史变迁、葡萄酒知识介绍，另外主要展示吐鲁番2000多年葡萄及葡萄酒历史变迁、吐鲁番作为葡萄故乡的先决地域条件；1500平方米地下酒窖和现代化灌装生产线，反映葡萄酒现代与传统工艺；文化馆还包括古色古香的酒吧及风格各异、优美典雅的葡萄酒主题餐厅，游客可以在其中品尝到葡萄酒文化特色的中、西菜肴，领略丰富多彩的葡萄酒饮食文化。,夏季：10:00-13:30，15:30-20:00；冬季：10:30-13:30，15:30-19:30,,0.0,建议游览时间：2小时 - 3小时,,具体收费情况以现场公示为主,,9
吐鲁番图书馆Turpan Library,http://travel.qunar.com/p-oi10011849-tulufantushuguan,"

地址:
新疆维吾尔自治区吐鲁番市高昌区东环路2号


电话:
0995-8621217

",吐鲁番图书馆是吐鲁番市区内的公共图书馆，现拥有维、汉文各类藏书15万余册，藏书种类有经济、工业、农业、文化教育、文化休闲等，还有吐鲁番地方文献三百多种。地区图书馆共开设7个流通科室，分别是成人维汉文及儿童阅览室、汉文外借室、维文外借室、地方文献及资料室、电子阅览室。,每天10：00-13：30，15：30-19：00开放。,https://img1.qunarzz.com/travel/poi/1712/16/6e3bb3bd3fc7ec37.jpg_480x360x95_0349979b.jpg,4.1,建议游览时间：1小时,,具体收费情况以现场公示为主,,9
恰勒坎村Qialekan Village,http://travel.qunar.com/p-oi10011724-qialekancun,"

地址:
吐鲁番市恰勒坎村

",恰勒坎村旅游以徒步为主。线路安排：乌鲁木齐-胜金乡-恰勒坎村--驴克琼沟--雪莲达坂--驴克琼达坂--驴克琼大草甸-琼皮牙子达坂-石人谷-万泉度假村--乌鲁木齐。到达胜金乡后开始飘大箱，2小时后到达恰勒坎村开始徒步。当天徒步时间为3小时，当晚在恰勒坎村口营地扎营。次日9点出发，沿驴克琼沟一路上升，沿途可欣赏峭壁、瀑布。下午在雪莲达坂下扎营。当天徒步路程约为16公里，路段相对简单。第三天9点出发，翻越雪莲达坂，在此可尽情欣赏拍照。休息之后翻越驴克琼达坂，在此路段会耗费较大的体力，切记不可逞能图快。下了驴克琼达坂后继续前进，沿驴克琼大草甸进沟，当晚约8点选址扎营，当日徒步距离约20公里。第四天9点出发，沿山路而上，途径2号桥、3号桥、4号桥到达琼皮牙子达坂整装休息。大约2.5小时后可翻越该达坂。该路段体力消耗很大，翻越时一定要注意缓行，下达坂后要经过一片沼泽，在此路段可以换涉水鞋，在过2道山梁后到达石人谷。石人谷地如其名，到处都是大石头，不比苏拉夏少，大约2小时后可到达高山草甸休息。休整之后一路下坡，经过蘑菇岭、刀条岭，然后从半截沟右恻的万泉度假村出口出山，结束本此徒步！当日徒步距离约为18公里。体力消耗很大。,全年 全天开放,,0.0,建议游览时间：3小时,,具体收费情况以现场公示为主,,9
阿萨吾勒开裴麻扎A’sa Wule Kaifei Tomb of Saints,http://travel.qunar.com/p-oi10009780-asawulekaipeimazha,,"吐峪沟阿萨吾勒开裴麻扎在当地人民心中的地位很是显赫,是当地较为古老，较为知名的的两个麻扎之一，它位于土峪沟千佛洞西南沟谷口，相传已有一千多年的历史。",,https://tr-osdcp.qunarzz.com/tr-osd-tr-manager/img/1709e57402d5ab9ace3d00f3dffe0b19.jpg_480x360x95_d3154483.jpg,0.0,,,具体收费情况以现场公示为主,,9
鲁克沁镇Lukeqinzhen,http://travel.qunar.com/p-oi10008636-lukeqinzhen,"

地址:
吐鲁番市鄯善县城西45公里处

",鲁克沁镇是中国历史文化名镇之一。清代，这里曾经是吐鲁番地区的政治，经济，文化中心。即使到了现在，城墙周围还保存了许多文物古迹。鲁克沁镇是吐鲁番十二木卡姆艺术的发源地。鲁克沁木卡姆的特点是“无鼓不歌，无鼓不舞，鼓变乐变，乐变舞变”。鲁克沁木卡姆以其丰富优美的旋律，深邃生动的唱词、载歌载舞的热烈气氛，深受广大人民的喜爱。2000年，著名的鲁克沁木卡姆表演家吐尔逊·司马义等四位民间木卡姆大师，应邀赴英国皇家剧院演出，以独特的乐器，流畅的音乐，精湛的演技，受到英国伊丽莎白女王的高度评价。,全年 全天开放,https://tr-osdcp.qunarzz.com/tr-osd-tr-manager/img/8a0b808b717fa82e9d1e7187aa05af51.jpg_480x360x95_b25a356d.jpg,3.0,建议游览时间：12小时 - 3天,,具体收费情况以现场公示为主,,9
吐峪沟霍加木麻扎Tuyugou Huojiamumazha,http://travel.qunar.com/p-oi10008633-tuyugouhuojiamumazha,,霍加木麻扎全称为艾斯哈布·凯海夫麻扎，俗称“圣人墓”，是古代宗教遗址，据说已有1300多年的历史。,,https://img1.qunarzz.com/travel/poi/1712/4f/fad9a7b6b364b637.jpg_480x360x95_f448b4a7.jpg,4.3,,,吐峪沟门票30元，包含千佛洞、麻扎村、霍加木麻扎。,,9
吐峪沟大峡谷Tuyugou Grand Canyon,http://travel.qunar.com/p-oi10008631-tuyugoudaxiagu,"

地址:
吐鲁番市鄯善县，东距吐鲁番市大约47公里


电话:
0995-8360032

",吐峪沟大峡谷长8公里，平均宽度约1公里，从北向南把火焰山纵向切开，色彩分明的山体岩貌清晰可见，大自然的鬼斧神工令人惊叹万分、拍案称奇，火焰山高峰便位于峡谷中。吐峪沟大峡谷是一个颇具神秘色彩的地方，不仅有怪石磷峋、沟谷纵横的峡谷风光，还有吐峪沟千佛洞、吐峪沟麻扎(墓葬)；不仅有伊斯兰建筑风格的清真大寺，而且还有藏传佛教大寺院遗迹，既是西北地区穆斯林心目中的“东方小麦加”，也是佛教徒心目中的“圣地”，每年都有不少穆斯林、佛教徒前来朝觐、朝拜。壮美的峪谷、...吐峪沟大峡谷长8公里，平均宽度约1公里，从北向南把火焰山纵向切开，色彩分明的山体岩貌清晰可见，大自然的鬼斧神工令人惊叹万分、拍案称奇，火焰山高峰便位于峡谷中。吐峪沟大峡谷是一个颇具神秘色彩的地方，不仅有怪石磷峋、沟谷纵横的峡谷风光，还有吐峪沟千佛洞、吐峪沟麻扎(墓葬)；不仅有伊斯兰建筑风格的清真大寺，而且还有藏传佛教大寺院遗迹，既是西北地区穆斯林心目中的“东方小麦加”，也是佛教徒心目中的“圣地”，每年都有不少穆斯林、佛教徒前来朝觐、朝拜。壮美的峪谷、悠久的历史、丰厚的文化蕴涵、古老的维吾尔族村落融为一体，构成了神秘、独特、奇异的风景。,旺季（4月21日-10月20日）8:00-20:00；淡季（10月21日-次年4月20日）10:00-18:30，具体开放时间详见景区公示。,https://img1.qunarzz.com/travel/d7/1801/45/96e090f01a3bd6b5.jpg_480x360x95_815cecb7.jpg,4.5,建议游览时间：2小时 - 3小时,,50元,,9
万佛山Wanfo Mountain,http://travel.qunar.com/p-oi10007605-wanfoshan,,,,,,,,,,9
交河古村Jiaohe Ancient Village,http://travel.qunar.com/p-oi10004179-jiaohegucun,"

地址:
吐鲁番市亚尔乡亚尔果勒村


电话:
0995-8687666,0995-8687885

",交河古村具有深厚的维吾尔历史文化底蕴，向世人展示着吐鲁番浓郁的民俗风情和交河的历史文化，是一座大型博物院群。古村所在的雅尔果勒村有着数百年的历史，景区内维吾尔民俗陈列馆与传统民居交相辉映，立体地展示了维吾尔人历史变迁、生产劳动、民居建筑、风土人情、宗教信仰等风貌，其中不少是已经消失和正在消失地原生态文化展示。,5/1-12/31 10:00-18:00,https://img1.qunarzz.com/piao/fusion/1908/82/d09fe24421a23802.jpg_480x360x95_5b9d1381.jpg,4.7,建议游览时间：1小时 - 2小时,,"{' 交河古村门票成人票\n\n': ['¥33起'], ' 交河古村门票学生票\n\n': ['¥17.5起'], '交河故城+交河古村+区间车成人票\n\n': ['¥123.5起']}",,10
托克逊雅丹地貌Toksun Yadan Landform,http://travel.qunar.com/p-oi10002293-tuokexunyadandimao,"

地址:
吐鲁番市托克逊县东南28公里处，西距吐鲁番40公里

",托克逊的雅丹地貌景区，由上千个各具特色的土丘组成，呈西北——东南方向分布，绵延5公里。或动物，或建筑，或行云流水，形神兼备。和乌尔禾雅丹相比较，没有那种高不可攀的感觉，各种造型多了些小巧玲珑和天真稚气。托克逊雅丹附近还有怪石山、红河谷，一年四季都适合旅游、观光。尤其冬春季节，这里是乌鲁木齐及周边市县驴友津津乐道的目的地。托克逊雅丹地貌造型别致，有的像飞龙腾跃，气势雄伟；有的像城堡，壁垒森严；有的像城郭，固若金汤；有的像楼群，拔地柱天；有的像佛塔寺庙，肃穆幽静；还有的像浪涛汹涌，涌向天际；有的如同万艘船舰，鼓帆远航…;…;每当大风吹起时，土丘之间发出呜呜声响，如鬼哭狼嚎，阴森恐怖，素有东疆“魔鬼城”之称。,全年 全天开放,https://img1.qunarzz.com/travel/d5/1803/d8/dd4671b59fc1c0b5.jpg_480x360x95_e5b8aed5.jpg,4.2,建议游览时间：1小时,,具体收费情况以现场公示为主,,10
克尔碱岩画和水系图Keerjian Rock Paintings and Drainage Maps,http://travel.qunar.com/p-oi10002292-keerjianyanhuaheshuixi,"

地址:
吐鲁番市托克逊县城境内，距县城28公里

",    岩画散布在克尔碱沟两岸，东岸岩画雕刻于零星散布的砂岩上，现存100多幅，主要内容为羊群和物质牧羊人，约3～4处。西岸岩画为岩画主体，分为两处：其一岩画有21幅，面积为28.05平方米，主要内容为人、鹿、狗、骆驼、羊及放牧等场面，还出现了猛虎追逐鹿于前的图案。    其二是克尔碱水系图，在一块面积为42平方米的巨石上，刻有一幅水系图。它以阴刻手法，绘出近38条大小河流、泉源和水渠等，并且利用石头的自然坡度，立体地、逼真地显现了当地当时自然水系的分布情况，其中较长的一段石刻河流长为3～5米，深达7～8米厘米。水系图下游，还刻有大量猎人骑马和各种草原动物食草饮水以及奔跑的生动图案。据有关专家考证，这些岩画和水系图均属于公元前6～7世纪车师人的遗存。,全年 8:00-16:00,https://tr-osdcp.qunarzz.com/tr-osd-tr-manager/img/ea54b8099d7c4ba1501d618b34fd389b.jpg_480x360x95_ffb96c9e.jpg,4.6,建议游览时间：1小时,,具体收费情况以现场公示为主,,10
台藏塔Taizang Pagoda,http://travel.qunar.com/p-oi10002291-taizangta,"

地址:
吐鲁番市高昌区三堡乡京新高速


电话:
0995-8687885,0995-8687666

",    台藏塔的始建年代为公元6～7世纪（麹氏高昌时期），是当时著名的佛教遗址。14世纪末，察合台汗国统治者强迫高昌地区的居民信奉伊斯兰教之后，台藏塔逐渐毁破。    台藏塔内曾供有一身巨大佛像，于20世纪初期被毁。台藏塔遗址占地面积为939平方米。残高约20米，塔身平面略呈口字形，朝向南偏西。塔基底部外边南北长约36米，东西残长34米，塔壁基部厚8～12米。塔内中空，内边方约15米。南向正中有宽约3米的缺口。该塔是国务院公布的第五批全国重点文物保护单位。,旺季（4月21日-10月20日）8:00-21:00 ；淡季（10月21日-4月20日）10:00-18:30,https://img1.qunarzz.com/travel/poi/1712/92/23e96ef929228137.jpg_480x360x95_edcdc090.jpg,4.0,建议游览时间：1小时,,40元,,10
沙漠植物风情园Desert Plants Garden Style,http://travel.qunar.com/p-oi10000240-shamozhiwufengqingyuan,,吐鲁番沙漠植物风情园，平均低于海平面95米左右，是建立在地球低洼地上的植物园，是一处融自然景观和人文造景观为一体的旅游胜地，是吐鲁番农民和科技工作者共同创造的沙漠绿洲。该风情园现被评为国家3A级景区。初到此地，首先可见到蒙古沙冬青排成的行道绿篱，接着便是各种稀有植物，如柽柳类、草药类、老鼠瓜类、沙拐枣类、甘草类等。这里的类群种数占中国荒漠地区植物分布总数80%以上。作为一个内陆干旱荒漠区，这里的景观令人叹为观止。除此之外，园中还建有人工湖，每到春夏湖水...吐鲁番沙漠植物风情园，平均低于海平面95米左右，是建立在地球低洼地上的植物园，是一处融自然景观和人文造景观为一体的旅游胜地，是吐鲁番农民和科技工作者共同创造的沙漠绿洲。该风情园现被评为国家3A级景区。初到此地，首先可见到蒙古沙冬青排成的行道绿篱，接着便是各种稀有植物，如柽柳类、草药类、老鼠瓜类、沙拐枣类、甘草类等。这里的类群种数占中国荒漠地区植物分布总数80%以上。作为一个内陆干旱荒漠区，这里的景观令人叹为观止。除此之外，园中还建有人工湖，每到春夏湖水波光鳞鳞，岸边树木青青，令人仿佛到了江南，园边还有坎儿井。,,https://img1.qunarzz.com/p/tts0/1801/14/c44e2afdeda2b602.jpg_480x360x95_b497ae5a.jpg,4.0,建议游览时间：3小时,,"{'沙漠植物风情园门票成人票\n\n': ['¥38起'], '沙漠植物风情园门票学生票\n\n': ['¥20起']}",,10
迪坎尔村Dikan'ercun,http://travel.qunar.com/p-oi9641842-dikanercun,,  西接吐鄯托盆地，东临库姆塔格沙漠，北眺火焰山，南望罗布泊——这个地方就是古代进入楼兰古国的要道，今天的吐鲁番地区鄯善县南部的迪坎儿乡的迪坎儿村。 由于小村坐落在洼地间，海拔高度为零，所以又被人称为“零的村庄”。 迪坎儿村的村民是古楼兰王国的一脉遗民，在楼兰王国消亡的时候迁居于此的。今天的迪坎儿村仍就是宁静的，生活在此的楼兰后裔秉承了世代相传的古国文明，路不拾遗，夜不闭户，悠闲自得，与世无争。迪坎儿的居民淳朴善良，在他们的身上没有任何尘世的烦躁与不安，尽管相对仍然属于欠发达地区，但人们的脸上总是浮现着真诚与淡定的神情，与他们相处，仿佛一下子来到了世外桃源，顿时私欲全无、心境如一。 ,,https://img1.qunarzz.com/travel/poi/1806/b3/ea07400b22da5a37.jpg_480x360x95_540a99f1.jpg,4.8,建议游览时间：12小时 - 3天,,具体收费情况以现场公示为主,,10
托克逊,http://travel.qunar.com/p-oi9220551-tuokexun,"

地址:
新疆维吾尔自治区吐鲁番市托克逊县

",托克逊县隶属于新疆维吾尔自治区吐鲁番市，位于新疆维吾尔自治区中东部，天山南麓，吐鲁番盆地西部，东与吐鲁番市高昌区为邻，南与巴州尉犁县相接，西与巴州的和硕、和静县相连，北与乌鲁木齐市毗邻。宋代为高昌回鹘地。托克逊县三面山地环绕，西、北面高而东部低，盆地自西北向东南倾斜的地貌特征，地势高低悬殊。托克逊县主要景区有盘吉尔怪石林、克尔碱岩画、克尔碱旅游区、万佛宫等。盘吉尔怪石林位于托克逊盘吉尔塔克山脊与山坡，东南距托克逊县城55公里，有公路可通至附近。是由...托克逊县隶属于新疆维吾尔自治区吐鲁番市，位于新疆维吾尔自治区中东部，天山南麓，吐鲁番盆地西部，东与吐鲁番市高昌区为邻，南与巴州尉犁县相接，西与巴州的和硕、和静县相连，北与乌鲁木齐市毗邻。宋代为高昌回鹘地。托克逊县三面山地环绕，西、北面高而东部低，盆地自西北向东南倾斜的地貌特征，地势高低悬殊。托克逊县主要景区有盘吉尔怪石林、克尔碱岩画、克尔碱旅游区、万佛宫等。盘吉尔怪石林位于托克逊盘吉尔塔克山脊与山坡，东南距托克逊县城55公里，有公路可通至附近。是由溶蚀和风蚀作用形成的奇特的峰林地貌。据史料考证吐鲁番君王府始建于清朝乾隆年间，距2013年已有300年的历史。其主任额敏和卓是吐鲁番维吾尔族的领袖，也是以为杰出的爱国者追随，归顺满清政府，协助清政府击败准噶尔叛军，大小和卓叛乱维护祖国统一，功勋卓著。为此得到乾隆的褒奖赐封为“吐鲁番郡王”并世袭罔替。,全天,https://img1.qunarzz.com/travel/poi/1708/1e/db9ab8aa05a66537.jpg_480x360x95_f721607c.jpg,4.0,建议游览时间：6小时 - 1天,,免费,,10
坎儿井乐园Kanerjing Paradise,http://travel.qunar.com/p-oi9204443-kanerjingleyuan,"

地址:
吐鲁番市亚尔村


电话:
0995-8687666,0995-8687885

",在广袤的戈壁绿洲上面，可以看到许多隆起的沙土小丘，排列有序、向南延伸，它们就是坎儿井的竖井口，下面是坎儿井暗渠，坎儿井是由：竖井、暗渠、明渠、涝坝四个部分组成。坎儿井是利用当地地理、水文地质和地形条件不用任何动力把地下水引出地面的古代水利工程。,8:00-20:00,https://img1.qunarzz.com/piao/fusion/2107/62/f71a59f7c480a102.jpg_480x360x95_0e1079a5.jpg,4.3,建议游览时间：12小时 - 3天,9月～11月，气候宜人，秋季最佳，不会受炎热夏季的影响。,"{'坎儿井乐园门票成人票\n\n': ['¥38起'], '坎儿井乐园门票学生票\n\n': ['¥20起'], '坎儿井乐园门票老人票\n\n': ['¥20起']}",,10
坎儿井博物馆Turpan Kan'erjing Museum,http://travel.qunar.com/p-oi8457694-kanerjingbowuguan,,"    吐鲁番坎儿井博物馆，位于新疆吐鲁番市亚尔乡新城西门村888号的坎儿井民俗园内，这座投资240万元的博物馆于2007年6月落成开放，是一座独具特色的专题博物馆。      博物馆分为地上和地下部分，包括100多米长的地下参观通道、500平方米的地面陈列馆、坎儿井分布图、剖面图、葡萄长廊和葡萄干晾房等，通过大量的图片、实物、模型，以通俗易懂的方式向游客展现了坎儿井的结构、分布区域、功能和研究成果，让游客能够真切地感受到""地下长城""的历史变迁、修建过程。　　走进博物馆，首先看到的是一座沙盘，直观地向游人展示了一条条坎儿井穿越戈壁，将天山的地下雪水引到一片片绿洲的情景。",,https://mp-piao-admincp.qunarzz.com/mp_piao_admin_mp_piao_admin/fusion/20199/162a7d560c1f1d3db3d421fe65bff440.jpg_480x360x95_9df47970.jpg,4.1,建议游览时间：2小时 - 3小时,四季皆宜。,具体收费情况以现场公示为主,,10
托克逊夏乡万亩杏花园,http://travel.qunar.com/p-oi7645973-tuokexunxiaxiangwanmu,"

地址:
托克逊县夏乡

",,3月22日开幕(花期时间3月15-30日),https://img1.qunarzz.com/piao/fusion/2103/80/a88d9db83310802.jpg_480x360x95_457230ef.jpg,4.3,,,免费，其他消费项目另行收费。,,10
