名字,链接,地址,介绍,开放时间,图片链接,评分,建议游玩时间,建议季节,门票,小贴士,Page
骑楼老街Qilou Old Street,http://travel.qunar.com/p-oi5740424-qiloulaojie,"

地址:
海口市龙华区骑楼老街


电话:
0898-66200273


官网:
http://www.qiloulaojie.com/

",骑楼老街是海口市一处极具特色的街道景观，主要分布在得胜沙路、新华南路、中山路、博爱路及解放路一带。骑楼是从南洋回来的华侨借鉴当地的建筑风格所建，现在这些南洋建筑经营着各种店铺。老街外表乍看斑驳古拙，仔细欣赏时发现那些建筑上大多布满优雅细致的雕塑和洋派的装饰，很有些巴洛克的味道。蜿蜒的街道，来往的人群，逛起来还挺有感觉的，需要注意的是，这里买东西需要讲价，并且一定要狠！得胜沙路是海南较大的服装批发市场。新华南路有着传统的裁缝店、各类平民服装鞋店、茶楼、小食店。中山路是曾经是五金灯饰一条街，如今这里分布着众多的咖啡馆、画廊、工艺品店等，散发着浓浓小资与文艺气息。博爱路的街边小店销售家电、小商品、服装、鲜花、礼品等，生活气息浓郁。贯穿博爱路的是东、西门市场。东门为海鲜干货市场，西门则是古玩一条街，大大小小古玩摊档沿街而摆。较为有名的骑楼小吃街并不在骑楼老街，是在大同街道。从骑楼老街坐车过去2站路，也可以步行，步行过去大约1.1公里，逛完街可以去那里吃小吃，抱罗粉、清补凉、反沙芋头、榴莲酥、椰子饭、木瓜雪蛤……让吃货们欲罢不能。,全年 全天开放,https://img1.qunarzz.com/travel/d9/1711/26/083ff3213d109bb5.jpg_480x360x95_6b8d7ac0.jpg,4.5,建议游览时间：2小时,四季皆宜。,"{'海口骑楼老街电子导览票大小同价\n\n': ['¥5起'], '【无购物无自费】海口五公祠火山口骑楼老街假日海滩纯玩一日游\n\n': ['¥259起']}",,1
海南热带野生动植物园Hainan Tropical Wildlife Park,http://travel.qunar.com/p-oi713810-hainanredaiyeshengdong,"

地址:
海口市秀英区东山镇（海榆中线27公里处）


电话:
0898-68526666,0898-68529999,0898-65569366


官网:
http://www.hntwzoo.com/

",景区基本设施 海南热带野生动植物园是集珍稀野生动植物科普博览、保护繁殖、观光旅游、休闲度假为主题的国家 AAAA 级旅游景区，是一家全景式展现岛屿型热带雨林生态系统、浓缩海南岛动植物精华的天然博物馆。  海南热带野生动植物园成立于1995年，位于海口市秀英区东山镇风景秀美的东山湖畔，距海口市区仅有27公里 。 园区占地1500余亩（其中仅动物观赏区面积达1300亩），现有各种珍禽异兽100余种 ，2000多头（只）；珍稀热带植物有280科，1000多品种，热带森林覆盖率高达99%。进入景区，犹如进入了一个天然的“大氧吧”；游览过程，宛如进行了一次美妙的“森林浴”。  园内景观纯属自然天成，莽莽林海和茂密的植物为动物营造了良好的生存环境；而人工开辟的丛林小径和种植的各种奇花异草，又使游客犹如置身于鸟语花香、生机盎然的大自然中，进入一个奇丽多姿、惊险有趣的丛林动物世界。 游玩体验 景区主要分为车行游览区和步行游览区，车行游览区一改城市动物园高墙铁笼的囚兽格局，各类猛兽自然散养，游人驱车在车行猛兽区内穿行，充分体验“人在笼中兽在外”奇妙感觉。  景区明星动物主要有：国宝大熊猫、海南坡鹿、亚洲象、长颈鹿、非洲狮、东北虎、狮虎兽、白颊长臂猿、黑熊、麋鹿、猕猴、河马、黑天鹅、火烈鸟等。  景区火烈鸟餐厅占地面积 1600 平方米，能同时容纳 600 多人用餐。餐厅菜肴原料除了鲜活，还是天然的绿色食品，主要为海南本土特色菜系。 ,全年 周一-周五 09:30-17:30;全年 周六-周日 09:00-17:30,https://img1.qunarzz.com/travel/poi/1706/9a/64700cfcaf7237.jpg_480x360x95_e3c69fed.jpg,4.5,建议游览时间：2小时 - 3小时,四季皆宜。,"{'海南热带野生动植物园门票成人票\n\n': ['¥138.8起'], '海南热带野生动植物园门票儿童票\n\n': ['¥85起'], '海南热带野生动植物园门票学生票\n\n': ['¥89起']}",,1
观澜湖华谊冯小刚电影公社Mission Hills H?Brothers Feng Xiaogang Film Commune,http://travel.qunar.com/p-oi7469832-guanlanhuhuayifengxiao,"

地址:
海口市龙华区羊山大道19号电影公社（西线高速往观澜湖温泉1.8公里处）


电话:
0898-36688000


官网:
http://www.movietownhaikou.com/

",海口观澜湖华谊冯小刚电影公社是由观澜湖集团携手华谊兄弟公司、知名导演冯小刚，巨资打造的中国独具特色的电影主题旅游胜地。电影公社包括1942·芳华景区、南洋景区、老北京景区、美丽乡村石山村落景区、影人星光大道六大独立景区。在集纳电影场景的各个区里，还聚集了不同品牌和特色的餐饮、娱乐、购物、电影院、咖啡屋、酒吧、精品酒店……难忘的电影场景，浓郁的怀旧气氛，日与夜转换的旅游商业街区，使整个项目集建筑旅游、电影旅游、商业旅游于一体，完整展现上世纪百年间，不同时空转换的中国城市街区风情和城市街区建筑的演变史。1942·芳华景区，以电影《一九四二》和《芳华》中的场景为蓝本，让银幕里的世界触手可及。1942景区以电影《一九四二》中的重庆街道为蓝，91栋建筑集合了上世纪二十至四十年代长江流域上海、南京、武汉、重庆四大城市典型的建筑风情，其中25栋建筑完全按照老照片复原，包括西山钟楼、重庆国泰戏院、上海融光大戏院等等，每一栋建筑背后都有一段流逝的故事，令人追忆和回味。芳华景区是专门为2017年贺岁电影《芳华》规划建设的电影实景区，电影中80%的场景取自这里。景区内设置影壁墙、篮球场、排练厅和练功房、泳池、更衣室、道具间、军需库等。为了确保场景准确还原年代背景，景区从设计到建造陈设，从景区内随处可见的红色标语甚至到游泳池的一块瓷砖，都严格遵照上世纪70年代中国风貌和年代特色真实展现，让人身临其境。南洋景区座落在300多米长的水岸边，集合了70幢中外建筑风格交相辉映的南洋风情建筑。其中，富有时代感的牌坊、码头、钟楼、小桥等南洋建筑集群极富意趣。南洋街充分凸显了“一带一路”和海南地域特色，不仅真实还原南洋风情建筑和街道，而且还原性呈现武馆、当铺、洋服铺、药铺、凉茶铺、饼屋等南洋市井商业风情，同时全天候的演艺让游客感受到立体多元的文化旅游体验，完整再现中国历史上三大迁徙之一的“下南洋”的盛况与繁华。老北京景区集合老北京风情建筑集群的精华，真实还原新中国成立后至上世纪七十年代老北京城的历史韵味，高大的钟鼓楼与明清古建筑和雄伟的苏式建筑群，体现出大气、端庄、简洁的建筑审美情趣，更加原汁原味的体现老北京的文化内涵，特别融入了电影《老炮儿》里的北京胡同元素，更显京味十足。美丽乡村石山村落景区以海口火山地区石山村落鲜明特色的建筑群，依托天然的火山坑，以灯塔为中心打造海口美丽乡村。景区以沉浸式体验为理念，把海南本土的榨甘蔗，熬红糖，制作黎族织锦等传统手工艺场景建造成实景，为孩子们打造了松鼠小剧场和动物农场饲养，出口位置的农贸集市售卖海口本地的特色农产品，充分调动游客的趣味性和参与性。以电影《非诚勿扰2》中的 “鸟巢”并加以改造酒店和仿造火山民居的主题客栈，旨在让游客重温电影中的场景，并为游客提供极具特色的住宿体验。影人星光大道设置于电影公社正门入口的长廊，由国内一线的影视明星和导演的手印和签名组成。充分考察和借鉴好莱坞及中国香港的星光大道，采用整块大理石，通过人工切割、雕刻、打磨，制作成1.2米高的ArtDeco风格的基座，方便游客在喜爱的明星手印前拍照留念。首批呈现的80位明星手印和签名，大部分明星和导演都亲临过电影公社，包括冯小刚、葛优、张国立、成龙、刘德华、徐帆、宋丹丹、姚晨、李冰冰、廖凡、段奕宏、徐克、管虎等国内一线明星和导演。,全年 09:00-22:00,https://img1.qunarzz.com/travel/poi/1806/6e/5db5394c0b750637.jpg_480x360x95_517ad8e2.jpg,4.3,建议游览时间：3小时 - 6小时,四季皆宜。,"{'观澜湖华谊冯小刚电影公社1942江城谣·芳华景区门票+南洋潮景区门票成人票\n\n': ['¥148起'], '观澜湖华谊冯小刚电影公社东方红景区门票成人票\n\n': ['¥126起'], '观澜湖华谊冯小刚电影公社南洋景区门票成人票\n\n': ['¥78起']}",,1
云洞图书馆,http://travel.qunar.com/p-oi37805765-yundongtushuguan,,"云洞图书馆紧邻大海，总面积约七百多平方米，图书馆藏书种类丰富，里面还设有阅读区、露台和咖啡厅。
",,https://tr-osdcp.qunarzz.com/tr-osd-tr-touch/img/82c8df978e1a79ab343b352120851d97.jpeg_480x360x95_a5e7b16b.jpeg,4.3,建议游览时间：2小时 - 3小时,,具体收费情况以现场公示为主,,1
假日海滩Holiday beach,http://travel.qunar.com/p-oi710309-jiarihaitan,"

地址:
海口市秀英区滨海大道


电话:
0898-68719988


官网:
http://www.hkholidaybeach.com/

",假日海滩位于海口市西部，海滩的左侧是葱翠的绿树，右侧是琼州海峡。在这里，阳光、海水、沙滩、椰树相映成趣，构成一幅美丽的自然画面。海滩景区主要入口设在位于景区中央的沙滩日浴区，对游客开放的项目有：水上世界、水上摩托艇中心、泳具租赁、冲浴中心、温泉宾馆、旅游工艺品商场等。沙滩烧烤在这里也很流行，每当周末到来，假日海滩上总是三五成群的人们围坐在一起，品尝着自己亲自烧烤的食物，吃完了海边散散步。,全年 9:00-21:00,https://img1.qunarzz.com/travel/d6/1610/bc/d5bf7b8b1ff76fb5.jpg_480x360x95_d36804fc.jpg,4.5,建议游览时间：4小时,5-11月。夏秋两季最佳，下海游泳是最好的避暑选择。,"{'假日海滩电子导览服务大小同价\n\n': ['¥6起'], '【无购物无自费】海口五公祠火山口骑楼老街假日海滩纯玩一日游\n\n': ['¥259起']}",,1
五公祠Five Officials Temple,http://travel.qunar.com/p-oi709229-wugongci,"

地址:
海口市琼山区海府路169号


电话:
0898-65855653,0898-65353047

",五公祠位于海口市区，是展示中国古代贬官文化、海南历史文化及具有海南特色的古代建筑艺术的文物古迹。该祠是为纪念唐、宋时期贬谪到海南岛的五位历史人物而建的，故名五公祠。这是一幢用上等木料精心构筑的红楼，分上下两层，四角攒尖式的屋顶，素瓦红掾，与四周烂漫的绿叶繁枝相辉映，显得格外的庄严肃穆。游玩时首先从苏公祠进入，苏公祠往左，即是合祭五位名臣的五公祠。五公祠主楼是一幢用上等木料精心构筑的红楼，楼高十几米，学圃堂里陈列的明代铜禁钟、清代铁洪钟和三门大铁炮是五公祠的镇祠之宝。接着可以到观稼堂里“寻根问祖”，在这里可知海南人的祖先主要来自福建和广东。从苏公祠往右，还有两伏波祠，这里祭祀西汉伏波将军路博德和东汉伏波将军马援。两位将军曾先后征讨岭南，开琼崖、詹耳等九郡。五公祠的对面是海口博物馆，二者是连通的。这里原来是五公祠陈列馆，里面展品不是很多，陈列了一些海南名人的生平和作品，有兴趣可以和五公祠一并游览。,全年8:00-18:00；其中2月4日7:30-16:00。,https://img1.qunarzz.com/travel/d0/1608/57/03ea2f89ff5708b5.jpg_480x360x95_792133bf.jpg,4.4,建议游览时间：2小时,四季皆宜。,"{'海口五公祠门票成人票\n\n': ['¥19起'], '海口五公祠门票优待票\n\n': ['¥15起'], '海口五公祠门票双人票\n\n': ['¥38起']}",,1
东寨港红树林Dongzhaigang mangroves,http://travel.qunar.com/p-oi715998-dongzhaiganghongshulin,"

地址:
海口市美兰区明北环线


电话:
0898-65743011

",东寨港红树林是一片安静的自然保护区。红树林具有顽强的生命力，涨潮的时候除了树冠几乎全部都淹没在水里，到了退潮时才渐渐露出树干。游客乘坐游船能全面欣赏到红树林的优美景色，幸运的话还能看到各种鸟类，特别是到了秋冬时节这里几乎是候鸟的乐园。,9:00-17:30，17:00停止入场。,https://img1.qunarzz.com/travel/d4/1608/db/2895c744d5660ab5.jpg_480x360x95_575ca59b.jpg,4.2,建议游览时间：2小时 - 3小时,四季皆宜。,"{'东寨港红树林水上观光游船票成人票\n\n': ['¥55起'], '东寨港红树林水上观光游船票儿童票\n\n': ['¥23起'], '东寨港红树林水上观光游船票亲子票(1大1小)\n\n': ['¥78起']}",1、乘坐旅游专线去景区，建议只买单程票，不然游玩时间会不够。2、到了终点下车后，不要在售票点买门票。建议返回到大路上，顺着来时车前进的方向再走500米，就看到红树林保护区的建筑和标识。这里有修得很好的栈道可以到红树林里游览，不要门票。3、游红树林一定要坐船，但这里的游船无论开价和游船时间都有差异，可先在码头附近走一走，多询问再做选择，不要被人一忽悠就带上船了。若人多，推荐130元可坐六人的船，而且还可登菠萝岛。,1
碧海银滩公园,http://travel.qunar.com/p-oi36409542-bihaiyintangongyuan,"

地址:
新埠街道新埠岛埠北环路北

","碧海银滩公园内有沙池、滑梯和跷跷板，沙子细腻柔软，另外，公园内还有很多道具，非常适合拍照打卡。
",全年 全天开放,,5.0,建议游览时间：2小时 - 3小时,,具体收费情况以现场公示为主,,1
金沙湾滨海公园,http://travel.qunar.com/p-oi36197469-jinshawanbinhaigongyuan,"

地址:
西秀镇金山路

",金沙湾滨海公园位于海口市秀英区。公园内有儿童乐园，各种可爱的动物，环境优美，适合周末去遛娃。公园内有艺术感的文艺牌子，小风车，各种动物形状椅，可以拍照打卡，也可以带上帐篷去露营，在海边野餐，喝茶，聊天，享受美好时光。,无限制,https://flight-feed.qunarzz.com/as3/424/image/2022/7/067cd886-6e90-4077-98d4-fd9e37e43fea.jpg,0.0,建议游览时间：2小时 - 3小时,,具体收费情况以现场公示为主,,1
万绿园Wanlv Park,http://travel.qunar.com/p-oi713326-wanlu:yuan,"

地址:
海口市龙华区滨海大道38号


电话:
0898-68511069

",万绿园是海口市的开放性热带海滨生态园林，在这里你能看到跑步的、练拳的、放风筝的、骑双人自行车的人，是当地周末游的好去处。园中栽种了许多以椰子树为主的热带和南亚热带观赏植物，呈现出一派热带园林风光。并设有高尔夫球练习场，可以好好运动一下，放松自己。,全年 全天开放,https://img1.qunarzz.com/travel/d2/1608/f3/8ba5f1a4ba9af0b5.jpg_480x360x95_917544a7.jpg,4.6,建议游览时间：2小时 - 3小时,12月至来年4月。这时的三亚气候舒适，是个避寒的好去处，没有了夏季的炎热，也避开了台风季节。,"{'万绿园电子导览服务大小同价\n\n': ['¥5起'], '【无购物无自费】海口五公祠火山口骑楼老街假日海滩纯玩一日游\n\n': ['¥259起']}",,1
雷琼海口火山群世界地质公园Leiqiong UNESCO Global Geopark,http://travel.qunar.com/p-oi710011-leiqionghaikouhuoshan,"

地址:
海口市秀英区石山镇火山群世界地质公园


电话:
0898-65469668,0898-65468989,0898-65469666


官网:
http://www.hkhsq.com/

",雷琼海口火山群世界地质公园位于海口市石山镇。公园拥有类型多样的火山，堪称一个天然的地质博物馆。在火山口的制高点，能够远眺海口市区和琼州海峡，风光迷人。顺着景区的步道往里走，沿路是葱茏的热带植物，还可以看到诸如玄武岩、熔岩流等火山喷发遗留下的景观，还有一个火山石器文化园，展示2000多年前火山地区的村落用火山石堆砌的村门、制造的石磨、石碗、石盆、石桌、制蔗器等等，置身其中，仿佛回到石器时代。步道尽头是火山神庙，立有“山岳配天”横碑和刻着“大王神”、“土地神”和“应铸神”的石碑。坡地往上有199层台阶，99代表九九重阳，100意味着走完这个火山口能长命百岁。再往上就是马鞍岭火山口，世界上保存完整的死火山口之一，中间凹陷，突起的南北两峰分别叫风炉岭和包子岭，远远望去像一个硕大的马鞍，马鞍岭也因此得名。沿着环山步道有5个观景点，可以观赏火山口的景色。其中，马鞍岭火山口是海口的制高点，海拔222.8米，天气晴好的时候视野很好，很多游客在这里拍照留念。另一个值得一提的观景点是前朱雀（观海口）观景台，从这里可以远望琼州海峡的碧海蓝天，看海口城市高楼林立，如孔雀开屏；往南看是热带雨林覆盖的火山群此起彼伏，风光迷人。除了环火山口观景，你还可以沿步道进入风炉岭火口底部，这里的形状好像一口大锅，大的地方据说可以容纳万人。火口里非常凉快而且植物很多，是一个天然的氧吧，同时，还可以看到火山渣、熔岩饼、火山弹等火山喷发的遗物。,8:00-18:00；其中2月4日8:00-16:00。,https://img1.qunarzz.com/travel/d5/1608/a5/1647519c186d5eb5.jpg_480x360x95_37f8fc65.jpg,4.6,建议游览时间：2小时 - 3小时,每年10月至翌年5月。海口风平浪静，气候怡人。,"{'雷琼海口火山群世界地质公园门票成人票\n\n': ['¥45起'], '雷琼海口火山群世界地质公园门票双人票\n\n': ['¥89.4起'], '雷琼海口火山群世界地质公园电子导览服务大小同价\n\n': ['¥0.9起']}",,2
海口世纪大桥Haikou Century Bridge,http://travel.qunar.com/p-oi5940939-haikoushijidaqiao,"

地址:
海口市龙华区连接龙昆北路和海甸岛


电话:
0898-68520076

",海口世纪大桥横卧海淀河上，可以算是海口标志性的景色，傍晚时分，夕阳西下，大桥的拉桥结构很是惊艳。桥上还可以过人，有人行道，从桥上可以俯瞰浩瀚的海水。大桥位于海口市龙昆北路向北延长线上，全长2683米，其中主桥长636.60米，主桥为双塔双索面三跨的斜拉桥。主桥两端共设4座塔楼，南北岸设桥头广场。,全年 全天开放,https://img1.qunarzz.com/travel/d1/1608/b0/9a114c191140e4b5.jpg_480x360x95_9c9b12a1.jpg,4.6,建议游览时间：1小时,四季皆宜。,具体收费情况以现场公示为主,,2
海口钟楼Haikou Bell Tower,http://travel.qunar.com/p-oi5740979-haikouzhonglou,"

地址:
海口市龙华区长堤路20号(人民桥附近)


电话:
0898-66797846

",海口钟楼是海口重要的标志性建筑物，距今已有近百年的历史，起初是为适应对外通商而建立。楼高五层，墙体用红砖砌筑。海口钟楼立于长堤路，面向入海口，海口钟楼对面那排古旧的建筑就是闻名的海口骑楼老街。如今的海口钟楼是1987年依照旧钟楼原貌拨款改建。命名为“古钟新声”。钟楼是海口的象征，见证了这座城市的成长历程。,全年 全天开放,https://img1.qunarzz.com/travel/d5/1507/93/7687c727a6c278.jpg_480x360x95_ad219811.jpg,4.4,建议游览时间：0.3小时,四季皆宜。,具体收费情况以现场公示为主,,2
白沙门公园Baishamen Park,http://travel.qunar.com/p-oi3751093-baishamengongyuan,"

地址:
海口市美兰区海甸六东路与人民大道交汇处


电话:
0898-66161089

",海甸岛北部的白沙门公园，是很多当地人的儿时记忆。公园内有摩天轮、过山车和海盗飞船等游乐设施，还有一段平缓的海岸线和细腻的沙滩。每逢周末，很多市民带着孩子来这里休闲娱乐。公园有海口年轮、欢乐海洋、夕畔海岸、城市驿站四大旅游主题片区，其中包括“白沙门儿童游乐园”、“陶字雕塑演绎妈祖文化”、“白沙门公园网球场”等。白沙门公园还具有田园生态特色的湿地景区，有完整的水系，水中还有小沙洲，别具特色的木桥连接路段，让人体验到丝丝田园乐趣。,全年 全天开放,https://img1.qunarzz.com/travel/poi/1706/da/1241d0d0db53a937.jpg_480x360x95_f64e8956.jpg,4.6,建议游览时间：2小时 - 3小时,,具体收费情况以现场公示为主,,2
海南省博物馆Hainan Provincial Museum,http://travel.qunar.com/p-oi5740991-hainanshengbowuguan,"

地址:
海南省海口市琼山区国兴大道68号


电话:
0898-65238880,0898-65238891


官网:
http://www.hainanmuseum.org/

",2008年才开馆的海南省博物馆是省级博物馆中较年轻的博物馆，也是海南省仅有的综合类现代化博物馆，这里馆藏着国家珍贵文物“越王亓北青铜古剑”、“唐三彩立马俑”和“宋青白釉花口凤首壶”，共有《海南馆藏文物》、《海南历史》、《海南少数民族》、《海南非物质文化遗产》4个基本陈列，对历史文化感兴趣的不妨去看看。展馆一共分为三层，第一层一般是临时展厅。第二层就是重头戏的《海南馆藏文物陈列》，里面展出了近百件铜器、陶瓷器和书画作品，是海南历史和文化的重要见证。海南省博物馆的三件镇馆之宝就在这个陈列馆，即“越王亓北青铜古剑”、“唐三彩立马俑”和“宋青白釉花口凤首壶”，这三件文物都是国家珍贵文物，价值近亿元，由国家文物局赠送，其中亓北青铜古剑为珍贵的文物。《海南历史陈列》也是在二层，它以时代为线索，展示了海南历史发展的主要过程和基本规律，可以对海南的历史信息有个深入的了解。《海南少数民族》、《海南非物质文化遗产》的陈列位于三楼，前者展现了海南的少数民族——黎族、苗族、回族，质朴淳厚的民风民俗。后者是海南省的非物质文化遗产，比如黎苗族的织绣又比如一些表演艺术，如黎族打柴舞、崖州民歌，会看到一些详细的介绍，挺长知识的。很多人对于文物可能不那么了解，走马观花的看下会比较无趣，需要请讲解员或者租借语音讲解器的游客，可至一楼服务中心咨询。,周二-周日：9:00—17:00（16:30停止入馆）；周一闭馆，夜间暂停开放。,https://img1.qunarzz.com/travel/d9/1608/ad/e3791ce1b8021fb5.jpg_480x360x95_c461b950.jpg,4.5,建议游览时间：2小时 - 3小时,四季皆宜。,"{'海南省博物馆电子导览（不含门票）服务大小同价\n\n': ['¥8起'], '【无购物无自费】海口五公祠火山口骑楼老街假日海滩纯玩一日游\n\n': ['¥259起']}",,2
金牛岭公园Jinniuling Park,http://travel.qunar.com/p-oi711698-jinniulinggongyuan,"

地址:
海口市龙华区海秀中路102号


电话:
0898-68924957,0898-68913605,0898-68913335

",金牛岭公园是海口市民平日休闲放松的地方，公园不大，四季树木苍翠，有很多热带植物，还有一个动物园，饲养了一些野生的鸟类，特别适合亲子郊游。公园内的棕榈园，有品种齐全的棕榈树，高低错落，一派热带风光。公园主要分为热带植物园和动物园两大部分，直通海秀大道的公园入口处，路两旁粗壮高挺的棕榈树立正排列，顺路抬头仰望可见一头高大威武的金牛置身于万绿之中，这也正是此处公园的标志。公园内分布着不同景区，风光各异。园内设有金牛湖，综合性动物园、白鸽园、蝴蝶、竹园、槟榔园、菠萝蜜园、热带亚热带果园、花卉园、烈士陵园、健身广场，属海口具有九园一湖一场的大型园林景观公园。,全年 5:00-23:00,https://img1.qunarzz.com/travel/poi/201211/15/b28688dcb692502dddb12cfb.jpg_480x360x95_8a3f1e45.jpg,4.5,建议游览时间：2小时 - 3小时,四季皆宜。,{'金牛岭公园电子导览服务大小同价\n\n': ['¥5起']},,2
西秀海滩Xixiu Beach,http://travel.qunar.com/p-oi5740425-xixiuhaitan,"

地址:
海口市秀英区滨海大道163号中国石油公司海南分公司西侧280米左右


电话:
0898-68654616

",西秀海滩原名为海口秀英海滨浴场，与假日海滩相距较近。这个海滩的游客比较少，适合来这里安静走走，玩玩水，喝喝椰汁，吃吃烧烤。这里还是帆船帆板训练基地，看看远处白帆点点，还有很多练习帆船帆板的少年。,全年 全天开放,https://img1.qunarzz.com/travel/d3/1608/ae/c2beb460110e9cb5.jpg_480x360x95_7624ca6b.jpg,4.5,建议游览时间：2小时 - 3小时,四季皆宜。,具体收费情况以现场公示为主,,2
海口人民公园Haikou People's Park,http://travel.qunar.com/p-oi711027-haikourenmingongyuan,"

地址:
海口市龙华区公园路3号


电话:
0898-66774725

",热门市民公园，园内东、西湖景色优美，湖畔椰林环绕，湖心岛上楼阁金碧辉煌。公园内还有动物园，能看到一些热带和亚热带动物。公园内还新建了游乐场，吸引了大批的小朋友。海口人民公园，全园按功能分区划分东西湖游览区、烈士纪念区、热带植物标本区、安静休息区、兰圃、动物区及生活区等。海南解放纪念碑在公园正门入口处，屹立内在大英山上，为纪念长期坚持琼岛革命和渡海作战而英勇牺牲的烈士，于1954年而建。公园内还建有冯白驹将军雕像和冯白驹纪念亭，冯白驹将军是琼崖党组织的领导核心。,全年 全天开放,https://img1.qunarzz.com/travel/d9/1608/20/c79797be5a74a3b5.jpg_480x360x95_2f906a15.jpg,4.6,建议游览时间：2小时 - 3小时,四季皆宜。,具体收费情况以现场公示为主,,2
海瑞故居Hairui Former Residence,http://travel.qunar.com/p-oi7565527-hairuiguju,"

地址:
海口市琼山区红城湖路67号


电话:
0898-65816199

",海瑞故居由琼山籍有名的建筑师郑振鈜先生，以海瑞故居的原貌为依据，参照明代海南建筑风格加以设计的设计，海瑞故里的后人骆书富先生承建，琼山县政府、府城镇政府拨款和各界人士捐资兴建。前门为牌坊式，上正中悬挂“海瑞故居”木匾，匾上方有“粤东正气”四字匾。入前门便见前后二进正屋，皆一厅两房，正屋两侧为横屋，设书斋、陈列厅、花厅、杂用间各一间。正屋十柱抬梁结构，四面石墙，屋檐高3.6米，十柱全用进口坤甸木，椽桷全用进口梢木，障板全用海南特产铁树和抱密树精制而成。四周墙垣长154米，高2.2米，围墙上安青竹窗。,"全年 周一,周三-周日 08:00-18:00;全年 周二 全天不开放",https://img1.qunarzz.com/travel/d0/1602/b0/c71ebbee15bd3f7.jpg_480x360x95_447fb570.jpg,4.4,建议游览时间：1小时 - 2小时,,{'海瑞故居电子导览（不含门票）服务大小同价\n\n': ['¥5起']},海瑞故居并不是海瑞生前的住所，为后来纪念海瑞修建，但离开这里不远有海瑞墓可以开车前往，海瑞墓不方便停车要注意。,2
琼台书院Qiongtai Academy,http://travel.qunar.com/p-oi702820-qiongtaishuyuan,"

地址:
海口市琼山区府城中山路8号


电话:
0898-65872309

",琼台书院是粤剧《搜书院》中故事发生的地点，因此而闻名。一进书院，可看到两旁的鸡蛋花树，“鸡蛋花”又名缅栀子，花瓣洁白，花心淡黄，端庄高雅，极似蛋白包裹着蛋黄，因此得名鸡蛋花。琼台书院主楼“奎星楼”，高二层，绿瓦、红廊、白墙，院里有书院掌教探花张岳菘和进士谢宝的两尊塑像。书院里有两个小型展馆，和一个小型博物馆，博物馆内展有大量的《搜书院》剧照图片和翔实的史料，充分展示了琼台书院三百年发展史及海南教育史。琼台书院始建于清康熙年间，曾为清代琼州的高等学府，相传是后人为纪念明朝大学士邱浚而建。这里曾培养了一批文人墨客，是海南著名的名胜古迹，现琼台书院在琼台师范学校内。,全年 08:00-17:30,https://img1.qunarzz.com/travel/poi/1409/19/bbeac50990625bc4ffffffffc8d65eac.jpg_480x360x95_1dfbf461.jpg,4.3,建议游览时间：1小时,四季皆宜。府城换花节（农历正月十五晚上）、军坡节庙会（农历二月初九至十九）,具体收费情况以现场公示为主,,2
西海岸带状公园Haikou West Coast Park,http://travel.qunar.com/p-oi7469803-xihaiandaizhuanggongyuan,"

地址:
海口市秀英区滨海大道


电话:
0898-68666056

",西海岸带状公园距海南省海口市中心11公里，于海口市的西北面，东邻秀英港，南依新海林场，西靠粤海铁路通道码头，北临琼州海峡，是个开放式的滨海公园。西海岸带状公园沿着滨海大道两侧呈带状伸展，北邻琼州海峡，包括西秀海滩和假日海滩，全长约11千米，面积达104.3公顷，绿地率达86%。近处是宽广的椰林大道，两边是雕塑、草地、回廊、小路和海滩风光旖旎；远处海面上是海市蜃楼般的海口市，是近年来海口市旅游景区建设的重点工程，目的是为海口市民和外地游客提供又一个体闲娱乐的好场所和环境优美的活动空间。,全年 9:00-0:00,https://img1.qunarzz.com/travel/d6/1608/42/2c1d7170fa9f65b5.jpg_480x360x95_461ba680.jpg,4.7,建议游览时间：1小时 - 2小时,,具体收费情况以现场公示为主,,3
海瑞墓Hairui's Tomb,http://travel.qunar.com/p-oi703013-hairuimu,"

地址:
海口市龙华区丘海大道39号


电话:
0898-68916604,0898-68922060

",海瑞墓是为了纪念历史上有名的清官海瑞而修建的，主要由石牌坊、海瑞墓、海瑞塑像、海瑞陈列馆及相关建筑构成，又被叫做海瑞纪念馆或海瑞公园。整个公园修得清秀正气，适合安静的瞻仰、凭吊。走进景区大门，先看到的是石牌坊，穿过牌坊便是用花岗石条铺砌而成的墓道，长约一百多米，与一般墓道相同，两侧对称排列着石羊、石马、石狮、石龟和石人。而墓道的尽头就是海瑞陵墓，墓前的墓碑是真品，距近已有四百多年历史，是国家珍贵文物。海瑞墓后的部分是后期扩建的，有海瑞塑像、扬廉轩、清风阁、假山等建筑。,全年 8:00-17:30,https://img1.qunarzz.com/travel/d7/1608/98/f18cc79207e0f3b5.jpg_480x360x95_f12eeda6.jpg,4.3,建议游览时间：1小时,四季皆宜。,具体收费情况以现场公示为主,,3
白沙门公园游乐场,http://travel.qunar.com/p-oi711205-baishamengongyuanyoule,,,,,,,,,,3
海口市博物馆Haikou Museum,http://travel.qunar.com/p-oi703377-haikoushibowuguan,"

地址:
海口市琼山区海府大道169号五公祠游览区内(近流芳路)


电话:
0898-65353047

",海口博物馆亦称“五公祠陈列馆”，与五公祠隔桥相望，与“海南第一楼”遥相对应。是一座规模宏大、气势雄伟的仿古建筑，风格典雅、设计独特。博物馆整个建筑面积达4200平方米。馆内椰树成行，林木葱茏，风景宜人。共分八个展厅，中心的二、三楼展出海南历代名人的生平事迹和一些艺术摄影作品等，为“流海人文”平添风采。,全年 8:00-17:30,https://img1.qunarzz.com/travel/poi/1706/6c/2e13c05d16eaba37.jpg_480x360x95_9fcb9072.jpg,4.2,建议游览时间：1小时 - 2小时,四季皆宜。,25元,只想参观博物馆的游客，可从海口市流芳路五公祠后门进入海口市博物馆参观。若从海口五公祠正门穿过五公祠而进入，按照规定需购买五公祠门票。,3
龙华区中山路Haikou Zhongshan Road,http://travel.qunar.com/p-oi5740995-longhuaquzhongshanlu,"

地址:
海口市龙华区中山路

",海口中山路是国内闻名的风情街区。这里的骑楼充满了岭南和南洋特色。骑楼大多是上世纪初从南洋回来的华侨借鉴南洋建筑风格所建。楼层都不高，两三层居多，十几座骑楼连一起，十分壮观。店屋前的长廊连接起整个街区，可以为行人遮挡烈日和暴雨，又是店家招徕顾客的开放交流场所。,全年 全天开放,https://img1.qunarzz.com/travel/d2/1610/c8/7f87d84f6fc776b5.jpg_480x360x95_5800fb7a.jpg,4.4,建议游览时间：2小时 - 3小时,四季皆宜。,具体收费情况以现场公示为主,,3
西天庙Xitian Temple,http://travel.qunar.com/p-oi703551-xitianmiao,"

地址:
海口市龙华区义兴街75号

",西天庙位于海口市龙华区义兴街75号，该庙占地面积共有1193平方米，原有建筑面积900余平方米，有正室三进，第一进和第二进之间有天井，第二进和第三进之间是拜亭，拜亭两边为东西厢廊。整个庙宇系砖木结构，丁字斗拱（单式斗拱），头门有石刻“西天庙”凸字横匾，系出自清代琼籍探花、著名书法家张岳崧的手笔。室内画栋雕梁，工艺精致，斗拱之产和墙壁之上，有成套的木刻和故事绘画，故事人物栩栩如生，为海南省保存至今的不可多得的古代建筑物。,全年 全天开放,https://tr-osdcp.qunarzz.com/tr-osd-tr-space/img/622bd742763970a3eb2f31e416c736a6.gif_480x360x95_8792c82e.gif,4.4,建议游览时间：1小时,四季皆宜。,具体收费情况以现场公示为主,,3
李硕勋烈士纪念亭Haikou Li Shuoxun Martyrs Memorial Pavilion,http://travel.qunar.com/p-oi710930-lishuoxunlieshijinian,"

地址:
海口市琼山区勋亭路39号


电话:
(0898)65349382

",纪念亭建在李硕勋烈士就义地点，亭呈四角形，高6.1米，亭的横匾上有“李硕勋烈士纪念亭”的题字。亭前有花岗岩雕刻的李硕勋烈士上半身塑像，基座上镌刻烫金大字“李硕勋烈士永垂不朽”。亭后是老一辈无产阶级革命家为李硕勋烈士书写的题词碑廊。亭园西侧为烈士生平业绩陈列室。,全年 8:00-18:00,https://tr-osdcp.qunarzz.com/tr-osd-tr-manager/img/a94f4cbc5887913d846c58f816732e60.jpg_480x360x95_235851e7.jpg,4.0,建议游览时间：1小时 - 2小时,四季皆宜。,具体收费情况以现场公示为主,,3
金牛岭,http://travel.qunar.com/p-oi707767-jinniuling,"

地址:
海南琼海市万泉河出海口博鳌风景区内


电话:
0898-68924957

",,6:00-20:00,https://tr-osdcp.qunarzz.com/tr-osd-tr-space/img/a21c7f8c2afa070d805be8581911752a.gif_480x360x95_d9ae65f0.gif,4.0,建议游览时间：2小时 - 3小时,,免费,,3
得胜沙路,http://travel.qunar.com/p-oi5740994-deshengshalu,"

地址:
海南省海口市龙华区

",得胜沙街东起新华北路，西抵龙华路北端，长520米。得胜沙街，与附近永乐街（解放路）、大街（中山路）、新街（新华路）、长堤路等路商业街的南洋建筑形成于二十世纪二、三十年代。主要是出海外闯南洋谋生创业的归国华侨，按照南洋当地的建筑风格特色效仿兴建的，据说当是建筑所需要用的钢筋、楠木、水泥等物资从是南洋那边运输过来的。,全天,https://tr-osdcp.qunarzz.com/tr-osd-tr-space/img/68a413ed3457478a9add8263961618e1.jpg_480x360x95_a20ddbba.jpg,4.3,,四季皆宜。,免费,,3
琼崖一大旧址Qiongyayida Site,http://travel.qunar.com/p-oi713779-qiongyayidajiuzhi,"

地址:
海口市琼山区解放西路竹林里131号

",在海口解放西路竹林里131号——邱秉衡先生的祖宅，建于1919年，是一座典型的琼北民居，砖木二进三间四合院式，主屋坐北朝南，东西各配厢房。这里就是中共琼崖代表大会的旧址。穿过大院左边的门廊，可看到旧址房屋所在的小院，这里有一座30米长、3米高的浮雕，生动地向人们展示琼崖人民革命，历经土地革命战争、抗日战争和解放战争三个时期直至解放海南岛的整个历史。,全年 8:00-18:00,https://img1.qunarzz.com/travel/d3/1505/13/644bd58e9fbfff.jpg_480x360x95_236cb80b.jpg,4.4,建议游览时间：1小时,四季皆宜。,具体收费情况以现场公示为主,,3
桂林洋海滨旅游区Guilin Ocean Seaside Tourist Area,http://travel.qunar.com/p-oi5740427-guilinyanghaibinlu:you,"

地址:
海口市琼山区距府城镇19公里

",桂林洋海滨是个还未经过多精雕细琢的海滨区域，有部分开发了的，也有部分尚未开发，但正因为这样，这里保持了海滩原有的质朴和安宁。邀上三俩好友，来这里踩着细软的沙子大口大口喝啤酒、吃烧烤，无拘无束地让人羡慕。旅游区内，现建有海滨游泳场、国际体育村、泰国花果园、阳光城度假村、世界漫游公园5个旅游度假区，与一般海滨景区一样，这里也有烧烤和海上游乐等服务项目。这里海水比海口西海岸清净，海域无鲨鱼，海底无礁石，海岸伸延坡度小，海岸浅水带宽达200米。沿海木麻黄林带如墙似壁，海沙白、细、松，是理想的畅泳之地和休闲度假场所。,全年 全天开放,https://img1.qunarzz.com/travel/poi/1806/6a/db8a3909d665e137.jpg_480x360x95_b371c7cc.jpg,4.1,建议游览时间：3小时,四季皆宜。,具体收费情况以现场公示为主,,4
海底村庄The Submarine Villages,http://travel.qunar.com/p-oi5740426-haidicunzhuang,"

地址:
海口市美兰区禄尾村

",海底村庄是海口市一处由地震造就的奇特景观，明朝时期的琼北大地震，使得70多个村庄大面积沉陷，于是陆地成海，地震遗址就此沉睡于海底。若是运气好，遇到大退潮，从东寨港至铺前湾一带海滩上的古村废墟便依稀可见，玄武岩的石板棺材、墓碑、石水井和舂米石等有序排列，铺前湾与北创港之间的海底下，还可以清楚地看到一座雕工精细的“贞节牌坊”，成群的鱼虾在牌坊旁穿梭往来，似神话里的“海底龙宫”。,全年 全天开放,,3.9,建议游览时间：1小时,四季皆宜。,具体收费情况以现场公示为主,,4
东寨港Dongzhai Port,http://travel.qunar.com/p-oi704944-dongzhaigang,"

地址:
岛琼山县


电话:
0898-65380886

",,9:00-22:00,https://tr-osdcp.qunarzz.com/tr-osd-tr-manager/img/4ce691c33120225c361e9312bf6457ab.jpg_480x360x95_4f960d2b.jpg,4.0,建议游览时间：3小时,四季皆宜。,具体收费情况以现场公示为主,,4
秀英炮台,http://travel.qunar.com/p-oi711023-xiuyingpaotai,"

地址:
海南省海口市龙华区世贸南路5号

",秀英炮台是一处修建于晚清的炮台。秀英炮台，与天津大沽口炮台、上海吴淞炮台、广东虎门炮台同为清代晚期闻名遐尔的海岸炮台，是我国近代史上重要的海防屏障。秀英炮台位于海口市海秀大道秀英村。1890年，清政府为抵御法军入侵，命令各军严防沿海各口岸。两广总督张之洞临琼视察海口形势后，下令建造秀英炮台。炮台建筑在离海岸约200米的小山丘上，面向大海，居高临下，遥控着整个琼州海峡。有大小炮台五座，拱北、镇东、定西为三大炮台，振武、振威为两小炮台。五座炮台自东向西成一...秀英炮台是一处修建于晚清的炮台。秀英炮台，与天津大沽口炮台、上海吴淞炮台、广东虎门炮台同为清代晚期闻名遐尔的海岸炮台，是我国近代史上重要的海防屏障。秀英炮台位于海口市海秀大道秀英村。1890年，清政府为抵御法军入侵，命令各军严防沿海各口岸。两广总督张之洞临琼视察海口形势后，下令建造秀英炮台。炮台建筑在离海岸约200米的小山丘上，面向大海，居高临下，遥控着整个琼州海峡。有大小炮台五座，拱北、镇东、定西为三大炮台，振武、振威为两小炮台。五座炮台自东向西成一直线，朝北并列，虎视大海，威风凛凛。五尊大炮均购自德国克虏伯炮厂。炮台东南侧设有指挥室，背后有操练场和营房。整个台区占地3.3万平方米。秀英炮台是海南古代宏大的军事设施，也是中国古代规模较大的军事设施之一。,8:00-17:30,https://tr-osdcp.qunarzz.com/tr-osd-tr-touch/img/f2e16fbc8274207b6740dfdf7f844ff7.jpeg_480x360x95_9c42abe5.jpeg,3.0,建议游览时间：1小时,四季皆宜。,"票价
 从2013年12月30日至2014年2月底止，秀英炮台景点为免费试运营阶段；2014年3月1日炮台开始正式运营，管理处将按省物价局确定的门票政府指导价8元开始收取门票。",,4
苏公祠Sugong Shrine,http://travel.qunar.com/p-oi702958-sugongci,,,,,,,,,,4
博爱路,http://travel.qunar.com/p-oi5740996-boailu,,,,https://img1.qunarzz.com/travel/d7/1608/15/9a36efedaaa42db5.jpg_480x360x95_180abead.jpg,3.5,,,,,4
海南大学Hainan Univeristy,http://travel.qunar.com/p-oi7560672-hainandaxue,"

地址:
海口市美兰区人民大道58号


电话:
0898-66266469

",海南大学，虽然没有内地一些有名大学名气响，但也有美丽的校园、帅气的男生和养眼的女生。校园内充满了灿烂的阳光，步行或者骑车，穿梭在绿林中，抬头就是椰树。校园门口有小吃摊，和椰壳、贝壳等工艺品小摊，可以逛逛。,全年 全天开放,https://img1.qunarzz.com/travel/d9/1608/95/b286584314172b5.jpg_480x360x95_dc9ff8b3.jpg,4.6,建议游览时间：2小时 - 3小时,,具体收费情况以现场公示为主,,4
新华南路,http://travel.qunar.com/p-oi5740423-xinhuananlu,,,,https://img1.qunarzz.com/travel/d4/1608/5d/3fca60683f7d21b5.jpg_480x360x95_89dac5a9.jpg,5.0,,,,,4
万达国际影城,http://travel.qunar.com/p-oi3750791-wandaguojiyingcheng,,,,,,,,,,4
仙洋水庄Xianyang Water Village,http://travel.qunar.com/p-oi707211-xianyangshuizhuang,"

地址:
琼山区桂林洋开发区

",,全年 9:00-17:00,,1.0,,,具体收费情况以现场公示为主,,4
澄迈济公山,http://travel.qunar.com/p-oi7565524-chengmaijigongshan,"

地址:
海口市澄迈县东南部距红岗农场场部约1．5公里(属红岗农场管辖)


电话:
0898-66717179       


官网:
http://www.tt1890.com/xinyang/3586.htm

",,10:00-16:00,https://img1.qunarzz.com/travel/poi/1501/8f/14cc1330bcf4c3.jpg_480x360x95_0879f575.jpg,0.0,建议游览时间：1小时 - 2小时,海口的天气使得旅游时间四季皆宜。选择晴朗的天气可以对景色一览无遗。,15元,济公石像在农场境内，参观完后可继续浏览海南第一大河——南渡江。农场有10多个生产队座落南渡江畔，依山傍水，也是观光旅游、嬉水度假的天然场所。,5
新旧沟湿地公园,http://travel.qunar.com/p-oi40015270-xinjiugoushidigongyuan,,新旧沟湿地公园位于海口市龙华区，这里有水洼、沼泽，水域宽阔，绿植繁茂，景色宜人。,,,--,,,,,5
天空之山驿站,http://travel.qunar.com/p-oi40012348-tiankongzhishanyizhan,,天空之山驿站位于海口市美兰区，是一处集艺术、文化与生活共存的创意空间。,,,0.0,,,,,5
拾贝公园,http://travel.qunar.com/p-oi39891231-shibeigongyuan,,,,,0.0,,,,,5
森江沅旧船厂,http://travel.qunar.com/p-oi39718518-senjiangyuanjiuchuanchang,,,,,0.0,,,,,5
丘浚文化公园,http://travel.qunar.com/p-oi39707647-qiujunwenhuagongyuan,,,,,0.0,,,,,5
海瑞文化公园,http://travel.qunar.com/p-oi39631930-hairuiwenhuagongyuan,,,,,,,,,,5
西秀公园,http://travel.qunar.com/p-oi39602289-xixiugongyuan,,,,,0.0,,,,,5
迈雅河滨海湿地公园,http://travel.qunar.com/p-oi39598999-maiyahebinhaishidigong,,,,,0.0,,,,,5
新潭村,http://travel.qunar.com/p-oi39440690-xintancun,,,,,,,,,,5
泄湖木栈道,http://travel.qunar.com/p-oi39439907-xiehumuzhandao,,,,,0.0,,,,,6
铭投五源河潮玩市集,http://travel.qunar.com/p-oi39412063-mingtouwuyuanhechaowan,,铭投五源河潮玩市集位于海口市五源河体育广场A广场，占地面积20000㎡，是海南铭投旗下、立足五源河体育广场的集“吃、喝、耍、潮、功”五大业态新奇潮流元素为一体的常态化便民休闲娱乐市集。包含小吃、购物、休闲、游乐、手作、文创零售等多元业态，目标将五源河潮玩市集打造为城市地标打卡地、市集夜生活示范区。,,,0.0,建议游览时间：0.5小时 - 3小时,,景区内游玩项目单独收费,,6
江东滨海公园,http://travel.qunar.com/p-oi39366419-jiangdongbinhaigongyuan,,,,,0.0,,,,,6
芙蓉河湿地公园,http://travel.qunar.com/p-oi39166955-furongheshidigongyuan,,,,,--,,,,,6
十里金滩魅力江东,http://travel.qunar.com/p-oi39134115-shilijintanmeilijiang,,,,,--,,,,,6
龙塘大坝,http://travel.qunar.com/p-oi39091243-longtangdaba,,,,,--,,,,,6
达士巷,http://travel.qunar.com/p-oi39057301-dashixiang,,,,,--,,,,,6
海口飞向太空航空展,http://travel.qunar.com/p-oi38951029-haikoufeixiangtaikong,,在这里可以近距离打卡长征系列运载火箭、人造卫星（中国探月工程、北斗卫星导航系统）、太阳系家族、中国空间站、宇宙影院，还有互动体验游戏区（太空救援，旋转星球）可以体验。,,,0.0,,,,,6
北港岛,http://travel.qunar.com/p-oi38944893-beigangdao,,北港岛是一座幽静而有生机的小岛，退潮后的滩涂上，大人和孩子们拿着网兜、夹子在忙着抓螃蟹、捕小鱼，与自然来一场亲密接触。若来到北港岛的南端，以无人机视角俯瞰，还可看到远处的海水中浮现一些小岛，草岛、浮水墩、罗亭坡岛、竹排坡岛、野菠萝岛、小叶岛等等，如同绿色翡翠散落星辰大海，渺远而美丽。,,,0.0,,,,,6
桫椤湾娱乐艺术风情街,http://travel.qunar.com/p-oi38941911-suoluowanyuleyishufeng,,,,,0.0,,,,,6
那央村,http://travel.qunar.com/p-oi38940188-neiyangcun,,,,,--,,,,,7
一字岭,http://travel.qunar.com/p-oi38912726-yiziling,,,,,--,,,,,7
言·艺术馆,http://travel.qunar.com/p-oi38867168-yanyishuguan,,,,,0.0,,,具体收费情况以现场公示为主,,7
海口非遗文化展示馆,http://travel.qunar.com/p-oi38845077-haikoufeiyiwenhuazhan,,,,,,,,,,7
森江沅船业旧船厂,http://travel.qunar.com/p-oi38841429-senjiangyuanchuanyejiu,,,,,,,,,,7
海口会展工场,http://travel.qunar.com/p-oi38807078-haikouhuizhangongchang,,海口会展工场展出有画作、装置艺术，还有视频，在这里可以欣赏韩美林的生肖艺术展。,,,0.0,建议游览时间：1小时 - 2小时,,,,7
沙坡水库,http://travel.qunar.com/p-oi38806371-shaposhuiku,,,,,0.0,,,具体收费情况以现场公示为主,,7
华彩.杰鹏游艇会,http://travel.qunar.com/p-oi38797976-huacaijiepengyoutinghui,,,,,5.0,,,具体收费情况以现场公示为主,,7
海南陈氏大宗祠,http://travel.qunar.com/p-oi38672880-hainanchenshidazongci,,海南陈氏大宗祠是一座三进“中”字型的古典式建筑，内设海南陈氏大宗祠、陈列馆、功德堂、聚星堂和文化长廊等建筑物，将具有搜集、研究及弘扬优良传统文化，缅怀祭拜陈氏过琼先祖。,,,--,建议游览时间：0.5小时 - 1小时,,具体收费情况以现场公示为主,,7
海口市龙华区文化馆,http://travel.qunar.com/p-oi38340813-haikoushilonghuaquwen,,,,,0.0,,,具体收费情况以现场公示为主,,7
泰华庵,http://travel.qunar.com/p-oi38340552-taihuaan,,,,,0.0,,,具体收费情况以现场公示为主,,8
龙昆上村武圣庙,http://travel.qunar.com/p-oi38340550-longkunshangcunwusheng,,,,,0.0,,,具体收费情况以现场公示为主,,8
芳园国际艺术村,http://travel.qunar.com/p-oi38336747-fangyuanguojiyishucun,,,,,2.0,,,具体收费情况以现场公示为主,,8
东湖景区,http://travel.qunar.com/p-oi38336368-donghujingqu,,,,,--,,,具体收费情况以现场公示为主,,8
海湾探索(水上巴士万绿园站基地),http://travel.qunar.com/p-oi38336246-haiwantansuo,,,,,--,,,具体收费情况以现场公示为主,,8
海口西海岸挺秀公园,http://travel.qunar.com/p-oi38335011-haikouxihaiantingxiugong,,,,,5.0,,,具体收费情况以现场公示为主,,8
昌学村,http://travel.qunar.com/p-oi38157044-changxuecun,,昌学村位于海口市南部，村内羊山文化氛围浓厚，有大片保存完好的古石屋及历史文物遗迹，如古牌坊、宾兴碑以及两块清代“院试兄弟同科”“廪贡明经进士”的牌匾，是海口羊山地区历史原貌保留较好的古村落。,,,--,建议游览时间：2小时 - 3小时,,具体收费情况以现场公示为主,,8
蛇桥风景区,http://travel.qunar.com/p-oi38156123-sheqiaofengjingqu,,,,,1.0,,,具体收费情况以现场公示为主,,8
白沙门沙滩,http://travel.qunar.com/p-oi38135639-baishamenshatan,,白沙门沙滩位于海口市美兰区，附近有沙滩足球，排球的比赛场地，人们在这里捡贝壳，吹海风，踏海浪，非常放松惬意。,,,5.0,建议游览时间：1小时 - 2小时,,具体收费情况以现场公示为主,,8
肆意·空间,http://travel.qunar.com/p-oi38135307-siyikongjian,"

地址:
海口市龙华区金龙路1-4号椰岛大厦一层

",,全年 13:00-21:00,,0.0,,,具体收费情况以现场公示为主,,8
西站夜市广场,http://travel.qunar.com/p-oi37806909-xizhanyeshiguangchang,,该广场上是小吃一条街，吃食种类繁多，口味俱全，是美食爱好者的打卡好去处。,,,4.0,建议游览时间：1小时 - 2小时,,具体收费情况以现场公示为主,,9
东坡书院,http://travel.qunar.com/p-oi37201366-dongposhuyuan,"

地址:
海府路169号五公祠游览区内

",东坡书院为纪念苏东坡而建，院内有载枉酒亭、载酒堂等建筑，古林茂盛，环境幽静。,"全年 08:00-11:00,13:30-17:00",,--,建议游览时间：1小时 - 2小时,,具体收费情况以现场公示为主,,9
金金龙小吃街,http://travel.qunar.com/p-oi37198583-jinjinlongxiaochijie,,,,,0.0,,,具体收费情况以现场公示为主,,9
万宁街,http://travel.qunar.com/p-oi37198049-wanningjie,,,,,0.0,,,具体收费情况以现场公示为主,,9
侨中里文化街,http://travel.qunar.com/p-oi37197924-qiaozhongliwenhuajie,,,,,4.0,,,具体收费情况以现场公示为主,,9
海口热带农业科技博览园,http://travel.qunar.com/p-oi37192921-haikouredainongyekeji,"

地址:
苍峄路4号

",,全年 09:00-17:00,,0.0,,,,,9
巴厘岛艺术馆,http://travel.qunar.com/p-oi37190659-balidaoyishuguan,"

地址:
龙桥镇惠农路55号


电话:
13976305266

",,全年 周一-周六 09:00-18:00,,0.0,,,具体收费情况以现场公示为主,,9
绿地缤纷广场,http://travel.qunar.com/p-oi37189781-lu:dibinfenguangchang,"

地址:
滨海大道与长滨北五路交叉口东南150米(北区)

",,全年 10:00-21:00,,0.0,,,具体收费情况以现场公示为主,,9
三角池广场,http://travel.qunar.com/p-oi37183731-sanjiaochiguangchang,,,,,0.0,,,,,9
明昌塔,http://travel.qunar.com/p-oi37182794-mingchangta,,,,,4.0,,,具体收费情况以现场公示为主,,9
海岸路商业街,http://travel.qunar.com/p-oi37182591-haianlushangyejie,,,,,0.0,,,具体收费情况以现场公示为主,,10
禄尾村,http://travel.qunar.com/p-oi36412217-luweicun,,,,,0.0,,,,,10
美丽沙岛,http://travel.qunar.com/p-oi36411761-meilishadao,,美丽沙岛位于海口市美兰区，面积辽阔，海域宽广，游玩项目众多，集休闲、度假、生活等多方位于一体。,,,--,建议游览时间：3小时 - 4小时,,具体收费情况以现场公示为主,,10
鸭尾溪湿地公园,http://travel.qunar.com/p-oi36410935-yaweixishidigongyuan,"

地址:
人民大道与海甸五中路交汇处东南侧

",鸭尾溪湿地公园种植有红树林科植物秋茄树， 小河两旁修建有绿荫小道，适合散步。,全年 全天开放,,5.0,建议游览时间：2小时,,,,10
书香公园,http://travel.qunar.com/p-oi36410485-shuxianggongyuan,,,,,0.0,,,,,10
美舍河群上湿地公园,http://travel.qunar.com/p-oi36410147-meishehequnshangshidi,,,,,0.0,,,具体收费情况以现场公示为主,,10
南渡江公园,http://travel.qunar.com/p-oi36410052-nandujianggongyuan,,南渡江公园绿植丰富，环境优美，依江而建，人们可以在这里散步，露营，钓鱼，非常舒适惬意。,,,0.0,建议游览时间：1小时 - 2小时,,具体收费情况以现场公示为主,,10
海口人民公园湖心岛,http://travel.qunar.com/p-oi36409379-haikourenmingongyuanhu,,,,,0.0,,,,,10
海口喜来登温泉泳池,http://travel.qunar.com/p-oi36408144-haikouxilaidengwenquan,"

地址:
滨海大道136号

",,全年 12:00-05:00,,--,,,,,10
侯家大宅,http://travel.qunar.com/p-oi36408087-houjiadazhai,,,,,0.0,,,具体收费情况以现场公示为主,,10
