名字,链接,地址,介绍,开放时间,图片链接,评分,建议游玩时间,建议季节,门票,小贴士,Page
汉中石门栈道风景区Hanzhong Shimen Catwalk Scenic Area,http://travel.qunar.com/p-oi7524267-hanzhongshimenzhandao,"

地址:
汉中市汉台区河东店镇


电话:
0916 229 4212


官网:
http://www.hzsmzd.com/

",石门栈道风景区，位于汉中市区以北约15公里的河东店镇，是在石门水库修建后新造的仿古栈道，原有的石门栈道（褒斜道部分）因为修建水库，在1969年就已经被淹没了。自春秋战国时期开始，古人为了翻越秦岭天险，沿着山沟河谷在悬崖峭壁上凿孔，横木为梁，立木为柱，然后铺上木板形成“栈道”。1969年，石门大坝在褒谷口修建，褒斜道及石门遗址被水库淹没，时隔多年，又在褒斜道原址上向上抬高70米，修建了仿古的石门栈道。仿建的石门栈道全长三公里多，完全按照古代栈道“平梁斜撑”、“平梁立柱”、“依坡搭架”等七种形式，并按汉代风格恢复了一座驿站、三座邮亭、两座栈桥以及天心桥遗迹，另外还在“石门隧洞”遗址原处的山崖上仿凿了16米长的石门隧洞。石门栈道风景区有东、西两个入口，分别位于褒河的东岸和西岸，大部分游客从西边的入口进入景区。当游客景区景区大门后，需要步行约半小时才能够到达主景区，也就是石门大坝、石门水库和重新修建的仿古栈道，当然你也可以乘坐景区内的交通车，从景区大门到达主景区，交通车的费用不包含在门票内，需要另行购票。如果你选择步行到达主景区，那么路途中会穿过一条仿古商业街，路上还能看到一些十二生肖的雕像，之后就能看到石门水库和栈道的入口了。新修建的栈道，建在悬崖峭壁之间，十分险峻，当你走在上面，你的脚下，就是深不可测的石门水库，会不由得想起千年之前，古人修建这段栈道的艰辛，不得不佩服古人的才能和智慧。当游客从栈道的尽头返回到石门大坝时，也可以穿过大坝，从大坝顶端步行到褒河的东岸，然后从景区的东大门离开风景区。景区内还有滑索和游船等娱乐项目供游客选择，游客可以通过滑索或者游船，从褒河的西岸到达褒河的东岸。当然，游客游玩栈道后，也可以按照原路返回西大门。原本分布在栈道南端及石门隧洞附近的极其珍贵的十三方石刻，称为“石门十三品”，有兴趣的游客可以在汉中博物馆中欣赏到。,03/01-11/30(旺季) 08:30-17:30;12/1-2/28(淡季) 08:40-16:50,https://img1.qunarzz.com/travel/d3/1707/57/ddd1cf1f01188eb5.jpg_480x360x95_d014fb35.jpg,4.3,建议游览时间：2小时 - 3小时,春秋最佳,"{'汉中石门栈道风景区门票成人票\n\n': ['¥70起'], '汉中石门栈道风景区门票学生票\n\n': ['¥35起'], '汉中石门栈道风景区门票老人票\n\n': ['¥35起']}",,1
汉中油菜花海Hanzhong Canola Fields,http://travel.qunar.com/p-oi10003551-hanzhongyoucaihuahai,"

地址:
陕西省汉中市洋县高速出口（洋县出口）

",汉中地处秦巴山区，是传统的油菜种植生产基地，约有112万亩油菜花。每年的3、4月份，汉中盆地和浅山丘陵的百万亩油菜花同时怒放，盛开的油菜花与镶嵌其间的麦苗及青山绿水相映成趣、蔚为壮观，构成汉中盆地一道亮丽的风景线，曾被评为“中国较美的油菜花海”。汉中的油菜花海不是连续着的一整片，而是柔软的绿和娇嫩的黄相互交替，畅游其间，会感受到色彩带给人的震撼，翠绿的叶子和明黄的鲜花相互映衬，蜂蝶飞舞，花香四溢。田野间盛开的油菜花，田埂上开得正好的桃花，纤细碧绿的垂柳，以及远远能看到的农家小院和青山绿树，共同构成一幅色彩明艳的画。无论你是路过，还是专程探访，都会被这抹艳丽的风景给迷醉，连心底的阴郁也烟消云散，能感受到的只有身处花田之间，耳边蜜蜂振翅嘤嘤嗡嗡带来的春天的气息，自然的味道。,全年 全天开放,https://img1.qunarzz.com/travel/d4/1803/c9/ea94345d4f5926b5.jpg_480x360x95_4beb9ea9.jpg,4.7,建议游览时间：3天,3、4月份油菜花盛开时最佳。,{'汉中油菜花海一日游【汉中特色，穿越秦巴山脉，亲子拍照好去处】\n\n': ['¥480起']},,1
"洋县油菜花Rape Flower Field, Yangxian County",http://travel.qunar.com/p-oi18716763-yangxianyoucaihua,"

地址:
汉中市洋县

",洋县油菜花面积辽阔，开花时一片金黄色的海洋，十分的美丽。,全年 全天开放,https://tr-osdcp.qunarzz.com/tr-osd-tr-manager/img/39f46d70dd7014c78a814f8bc359292d.jpg_480x360x95_2a312b1a.jpg,4.6,建议游览时间：3天,,具体收费情况以现场公示为主,,1
青木川古镇Qingmuchuan Ancient Town,http://travel.qunar.com/p-oi7524264-qingmuchuanguzhen,"

地址:
陕西省汉中市宁强县大青路附近


电话:
0916-4341678


官网:
https://www.qmcjq.com/

",青木川古镇山清水秀，生态天然，民风古朴。古镇历史悠久，古时曾是羌汉杂居地区，自明朝年间逐渐繁华盛，民居多建于明清时期。现在古镇上保留有大片古街、古祠、古栈道、古民居等建筑群，已被列为宁强县重点文物保护单位。这里河水穿镇而过，人们悠然地做着各种活计，生活自在。古街回龙场系明成化年间所建，街长800米，宽4米，基本维持古时原貌。古镇保存最为完整的魏氏大院，是当年的知名绅士魏辅唐所建。现遗存有魏氏大院三处，其倡办的中学一所，保存完好。还有明清时期所建的瞿氏、魏氏、赵氏、屠氏祠堂，立碑刻字等。在距古街5公里的地方，有明清时留下的通往甘肃的商运古栈道，长达60公里，道路顺河而上，依崖凿路，路势十分险峻。08年汶川大地震导致这个镇保存最完整的古建筑群魏氏宅院部分屋脊和墙面开裂坍塌。建于明成化年间、长800多米的“回龙场”古街也遭到破坏，许多老宅已经坍塌。由于青木川余震不断，这些古迹的保护状况令人担忧。,8:00-17:30,https://img1.qunarzz.com/travel/d3/1711/20/839682fb248c38b5.jpg_480x360x95_ce5bfaf5.jpg,4.5,建议游览时间：2小时 - 3小时,,"{'青木川古镇门票成人票\n\n': ['¥53.5起'], '青木川古镇魏氏宅院+荣盛魁+烟馆套票成人票\n\n': ['¥54起'], '青木川古镇魏氏宅院+荣盛魁+烟馆套票优待票\n\n': ['¥29起']}",,1
红寺湖风景区Hongsihu Sceneic Area,http://travel.qunar.com/p-oi704566-hongsihufengjingqu,"

地址:
汉中市南郑区黄官镇红寺湖路


电话:
0916-5583777


官网:
http://www.hongsihu.cn/

",红寺湖风景区面积约35平方公里，森林覆盖率达88.2%。美丽的红寺湖，犹如一个天然的硕大的盆景，镶嵌在南郑县西南的绿水青山之中；红寺山像一条潜出水面的巨龙，横卧在红寺湖岸；水中突起的桃花岛、大小孤山，像一座座精美的雕塑，造就了红寺湖美妙奇特之处。红寺湖景区是汉中具魅力的生态风景旅游区之一。红寺湖风景区景色秀丽。景区内有桃花岛、楠竹林生态园、孤山山庄、天鹅湖、钓鱼岛、天然浴场、民俗村、红寺、祈儿寨等30多个景点和休闲设施组成。水域宽广，森林茂密，湖中的岛屿...红寺湖风景区面积约35平方公里，森林覆盖率达88.2%。美丽的红寺湖，犹如一个天然的硕大的盆景，镶嵌在南郑县西南的绿水青山之中；红寺山像一条潜出水面的巨龙，横卧在红寺湖岸；水中突起的桃花岛、大小孤山，像一座座精美的雕塑，造就了红寺湖美妙奇特之处。红寺湖景区是汉中具魅力的生态风景旅游区之一。红寺湖风景区景色秀丽。景区内有桃花岛、楠竹林生态园、孤山山庄、天鹅湖、钓鱼岛、天然浴场、民俗村、红寺、祈儿寨等30多个景点和休闲设施组成。水域宽广，森林茂密，湖中的岛屿和雄奇的红寺山构成了一幅山水画长卷。,景区已开放，具体详情请以景区公示为准，原开放时间3月1日-10月30日8:30-17:30，17:00停止入场；11月1日-次年2月28日9:00-17：00,https://img1.qunarzz.com/travel/poi/201408/12/ddbc8067c1d2780dc8d65eac.jpg_480x360x95_6bfbe7b2.jpg,3.7,建议游览时间：2小时 - 3小时,3、4月份最佳。,"{'红寺湖电子导览服务大小同价\n\n': ['¥7起'], '陕西汉中大汉山滑翔伞星空露营地【户外K歌/露天电影轻奢露营】\n\n': ['¥88起']}",,1
狮子沟牧场,http://travel.qunar.com/p-oi38337272-shizigoumuchang,,狮子沟牧场曾是诸葛亮六出祁山伐魏时，屯兵养马之地。是两山之间的一片平坦草原，这里山色秀丽，云卷云舒，牛、马和羊漫游在草原上，风吹草动间，形成了一幅如诗如画的景象。,,,0.0,建议游览时间：1小时 - 2小时,,,,1
兴汉胜境Xinghan Scenic Spot,http://travel.qunar.com/p-oi22978360-xinghanshengjing,"

地址:
汉中市汉台区诸汉路中段


电话:
400-0916-111


官网:
http://www.xinghanshengjing.com/

",兴汉胜境依汉源湖而建，以自然生态的汉水之源为根，以中华民族的汉文化之源为魂，以汉朝初兴的历史辉煌为底色，建成集汉风景点群、汉风商街群、汉风博物馆群、汉风酒店群、汉风餐饮、汉风演艺等于一体的汉文化旅游度假区，为游客带来雅致、美好、快乐的汉风生活体验。大型演艺水上真人实景演出天汉传奇由知名导演沙晓岚先生导演，通过水上投影、水中造型、水上表演、水上列阵、水中装置等一系列与水有关的创意和特效的形式，200多名演员在汉源湖水面上倾情表演，加之配合现代高科技的大型喷泉列阵、大型实景火效、激光特效及可变化扇形水幕等系统，给游客展现出一幅汉文化的动人传奇画卷。,9:00-18:00,https://img1.qunarzz.com/travel/d5/1810/11/16fbc85e9a286cb5.jpg_480x360x95_76e42113.jpg,4.3,建议游览时间：2小时 - 3小时,春秋最佳,"{'兴汉胜境门票成人票\n\n': ['¥88.5起'], '兴汉胜境门票双人票\n\n': ['¥180起'], '兴汉胜境门票+《汉颂》演出门票成人票\n\n': ['¥188起']}",,1
佛坪熊猫谷Foping Panda Valley,http://travel.qunar.com/p-oi8605294-fopingxiongmaogu,"

地址:
汉中市佛坪县城北20公里处108国道旁


电话:
400-007-6169,0916-8992115,0916-8992044


官网:
http://www.fpxmg.com/

",佛坪熊猫谷景区位于县城以北20公里108国道旁，地处秦岭大熊猫走廊带和观音山自然保护区境内，珍稀野生动植物资源极其丰富。景区内峰岭叠嶂，溪水清澈，奇石灵异，林木葱郁，山花堆聚，时而碧潭映石，时而飞瀑跌雪，时而峭壁陡立，时而曲径通幽。触耳溪鸣鸟叫，使人心旷神怡。三叠泉、二龙戏珠、女儿滩、双心池等景点浑然天成，三圣峰、母女峰、栖云峰等天趣神功。秦岭大熊猫野化基地中，熊猫憨态可掬；金丝猴大峡谷里，金丝猴群在树枝灵俏飞跃；红腹锦鸡园内红腹锦鸡等雉鸡美丽惊艳。景区集秦岭山水之幽、静、秀、奇和珍稀动植物于一谷，“秦岭之窗、熊猫家园”的美名远扬，是踏青、休闲、避暑、养生、摄影、娱乐的好去处。,11/1-12/31 08:00-18:00;1/1-10/31 08:30-17:30,https://img1.qunarzz.com/travel/d3/1606/6d/b60b8698cec7fb9a.jpg_480x360x95_d62fe460.jpg,4.2,建议游览时间：2小时 - 3小时,春秋最佳,"{'佛坪熊猫谷门票成人票\n\n': ['¥25起'], '佛坪熊猫谷门票儿童票\n\n': ['¥25起'], '佛坪熊猫谷门票学生票\n\n': ['¥25起']}",,1
汉中市博物馆Museum of Hanzhong,http://travel.qunar.com/p-oi712019-hanzhongshibowuguan,"

地址:
汉中市汉台区汉台路东大街26号


电话:
0916-2231536,0916-8152188


官网:
http://www.hzmuseum.cn/

",汉中市博物馆，又称古汉台，位于汉中市中心，由三级台地构成，相传汉高祖刘邦在公元前206年受封汉王，当年的王府（或行宫）就建在这里，宋代之后这里长期是汉中府署的后花园。如今这里是汉中市博物馆所在地。游览汉中博物馆，一般从正门（北门）进入，大致沿着南北方向的中轴线步行游览即可。当游客进去博物馆正门后，映入眼帘的就是古汉台的高处，在高台上建有一座三层高楼——望江楼，清末民初的建筑风格，是汉中标志性的古建筑。望江楼东西两侧，分别有铜钟亭和石鼓亭，铜钟亭内有一口大铜钟，据说是明代汉中瑞王府的遗物。西侧石鼓亭内的石鼓，玉质，传说是汉王刘邦的上马石。在“石门十三品陈列馆”中，收藏着来自石门栈道两壁的摩崖石刻。石门栈道和褒河两岸的石壁上遍布着从东汉、魏晋至明清的诗咏碑刻与古栈道修凿碑记。石门十三品又称汉魏十三品，是这些摩崖碑刻中的珍品。它包括汉代的《石门》、《君开通褒斜道碑》、《玉盆》等摩崖，曹魏时期的的《李苞通阁道题名》摩崖，南宋时期的《晏袤释鄐君开通褒斜道》、《山河堰落成记》等摩崖。这些摩崖石刻早于唐宋时期就很有名，是历代考古家、书法家所推崇，誉满全国。,全年 08:00-18:00,https://img1.qunarzz.com/travel/d9/1703/35/fbe9567df61f3bb5.jpg_480x360x95_dbe16856.jpg,4.6,建议游览时间：2小时 - 3小时,春秋最佳,0元,,1
南湖风景区South Lake Scenic Spot,http://travel.qunar.com/p-oi713244-nanhufengjingqu,"

地址:
汉中市南郑区马王庙(沿G244道边)


电话:
0916-5696739

",,"全年 周一,周六-周日 08:30-19:00",https://img1.qunarzz.com/travel/poi/201408/12/19b850a80365419bc8d65eac.jpg_480x360x95_da7ed189.jpg,3.2,建议游览时间：3小时 - 4小时,春夏最佳。春季百花盛开，夏季避暑休闲。,"{'南湖风景区门票成人票\n\n': ['¥40起'], '南湖风景区门票+游船+观光车成人票\n\n': ['¥98起'], '陕西汉中大汉山滑翔伞星空露营地【户外K歌/露天电影轻奢露营】\n\n': ['¥88起']}",,1
红军广场,http://travel.qunar.com/p-oi36136153-hongjunguangchang,,红军广场位于镇巴县图书馆旁边，广场面积不大，有一处红军群体雕塑，是当地的知名地标。,,,4.5,建议游览时间：1小时,,,,2
巴山玉溶洞景区,http://travel.qunar.com/p-oi36119407-bashanyurongdongjingqu,,,,,,,,,,2
西方沟挂壁公路Western Gully Hanging Highway,http://travel.qunar.com/p-oi35124771-xifanggouguabigonglu,,西方沟挂壁公路长约一千多米、环绕在西方沟山崖上成“之”字型，它与连绵不断的奇峰险山和秀美的溪流河峡谷为伴，公路对面奇峰耸立，怪石嶙峋，如临险境，让人望而生畏。是西方沟村村民走出大山的主要交通要道。,,https://tr-osdcp.qunarzz.com/tr-osd-tr-manager/img/6159e13b24b804158eef4413669b72f0.jpg_480x360x95_4c6c0721.jpg,4.0,建议游览时间：3天,,免费,,2
星子山Xingzi Mountain,http://travel.qunar.com/p-oi33208122-xingzishan,"

地址:
汉中市镇巴县

",星子山山体连绵，地势西北高、东南低，主峰海拔数千米，山体土壤以黄棕壤、石渣土为主，山上林木茂密，牧场广阔。,全年 全天开放,,4.3,建议游览时间：3天,,,,2
汉山广场Han Mountain Square,http://travel.qunar.com/p-oi19985366-hanshanguangchang,"

地址:
汉山街道汉山路

",汉山广场位于陕西汉中，是当地知名的休闲广场，广场上矗立着一座巨大的雕像，旁边是美丽的青山，在蓝天白云的映衬下，显得格外迷人。另外，广场上还会定期举办各类文化活动。,全年 全天开放,https://tr-osdcp.qunarzz.com/tr-osd-tr-manager/img/42d02ff8e1326fba295f78808c5da438.jpg_480x360x95_96b7d4cb.jpg,1.0,建议游览时间：1小时 - 2小时,,具体收费情况以现场公示为主,,2
紫柏山国家森林公园Cypress Mountain National Forest Park,http://travel.qunar.com/p-oi9481855-ziboshanguojiasenlingong,,,,,,,,,,2
朱鹮梨园Crested Ibis Nature Scenic District,http://travel.qunar.com/p-oi8667534-zhuhuanliyuan,"

地址:
汉中市洋县


电话:
0916-8221576,0916-8319567

",位于古有“汉江明珠”之称的陕西洋县，这里以朱鹮之乡、万亩梨花为特色的旅游休闲园林。,全年 全天开放,https://img1.qunarzz.com/travel/d9/1803/1d/3c6a1e2e49cc2bb5.jpg_480x360x95_5f1f42f0.jpg,4.6,建议游览时间：2小时 - 3小时,春季和秋季是最佳旅游时间,具体收费情况以现场公示为主,,2
勉县武侯祠博物馆Wuhou Temple,http://travel.qunar.com/p-oi716107-mianxianwuhoucibowuguan,"

地址:
汉中市勉县武侯镇一零八国道边


电话:
0916-3298352,0916-3296212


官网:
http://www.mxwhc.cn/

",汉中勉县的武侯祠，位于勉县城西3公里处的108国道边。始建于西蜀景耀六年（公元263年），是国内众多武侯祠当中建祠最早、且唯一由皇帝（蜀国后主刘禅）下诏修建的祠庙。这里距离汉中市区约一个多小时的车程。与热闹非凡的成都武侯祠相比，勉县的武侯祠显得清雅肃静了许多。勉县武侯祠是陕南地区较大的古建筑群，一千多年来，武侯祠历经多次修缮，现存建筑大都保持着明清时代风格，现有山门、乐楼、牌楼、琴楼、戟门、拜殿、大殿、崇圣祠、观江楼等古建筑，游览时按照中轴线直穿步行游玩即可。,全年 09:00-17:30,https://img1.qunarzz.com/piao/fusion/2010/3f/1a165652eb6cab02.jpg_480x360x95_2ffa55e6.jpg,4.5,建议游览时间：1小时 - 2小时,3、4月份前往将有机会观赏到盛开的旱莲以及清明庙会。,"{'武侯祠+马超墓祠门票成人票\n\n': ['¥55起'], '《出师表》演出票成人票\n\n': ['¥128起'], '汉中武侯祠电子导览服务大小同价\n\n': ['¥9起']}",,2
拜将坛Baijiang Temple,http://travel.qunar.com/p-oi703677-baijiangtan,"

地址:
汉中市汉台区南一环路中段


电话:
0916-2513096

",拜将坛亦称拜将台，南环中路南侧有南北两座土台组成，台高3米多，面积为7840平方米。相传是当年刘邦驻汉台拜韩信为汉大将军，举行隆重的授印仪式时所筑，是刘邦重用人才而得天下的明证。拜将坛位于汉中市南门外，在古汉台西南约200米处，由南北分离的两座夯土台筑成。两台高各有三米余。南台下西面屹立一个高大的石碑，正面上刻“汉大将韩信拜将坛”八个大字，背面刻诗一首：“辜负孤忠一片丹，未央宫月剑光寒。沛公帝业今何在，不及淮阴有将坛。东边竖一高约2米的碑，是书法家舒同为拜将坛题字。碑背面刻有韩信登坛与刘邦的一段对话，摘自司马迁的《史记·淮阴侯传》。北台上的亭阁有爱国将领冯玉祥在汉中期间的题联：“盖世勋名三杰并，登坛威望一军惊。”正是这个拜将坛，把具有军事才能的韩信推到了楚汉相争这一军事大舞台，充分展示他的才能，助刘邦打下半壁江山。从某种意义说，拜将坛实际上是汉王朝的奠基台。,全年 08:00-18:00,https://img1.qunarzz.com/travel/d7/1506/cc/357e00d0196251.jpg_480x360x95_7e6b6127.jpg,4.0,建议游览时间：2小时,四季皆宜。,具体收费情况以现场公示为主,,2
蔡伦墓祠Cai Lun's Tomb,http://travel.qunar.com/p-oi713084-cailunmuci,"

地址:
汉中市洋县g5京昆高速


电话:
0916-8442317

",这里是造纸术发明家蔡伦的封地和葬地，在这里你可以探寻蔡伦其人的传奇人生。清楚地了解蔡伦的生平，并且看到遗址挖掘出的造纸工具和文物等。除此之外，进入墓祠向左，这里还把蔡伦发明的造纸过程一步步分解，依次展示了浸泡、蒸料、砸皮、漂涤、切料、捣浆、捞纸、晾晒等造纸的十道工序，每一道工序旁都有说明文字和工具、原料展示。墓祠是一处墓冢古建园林相结合的文物旅游胜地。有千年古柏、汉桂、古药树、朴树等古树名木。古柏参天，翠竹成林，百鸟鸣啼，花团锦簇，芳草如茵，环境幽静。,全年 08:00-19:00,https://img1.qunarzz.com/travel/poi/201403/14/eb1400162c8296bdddb12cfb.jpg_480x360x95_96760a90.jpg,4.5,建议游览时间：1小时,,具体收费情况以现场公示为主,,2
褒斜栈道,http://travel.qunar.com/p-oi707103-baoxiezhandao,"

地址:
陕西省汉中

",褒斜道因南口名“褒谷”（位于汉中市城北），北口名“斜谷”（在眉县），沿谷成道而得名。它是我国古代横跨秦岭，连接关中、巴蜀凿石架木而成的栈道，又叫阁道。由褒谷口经留坝县东北，越衙岭山，至眉县西南的斜谷口，全长250公里，是一条很古的通道。古书称：“褒斜之道，夏禹发之，汉始成之。南褒北斜，两岭高峻，中为褒水所经，春秋开凿，秦时已有栈道”，至唐宋褒斜道是兵家行军必经之路，同时又是商旅的要道。巴蜀的物产，通过栈道运抵关中。唐在褒斜道上建了11个驿站。唐宋以后...褒斜道因南口名“褒谷”（位于汉中市城北），北口名“斜谷”（在眉县），沿谷成道而得名。它是我国古代横跨秦岭，连接关中、巴蜀凿石架木而成的栈道，又叫阁道。由褒谷口经留坝县东北，越衙岭山，至眉县西南的斜谷口，全长250公里，是一条很古的通道。古书称：“褒斜之道，夏禹发之，汉始成之。南褒北斜，两岭高峻，中为褒水所经，春秋开凿，秦时已有栈道”，至唐宋褒斜道是兵家行军必经之路，同时又是商旅的要道。巴蜀的物产，通过栈道运抵关中。唐在褒斜道上建了11个驿站。唐宋以后，由于连云栈道的畅通，褒斜道逐渐衰落。褒斜道地处秦岭深处，在崇山峻岭之中。水流湍急，树密草深，开凿极为困难。从现存的遗迹看来，铁器的出现方使褒道斜道的开凿成为可能。始建褒道时，火药尚未发明，“石坚不受斧凿”，人们只好采用火烧水激法开山破石。施工方法是：先用火烧石面，待石温很高时突然用凉水激冲，热石受冷裂肃。“遇大石塞路，则所锤碎而通之；遇峭壁悬崖，则在崖壁上凿孔，架横木，上复木板，钳钉以通之；遇沟险涧，则石栏以通之。”楼阁的建造，大多是在崖壁上凿成30公分见方、50公分深的孔洞，洞中插木柱、石柱，分上、中、下三排，上排铺板成路、下排支木为梁。榫卯结合，远望如空中悬阁。有的仅安横梁，没有立柱，即《水经注》中所说的“干梁无柱式”，多用于危险难以施工的地方。,漂流：08:30-17:30,,4.0,,四季皆宜。,漂流：98元/人,,3
张良庙Zhang Liang Temple,http://travel.qunar.com/p-oi713161-zhangliangmiao,"

地址:
汉中留坝县城17公里处的庙台子街上


电话:
0916-3966003

",张良庙，是陕南的游览胜地，位于汉中市留坝县城西北约17公里处，这里傍山依水，古朴典雅。相传“汉初三杰”之一的张良在辅佐刘邦成就帝业后，就激流勇退，托名“辟谷”，隐居于此。后人仰慕他“明哲保身”的策略和“功成不居”的高风，在这里建庙奉祠。因他曾封“留侯”，故名“留候祠”，俗称“张良庙”。相传张良庙始建于东汉末年，现存古建筑多为清代所建。张良庙就位于316国道边，穿过国道，就能看到一个青砖牌楼。张良庙古建筑群依山而建。张良殿，是目前建筑群中年代久远、保存...张良庙，是陕南的游览胜地，位于汉中市留坝县城西北约17公里处，这里傍山依水，古朴典雅。相传“汉初三杰”之一的张良在辅佐刘邦成就帝业后，就激流勇退，托名“辟谷”，隐居于此。后人仰慕他“明哲保身”的策略和“功成不居”的高风，在这里建庙奉祠。因他曾封“留侯”，故名“留候祠”，俗称“张良庙”。相传张良庙始建于东汉末年，现存古建筑多为清代所建。张良庙就位于316国道边，穿过国道，就能看到一个青砖牌楼。张良庙古建筑群依山而建。张良殿，是目前建筑群中年代久远、保存完整的建筑，殿内有张良镀金塑像。大殿的两侧有南北花园，游客从北园的西南方向沿着小路可以到达山顶的授书楼，山上还有道教第三洞天。到了张良庙游玩，不得不找找“拐拐竹”，竹子在一米以下的部分都是扭扭歪歪，在一米以上部分都是齐刷刷的。张两秒钟的匾额对联非常多，现存的石碑、摩崖众多，其中不乏是名家高手的笔墨。比如北宋书法家米芾书写的“第一山”碑等。在北花园额度碑廊中有集中展示，书法爱好者可以去观赏下。,旺季3月-11月8:00-18:00 ；淡季 12月-次年2月8:30-17:30,https://img1.qunarzz.com/travel/poi/201211/15/d1401d2cce5bf766ddb12cfb.jpg_480x360x95_ead25124.jpg,4.5,建议游览时间：1小时 - 2小时,,"{'张良庙门票成人票\n\n': ['¥50起'], '张良庙门票优待票\n\n': ['¥25起'], '张良庙电子导览服务大小同价\n\n': ['¥6起']}",,3
张骞纪念馆Zhangqian Memorial Hall,http://travel.qunar.com/p-oi713497-zhangqianjinianguan,"

地址:
汉中市城固县博望镇饶家营村


电话:
0916-7208118

",这里是西汉时期著名的外交家、旅行家和探险家，“丝绸之路”的开拓者张骞的墓地，墓冢古柏环绕，新建有张骞纪念馆。陵园整体以献殿为中轴，对称分布。墓前一对汉代石虎雕工粗犷，姿态雄伟，格局大方。献殿内置著名书画家张重光所绘大型壁画“张骞出使西域图”、“凿空图”。东西配殿为展室，分别推出“张骞生平伟绩”展览和具有鲜明陕南特色的民间艺术展览。阙式大门青砖筒瓦，古朴大方，两阙相对，飞檐斗拱，再现了两汉宫阙的建筑特色。,周二-周日9:00-16:30，周一闭馆。,https://img1.qunarzz.com/travel/poi/1412/58/58b107b6eb9bb316cdb.jpg_480x360x95_834f06a1.jpg,4.3,建议游览时间：1小时,,具体收费情况以现场公示为主,,3
兴元湖公园Xingyuan Lake Park,http://travel.qunar.com/p-oi705717-xingyuanhugongyuan,"

地址:
汉中市汉台区天汉大道北段鑫源法庭南300米


电话:
0916-2217478

",汉中兴元湖公园，位于汉中市北4公里的宝汉公路东侧，因汉、唐时属兴元府而得名。兴元湖始建于1985年，现已成为集灌溉、养鱼、旅游为一体的综合性公园。面积42万平方米，水面面积22万平方米，湖内有各种游船，有以“帆影”为象征的水上码头及“望湖台”等现代建筑。,全年 全天开放,https://img1.qunarzz.com/travel/poi/201408/12/677543fa8cda848dc8d65eac.jpg_480x360x95_49e7de05.jpg,4.6,建议游览时间：1小时 - 2小时,四季皆宜，夏季可来此避暑。,具体收费情况以现场公示为主,,3
观音山大熊猫自然保护区Guanyin Mountain Daxiongmao Nature Reserve,http://travel.qunar.com/p-oi714653-guanyinshandaxiongmao,"

地址:
汉中市佛坪县G108(秦岭隧道)

",观音山自然保护区是2002年经省政府批准成立的以保护大熊猫及其栖息地为主的森林和野生动物类型的自然保护区。保护区位于秦岭腹地的佛坪县境内，面积13543公顷。,全年 08:00-18:00,https://tr-osdcp.qunarzz.com/tr-osd-tr-manager/img/0a999de6f75d1450a25349142f363787.jpg_480x360x95_c1d33d6e.jpg,4.5,,,具体收费情况以现场公示为主,,3
苏景园Sujingyuan,http://travel.qunar.com/p-oi716284-sujingyuan,"

地址:
陕西省汉中市汉台区汉武路


电话:
0916-2110000,0916-2221919

",苏景园坐落在古城汉中市的西部，占地120亩，是由苏州园林设计院精心设计建造的，供人们旅游、休闲、园林观赏为一体的综合性艺术园林。园内汇集了奇花异草，珍稀古树和奇石根雕，具有明清风格的建设及家具陈设，合理布局结合精妙的创意，使环绕的池水、林立的树木与小桥流水、亭台楼阁巧妙地融为一体，无不体现小江南的魅力。,全年 9:00-19:00,https://tr-osdcp.qunarzz.com/tr-osd-tr-manager/img/0e3dc7347f932c68b62556deea8cf599.jpg_480x360x95_114f309f.jpg,4.6,建议游览时间：1小时 - 2小时,,具体收费情况以现场公示为主,,3
黎坪森林公园Liping Forest Park,http://travel.qunar.com/p-oi714643-lipingsenlingongyuan,"

地址:
陕西省汉中市南郑区黎坪镇汉黎路


电话:
0916 569 1111


官网:
http://www.517lp.com/

",黎坪森林公园是以森林景观、地貌景观、水体景观以及现代人文景观为主体，集山景、林景、水景、气候景观和田园风光观为一体的山岳型省级森林公园。园区山峦叠嶂、沟壑纵横，一山一势，倾绿泄翠，西流河峡谷横贯其中，既有奇石险峰之壮美，又有古树清流之秀丽，被专家誉为巴山深处的“绿色明珠”、“东方瑞士”、“石林奇境、碧水天堂”。公园共划分为黎坪、石马山、黄杨河、冷坝四大景区。黎坪景区以巴山松原始森林、黎坪垦区管理局旧址，巴山民情风俗和田园风光为主要景观；石马山景区以雄健的石林群为主要景观；黄杨河景区以西流河大峡谷的菩提崖、海底石城、红尘峡、高坑瀑布为主要景观；冷坝景区以天然草场为主要景观。,8:00-18:00,https://img1.qunarzz.com/travel/poi/201211/15/ce310789a4faaf5bddb12cfb.jpg_480x360x95_3d43cb6e.jpg,4.5,建议游览时间：4小时 - 6小时,春夏最佳。春季百花盛开，夏季避暑休闲。,"{'黎坪森林公园+往返观光车门票成人票\n\n': ['¥110起'], '黎坪森林公园+汉中市区往返直通车票成人票\n\n': ['¥88起'], '黎坪森林公园门票+往返观光车+汉中市区往返直通车成人票\n\n': ['¥165起']}",,3
长青自然保护区Changqing Nature Reserve,http://travel.qunar.com/p-oi701711-zhangqingziranbaohuqu,"

地址:
汉中市洋县华阳镇


电话:
0916-8372586

",长青自然保护区，位于秦岭中段南坡的汉中市洋县北部，内有重点保护野生动物30多种，其中有珍贵的“四大国宝”——大熊猫、金丝猴、羚牛、朱鹮。目前保护区已开放了杨家沟、苍耳岩、山王庙三个景区。保护区内森林密布，是一个天然的大氧吧，也是夏季避暑的好去处。保护区距离汉中市区比较远，约有140公里，即使从汉中先坐班车到达华阳镇，还需要在花费上百元包车，才能到达保护区。前来这里游客主要是野外摄影师或动植物爱好者，普通游客并不多。保护区内还未游客提供了越野车， 便于游客在保护区中游玩，费用约200-300元/天。当游客来到这里，可以在华阳保护站招待所附近看到展翅飞翔的朱鹮；在保护区内的苍耳崖景区：有黑龙潭、苍龙潭、苍耳崖、杉树坪、石门瀑布等自然景观，甚至有可能看到野生大熊猫的身影，还有羚牛等多种野生动物。保护区内的柏杨景区，现在是大熊猫的重要栖息地，也有可能观赏到野生大熊猫。在保护区旁的华阳古镇上，古老的石板街、古戏楼、竹林、小桥、青瓦房等建筑，都非常具有陕南特色，这里还有当年红军二十五军司令部，是长征时期的遗迹。,全年 全天不开放,https://img1.qunarzz.com/travel/d5/1410/02/4dbdcbbfbb4e7215ffffffffc8d65eac.jpg_480x360x95_caa1ff4d.jpg,4.8,建议游览时间：3天,,具体收费情况以现场公示为主,,3
五门堰Wumenyan,http://travel.qunar.com/p-oi713902-wumenyan,"

地址:
汉中市城固县许家庙镇东南


电话:
13992692485

",五门堰位于汉中市城固县城以北15公里许家庙镇东南0.5公里处。堰坎西南20米处，有清嘉庆年间所修的太白楼、禹稷殿、大佛殿。坎南有观音阁，全用石条垒砌，建于清道光年间。另外，古庙内有关于五门堰水利碑40多通。此堰系截湑水河流而建成的低坝拦河灌溉工程。较早修堰时间是新汉王莽时代。五门堰有堰口、堰坝、堰渠三部分组成。堰口先是土筑，遇大水崩溃，到元代至元年间（1335年-1340年），城固县令蒲庸将堰口改为石砌，渠底开到五洞，东二西三，形似五门，可以启闭，故名“五门堰”。,全年 全天开放,https://tr-osdcp.qunarzz.com/tr-osd-tr-manager/img/06fa1df1af5f2a781e14707c4dd22a93.jpg_480x360x95_8130ce8d.jpg,4.7,建议游览时间：3小时 - 4小时,,具体收费情况以现场公示为主,,3
汉中秦巴民俗园Hanzhong Qinba Folk Garden,http://travel.qunar.com/p-oi722449-hanzhongqinbaminsuyuan,"

地址:
汉中市汉台区宗营镇万亩花卉苗木基地内


电话:
0916-2264728

",该民俗园位于万亩苗木花卉基地内，这里拥有园林、古建筑和各类民俗文物，显示了浓郁的秦巴风情。,8:00 - 18:00,,4.2,,,10元,,3
汉中天台国家森林公园Tiantaishan Forest Park,http://travel.qunar.com/p-oi713959-hanzhongtiantaiguojia,"

地址:
汉中市汉台区石灵路武乡镇


电话:
0916-2235812,0916-2485190

",汉中天台森林公园，是1992年批准在国有汉中市武乡林场基础上建立起来的，距名城汉中18公里。总经营面积3674公顷，辖天台山、哑姑山、太白、石堰四大景区，108处景点。天台山山势巍峨，山顶平坦如台，故曰天台。被誉为陕南第一名山，集“奇、险、古、秀”于一体，山势雄伟，陡峭险峻，层峦叠嶂，气势状观。有飞仙灵崖、梅花古碑、琴泉雅奏、避滩地穴、岱顶风光等著名的人文、自然景观，登主峰岱顶，北眺秦岭翠峰，南瞰汉中盆地，令人心旷神怡；有始建于唐、宋、兴盛于明、清的古建筑十余处，依山延续十余里，主要包括灵官殿、黄茂咀、南天门、药王楼、涌泉寺、斗母宫，方圆百里群众前来朝圣，常年香火不断。历代文人墨客，仙道真人，官宦士绅，在此曾留下众多的文化遗产。历来是汉中朝圣旅游之胜地。天台山的著名，在于它的独特景观，清人严如煜有诗“苍苍石峰立嵯峨，险道新盘上旧阿。地狭寺随峰石转，僧归身带野云多”。天台十八景声名显赫，为：诸葛故堡、石堰交流、呼吸奇泉、飞仙灵岩、太极神图、张拉塌洞、梅花古碑、晴天夜雨、早种晚收、蜡烛笔立、二仙围棋、银洞白光、琴泉雅奏、白云风洞、青龙昂首、避滩地穴、土孤堆峰、岱顶风光。这些景观天造地设，趣味横生，有的奇绝险峻，有的清雅平和，有的秀丽委婉，有的冷艳孤傲，每一处景观都附有一个神奇的传说，散发着迷人的魅力。,8:00-16:00,https://tr-osdcp.qunarzz.com/tr-osd-tr-manager/img/3d824ff94653b9e00b8d4ab544620aae.jpg_480x360x95_1091945d.jpg,4.5,建议游览时间：3小时 - 5小时,,"{'天台山森林公园门票成人票\n\n': ['¥27.5起'], '天台山森林公园门票优待票\n\n': ['¥13.5起'], '天台山森林公园往返索道票大小同价\n\n': ['¥72起']}",,4
青木川魏家大院,http://travel.qunar.com/p-oi7646120-qingmuchuanweijiadayuan,"

地址:
汉中市宁强县青木川镇内

",魏家大院是当年青木川的统治者魏辅唐生活和处理政务的地方，由二进式新、老两宅组成，两宅相对独立又连成一体。老宅建于1927年，新宅建于1932年。新宅右边是辅唐泉，有“莫道济南趵突泉，更有魏公辅唐泉”之誉。宅院前是小桥流水、鱼池、凉亭，北凤凰，南龙池两山雄峙，有“凤凰遥对鱼龙池，神仙居墅度年华”之赞语。新老宅院珠联璧合，宏伟壮观，是青木川标志性建筑。,全天,https://tr-osdcp.qunarzz.com/tr-osd-tr-space/img/01e0c82700ed976124c91aa08120eb45.jpg_480x360x95_88c91310.jpg,5.0,,,免费,,4
朱鹮自然保护区Crested Ibis Nature Reserve,http://travel.qunar.com/p-oi704765-zhuhuanziranbaohuqu,"

地址:
汉中市洋县城北3公里处


电话:
0916-8212853

",这里是全世界有希望看见野生朱鹮的地方。朱鹮珍贵美丽，属国家一级保护鸟类，是世界上濒临的鸟类，有“东方宝石”之称，1981年5月在洋县境内发现了世界上仅幸存的7只野生朱鹮。朱鹮自然保护区建有朱鹮救护饲养中心，朱鹮宣教馆，朱鹮放飞大棚等。朱鹮以其特有的羽色和秀雅的体态以及起落时翩翩起舞的轻盈舞姿，为历代诗人所歌咏。早有“因风弄玉水，映日上金堤”，“朱鹮戏新藻，徘徊流涧曲”的优美诗句流传。在我国境内曾经有14个省份有记录，但20世纪60-70年代，各地均未遇见；直至1...这里是全世界有希望看见野生朱鹮的地方。朱鹮珍贵美丽，属国家一级保护鸟类，是世界上濒临的鸟类，有“东方宝石”之称，1981年5月在洋县境内发现了世界上仅幸存的7只野生朱鹮。朱鹮自然保护区建有朱鹮救护饲养中心，朱鹮宣教馆，朱鹮放飞大棚等。朱鹮以其特有的羽色和秀雅的体态以及起落时翩翩起舞的轻盈舞姿，为历代诗人所歌咏。早有“因风弄玉水，映日上金堤”，“朱鹮戏新藻，徘徊流涧曲”的优美诗句流传。在我国境内曾经有14个省份有记录，但20世纪60-70年代，各地均未遇见；直至1981年夏才在陕西洋县重新发现，当时仅残存7只。此发现得到了我国政府及有关组织的极大关注，通过不懈的努力，目前，朱鹮的总数量已增加到500只，其中野生群种280多只，人工种群235只。,全天开放,https://tr-osdcp.qunarzz.com/tr-osd-tr-manager/img/b9e794d581724fc2acffb3311ec42a6a.jpg_480x360x95_cb80bcc4.jpg,4.7,建议游览时间：1小时,,"{'朱鹮生态园门票成人票\n\n': ['¥40起'], '朱鹮生态园门票优待票\n\n': ['¥20起']}",,4
午子山Wuzi Mountain,http://travel.qunar.com/p-oi709695-wuzishan,"

地址:
汉中市西乡县堰口镇210国道


电话:
0916-6371154

",午子山是唐代“荔枝道”的必经之地，也有西汉不少传说和古迹。山上的午子观，由顶观、腰观、底观三大古建筑群及500余座灵官庙组成，属省级风景名胜区，为道教圣地。午子山三峰削立，泾阳河、小峡河象两条玉带环山流过，主峰高900余米。午子山左侧，一峰腾空，绝壁万仞，有飞凤欲翔之势，石崖上镌有“飞凤山”三个大字，矫健遒劲，相传为三国张飞所书。飞凤山侧有“虎头崖”三字，今仍依稀可辨，因无款识，不知何人所书。午子山上还有明代造像、碑匾“汉南胜景”等珍贵历史文物多处。,7:00-营业结束,https://img1.qunarzz.com/travel/poi/1410/22/55427eb124c3eeb5ffffffffc8d65eac.jpg_480x360x95_ba010f10.jpg,4.6,建议游览时间：1小时,春秋最佳,具体收费情况以现场公示为主,,4
堰水山庄,http://travel.qunar.com/p-oi722450-yanshuishanzhuang,"

地址:
陕西汉中市城固县城南3公里处

",位于陕西汉中市城固县城南3公里处，国家A级景区，是集住宿、餐饮、游乐、观光为一体的园林建筑，景色迷人。,全天,,--,,,5元,,4
灵崖寺Lingyasi,http://travel.qunar.com/p-oi705298-lingyasi,"

地址:
汉中市略阳县灵岩路附近


电话:
0916-4831302

",灵崖寺依山傍水，坐东向西，依托山岩上两个天然大溶洞而建，属省级重点文物保护单位。。寺内自然景观与人文景观巧妙结合，号称“故道明珠”，“陕南小碑林”。寺庙依地势而建，山道依山蜿蜒，幽静雅致，路边古木参天，绿叶成荫。灵崖寺始建于唐开元年间（公元713－714年），距今已有1200多年历史。这里自古就是周边地区的宗教旅游胜地，加之历史悠久，各种传说轶闻举不胜举。李白、杜甫、吴道子、李可染、于右任等文人墨客，都曾在此留有笔墨。寺内有汉、唐、宋、元、明、清等历代碑刻，前洞洞壁四周也有不少摩崖石刻，具有很高的艺术和书法研究价值。,8:30-17:00，16:30停止入场。,https://tr-osdcp.qunarzz.com/tr-osd-tr-manager/img/2e8ab26a0626f6baa9df31957878ba85.jpg_480x360x95_4fd154bb.jpg,4.4,建议游览时间：1小时,,具体收费情况以现场公示为主,,4
南沙河,http://travel.qunar.com/p-oi709763-nanshahe,"

地址:
陕西省城固县南郊巴山北麓浅山谷口

",南沙河风景区是全省七大风景名胜区之一，距县城15公里，距柳林机场3.5公里，与汉中市、城固县城，南郑大河坎形成圈状交通网络，并且紧靠108国道复线，即将建设的“汉中―西安”高速公路，从景区擦边而过，交通非常便利。南沙河库区呈“L”字形，湖水碧绿，清澈若镜，每当天气晴朗时，白云、蓝天、山峰、花木倒映湖中，水光浮翠，美丽如画。游人来此，或漫步林荫、或荡舟湖面、或为歌酒之会、或寻渔钓之乐，无不留连忘返。南沙河水库中，群峰环抱的长湖，水平如镜，极目无垠。青山倒...南沙河风景区是全省七大风景名胜区之一，距县城15公里，距柳林机场3.5公里，与汉中市、城固县城，南郑大河坎形成圈状交通网络，并且紧靠108国道复线，即将建设的“汉中―西安”高速公路，从景区擦边而过，交通非常便利。南沙河库区呈“L”字形，湖水碧绿，清澈若镜，每当天气晴朗时，白云、蓝天、山峰、花木倒映湖中，水光浮翠，美丽如画。游人来此，或漫步林荫、或荡舟湖面、或为歌酒之会、或寻渔钓之乐，无不留连忘返。南沙河水库中，群峰环抱的长湖，水平如镜，极目无垠。青山倒映、绿水相翠、贫贱不微风吹皱一库碧水、灿烂射目，是度假旅游和宗教旅游的好地方。,8：00-18：00,,--,,,6元,,4
汉中兴汉胜境景区,http://travel.qunar.com/p-oi40019370-hanzhongxinghanshengjing,,汉中兴汉胜境景区位于汉中市汉台区，有宏伟的仿古建筑，还有精彩的表演活动，是人们出游的好去处。,,,--,,,具体收费情况以景区现场公示为主,,4
南郑区阳春镇陈村花海景区,http://travel.qunar.com/p-oi39888472-nanzhengquyangchunzhen,,,,,0.0,,,,,4
洋县朱鹮自然保护区Yangxian County Crested Ibis Natural Reserve,http://travel.qunar.com/p-oi39830511-yangxianzhuhuanziranbao,,,,,0.0,,,,,4
汉中音乐喷泉,http://travel.qunar.com/p-oi39597189-hanzhongyinlepenquan,,,,,0.0,,,,,5
汉中音乐喷泉,http://travel.qunar.com/p-oi39588317-hanzhongyinlepenquan,,,,,0.0,,,,,5
洋县世纪古冰川遗址,http://travel.qunar.com/p-oi39542490-yangxianshijigubingchuan,,,,,0.0,,,,,5
天汉生态文化公园,http://travel.qunar.com/p-oi39446116-tianhanshengtaiwenhua,,,,,0.0,,,,,5
天汉楼广场,http://travel.qunar.com/p-oi39328660-tianhanlouguangchang,,,,,0.0,,,,,5
汉水女神广场,http://travel.qunar.com/p-oi39160246-hanshuinu:shenguangchang,,,,,5.0,,,,,5
龙岗大桥,http://travel.qunar.com/p-oi39140401-longgangdaqiao,,,,,--,,,,,5
汉析里田园温泉度假区,http://travel.qunar.com/p-oi39036211-hanxilitianyuanwenquan,,汉析里田园温泉度假区位于略阳县城西北9公里嘉陵江边的徐家坪镇朱儿坝村郙阁田园综合体，与闻名全国的“汉三颂”之一的析里碥摩崖刻石《郙阁颂》旧址隔江相望，有着天然的区位优势和优良的地理环境，她背靠林木葱郁四季如春的马鞍山，前临逶迤婀娜风景秀丽的嘉陵江，川陕公路横穿其境，交通便捷、自然景观十分优越，是略阳县委县政府确定的统筹城乡发展的上坪乡村振兴示范区“一轴双环六园三个故事”总体规划的园区，集旅居康养，温泉游乐，园林景观，商务会议，观光采摘，民宿度假，农事体验等功能于一体的大型综合型旅游景区。,,,5.0,,,,,5
城固县龙头镇千亩荷园,http://travel.qunar.com/p-oi38952617-chengguxianlongtouzhen,,,,,5.0,,,,,5
留坝千年银杏树,http://travel.qunar.com/p-oi38950820-liubaqiannianyinxingshu,,,,,--,,,,,5
张骞风情街,http://travel.qunar.com/p-oi38940228-zhangqianfengqingjie,,,,,--,,,,,6
中西沟村,http://travel.qunar.com/p-oi38932840-zhongxigoucun,,,,,5.0,,,,,6
留坝老街,http://travel.qunar.com/p-oi38887930-liubalaojie,,,,,4.0,,,,,6
金寨村,http://travel.qunar.com/p-oi38887603-jinzhaicun,,,,,0.0,,,,,6
九台观,http://travel.qunar.com/p-oi38841307-jiutaiguan,,,,,0.0,,,具体收费情况以现场公示为主,,6
南关正街,http://travel.qunar.com/p-oi38678137-nanguanzhengjie,,南关正街位于汉中市汉台区，是由古代中式院落组成的历史风貌街区，街道一侧摆满了套圈、打气球、旋转木马等多种游戏，四周亮着暖黄的彩灯，头顶装饰着大红灯笼。还有各种地方小吃，地方虽然不大但也算得上热闹了。,,,--,建议游览时间：1小时 - 2小时,,具体收费情况以现场公示为主,,6
上元观古镇,http://travel.qunar.com/p-oi38674615-shangyuanguanguzhen,,上元观古镇始建于明代天启年间，以道观“上元观”而得名，小镇内衡家大院、刘秉钧烈士故居、龚逢春故居及红四方面军会议会址保留完好，值得一观。,,,0.0,建议游览时间：1小时 - 2小时,,具体收费情况以现场公示为主,,6
天灯寺,http://travel.qunar.com/p-oi38609489-tiandengsi,,,,,--,,,具体收费情况以现场公示为主,,6
龙池湖,http://travel.qunar.com/p-oi38605991-longchihu,,龙池湖位于汉中市南郑区，一年四季都是景，一年四季景不同。在湖边可以露营、煮火锅，周末闲暇好出去。,,,5.0,建议游览时间：2小时 - 3小时,,,,6
汉山,http://travel.qunar.com/p-oi38341006-hanshan,,汉山植被葱郁，空气很清新，春天可赏花、夏天可纳凉、秋天看红叶，冬天观雪景，一年四季景色不同。景区内还建有玻璃栈道，站在上面可俯瞰整个汉中城区。,,,--,建议游览时间：1小时 - 2小时,,具体收费情况以现场公示为主,,6
汉张留侯祠,http://travel.qunar.com/p-oi38340752-hanzhangliuhouci,,,,,0.0,,,具体收费情况以现场公示为主,,7
太子岭,http://travel.qunar.com/p-oi38338664-taiziling,,金秋时节太子岭漫山红遍，层林尽染，特别是耀眼的红叶更是夺目。清晨在太子岭之巅看着太阳缓缓升起，欣赏美丽的大美风光，待太阳升起之后再一览秦岭深处的叠翠流金，枫叶如火的醉美秋色，一切都映入眼帘，美不胜收。,,,--,建议游览时间：2小时 - 3小时,,具体收费情况以现场公示为主,,7
褒国主题文化街,http://travel.qunar.com/p-oi38336460-baoguozhutiwenhuajie,,,,,--,,,具体收费情况以现场公示为主,,7
牧马河,http://travel.qunar.com/p-oi38336242-mumahe,,,,,--,,,具体收费情况以现场公示为主,,7
小留坝村,http://travel.qunar.com/p-oi38336059-xiaoliubacun,,小留坝村，这里是赏秋景的好去处，山上色彩斑斓层林尽染，山间云雾缭绕犹如仙境，颇有点画中村落的感觉。这里坐落着不少秦岭风格的民居建筑，在这里可以欣赏到远处巍峨峻秀的秦岭风光，景色非常美。,,,--,建议游览时间：4小时 - 6小时,,具体收费情况以现场公示为主,,7
樱花广场,http://travel.qunar.com/p-oi38335570-yinghuaguangchang,,,,,--,,,具体收费情况以现场公示为主,,7
连城山,http://travel.qunar.com/p-oi38335467-lianchengshan,,,,,--,,,具体收费情况以现场公示为主,,7
灵岩寺,http://travel.qunar.com/p-oi38335428-lingyansi,,,,,0.0,,,具体收费情况以现场公示为主,,7
椒溪河,http://travel.qunar.com/p-oi38035198-jiaoxihe,,,,,--,,,具体收费情况以现场公示为主,,7
开明古寺,http://travel.qunar.com/p-oi38035165-kaiminggusi,,,,,--,,,具体收费情况以现场公示为主,,7
龙山观花点,http://travel.qunar.com/p-oi38034464-longshanguanhuadian,,,,,--,,,具体收费情况以现场公示为主,,8
沔水湾广场,http://travel.qunar.com/p-oi37806812-mianshuiwanguangchang,,,,,0.0,,,,,8
前进路星辰夜市,http://travel.qunar.com/p-oi37806466-qianjinluxingchenyeshi,,,,,0.0,,,具体收费情况以现场公示为主,,8
西城老街,http://travel.qunar.com/p-oi37198390-xichenglaojie,"

地址:
城北街道办事处鹿龄社区鹿龄路中段


电话:
6475908

",,全年 06:00-21:00,,5.0,,,,,8
汉中植物园,http://travel.qunar.com/p-oi37192881-hanzhongzhiwuyuan,,,,,4.8,,,具体收费情况以现场公示为主,,8
花园秦岭珍稀植物盆景园,http://travel.qunar.com/p-oi37192817-huayuanqinlingzhenxizhi,,,,,0.0,,,具体收费情况以现场公示为主,,8
兴州珍园,http://travel.qunar.com/p-oi37190780-xingzhouzhenyuan,,,,,--,,,具体收费情况以现场公示为主,,8
三角洲公园,http://travel.qunar.com/p-oi37190759-sanjiaozhougongyuan,, 三角洲公园位于汉江和嘉陵江的交汇处，依山傍水，景色宜人，公园内有一个两层高的凉亭。,,,0.0,建议游览时间：1小时 - 2小时,,,,8
天汉广场,http://travel.qunar.com/p-oi37189751-tianhanguangchang,,,,,0.0,,,具体收费情况以现场公示为主,,8
汉源湖,http://travel.qunar.com/p-oi36865595-hanyuanhu,"

地址:
汉中市汉台区诸汉路中段兴汉胜境景区内


电话:
4000916111

",,全年 09:00-18:00,,5.0,建议游览时间：1小时 - 2小时,,包含在兴汉胜境景区内，通用兴汉胜境景区门票。玩乐项目单收费，详情可提前电话咨询。,,8
天汉古韵-汉中历史文物展,http://travel.qunar.com/p-oi36792635-tianhanguyun_hanzhong,"

地址:
汉中市汉台区南一环1018号


电话:
0916-2231536,0916-8152188

",天汉古韵-汉中历史文物展位于汉中市汉台区，由序厅和曙光初现、古褒气象、大汉源脉、群雄相争、山南重镇、交流融合六个单元组成，主要展出从旧石器时代到近现代时期的文物，种类繁多。,全年 08:00-17:30,,3.9,建议游览时间：1小时 - 2小时,,,,9
一江两岸风景区,http://travel.qunar.com/p-oi36561649-yijianglianganfengjing,"

地址:
汉中市汉台区天汉大道与滨江西路交叉口桥北广场南侧江边

","汉中一江两岸风景区，位于汉中汉台区桥北广场南侧，集水游船画舫观光、休闲茶艺、文化演艺等项目为一体。整个一江两岸水域3.03平方公里以及0.75平方公里湿地，打造汉中“水韵江南”的独特魅力、努力体现汉水文化、汉中小江南风光。
",上午10:00——下午21:00，根据天气情况具体 以景区现场为准,,2.0,建议游览时间：1小时 - 2小时,,无大门票，乘船观光需要购买船票,,9
皇塘田园花乡,http://travel.qunar.com/p-oi36460041-huangtangtianyuanhuaxiang,,,,,,,,,,9
鹿龄寺,http://travel.qunar.com/p-oi36455418-lulingsi,,鹿龄寺，又名巴巴寺，鹿龄寺原寺由仙根寺、静思寺、鹿龄寺三大部分组成，建筑面积达百余亩。现存殿堂房约一百多间。主建筑结构美观大方，风格凝重严谨，既有独特的民族风格，又有明显的地方特色。 ,,,0.0,建议游览时间：1小时 - 2小时,,具体收费情况以现场公示为主,,9
勉县武侯祠博物馆,http://travel.qunar.com/p-oi36259286-mianxianwuhoucibowuguan,,,,,--,,,,,9
勉县博物馆,http://travel.qunar.com/p-oi36258274-mianxianbowuguan,,,,,4.0,,,具体收费情况以现场公示为主,,9
诸葛街景区忠武楼,http://travel.qunar.com/p-oi36222772-zhugejiejingquzhongwu,,诸葛街景区忠武楼位于诸葛古镇水街景区西端，底座前端是一艘大船造型，也是现在的演艺舞台，主楼高三层，翘檐雕栋精美绝伦，是一座气势宏伟的建筑。,,,4.3,建议游览时间：1小时 - 2小时,,包含于诸葛街景区内，通用诸葛街景区门票。,,9
诸葛街景区砖雕观赏区,http://travel.qunar.com/p-oi36222360-zhugejiejingquzhuandiao,,砖雕观赏区位于陕西省汉中市，在街区仿古建筑的墙壁上，镶嵌着数百块大大小小的砖雕作品，大多集中在忠孝广场附近的建筑上，其精雕细刻，供游客欣赏。,,,3.0,建议游览时间：0.5小时 - 1小时,,包含于诸葛街景区内，通用诸葛街景区门票。,,9
天下武侯祠展览馆,http://travel.qunar.com/p-oi36222183-tianxiawuhoucizhanlan,,天下武侯祠展览馆位于诸葛古镇内，展览馆通过图片和文字对国内现存十四处武候祠的建筑规模、风格、特色等做了详尽介绍。,,,3.0,建议游览时间：0.5小时 - 1小时,,具体收费情况以现场公示为主,,9
古隆中牌坊,http://travel.qunar.com/p-oi36219308-gulongzhongpaifang,,"古隆中牌坊位于汉中勉县，根据刘备三顾茅庐的故事而建，通过牌坊以及诸葛古镇内的其他建筑，人们可以更好地了解这段有趣的故事。
",,,3.8,建议游览时间：0.5小时 - 1小时,,,,9
诸葛街景区忠孝广场,http://travel.qunar.com/p-oi36219301-zhugejiejingquzhongxiao,,,,,3.0,,,,,10
草船借箭,http://travel.qunar.com/p-oi36219293-caochuanjiejian,"

地址:
汉中市勉县武侯镇108国道诸葛古镇


电话:
0916-3298908

",草船借箭景观是汉中市勉县诸葛古镇依据三国故事草船借箭而建造的一个特色景观，草人和飞箭非常逼真，形象的展现了三国文化。,全年 全天开放,,3.5,建议游览时间：1小时 - 2小时,,具体收费情况以现场公示为主,,10
郡丞府,http://travel.qunar.com/p-oi36219292-junchengfu,"

地址:
汉中市勉县武侯镇108国道诸葛古镇


电话:
0916-3298908

",郡丞府位于陕西省汉中市诸葛古镇内，是泰山郡丞府还原建筑。诸葛亮的父亲诸葛珪任泰山郡丞，诸葛亮从小就生活在泰山郡丞府，因此诸葛古镇复建郡丞府，让游客体验真实的汉代风情。,8:00-18:00,,3.0,建议游览时间：1小时 - 2小时,,具体收费情况以现场公示为主,,10
学业堂,http://travel.qunar.com/p-oi36219289-xueyetang,,学业堂位于陕西省汉中市，是仿照古代的学堂而建，是诸葛古镇景区内的景观之一。,,,3.0,建议游览时间：1小时 - 2小时,,具体收费情况以现场公示为主,,10
冷兵器博物馆,http://travel.qunar.com/p-oi36219276-lengbingqibowuguan,,,,,,,,,,10
中共留坝县历史陈列馆,http://travel.qunar.com/p-oi36140374-zhonggongliubaxianlishi,,,,,0.0,,,具体收费情况以现场公示为主,,10
九叠泉,http://travel.qunar.com/p-oi36140314-jiudiequan,,,,,--,,,具体收费情况以现场公示为主,,10
金水湾花海,http://travel.qunar.com/p-oi36140305-jinshuiwanhuahai,,金水湾花海位于陕西省汉中市留坝县，这里花团锦簇，景色宜人。花海内有马鞭草、醉蝶花等众多花卉种类，百花齐放，美不胜收。,,,4.5,建议游览时间：3小时,,,,10
营盘慢行休闲村,http://travel.qunar.com/p-oi36140126-yingpanmanxingxiuxian,,,,,--,,,具体收费情况以现场公示为主,,10
情人谷,http://travel.qunar.com/p-oi36140033-qingrengu,,情人谷景色优美，高大的落叶松林，吊桥，还有木制栈道等设施，浪漫又不失意境，是参观游览的好地方。,,https://tr-osdcp.qunarzz.com/tr-osd-tr-space/img/d5db2e26294d4d85e4c4e3e687e57ebd.jpg_480x360x95_68af271b.jpg,4.0,建议游览时间：12小时 - 3天,,,,10
