名字,链接,地址,介绍,开放时间,图片链接,评分,建议游玩时间,建议季节,门票,小贴士,Page
塔克拉玛干沙漠（和田）,http://travel.qunar.com/p-oi36121374-takelamaganshamo,,塔克拉玛干沙漠分布在巴音郭楞、阿克苏、喀什、和田四个区域，在和田与叶尔羌河谷之间，呈弧形向西南绵延而去，沙质细软，一望无际，浩翰辽阔。,,,4.5,建议游览时间：3小时 - 5小时,,具体收费情况以现场公示为主,,1
墨玉河,http://travel.qunar.com/p-oi709234-moyuhe,"

地址:
新疆和田地区

",墨玉河亦称喀拉喀什河，因出产墨玉而得名，生产的墨玉是雕琢玉器的上等玉米。墨玉河发源于喀喇昆仑山，全长808公里，墨玉河自西南向北流经墨玉绿洲，在阔什塔什与白玉河汇流成和田河。墨玉河年径流量21.9亿立米，灌区有6.7万公顷耕地，53万人受益。墨玉河与白玉河都是和田最大的河流。为更好地利用水资源，80年代分别在墨玉河和白玉汀上游修建了渠首。该渠首是一卒拦河悬板分层式引水枢纽工程，具有引水、泄洪、排沙等综合效果。渠首采取正面泄洪，底层排沙，上层侧向引水形式。该工...墨玉河亦称喀拉喀什河，因出产墨玉而得名，生产的墨玉是雕琢玉器的上等玉米。墨玉河发源于喀喇昆仑山，全长808公里，墨玉河自西南向北流经墨玉绿洲，在阔什塔什与白玉河汇流成和田河。墨玉河年径流量21.9亿立米，灌区有6.7万公顷耕地，53万人受益。墨玉河与白玉河都是和田最大的河流。为更好地利用水资源，80年代分别在墨玉河和白玉汀上游修建了渠首。该渠首是一卒拦河悬板分层式引水枢纽工程，具有引水、泄洪、排沙等综合效果。渠首采取正面泄洪，底层排沙，上层侧向引水形式。该工程在规划、设计方面，借鉴和田分层式引水渠首的成功经验，并因地制宜，不拘一格，大胆创新，有所突破。十二年来，运行效果良好，受到中央、自治区领导和专家们的一致好评。墨玉河渠首担负着两岸6万公顷耕地的灌溉和数十万人畜用水的引水任务，渠首建成前，墨玉河两岸人民，为了堵坝引水、每年投入劳力40万工天和大量物力、财力。年复一年，堵了冲、冲了堵，给两岸人民造成了学生的负担。如今一座雄伟、壮观、新颖别致，运行灵活的现代化渠首巍然屹立在墨玉河上。奔腾咆哮的河水，按照人们的意愿，温顺地流进了渠道，流入了田间。在这里以渠首工程为主体形成了错落有致的建筑群。水池、曲桥、享阁、楼台交相辉映，渠边、路旁绿树成阴，乌语花香。每年春、夏、秋季到此观光、注旅游者络绎不绝，昔日的河滩荒野如今已成为人们休闲度假的好去处。,全天,https://img1.qunarzz.com/travel/d9/1809/d6/c77743ac2b230bb5.jpg_480x360x95_5e7f7f6f.jpg,1.0,,,30元,,1
和田大巴扎Hotan Grand Bazaar,http://travel.qunar.com/p-oi709806-hetiandabazha,"

地址:
和田市东北面，在315国道旁

",和田大巴扎汇集了具有地方特色的菜系佳肴、名点饮品、干鲜果品、药材补品、金石雕镂、陶瓷漆器和各地的名优百货、名烟名茶等。和田地区旅游产品种类多、名气高，特别是和田玉、和田丝绸、和田地毯、玫瑰洒、和田小花帽、民族医药、民族小刀、手工木制品等旅游产品，其中很多是全疆王牌的旅游产品，为自治区出口创汇的主要出口产品之一。,全天,https://img1.qunarzz.com/piao/fusion/1701/b6/8ebc3939dab9202.jpg_480x360x95_710658a8.jpg,4.1,建议游览时间：1小时 - 3小时,,具体收费情况以现场公示为主,,1
和田胡杨林Hetian Populus Euphratica,http://travel.qunar.com/p-oi713128-hetianhuyanglin,"

地址:
新疆维吾尔自治区于田县塔里木河畔

",胡杨林公园位于新疆轮台县境内的塔里木河畔。这里生长着大量的原始胡杨林。秋季，一片片金黄色的胡杨陪伴着沙漠，自然景色美极了。主要以胡杨林为依托、沙漠公路穿其而过之优势，开发出面积500余公顷的旅游带。公园里胡杨林、沙滩、湖泊，惹来无数中外旅客前来玩赏。,全天,https://img1.qunarzz.com/travel/d5/1510/fb/ad4495b260966.jpg_480x360x95_78b65692.jpg,5.0,建议游览时间：3天,,免费,,1
尼雅遗址Niya Ruins,http://travel.qunar.com/p-oi716184-niyayizhi,"

地址:
和田地区民丰县喀巴阿斯卡村以北20公里的沙漠中


电话:
0903--2515806

",尼雅遗址是汉晋时期精绝国故址，散布于南北长25公里，东西宽5-7公里的区域内。在这片狭长的古城遗址中，残存的佛寺、房舍、墓地散落其间，当年的农田、林带、渠系和冶炼遗址依稀可见。可以看出，当年精绝国的居民们以穿城而过的尼雅河为界，分居南北两区，南为豪门，北住平民。但是，家家皆有果园、畜圈和池塘。遗址中有一土筑佛塔，虽然破败，但古风犹存。精绝国处于塔克拉玛干大沙漠，居弱水一方，是个小国。据《汉书·西域传》记载：这里仅“户四百八十、口三千三百六十、胜兵五百人”，并在东汉年间“被鄯善并吞，国遂绝”，但是，丝路南道“往来者莫不由此城焉”。奔走穿梭于尼雅河桥头的丝路商人给小国寡民带来了西亚的玻璃器皿、希腊风格的艺术品、印度的棉织物、黄河流域的锦绢、漆器、铜镜和纸这些当世珍宝。汉晋夫妻合葬墓中出土的蓝底蜡染棉布残片和棉布裤，是我国迄今所见的较早棉织物，尤其是“五星出东方利中国”文字织锦堪称锦中绝品、丝路遗珍。佉卢文书是尼雅考古中的发现，800件出土于尼雅遗址的佉卢文书木简，有文告、信函、指示，内容几乎涉及当时生活的每一个侧面。尼雅的废弃是个谜。古城遗址周围不见河流改道或战乱兵燹的迹象，房屋院落之中没有人迹；大量公文简牍刚刚整理好，还来不及运走；甚至连忠实的狗儿都忘了带走，还拴在家门口的柱子上。尼雅人就这样匆匆忙忙地消失了，只留下沙埋废墟，更留下瀚海荒漠中难解之谜。,全年 全天开放,https://img1.qunarzz.com/travel/d9/1702/47/58cc025fdb8960b5.jpg_480x360x95_83139e9b.jpg,4.5,建议游览时间：3天,,具体收费情况以现场公示为主,,1
麻扎塔格山,http://travel.qunar.com/p-oi708282-mazhatageshan,"

地址:
和田地区墨玉县


电话:
0903--2511335

",麻扎塔格山位于墨玉县境内的和田河下游西岸，呈东西向横卧在塔克拉玛干沙漠的南部，被和田河拦头截断。山体呈长条形，东西向分布，山体东临和田河冲积平原绿色长廊，西侧被沙漠环绕，处于极端干旱的沙漠区，它是受新构造运动的单面山，对研究塔里木盆地古环境演化过程具有重要意义，也是研究历史时期人类活动对环境影响的好材料。由下第三系的红色泥岩、石膏和灰岩组成为白山，由上第三系的棕红色砂岩、泥岩构成为红山，两山形似卧龙饮水。山体延伸至和田河而断陷地下，翘首挺立于河边...麻扎塔格山位于墨玉县境内的和田河下游西岸，呈东西向横卧在塔克拉玛干沙漠的南部，被和田河拦头截断。山体呈长条形，东西向分布，山体东临和田河冲积平原绿色长廊，西侧被沙漠环绕，处于极端干旱的沙漠区，它是受新构造运动的单面山，对研究塔里木盆地古环境演化过程具有重要意义，也是研究历史时期人类活动对环境影响的好材料。由下第三系的红色泥岩、石膏和灰岩组成为白山，由上第三系的棕红色砂岩、泥岩构成为红山，两山形似卧龙饮水。山体延伸至和田河而断陷地下，翘首挺立于河边；平均坡度30°，海拔1300-1570米，主峰海拔1570米，西高东低。山体受干燥剥蚀与风蚀作用，基岩裸露，多残坡积物。麻扎塔格目前处于自然保存状态，山顶古戍堡由墨玉县文管所管理。近年来由于受丝绸之路研究热潮的影响，经常有国内外游客来探险考古及重温古代的驼铃、马队运输的场景，南部山峰由于山势高峻，道路崎岖，一般游客很难到达，只限于登山爱好者开发利用。,全天,,--,,,免费,,1
约特干遗址Yuetegan Ruins,http://travel.qunar.com/p-oi709002-yueteganyizhi,,,,,,,,,,1
昆仑湖公园Kunlunhu Park,http://travel.qunar.com/p-oi705086-kunlunhugongyuan,"

地址:
北京东路197号


电话:
0903-2023553

",昆仑公园是和田地区较大的公园，占地88000平方米。  园内昆仑湖水面面积28000平方米。它是和田市区市民休闲娱乐的好去处。昆仑湖东部、南部岸线平直，东北角狭长。湖中有一湖心岛，湖的西北角为荷花池；东部有三个鱼池，其中靠北的两个较大，兼有水上划船等娱乐功能。昆化湖公园还有果园53334平方米，塑料大棚700平方料，可培育各类苗木，园内绿化覆盖率达百分之60以上。公园内设有“金和儿童乐园”、动物园、游泳池、茶楼等各种餐饮服务。,9：00－18：00,https://img1.qunarzz.com/travel/poi/1803/a6/127a7525312ac737.jpg_480x360x95_9b67ed37.jpg,4.7,建议游览时间：1小时 - 2小时,,具体收费情况以现场公示为主,,1
核桃树王公园Hetao Wangshu,http://travel.qunar.com/p-oi701908-hetaoshuwanggongyuan,,,,,,,,,,1
买力克阿瓦提古城,http://travel.qunar.com/p-oi706037-mailikeawatigucheng,"

地址:
和田城玉龙喀什河


电话:
0903--2511335

",位于和田城东南25公里的玉龙喀什河西岸，当地人称“什斯比尔”。1962年定为自治区重点文物保护单位。遗址南北长十公里，东西宽两公里。该城建于1500至1600年以前。遗址西侧沙山环立，冈峦起伏，南面昆仑山脉影影绰绰，高入云端，东面玉龙喀什河蜿蜒曲折，夏季洪水奔腾怒吼，北面不远，村舍点点，绿树环合。遗址内有古墓葬地、古建筑群、西侧沙山背后有气氛神秘的洞窟三个。出土文物有铜佛像、玉器、泥塑佛像残件、回纹图案墙饰、壁画残片、陶器、及大量 古钱币。钱中有汉代五侏钱、...位于和田城东南25公里的玉龙喀什河西岸，当地人称“什斯比尔”。1962年定为自治区重点文物保护单位。遗址南北长十公里，东西宽两公里。该城建于1500至1600年以前。遗址西侧沙山环立，冈峦起伏，南面昆仑山脉影影绰绰，高入云端，东面玉龙喀什河蜿蜒曲折，夏季洪水奔腾怒吼，北面不远，村舍点点，绿树环合。遗址内有古墓葬地、古建筑群、西侧沙山背后有气氛神秘的洞窟三个。出土文物有铜佛像、玉器、泥塑佛像残件、回纹图案墙饰、壁画残片、陶器、及大量 古钱币。钱中有汉代五侏钱、魏晋南北时代的剪轮钱和唐代“开元通宝”。遗址上散布许多高大的土堆和建筑用的柱础，还有陶窖堆积等。地面散布有许多红、灰色陶器残片。城南2里许，有土堆一圈。附近有一土台，方形，高约3米，周约百余步，似为古代建筑遗迹。附近红色陶片甚多。往南10余里，有石塔，周约60米，高6米许，系以石垒砌而成，已倾圮。四周散布有不少泥塑残件。附近有房舍遗址，为沙所掩，在此曾发现泥塑佛头，上有金叶，制作精美，据认为即《法显传》中所述之翟摩帝大寺。1978年冬，在一处寺院遗址里发现汉代钱窖一处，出土大量五株钱。,全天,,--,,,30元,,1
无花果王树King of Fig Tree,http://travel.qunar.com/p-oi708718-wuhuaguowangshu,"

地址:
和田市拉依喀乡政府后果园内

",无花果属小乔木类，维吾尔称“安桔尔”，花藏在花托里，不易发现，所以又称“神秘之果”。无花果王历尽沧桑，至今已有三百年，像这样历史久远而又异常硕大，生机蓬勃的灌木不仅在新疆乃至全国也实属罕见。无花果王树冠像一丛巨大而别致的绿色蘑菇，占地面积达0.1公顷，周围的新枝根连根，相互撕扭，盘根错节，爬地百生，向四周蔓延，如蛟龙起舞，银蛇出洞。无花果王虽然年代久远，但一年三茬依然枝繁叶茂，果实蕾蕾，年接果2万多个，从6～10月都能吃上新鲜果子，果大鲜嫩，色泽鲜黄，不但味道甜润爽口，而且具有强身健脑、延年益寿之效，被人们誉为人间“仙果”。,全天,https://img1.qunarzz.com/travel/poi/1803/be/5188e86525a94a37.jpg_480x360x95_75d6a5dd.jpg,4.3,建议游览时间：1小时,,具体收费情况以现场公示为主,,2
丝绸之路南道,http://travel.qunar.com/p-oi709643-sichouzhilunandao,"

地址:
新疆和田地区


电话:
0903 -2512849

","“丝绸之路”南道从敦煌西出玉门关，经楼兰，沿塔克拉玛干南缘，昆仑山北麓西行，跨帕米尔至今阿富汗一带。和田地区历史时期一直是丝绸之路南道人类活动的中心，隋唐时丝绸之路古道空前繁荣，随着人类社会的进步和科学技术的发展，到15-16世纪逐渐被海上交通所替代。但沿线至今可见众多古城、石窟、墓葬等文化遗存及自然风光，并掀起了当代世界性的""丝绸之路""热。而其中最令人神往的，莫过于富有传奇色彩的新疆丝绸之路南道。历史时期一系列的事件都与丝绸之路相关，丝绸之路南道是这...“丝绸之路”南道从敦煌西出玉门关，经楼兰，沿塔克拉玛干南缘，昆仑山北麓西行，跨帕米尔至今阿富汗一带。和田地区历史时期一直是丝绸之路南道人类活动的中心，隋唐时丝绸之路古道空前繁荣，随着人类社会的进步和科学技术的发展，到15-16世纪逐渐被海上交通所替代。但沿线至今可见众多古城、石窟、墓葬等文化遗存及自然风光，并掀起了当代世界性的""丝绸之路""热。而其中最令人神往的，莫过于富有传奇色彩的新疆丝绸之路南道。历史时期一系列的事件都与丝绸之路相关，丝绸之路南道是这些信息的综合载体，也是人们追寻历史文化的桥梁、旅游资源价值十分巨大。如今，贯穿号称""死亡之海"" 南北的塔克拉玛干沙漠的""塔里木沙漠公路""，是今天和田地区与外界联系的一条便捷通道，也是人们观赏沙漠腹地大漠风光的理想观景地，它北起314国道轮台县东，经轮南油田、塔里木河、肖塘、塔中4油田和塔克拉玛干大沙漠，南至民丰县恰汗和315国道相连，南北贯通塔里木盆地，全长522公里，其中穿越流动沙漠段长446公里。沙漠路段的路面结构自上而下依次为：沥青沙、沥青混凝土、级配砾石天然沙砾、土工布、风积沙基。具有中国特色的土工格栅法沙体系经济可靠，即利用新疆芦苇碾压做成草方格固沙，道路上同风向侧方格宽不少于50-70厘米，下风向侧不少于30-50厘米，并根据风口位置，适当调整。在草方格外侧，设有芦苇沙障，在沙中埋0.3米，实际高1.2米。",全天,,--,,,免费,,2
达里雅布依民俗村,http://travel.qunar.com/p-oi707853-daliyabuyiminsucun,"

地址:
和田地区和田县达里雅布依乡


电话:
0903 -2512849

",达里雅布依民俗村和田地区是一个以维吾尔族为主的民族地区，拥有独特的维吾尔族建筑风格，特别是作为旅游资源单体的大河沿达里雅布依民俗村，反映了处于干旱、封闭的民族所创立的文化景观村落，其建筑形式、生产习惯等方面都具有独特性，是一个旅游资源级别特高的资源单体。　　大河沿达里雅布依民俗村位于田县县城北250公里左右的塔克拉玛干沙漠深处，于田县达里雅布依乡境内。大河沿村居民长期过着封闭的生活，基本上与外界失去联系，直到近代，随着国内外沙漠探险者的涉入，才使这...达里雅布依民俗村和田地区是一个以维吾尔族为主的民族地区，拥有独特的维吾尔族建筑风格，特别是作为旅游资源单体的大河沿达里雅布依民俗村，反映了处于干旱、封闭的民族所创立的文化景观村落，其建筑形式、生产习惯等方面都具有独特性，是一个旅游资源级别特高的资源单体。　　大河沿达里雅布依民俗村位于田县县城北250公里左右的塔克拉玛干沙漠深处，于田县达里雅布依乡境内。大河沿村居民长期过着封闭的生活，基本上与外界失去联系，直到近代，随着国内外沙漠探险者的涉入，才使这里的情况曝光于国内外。该村落属于特色民俗村落。整个村庄的房屋建筑零星地点缀在广阔的绿洲地带，分散性特强。忧房屋建筑适应干旱沙漠环境，多用胡杨木做成房屋的支撑，再以红柳枝等编成围墙，屋内无家俱摆设，以沙垒成较高台地，上覆地毯成床。忧以畜牧业为主，食品以肉食为主，辅之以面饼，不吃菜。饼的制作方法较特别，将面和好后用手压成3厘米厚、直径几十厘的大饼，埋在火灰中烤熟而食。居民长年饮用咸苦的井水，此井为沙漠中的渗水坑，其挖掘方法较特殊，民俗特色浓郁。大河沿民俗村处于克里雅河下游河尾闾地区，在这里有泉水溢出，原始胡杨林密布，直径在1-2米的胡杨林随处可见。由于远离县城，交通不便，致使这里基本变成了与世隔绝的村落，逐渐形成了有特色的民族民俗村落。居民属于维吾尔维，但具有一定的方言习惯，是维吾尔族中特色最明显的民居部落。,全天,https://tr-osdcp.qunarzz.com/tr-osd-tr-manager/img/bd21fe6fa2c7b81bc6cfd4ac51f690ee.jpg_480x360x95_610bf939.jpg,--,,,免费,,2
渔湖景区,http://travel.qunar.com/p-oi715527-yuhujingqu,,,,,,,,,,2
乌鲁瓦提水利枢纽工程,http://travel.qunar.com/p-oi716540-wuluwatishuilishuniugong,"

地址:
和田市浪如乡

","乌鲁瓦提水利枢纽工程位于昆仑山南麓的喀拉喀什河上游山口处、和田县浪如乡境内。距和田市71公里，有泊油路和砂石路可达。属于山谷拦河水库，具有灌溉、防洪、发电、养鱼、生态保护及旅游等多，该枢纽工程由主坝及副坝、右岸开启式岸边溢洪道、泄洪排砂洞、左岸冲砂洞、发电引水系统、主副厂房、110千伏户内式开关站等建筑组成。水库区南头有几个小岛，其上生长众多植物，是灰鹤、野鸭、大雁等飞禽的乐园；库区四周被干燥剥蚀的低山环绕，高峻挺拔，形态奇异：远观""银光素裹源驰腊象...乌鲁瓦提水利枢纽工程位于昆仑山南麓的喀拉喀什河上游山口处、和田县浪如乡境内。距和田市71公里，有泊油路和砂石路可达。属于山谷拦河水库，具有灌溉、防洪、发电、养鱼、生态保护及旅游等多，该枢纽工程由主坝及副坝、右岸开启式岸边溢洪道、泄洪排砂洞、左岸冲砂洞、发电引水系统、主副厂房、110千伏户内式开关站等建筑组成。水库区南头有几个小岛，其上生长众多植物，是灰鹤、野鸭、大雁等飞禽的乐园；库区四周被干燥剥蚀的低山环绕，高峻挺拔，形态奇异：远观""银光素裹源驰腊象""莽昆仑的风姿；近看湛蓝色的湖水，水清浪静，湖光倒影，景色十分秀丽，好似荒山秃岭中的绿珍珠。水库周围环境优美，是夏季避暑、乘凉、游泳、垂钓、划船及观光旅游的好去处。该景点距县城近，交通便利，具有很高的旅游价值。",全天,,3.0,,,30元,,2
慕士山Mushishan,http://travel.qunar.com/p-oi702500-mushishan,"

地址:
昆仑山中段

",慕士山峰区几乎完全被冰层所覆盖，冰川面积2700多平方公里，冰雪总储量3500亿立方米。强烈的冰蚀作用将山体雕刻成锋利的角峰和刃脊，使峰体形态更加清晰可观。山峰北坡依次分布有冰川作用的极高山带、寒冻作用的高山带、干燥半干燥作用的的高山带、干燥剥蚀的中山带、低山丘陵带和冲洪积倾斜平原带。慕士山山势高峻，道路崎岖，沿途的山地风光奇丽壮观，美不胜收，是登山爱好者的好去处。每年都有勇敢者前去探险，攀登。,全天,https://tr-osdcp.qunarzz.com/tr-osd-tr-manager/img/62c1ed177a941e3b88323287b81d0572.jpg_480x360x95_78d4b4e1.jpg,4.5,建议游览时间：1小时,,具体收费情况以现场公示为主,,2
山普鲁古墓群Shanpulu Ancient Tombs,http://travel.qunar.com/p-oi711860-shanpulugumuqun,"

地址:
山普鲁古墓群

",1983年8～11月，自治区考古队来此挖掘大小墓20座。其中有大型丛葬墓两座及单体墓16座，马坑两座。死者多成年，葬式有俯身葬，仰身屈肢葬等，马坑中有黑白2马，白马右侧后腿屈，黑马左侧四蹄直，头部均插白色羽翎两支，左古墓中还有完整的男性干尸1具。出土文物近千件，有大量的衣帽、绑带、花边、印花棉布、刺绣、裁绒和拉绒地毯，毛褐、毡衣、花押、珠饰、梳蓖、铜镜、镜袋、靴鞋、手仗、摇扇、弓箭、铁铲、石膏佛像、陶木器具等。纺织品、毛织品种类多，色彩绚丽，纹饰多样，是研究古于阗国生产技术和工艺美术方面的珍贵资料。出土丝绸品中有典型的汉代织锦纹样，有“飞凤”纹锦，“宝相花”双面提花锦，“群猴对戏”纹锦等。出土的“常宜富贵”铜镜，宽边铜镜为重要的断代依据，初步鉴定为汉代遗址。,全天,https://tr-osdcp.qunarzz.com/tr-osd-tr-manager/img/55132ee8456198b2f6d427b21773c19e.jpg_480x360x95_3eadff14.jpg,2.5,建议游览时间：1小时,,具体收费情况以现场公示为主,,2
英艾日克水库,http://travel.qunar.com/p-oi706728-yingairikeshuiku,"

地址:
新疆和田市18公里处的冲积扇扇缘洼地中

",英艾日克水库位于和田市18公里处的冲积扇扇缘洼地中，属平原水库。库容4225万立方米，调节库容2500万立方米，平均水深6.5米。水库西侧为英尔艾力克沙丘地，组成金色沙滩游泳区和沙疗、沙漠骆驼游、滑沙等游乐区；北岸出水口两侧为鱼塘和园林地。该水库处于冲积扇扇缘洼地中，水库周边环境优美，被绿洲环抱。水库西岸的英艾力克沙漠区，将沙漠的海潮英姿尽收眼底，观看日出日落别有一番情趣，也是研究沙漠形成初期的观测场，沙漠脚下的水库，碧波荡漾，水天一线相连，岸柳婆娑，是夏季...英艾日克水库位于和田市18公里处的冲积扇扇缘洼地中，属平原水库。库容4225万立方米，调节库容2500万立方米，平均水深6.5米。水库西侧为英尔艾力克沙丘地，组成金色沙滩游泳区和沙疗、沙漠骆驼游、滑沙等游乐区；北岸出水口两侧为鱼塘和园林地。该水库处于冲积扇扇缘洼地中，水库周边环境优美，被绿洲环抱。水库西岸的英艾力克沙漠区，将沙漠的海潮英姿尽收眼底，观看日出日落别有一番情趣，也是研究沙漠形成初期的观测场，沙漠脚下的水库，碧波荡漾，水天一线相连，岸柳婆娑，是夏季休闲避暑、游泳、垂钓、沙疗和农业生态旅游为一体的娱乐场所。,全天,,--,,,10元,,2
普鲁火山Puluhuo Mountain,http://travel.qunar.com/p-oi705859-puluhuoshan,"

地址:
和田于田县普鲁村北8-12公里的克里雅河两岸


电话:
0903--2511335

",普鲁火山实为火山熔岩层，来自于南部的昆仑山，活动时间约143万年前。火山熔岩层分布于克里雅河中游两侧的高阶地上，火山熔岩分两层，下层厚7米，为火山集块岩和致密块状熔岩，覆盖在砂砾上，接触面有砾石层被烘烤痕迹；两层间夹12.3米厚的砾石层，上层熔岩厚20米，为集块岩、致密块状岩和气孔状岩石。上、下层熔岩，均形成于第四纪早更新世，属不同时期的两次火山喷发的玄武岩（粗安岩），玄武岩组成阶地陡崖，形似众多奇异造型的怪兽傲视远方，蔚为壮观。火山岩覆盖于河流6级阶地的砂砾石层上，其上覆盖风砂质黄土层。两次火山活动都在南部的昆仑山高山地带，且规模巨大，对研究青藏高原及昆仑山的形成及环境演化意义重大。普鲁火山目前仍处于原始的保存状态。,全天,https://tr-osdcp.qunarzz.com/tr-osd-tr-manager/img/93cdbb60594b3a37f66ba65e95820123.jpg_480x360x95_1ab8fcb5.jpg,5.0,建议游览时间：1小时,,免费,,2
热瓦克佛教遗址,http://travel.qunar.com/p-oi710785-rewakefojiaoyizhi,"

地址:
和田洛浦县玉龙喀什镇


电话:
0903--2511335

",位于洛浦县城西北50多公里的大沙漠中，是著名的佛教文化遗址，自治区文物保护单位。是一组以佛塔为中心的佛寺建筑。佛寺为正方形，院中心有一座残高约10米的佛塔，因而得“热瓦克”之名。院墙内外，密布泥塑壁画，佛像最大的高达3米，虽已残缺，但仍可辨识。院墙每边长45米，可见当年的规模。本世纪初中期、英国探险家斯坦因盗掘了大量珍贵文物，至今仍可四处找到泥塑残片、彩陶片和古币等等。院外还有一座小寺和房屋遗址。佛寺虽久经风蚀，塔顶已残缺不全，但遗有的佛塔、佛像、壁...位于洛浦县城西北50多公里的大沙漠中，是著名的佛教文化遗址，自治区文物保护单位。是一组以佛塔为中心的佛寺建筑。佛寺为正方形，院中心有一座残高约10米的佛塔，因而得“热瓦克”之名。院墙内外，密布泥塑壁画，佛像最大的高达3米，虽已残缺，但仍可辨识。院墙每边长45米，可见当年的规模。本世纪初中期、英国探险家斯坦因盗掘了大量珍贵文物，至今仍可四处找到泥塑残片、彩陶片和古币等等。院外还有一座小寺和房屋遗址。佛寺虽久经风蚀，塔顶已残缺不全，但遗有的佛塔、佛像、壁画、古铜钱等，仍然可想象当时气势宏伟的繁荣景象。,全天,,--,,,15元,,2
约特干故城,http://travel.qunar.com/p-oi38944574-yuetegangucheng,,,,,,,,,,4
沙漠公园,http://travel.qunar.com/p-oi38336548-shamogongyuan,,,,,--,,,具体收费情况以现场公示为主,,4
沙漠公路（阿和公路）,http://travel.qunar.com/p-oi38016466-shamogonglu,"
",这条沙漠公路是由交通部门全额投资并沿河流(和田河)修建的我国一条纵穿塔克拉玛干沙漠的等级公路。北起天山南麓绿洲城市阿拉尔市南口镇（十二团），南到昆仑山北缘和田市玉龙喀什镇。其中沙漠地段长407.567公里，非沙漠地段长16.805公里。,全年 全天开放,,5.0,,,具体收费情况以现场公示为主,,4
达玛沟佛教文化遗址,http://travel.qunar.com/p-oi38007931-damagoufojiaowenhuayi,,,,,0.0,,,具体收费情况以现场公示为主,,4
和田团城景区,http://travel.qunar.com/p-oi37806554-hetiantuanchengjingqu,,,,,--,,,具体收费情况以现场公示为主,,4
和田欢乐水世界,http://travel.qunar.com/p-oi37805803-hetianhuanleshuishijie,"

地址:
新疆维吾尔自治区和田地区和田市英明路1号


电话:
0903-7888666

",园有两个大型标准游泳池以及十多种气模游乐项目。包含：大型气模滑梯，水上划船等等！沙漠水上乐园全面升级，添加新的儿童嬉水池、大型滑道，还有网红桥秋千可多人一起玩。,全年 12:00-21:00,,1.0,建议游览时间：12小时 - 3天,,,,4
玉泉河公园,http://travel.qunar.com/p-oi37189762-yuquanhegongyuan,,玉泉河公园内有喷泉，清澈的湖水，广场，还有供人们休息的座椅，绿植葱郁，景色优美。,,,0.0,建议游览时间：1小时 - 2小时,,具体收费情况以现场公示为主,,4
中国人民解放军进军和田纪念馆,http://travel.qunar.com/p-oi36259312-zhongguorenminjiefang,,,,,0.0,,,,,4
昆仑山大峡谷,http://travel.qunar.com/p-oi36223590-kunlunshandaxiagu,"

地址:
新疆维吾尔自治区和田地区策勒县第十四师昆玉市策勒县一牧场境内

","新疆兵团第十四师昆玉市昆仑山大峡谷国家AAA级旅游风景区，位于策勒县一牧场境内，地处“万山之祖”的昆仑山南部、介于塔里木盆地和昆仑山之间，海拔3200米以上，受到中昆仑山的环抱形成的地貌格局造就了特殊的自然景观条件，塑造了众多世间罕见的自然奇观。景区内高山峡谷、雪域草原、河流绿洲交相辉映，昆仑山的雄壮之美，荒漠戈壁的茫茫之美，高山草甸的辽阔之美，众多气势磅礴的自然景观以原始粗犷的大自然美感吸引着众多国内外游客。昆仑山不仅巍峨雄壮，云雾缭绕，空气纯净，六月飞雪，还有闻名海内外的“神山”、“圣山”之称。2014年，第十四师昆玉市一牧场大峡谷旅游风景区被评定为国家AAA级大峡谷旅游风景区，确立为和田地区三条精品线路之一。这里民风淳朴、景色秀丽、气候宜人、奇山异水；各种花卉争奇斗艳、百鸟朝凤，气候宜人，郁绿的草地和洁白的羊群构成一幅幅诱人的壮美景色。整个景区共分为四大功能区：一是雪域草原接待区；二是草原观光区；三是登山探险区；四是特色文化体验区。景区以观光游览和休闲度假为主，附以商务会展、徒步、骑马、叼羊、骑骆驼、登山探险、昆仑文旅体验等拓展项目。每年到一牧场国家AAA级大峡谷旅游的人数,日均可达1000余人次。",1/1-3/31 全天不开放 ;4/1-12/31 09:00-21:00,,0.0,,,具体收费情况以现场公示为主,,4
库琼提巴格Kuqiongtibage Village,http://travel.qunar.com/p-oi35678281-kuqiongtibage,,,,,0.0,,,具体收费情况以现场公示为主,,4
玉如塔什Yurutashi Village,http://travel.qunar.com/p-oi35645369-yurutashen,,,,,0.0,,,具体收费情况以现场公示为主,,5
喀拉喀什河渠首,http://travel.qunar.com/p-oi35446714-kalakashihequshou,,"喀拉喀什河渠首属二级建筑物，位于和田市西南27公里处，1984年开工，1988年竣工。该渠首是一座拦河悬板分层式引水枢纽工程，具有引水、泄洪、排砂等综合效果。渠首采取正面泄洪，底层排砂，上层侧向引水形式。设有泄洪闸6孔，总宽度67.5米,设计流量500秒立方米。两岸进水闸共3孔,每孔宽10米。其左岸(墨玉县)2孔,右岸(和田县)1孔,设计引水流量分别为120和50秒立方米。闸门启闭由电脑自动控制。该工程完成土石方81.7万立方米,浇筑混凝土和钢筋混凝土3.26万立方米,砌石2万余立方米。远...喀拉喀什河渠首属二级建筑物，位于和田市西南27公里处，1984年开工，1988年竣工。该渠首是一座拦河悬板分层式引水枢纽工程，具有引水、泄洪、排砂等综合效果。渠首采取正面泄洪，底层排砂，上层侧向引水形式。设有泄洪闸6孔，总宽度67.5米,设计流量500秒立方米。两岸进水闸共3孔,每孔宽10米。其左岸(墨玉县)2孔,右岸(和田县)1孔,设计引水流量分别为120和50秒立方米。闸门启闭由电脑自动控制。该工程完成土石方81.7万立方米,浇筑混凝土和钢筋混凝土3.26万立方米,砌石2万余立方米。远远望去，高达16米多的钢筋混凝土渠首工程巍巍壮观。喀拉喀什河渠首担负着两岸近90万亩耕地的灌溉和数十万人畜用水的引水任务。喀拉喀什河渠首景色十分秀丽，周围环境优美，是夏季避暑、乘凉、游泳及观光旅游的好去处。该景点交通便利。",,,--,,,,,5
兵团十四师中国人民解放军进军和田纪念馆,http://travel.qunar.com/p-oi35446398-bingtuanshisishizhong,,中国人民解放军进军和田纪念碑、屯垦戍边纪念馆位于和田地区墨玉县境内，坐落在兵团农十四师四十七团团部。纪念碑： 1999年12月在原二军五师十五团进军和田50周年之际，修建了“中国人民解放军进军和田纪念碑”，以此昭示后人。纪念碑和纪念碑广场总占地面积为1742平方米。碑整体由红白两色组成几何图形4和7（寓意四十七团），红色部分由南向北，形似一张犁，由北向南，形似一把盒子枪，正面刻有“中国人民解放军进军和田纪念碑”字样，红色部分背面刻有碑文，纪念碑高度为7.19米（...中国人民解放军进军和田纪念碑、屯垦戍边纪念馆位于和田地区墨玉县境内，坐落在兵团农十四师四十七团团部。纪念碑： 1999年12月在原二军五师十五团进军和田50周年之际，修建了“中国人民解放军进军和田纪念碑”，以此昭示后人。纪念碑和纪念碑广场总占地面积为1742平方米。碑整体由红白两色组成几何图形4和7（寓意四十七团），红色部分由南向北，形似一张犁，由北向南，形似一把盒子枪，正面刻有“中国人民解放军进军和田纪念碑”字样，红色部分背面刻有碑文，纪念碑高度为7.19米（寓意四十七团的前身为抗日战争时期的八路军一二0师三五九旅七一九团），长度为15米（寓意四十七团的前身为解放战争时期的二军五师十五团）。纪念馆；1999年在纪念碑的正后方修建了“解放和田纪念馆”，但后因原纪念馆设施简陋，面积有限，大量内容、实物无法增补等原因被拆除。经四十七团党委申请上级部门批准，于2006年，在纪念碑正前方修建了新纪念馆，并更改为屯垦戍边纪念馆。主体建筑 1000平方米。馆藏珍贵历史文物和照片达300余件，以重大事件、重要历史人物的有关遗物和文献为主，生动的再现了这支老部队的光辉历程。纪念馆为分六大展区，即：一、光辉的历程；二、穿越死亡之海；三、屯垦戍边；四、老战士的忠诚；五、亲切的关怀；六、奋进中的四十七团。纪念碑、纪念馆以丰富的资料、图片、实物、事迹发挥着其爱国主义、社会主义、革命传统教育的功能。2001年被兵团团委、教育局授予兵团级青少年爱国主义教育基地；2002年被和田地区团委、和田公署等部门授予爱国主义教育基地；2004被兵团命名为红色旅游基地、兵地爱国主义教育基地。,,,--,,,,,5
洛浦县青年公园,http://travel.qunar.com/p-oi35446393-luopuxianqingniangong,,"青年公园始建于1997年，总投资2000余万元，于2000年6月1日建成开放，公园占地180亩，绿化面积120亩。现有800平方米餐厅一座，渔塘6667平方米，游乐场400平方米，有法桐、银杏、木瑾、红叶李等花卉树木50余种，动物园1个，还有亭台楼榭、小桥雕塑等，环境十分优美。公园正式建成开放后，经几年来的陆续投入，目前，初步具备了观光、垂钓、采摘等多项服务功能,是各族群众休闲、游乐的好去处。",,,--,,,,,5
其娜民俗风情园,http://travel.qunar.com/p-oi35444982-qinaminsufengqingyuan,,"墨玉县其娜民俗风情园，占地面积40余亩，营业面积可达7亩，园内以千年神树（神树又名法桐，一三球悬铃木，法国梧桐，鸠摩罗什树，维吾尔语称“其娜尔”，有关“神树”的民间传说很多）,各类树种42种，如:夏橡,皂角,五角枫,丁香,梓树等不常见的树种.绿色诱人的葡萄长廊，豪华气派的生态酒店，内设绿色餐饮，别具南方风情的生态餐厅，厅内奇花异草，小桥流水；温馨、别致的室内游泳馆；特色烤肉、自助烧烤；民族风情的KTV蒙古包，豪华别墅；民间巨人，体重150公斤，身高2.15米等，给你以...墨玉县其娜民俗风情园，占地面积40余亩，营业面积可达7亩，园内以千年神树（神树又名法桐，一三球悬铃木，法国梧桐，鸠摩罗什树，维吾尔语称“其娜尔”，有关“神树”的民间传说很多）,各类树种42种，如:夏橡,皂角,五角枫,丁香,梓树等不常见的树种.绿色诱人的葡萄长廊，豪华气派的生态酒店，内设绿色餐饮，别具南方风情的生态餐厅，厅内奇花异草，小桥流水；温馨、别致的室内游泳馆；特色烤肉、自助烧烤；民族风情的KTV蒙古包，豪华别墅；民间巨人，体重150公斤，身高2.15米等，给你以别样的感受。是您集美景美食美梦于一体的综合性高享受低消费的度假圣地。有些树至今已逾千年,树高30米,主干直径3.5米,主干周长11米,7人合抱才能围住,数冠南北长30米,东西28米,占地1.5亩,数身3.5米处分7个 树枝,平均周长3.5米,平均直径1.2米,千年神树有许多优美的传说。其娜民俗风情园现有职工70多人，即方便了广大劳动者就业，也为部分商品货物的流通提供了更加广阔的市场，很大程度促进了和田地区旅游经济的发展。其娜民俗风情园每年间接需要劳动力50余人，用于瓜果成熟时期的采摘、蔬菜种植时期的播种、园林树木定期的修整等工作。其娜民俗风情园为丰富游客的食谱，特开辟水果采摘区、蔬菜采摘区、活禽宰杀区等，让游客吃的放心，玩的开心。其娜民俗风情园于2008年被命名为国家3A级旅游景区、全国工农业示范点、五星级农家乐。在上级领导的支持下，其娜民俗风情园在2009年已建成星级厕所一座。",,,--,,,,,5
艾德莱斯绸手工作坊,http://travel.qunar.com/p-oi35443240-aidelaisichoushougong,,和田艾德莱斯绸手工作坊位于和田市吉亚乡，距离和田市区约10公里，于2007年12月被评为全国工业旅游示范点，国家A级景区的荣誉称号”。和田艾德莱丝绸手工作坊于1992年正式开业，对艾德莱斯绸传统产业进行了不断创新和发展，增加了艾德莱斯绸的花样和品种，并注册了“吉亚丽人”商标。该景点主要以展示和田艾德莱斯绸纺织的传统工艺流程为主，向游客展示了艾德莱斯绸古老的缫丝、纺线、印染到纺织的传统手工艺的全过程，从而对和田艾德莱斯绸的古老文化产生全新的认识。目前，艾德莱斯...和田艾德莱斯绸手工作坊位于和田市吉亚乡，距离和田市区约10公里，于2007年12月被评为全国工业旅游示范点，国家A级景区的荣誉称号”。和田艾德莱丝绸手工作坊于1992年正式开业，对艾德莱斯绸传统产业进行了不断创新和发展，增加了艾德莱斯绸的花样和品种，并注册了“吉亚丽人”商标。该景点主要以展示和田艾德莱斯绸纺织的传统工艺流程为主，向游客展示了艾德莱斯绸古老的缫丝、纺线、印染到纺织的传统手工艺的全过程，从而对和田艾德莱斯绸的古老文化产生全新的认识。目前，艾德莱斯绸手工作坊已成为来和游客必到景点之一。该厂设有缫丝、印染、准备车间、纺织车间和展销大厅等五个参观点，其中缫丝、印染、准备车间和纺织车间分别以古老的传统手工艺向游客展示和田艾德莱丝绸的制作过程。展销大厅里向游客展出了各种艾德莱丝绸成品，包括艾德莱丝绸布匹、丝巾、领带、帽子等各种产品，游客可以在这里购买或订做自己喜欢的艾德莱丝绸产品。,,,--,,,,,5
英艾日克沙漠,http://travel.qunar.com/p-oi35443200-yingairikeshamo,,英艾日克水库位于和田市 18 公里处的冲积扇扇缘洼地中，属平原水库。库容 4225 万立方米，调节库容 2500 万立方米，平均水深 6.5 米。水库西侧为英尔艾力克沙丘地，组成金色沙滩游泳区和沙疗、沙漠骆驼游、滑沙等游乐区；北岸出水口两侧为鱼塘和园林地。该水库处于冲积扇扇缘洼地中，水库周边环境优美，被绿洲环抱。水库西岸的英艾力克沙漠区，将沙漠的海潮英姿尽收眼底，观看日出日落别有一番情趣，也是研究沙漠形成初期的观测场，沙漠脚下的水库，碧波荡漾，水天一线相连，岸柳婆娑...英艾日克水库位于和田市 18 公里处的冲积扇扇缘洼地中，属平原水库。库容 4225 万立方米，调节库容 2500 万立方米，平均水深 6.5 米。水库西侧为英尔艾力克沙丘地，组成金色沙滩游泳区和沙疗、沙漠骆驼游、滑沙等游乐区；北岸出水口两侧为鱼塘和园林地。该水库处于冲积扇扇缘洼地中，水库周边环境优美，被绿洲环抱。水库西岸的英艾力克沙漠区，将沙漠的海潮英姿尽收眼底，观看日出日落别有一番情趣，也是研究沙漠形成初期的观测场，沙漠脚下的水库，碧波荡漾，水天一线相连，岸柳婆娑，是夏季休闲避暑、游泳、垂钓、沙疗和农业生态旅游为一体的娱乐场所。,,,--,,,,,5
东风水库,http://travel.qunar.com/p-oi35434442-dongfengshuiku,,,,,--,,,,,5
圣树园,http://travel.qunar.com/p-oi35434170-shengshuyuan,,圣树园度假村位于新疆和田墨玉县阿克萨拉依乡，占地面积40余亩，“圣树”位于度假村的中心位置，进大门便可观见。此树至今已逾千年，树高30米，主干直径3.5米，主干周长11米。7人手拉手才能合抱围树。树冠南北长30米，东西长28米，占地1.5亩。树身3.5处分七大树枝，平均周长3.5米，平均直径1.2米。其雄伟壮势让人叹为观止。 度假村设有游泳池、宾馆客房、生态休闲餐饮广场、豪华标间、民族风情宴会厅、风格特色的休闲南方竹屋、使君在领略新疆民族风情的同时感受南方的竹叶园林之美景...圣树园度假村位于新疆和田墨玉县阿克萨拉依乡，占地面积40余亩，“圣树”位于度假村的中心位置，进大门便可观见。此树至今已逾千年，树高30米，主干直径3.5米，主干周长11米。7人手拉手才能合抱围树。树冠南北长30米，东西长28米，占地1.5亩。树身3.5处分七大树枝，平均周长3.5米，平均直径1.2米。其雄伟壮势让人叹为观止。 度假村设有游泳池、宾馆客房、生态休闲餐饮广场、豪华标间、民族风情宴会厅、风格特色的休闲南方竹屋、使君在领略新疆民族风情的同时感受南方的竹叶园林之美景。,,,--,,,,,5
小佛寺,http://travel.qunar.com/p-oi35433189-xiaofosi,,策勒县达玛沟乡小佛寺遗址于2000年3月被一牧童发现。佛寺面积为4平方米，门朝南开，坐北朝南有一莲花座佛，佛的头部、双手已失，墙壁内绘有精美的壁画，从佛像的制作技法判断，系南北朝遗迹，距今1500-1800 年。该佛寺周围是一个庞大的佛寺群，曾出土千手观音手托带有老鼠图案的法器，是世上首例印证“万民崇拜鼠王”这一典故的重要文物。它的发掘被考古界列为2005 年中国考古七大发现之一。现又在该佛寺附近发现了2 号小佛寺，佛寺内发掘出许多精美的壁画和佛头，这些发现印证了唐玄...策勒县达玛沟乡小佛寺遗址于2000年3月被一牧童发现。佛寺面积为4平方米，门朝南开，坐北朝南有一莲花座佛，佛的头部、双手已失，墙壁内绘有精美的壁画，从佛像的制作技法判断，系南北朝遗迹，距今1500-1800 年。该佛寺周围是一个庞大的佛寺群，曾出土千手观音手托带有老鼠图案的法器，是世上首例印证“万民崇拜鼠王”这一典故的重要文物。它的发掘被考古界列为2005 年中国考古七大发现之一。现又在该佛寺附近发现了2 号小佛寺，佛寺内发掘出许多精美的壁画和佛头，这些发现印证了唐玄奘《大唐西游记》中关于古于阗国的记载。新疆电视台制作专题片《策勒风物》和中央电视台播放的《新丝绸之路》对小佛寺都有专门的报道。其具有较高的考古和学术价值，开发潜力大。,,,--,,,,,5
克里雅河达里雅博依风景河段,http://travel.qunar.com/p-oi35432958-keliyahedaliyaboyifeng,,克里雅河达里雅博依风景河段位于克里雅河下游的大河沿一带，全长约 50KM ，呈南北走向，河流年均流量每秒 22.6 立方米，年总径流量 7.06 亿立方米，属昆仑山北坡第三大河流，集水面积 7358 公里，平均坡降 3.4‰ ，河床宽 60-150 米，水面宽约 20 米。河流水情变化大，一般在 7-9 月的洪水期，才有少量水流到达，并滋润了这块绿洲。此地气候极端干旱，年降水量仅 17 毫米，蒸发量达 3500 毫米，属典型暖温带极旱荒漠。在这宽阔的砂质泛滥平原区，有众多的河湾、洼地与河滩地，有浓荫蔽...克里雅河达里雅博依风景河段位于克里雅河下游的大河沿一带，全长约 50KM ，呈南北走向，河流年均流量每秒 22.6 立方米，年总径流量 7.06 亿立方米，属昆仑山北坡第三大河流，集水面积 7358 公里，平均坡降 3.4‰ ，河床宽 60-150 米，水面宽约 20 米。河流水情变化大，一般在 7-9 月的洪水期，才有少量水流到达，并滋润了这块绿洲。此地气候极端干旱，年降水量仅 17 毫米，蒸发量达 3500 毫米，属典型暖温带极旱荒漠。在这宽阔的砂质泛滥平原区，有众多的河湾、洼地与河滩地，有浓荫蔽日、芳草繁茂。,,,--,,,,,6
阿革玛Agema Village,http://travel.qunar.com/p-oi35386221-agema,,,,,0.0,,,具体收费情况以现场公示为主,,6
汉族队村Hanzudui Village,http://travel.qunar.com/p-oi35320237-hanzuduicun,,,,,0.0,,,具体收费情况以现场公示为主,,6
喀勒普克买里Kalepukemaili Village,http://travel.qunar.com/p-oi35317012-kalepukemaili,,,,,0.0,,,具体收费情况以现场公示为主,,6
巴什加格艾格勒村Bashijiage Aigele Village,http://travel.qunar.com/p-oi35310824-bashenjiageaigelecun,,,,,0.0,,,具体收费情况以现场公示为主,,6
哈喀勒达木Hakaledamu River,http://travel.qunar.com/p-oi35308870-hakaledamu,,,,,0.0,,,具体收费情况以现场公示为主,,6
达拉斯喀勒村Dallas Keller Village,http://travel.qunar.com/p-oi35308802-dalasikalecun,,,,,0.0,,,具体收费情况以现场公示为主,,6
喀尔艾格勒村Ke’er’aigele Village,http://travel.qunar.com/p-oi35307649-kaeraigelecun,,,,,0.0,,,具体收费情况以现场公示为主,,6
亚依勒干村Yayilegan Village,http://travel.qunar.com/p-oi35307645-yayilegancun,,,,,0.0,,,具体收费情况以现场公示为主,,6
库热木勒克Kuremuleke Village,http://travel.qunar.com/p-oi35306069-kuremuleke,,,,,0.0,,,具体收费情况以现场公示为主,,6
喀拉木奇Kalamuqi Village,http://travel.qunar.com/p-oi35306032-kalamuqi,,,,,0.0,,,具体收费情况以现场公示为主,,7
木尕拉村Mugala Village,http://travel.qunar.com/p-oi35306025-mugalacun,,,,,0.0,,,具体收费情况以现场公示为主,,7
喀拉库木什村Kalakumushi Village,http://travel.qunar.com/p-oi35305831-kalakumushencun,,,,,0.0,,,具体收费情况以现场公示为主,,7
舍尔克依She’erkeyi Village,http://travel.qunar.com/p-oi35300940-sheerkeyi,,,,,0.0,,,具体收费情况以现场公示为主,,7
萨依买里Sayimaili Village,http://travel.qunar.com/p-oi35298141-sayimaili,,,,,0.0,,,具体收费情况以现场公示为主,,7
海力派萨依巴格村Hailipai Sayibage Village,http://travel.qunar.com/p-oi35298103-hailipaisayibagecun,,,,,0.0,,,具体收费情况以现场公示为主,,7
萨依努乎其买里Sayinu Huqimaili Village,http://travel.qunar.com/p-oi35297844-sayinuhuqimaili,,,,,0.0,,,具体收费情况以现场公示为主,,7
阔塔孜萨依巴格村Kuotazisa Yibage Village,http://travel.qunar.com/p-oi35297645-kuotazisayibagecun,,,,,0.0,,,具体收费情况以现场公示为主,,7
海尔派萨依巴格村Hai’erpaisayibage Village,http://travel.qunar.com/p-oi35297587-haierpaisayibagecun,,,,,0.0,,,具体收费情况以现场公示为主,,7
拉阿热果勒La’areguole Village,http://travel.qunar.com/p-oi35271831-laareguole,,,,,0.0,,,具体收费情况以现场公示为主,,7
阿热果勒村Areguole Village,http://travel.qunar.com/p-oi35255245-areguolecun,,,,,0.0,,,具体收费情况以现场公示为主,,8
阿热果勒村Areguole Village,http://travel.qunar.com/p-oi35252384-areguolecun,,,,,0.0,,,具体收费情况以现场公示为主,,8
巴什阿热果勒村Bashiareguole Village,http://travel.qunar.com/p-oi35248745-bashenareguolecun,,,,,0.0,,,具体收费情况以现场公示为主,,8
民丰县尼雅博物馆Minfengxian Niya Museum,http://travel.qunar.com/p-oi34273125-minfengxianniyabowuguan,,,,,,,,,,8
洛浦县博物馆Luopuxian Museum,http://travel.qunar.com/p-oi34271681-luopuxianbowuguan,,,,,,,,,,8
于田县博物馆Yutianxian Museum,http://travel.qunar.com/p-oi34270037-yutianxianbowuguan,"

地址:
于田县建德路西北角

",于田县博物馆位于新疆维吾尔自治区，馆内藏品非常丰富，珍贵文物众多，这里还可以举办展览。,全年 周二-周日 9:00-17:00,,5.0,建议游览时间：1小时 - 2小时,,免费,,8
策勒县达玛沟佛教遗址博物馆Celeixian Damagou Fojiao Ruins Museum,http://travel.qunar.com/p-oi34269640-celexiandamagoufojiao,"

地址:
策勒县达玛沟乌喀力喀什村

",策勒县达玛沟佛教遗址博物馆位于策勒县，是一个综合性博物馆，收藏有珍贵文物一百余件。,全年 9:00-17:00,,5.0,建议游览时间：1小时 - 2小时,,免费,,8
和田夜市Hotan Night Market,http://travel.qunar.com/p-oi27572242-hetianyeshi,,和田夜市位于人民西路，占地面积4600平方米，有一个狭长封闭的大棚空间，全长272米，很工整的按照两侧摆放，共有260个摊位，据说这里有100多个品种的美食。在这里只要你想吃的东西都能找到，天南海北，各种口味，应有尽有，品种丰富得令人叫绝。,,https://tr-osdcp.qunarzz.com/tr-osd-tr-space/img/dffb1b70a0dd9949c8f0bda46bdea1f0.jpg_480x360x95_4f6f9185.jpg,4.6,建议游览时间：2小时 - 3小时,,具体收费情况以现场公示为主,,8
玛利克瓦特古城Malikewate Ancient City,http://travel.qunar.com/p-oi27338760-malikewategucheng,"

地址:
新疆维吾尔自治区和田县玉龙喀什河西岸

",,全年 全天开放,,4.0,,,具体收费情况以现场公示为主,,8
玉奇麻札,http://travel.qunar.com/p-oi26640101-yuqimazha,,,,,--,,,,,8
"墨玉布拉克夜市Bulake Night Market, Moyu County",http://travel.qunar.com/p-oi26577347-moyubulakeyeshi,,这是一个很热闹的夜市，里面有各种各样的美食，是个值得一去的地方。,,https://tr-osdcp.qunarzz.com/tr-osd-tr-manager/img/783e5ee71957f23a6f4adfd2ccb93829.jpg_480x360x95_b35be690.jpg,4.0,建议游览时间：3小时,,,,9
伊玛目麻札Imam Asim's Tomb,http://travel.qunar.com/p-oi24463656-yimamumazha,,,,,0.0,,,具体收费情况以现场公示为主,,9
昆鹏步行街KunPeng BuXingJie,http://travel.qunar.com/p-oi24440981-kunpengbuxingjie,,,,,0.0,,,具体收费情况以现场公示为主,,9
和田国际步行街Hotan County GuoJi BuXingJie,http://travel.qunar.com/p-oi24440129-hetianguojibuxingjie,"

地址:
新疆维吾尔自治区和田市友谊路与国际步行街交叉口


电话:
+8613779291939

",和田国际步行街是和田比较热闹的一条商业街，整条街不是很大，但环境优美，有一些品牌店和美食，相当热闹。,全年 全天开放,https://tr-osdcp.qunarzz.com/tr-osd-tr-manager/img/3094b64790ca851adffa29d4943e4e8e.jpg_480x360x95_6c43f2d6.jpg,5.0,建议游览时间：2小时 - 3小时,,具体收费情况以现场公示为主,,9
于田县商业步行街YuTianXian ShangYe BuXingJie,http://travel.qunar.com/p-oi24437515-yutianxianshangyebuxing,,,,,,,,,,9
墨玉河Moyu River,http://travel.qunar.com/p-oi24410996-moyuhe,"

地址:
新疆维吾尔自治区墨玉县喀喇昆仑山

",,全年 全天开放,,5.0,,,具体收费情况以现场公示为主,,9
渔湖Yuhu Lake,http://travel.qunar.com/p-oi24410994-yuhu,,,,,,,,,,9
热瓦克佛寺Rawak Buddah Temple,http://travel.qunar.com/p-oi24410993-rewakefosi,"

地址:
玉龙喀什镇

",,全年 8:00-17:00,https://flight-feed.qunarzz.com/as3/426/image/poi_vishnu/25e9f50b-041f-4e81-bc20-16dc793a1f70.jpg,0.0,,,具体收费情况以现场公示为主,,9
丝绸之路南道the South Path of the Silk Road,http://travel.qunar.com/p-oi24410965-sichouzhilunandao,"

地址:
塔克拉玛干南缘,昆仑山北麓

",,全年 全天开放,https://flight-feed.qunarzz.com/as3/376/image/poi_vishnu/2e5253c9-3548-4924-82d1-d352c4dad4af.jpg,0.0,,,具体收费情况以现场公示为主,,9
于田老街Yutianlao Street,http://travel.qunar.com/p-oi23343835-yutianlaojie,,于田老街偏安于县城的一角，依旧保持着那份质朴的传统。这里熙攘的街道、斑驳的墙面无不散发着浓郁厚重的民族历史气息。,,https://tr-osdcp.qunarzz.com/tr-osd-tr-manager/img/a6f0b925dded594352251b97e976c240.jpg_480x360x95_a84fcbdd.jpg,5.0,建议游览时间：2小时 - 3小时,,具体收费情况以现场公示为主,,9
阿瓦提地主庄园Awati Manor,http://travel.qunar.com/p-oi22764571-awatidizhuzhuangyuan,"

地址:
羌尕墩买里村

",,全年 8:00-18:00,,5.0,,,具体收费情况以现场公示为主,,10
阿其克库勒火山Aqikekule Volcano,http://travel.qunar.com/p-oi20946552-aqikekulehuoshan,,,,,0.0,建议游览时间：1小时 - 3小时,,具体收费情况以现场公示为主,,10
和田千年古墓Hetian Millennium Tomb,http://travel.qunar.com/p-oi20940513-hetianqianniangumu,,和田千年古墓位于新疆維吾爾自治區和田市依瑪木買克提麻紮村。是新疆地区特大的一座千年古墓。古墓历史悠久，规模巨大，陪葬品数不胜数。出土的文物体现了旧时新疆地区的风貌，具有重大的历史研究价值。,,https://tr-osdcp.qunarzz.com/tr-osd-tr-manager/img/1885390eb912c46e70d2aa1b413f0570.jpg_480x360x95_8ea2ca35.jpg,0.0,建议游览时间：2小时,,,,10
策勤古杨Cele Ancient Field,http://travel.qunar.com/p-oi20925451-ceqinguyang,,,,https://tr-osdcp.qunarzz.com/tr-osd-tr-manager/img/c9b06355d634fd345b61739a4d738656.jpg_480x360x95_52a181b1.jpg,5.0,建议游览时间：1小时,,具体收费情况以现场公示为主,,10
夏羊塔克古城Xiayangtake Ancient City,http://travel.qunar.com/p-oi20922448-xiayangtakegucheng,,,,,,,,,,10
布亚麻扎Buyamazha Tombs,http://travel.qunar.com/p-oi20913346-buyamazha,"

地址:
新疆维吾尔自治区洛浦县布亚乡

",,全年 全天开放,,0.0,建议游览时间：0.3小时 - 0.5小时,,具体收费情况以现场公示为主,,10
无花果王公园Wuhuaguowang Park,http://travel.qunar.com/p-oi19977468-wuhuaguowanggongyuan,,,,https://tr-osdcp.qunarzz.com/tr-osd-tr-manager/img/7b9df6e431ddea3255a08891a39d32aa.jpg_480x360x95_96f5b42a.jpg,4.7,,,具体收费情况以现场公示为主,,10
光明文化广场Guangming Cultural Square,http://travel.qunar.com/p-oi19977391-guangmingwenhuaguangchang,,,,https://tr-osdcp.qunarzz.com/tr-osd-tr-manager/img/8ff85a8c0cf27459bd089441b48e8120.jpg_480x360x95_741e962c.jpg,5.0,,,具体收费情况以现场公示为主,,10
玛合玛勒街清真寺Mahe Male Street Mosque,http://travel.qunar.com/p-oi19977218-mahemalejieqingzhensi,,,,,0.0,,,具体收费情况以现场公示为主,,10
昆仑广场Kunlun Square,http://travel.qunar.com/p-oi19975454-kunlunguangchang,,,,,5.0,,,具体收费情况以现场公示为主,,10
