名字,链接,地址,介绍,开放时间,图片链接,评分,建议游玩时间,建议季节,门票,小贴士,Page
五大连池风景区Wudalianchi Scenic Area,http://travel.qunar.com/p-oi710032-wudalianchifengjingqu,,,,,,,,,,1
大黑河岛Daheihe Island,http://travel.qunar.com/p-oi707664-daheihedao,"

地址:
黑龙江的中部，距离黑河市区70公里


电话:
+86 28 8556 8847

",大黑河岛位于黑龙江的中部，距离黑河市区70公里，现在，这里已被批准为中俄边贸区。,全天,https://flight-feed.qunarzz.com/as3/263/image/poi_vishnu/5954e135-6239-4a7b-a8cc-4564d9c742db.jpg,4.7,建议游览时间：1小时,,具体收费情况以现场公示为主,,1
库尔滨景区,http://travel.qunar.com/p-oi7646584-kuerbinjingqu,,,,,,,,,,1
爱珲历史陈列馆,http://travel.qunar.com/p-oi715217-aihunlishichenlieguan,"

地址:
黑河市爱辉区爱辉镇


电话:
0456-8201907

",爱辉因《瑷珲条约》而闻名于世，爱辉历史陈列馆也因《瑷珲条约》而倍受世人关注。爱辉历史陈列馆记载了中俄关系的演变史。爱辉历史陈列馆始建于1975年6月，同年9月竣工并对外展出。初建馆时，定名为“爱辉反修展览馆”。1979年7月展览馆对展出的内容进行调整，并定名为“爱辉历史陈列馆”。建馆20多年来，爱辉历史陈列馆共接待中外各界观众192万人次，党和国家领导人34位，省部级领导400多位，国际友人、侨胞10000人次，有49个国家的外宾参观了陈列馆，在爱国主义教育和国防教育方面...爱辉因《瑷珲条约》而闻名于世，爱辉历史陈列馆也因《瑷珲条约》而倍受世人关注。爱辉历史陈列馆记载了中俄关系的演变史。爱辉历史陈列馆始建于1975年6月，同年9月竣工并对外展出。初建馆时，定名为“爱辉反修展览馆”。1979年7月展览馆对展出的内容进行调整，并定名为“爱辉历史陈列馆”。建馆20多年来，爱辉历史陈列馆共接待中外各界观众192万人次，党和国家领导人34位，省部级领导400多位，国际友人、侨胞10000人次，有49个国家的外宾参观了陈列馆，在爱国主义教育和国防教育方面发挥了重要作用，深受中、省、市各级领导的高度重视。1994年，爱辉历史陈列馆被命名为省级爱国主义教育基地；1997年被命名为省级国防教育基地和全国首批百个爱国主义示范教育基地。1992年，黑河被国务院批准为沿边开放城市后，爱辉历史陈列馆已成为黑河市最重要的旅游观光景点之一。鉴于原展览馆面积狭小，布展手段落后，在全国同类型级别的示范基地中条件最差，1999年底，市委市政府决定改扩建爱辉历史陈列馆。改扩建后的爱辉历史陈列馆占地10万平方米，规划为8个大小不等的功能区：大门风景区、历史陈列区、题词碑林区、将军衙门区、民俗风情区、江畔娱乐区、管理区和商服区并适当配置园林、绿地、雕塑等景观，计划全部工程分三年完成。,全天,https://tr-osdcp.qunarzz.com/tr-osd-tr-space/img/849f7217332e354145cf4cb75f3b3c74.jpg_480x360x95_5752c10f.jpg,3.0,,,20元,,1
白龙洞Underground Binghe,http://travel.qunar.com/p-oi717005-bailongdong,"

地址:
黑河市五大连池市五大连池镇东8公里处


电话:
0456-7296999

",白龙洞，也叫地下冰河，位于五大连池镇东部的东焦得布山北西侧，是以霜雪为主的熔岩冰洞。洞内鳞状的洞壁上形成多种荆棘状熔岩钟乳，上面结满了冰花霜挂，洞底凝冻了万载冰河，常年气温在零下5℃左右。白龙洞全长515米，是我国目前发现长的火山地下熔岩隧道，洞底呈阶梯式斜坡状冰体覆盖光滑如镜，洞的尽头有两个传说是锁白龙的巨大熔岩石柱，因此民间传为“白龙洞”。,05/01-10/31 07:30-17:30,https://img1.qunarzz.com/p/tts7/1805/c7/22ffa2f56b8c9c02.jpg_480x360x95_8a94d280.jpg,4.3,建议游览时间：1小时,,30元,,1
天池Tianchi,http://travel.qunar.com/p-oi721875-tianchi,"

地址:
黑河市五大连池市五大连池镇五大连池风景区内


电话:
0456-7296999

",五大连池天池景点位于南格拉球山，在山顶上有一直径达150余米的圆盆状火山口，曾经盛满了一百多万年积累成的神秘灵池，池深曾达十几米，四季不冻，水清如镜，相传是“七仙女沐浴的天池”，也是世界上的精巧的火山“天池盆景”。池中原长有大叶荷花，每当盛夏，一团团一簇簇大叶荷花竟相开放，煞是壮丽。,8:30-17:30，15:00停止进入。,https://tr-osdcp.qunarzz.com/tr-osd-tr-space/img/c64247e8f3830898dc7b49b732b69ddc.jpg_480x360x95_5636a9da.jpg,4.0,建议游览时间：2小时 - 3小时,,20元,,1
火山堰塞湖观光区,http://travel.qunar.com/p-oi719807-huoshanyansaihuguanguang,,“名山如画屏，珠带五湖清”。当新期火山喷发时，熔岩流以其排山倒海之势，把古老的白河河道截成五个串珠状湖泊，总面积丰水期时为45平方公里，仅三池子就有21.5平方公里，是我国第二大火山堰塞湖。因为有地下矿泉水的补充，所以终年不枯竭，是一个地下涌泉矿水湖，它由几百个泉眼组成没有大量的地表水流入，所以它的矿泉鱼才堪称一绝这里的五个池子色彩和形态各异，池岸曲线变化丰富，和周围广阔的熔岩台地相映衬，在群山的怀抱中，更显得风姿卓约。在五大连池里还有一种奇特的倒鳞鱼...“名山如画屏，珠带五湖清”。当新期火山喷发时，熔岩流以其排山倒海之势，把古老的白河河道截成五个串珠状湖泊，总面积丰水期时为45平方公里，仅三池子就有21.5平方公里，是我国第二大火山堰塞湖。因为有地下矿泉水的补充，所以终年不枯竭，是一个地下涌泉矿水湖，它由几百个泉眼组成没有大量的地表水流入，所以它的矿泉鱼才堪称一绝这里的五个池子色彩和形态各异，池岸曲线变化丰富，和周围广阔的熔岩台地相映衬，在群山的怀抱中，更显得风姿卓约。在五大连池里还有一种奇特的倒鳞鱼生长，鱼鳞有五分之四是倒着长的。那么倒鳞鱼是怎么来的呢？到目前为止还是一个没有解开的迷。游览火山堰塞湖观光区，可从城区内的石龙河水上风景线的船站出发，乘船向北经8华里石龙河水上风景线到达一池溢出口瀑布，然后徒步几百米到达一池船站换乘豪华游船，依次向北游览一池、二池、三池或四池、五池，午间可在三池鱼村就餐，然后乘车返回城区。,,https://img1.qunarzz.com/travel/d8/1610/ea/40dadb42aefff0b5.jpg_480x360x95_59547df9.jpg,5.0,,,,,1
龙门石寨Longmen Stone Village,http://travel.qunar.com/p-oi717190-longmenshizhai,,,,,,,,,,1
五道豁洛影视城,http://travel.qunar.com/p-oi707854-wudaohuoluoyingshicheng,"

地址:
黑龙江黑河市

",五道豁洛影视城位于黑龙江中方一侧，距黑河市区1.5公里处。五道豁洛岛旅游区共分为影视基地、黑龙湾、历史文物馆、原始人部落、天然动物园五个景区。后几个景区正在规划和修复之中。影视基地建于中俄界河―黑龙江的五道豁洛岛上，占地面积12万平方米。影视基地是由黑河地方铁路局投资650多万元兴建的，由俄罗斯旧街道、满族村屯、瑷珲古城、漠河金矿等若干建筑组成，规模宏大，景色秀美。,8:00——18:00,,--,,,20元,,1
五道活龙岛,http://travel.qunar.com/p-oi707736-wudaohuolongdao,,五道活龙岛影视基地旅游区位于黑龙江黑河市西郊四公里处，总面积2.5平方公里。它由风流岛影视基地、黑龙湾、历史文物馆、原始人部落、天然动物园五个景区，五十五个景观组成。风流岛影视基地是五个景区的主体。风流岛，其正名为“五道活龙岛”，俗称五道豁洛岛。专为北京电影制片厂拍摄的54集电视连续剧《黑龙江三部曲》而建。建筑面积3200平方米。从西往东共分9个景区，主要有牌楼、俄罗斯一条街、教堂、俄警察局、监狱、爱辉衙门等建筑物50余个，堪称晚清时期，中俄两国的城乡建筑...五道活龙岛影视基地旅游区位于黑龙江黑河市西郊四公里处，总面积2.5平方公里。它由风流岛影视基地、黑龙湾、历史文物馆、原始人部落、天然动物园五个景区，五十五个景观组成。风流岛影视基地是五个景区的主体。风流岛，其正名为“五道活龙岛”，俗称五道豁洛岛。专为北京电影制片厂拍摄的54集电视连续剧《黑龙江三部曲》而建。建筑面积3200平方米。从西往东共分9个景区，主要有牌楼、俄罗斯一条街、教堂、俄警察局、监狱、爱辉衙门等建筑物50余个，堪称晚清时期，中俄两国的城乡建筑博物馆。“五道活龙岛”之称与“黑龙神话”有关，“风流岛”之称是位知名人士送给的雅号，在这里你可以看到五大风流：即天然风流景观、中俄风流建筑、百年风流的故事、塞北龙江风流史、迷人风流神话。,,,5.0,,,25元,,1
山口湖,http://travel.qunar.com/p-oi722427-shankouhu,"

地址:
五大连池市东50公里处

",山口湖风景区位于五大连池市东50公里处，与世界地质公园--五大连池风景名胜区相毗邻。山口湖风景区自然生态条件优越，森林植被、野生植被、各种珍禽益兽栖息于此，84平方公里壮阔的水面并辅之以两岸青山、绿树、怪石及大坝、山口湖、岛屿等六大景区20多处景观、景点，形成一处独特的风景区。2002年山口湖风景区被评为省级自然保护区，2004年成为国家AA级旅游区和省级风景名胜区，2005年晋升为国家AAA级旅游区。,全天,,--,,,15元,,2
世界名泉观光区,http://travel.qunar.com/p-oi716713-shijiemingquanguanguang,,世界名泉观光区位于五大连池风景区城区的中心部位，主要由南饮泉、北饮泉、翻花泉、二龙眼泉和相关的一些景点组成。南、北饮泉隔道相望，但两泉的口感却不一样，疗效也不一样。民谚有：南泉子睡觉，北泉子利尿。说的是饮南泉水主要对人的神经系统疾病有疗效，而饮北泉水主要对人的消化系统疾病有疗效。 五大连池的矿泉是世界三大冷泉之一，它具有的神奇保健医疗作用，又是三泉之冠，有“神泉”、“圣水”的美称，因此它是名副其实的“世界名泉”。二百多年来，人们亲切的称它“药泉”...世界名泉观光区位于五大连池风景区城区的中心部位，主要由南饮泉、北饮泉、翻花泉、二龙眼泉和相关的一些景点组成。南、北饮泉隔道相望，但两泉的口感却不一样，疗效也不一样。民谚有：南泉子睡觉，北泉子利尿。说的是饮南泉水主要对人的神经系统疾病有疗效，而饮北泉水主要对人的消化系统疾病有疗效。 五大连池的矿泉是世界三大冷泉之一，它具有的神奇保健医疗作用，又是三泉之冠，有“神泉”、“圣水”的美称，因此它是名副其实的“世界名泉”。二百多年来，人们亲切的称它“药泉”。药泉山、药泉镇、药泉湖、药泉河都由此得名。它名就名在它是“国水”、“国宝”，是人类健康长寿之水。“药泉”已融入当地人民的经济和生活之中。科学鉴定，五大连池矿泉水属铁硅质重碳酸钙镁型低温冷矿泉。第四纪火山活动产生的CO2气体，积聚在白垩系地层之下，溶于地下水形成碳酸水，被围岩矿物质逐渐矿化，形成富含几十种微量元素的重碳酸盐矿泉水。其含量丰值与人体所需相吻合，所以十分珍稀。名泉风光带，更是绝佳的旅游胜地。,,,--,,,,,2
大沾河国家森林公园,http://travel.qunar.com/p-oi703184-dazhanheguojiasenlingong,,大沾河国家森林公园位于黑龙江省五大连池市沾河林业局辖区内，小兴安岭北麓，距著名的世界自然遗产五大连池火山风景区30公里，有着与五大连池一脉相承的原始森林和火山喷发遗留的独特自然景观。大沾河以其独特秀丽的风光使专家、学者及海外探险者称为“塞北三峡”。大沾河自南向北蜿蜓曲折，两岸悬崖峭壁、山高林密。山河相伴相随，景色绮丽多姿。有的河段流水如镜，有的河段卵石横卧、浪流翻滚，河水清澈见底，有三峡之动，漓江之静。大沾河起源于高山密林中的无人区，全长200多公...大沾河国家森林公园位于黑龙江省五大连池市沾河林业局辖区内，小兴安岭北麓，距著名的世界自然遗产五大连池火山风景区30公里，有着与五大连池一脉相承的原始森林和火山喷发遗留的独特自然景观。大沾河以其独特秀丽的风光使专家、学者及海外探险者称为“塞北三峡”。大沾河自南向北蜿蜓曲折，两岸悬崖峭壁、山高林密。山河相伴相随，景色绮丽多姿。有的河段流水如镜，有的河段卵石横卧、浪流翻滚，河水清澈见底，有三峡之动，漓江之静。大沾河起源于高山密林中的无人区，全长200多公里，流入黑龙江，整个流域无人居住，是亚洲唯一未被污染的河流。大沾河流域原始森林茂密，有着原始的山地、山林、沟谷、湿地与森林气候，有着全省独一无二的漂流资源、森林浴资源、科考探险资源、鄂伦春民族风情旅游资源和森林小火车旅游资源。这里是天然的大氧吧，是森林浴的对地是神洲第一漂。公园划分了6个景区23个景点，总面积1.63万公顷，六个景区是森林文化娱乐中心、连环湖景区、山间野趣森林浴景区、药泉山“神水”景区、大沾漂流观光景区、林海雪原游乐景区。,,,--,,,,,2
火山熔岩冰雪洞游览区,http://travel.qunar.com/p-oi720327-huoshanrongyanbingxue,,在五大连池风景区内，火山喷发造就了许多的地下熔洞奇观，有旱洞、水洞、冰洞、风洞等等。黑龙山脚下的水帘洞为水洞。仙女宫右洞为旱洞，焦得布山附近的两处熔洞为冰雪熔洞，形成于49―60万年前之间其形成原因是一方面古火山地下有岛状冻土层存在，另一方面由于火山喷发的岩浆在流动中受冷空气的作用，表面已凝固成硬壳，下部的岩流仍处于流动状态，而后续岩浆补充不足的地方就形成了中空，随着时间的延长，整个岩浆冷却凝固后，里面就产生了大小各异、特点不同的冰雪熔洞。 火山冰雪...在五大连池风景区内，火山喷发造就了许多的地下熔洞奇观，有旱洞、水洞、冰洞、风洞等等。黑龙山脚下的水帘洞为水洞。仙女宫右洞为旱洞，焦得布山附近的两处熔洞为冰雪熔洞，形成于49―60万年前之间其形成原因是一方面古火山地下有岛状冻土层存在，另一方面由于火山喷发的岩浆在流动中受冷空气的作用，表面已凝固成硬壳，下部的岩流仍处于流动状态，而后续岩浆补充不足的地方就形成了中空，随着时间的延长，整个岩浆冷却凝固后，里面就产生了大小各异、特点不同的冰雪熔洞。 火山冰雪熔洞位于城区东侧，距城区约8公里，有旅游专车通往该景区。游人一般先到熔岩冰洞游览，然后再乘车向东行驶1公里左右可到达地下冰河游览。在这个观光区内游人还可游览焦得布古生态次生林，可在林中采蘑菇、休息、野餐。,,,--,,,,,2
新期火山奇观观光区,http://travel.qunar.com/p-oi720208-xinqihuoshanqiguanguan,,新期火山奇观观光区，是世界地质公园的核心，景观带总面积50平方公里，地质形成年代距今280多年，属最新期喷发的火山。这里保存了世界上新期火山地质的全貌，对研究地球物理发展史具有重要意义。区域内新期火山喷发裸露熔岩台地浩瀚无垠十分壮观，各种微地貌景观造型奇绝，火口、岩流、峡谷、泉水、湖泊、洞穴非常典型完美，有可视景点景观59处，其中2处世界奇观，3处熔岩洞穴，5处熔岩泉湖，9处火山植物群落，40处地质奇观。 从城区出发，驱车向北行驶12公里左右，就到达了新期火山奇...新期火山奇观观光区，是世界地质公园的核心，景观带总面积50平方公里，地质形成年代距今280多年，属最新期喷发的火山。这里保存了世界上新期火山地质的全貌，对研究地球物理发展史具有重要意义。区域内新期火山喷发裸露熔岩台地浩瀚无垠十分壮观，各种微地貌景观造型奇绝，火口、岩流、峡谷、泉水、湖泊、洞穴非常典型完美，有可视景点景观59处，其中2处世界奇观，3处熔岩洞穴，5处熔岩泉湖，9处火山植物群落，40处地质奇观。 从城区出发，驱车向北行驶12公里左右，就到达了新期火山奇观观光区。游人从老黑山西侧进山，游览完老黑山后，沿石海南部边缘进入火烧山，游览完火烧山后，走东道口，穿过二、三池中间的石桥回到城区。在这个观光区里，游人可观赏到火山年轮、石龙台地、火山杨、老黑山、石龙青苔园、五彩沙滩、石海、仙女宫、水帘洞、山巅火口、火口森林、白桦桥、腾龙谷、副火山、火烧山、盆景园中园、冬青园、桦林幽静、熔岩石河、八卦湖、火烧山大峡谷、卧龙潭、爬地松、桦林沸泉、抗联遗址、火烧城堡、喷气锥、喷气碟等景观。,,,--,,,,,2
嫩江高峰森林公园Nenjiang Gaofeng Forest Park,http://travel.qunar.com/p-oi708138-nenjianggaofengsenlin,,,,,,,,,,2
黑龙山庄度假村,http://travel.qunar.com/p-oi715047-heilongshanzhuangdujia,"

地址:
黑龙江省黑河市

",黑龙山庄度假村建于1995年，是黑河第一家私营旅游企业，林地面积13晌，自主使用权50年。她坐落在黑龙江西郊7公里的黑龙江畔，与俄罗斯一江之隔，鸡犬之声相闻。依山傍水、风景秀丽、景色宜人。山庄的自然资源十分丰富，各种应季的山野菜，优质的矿泉水，名贵的江鱼---三花五罗，游人可尽兴的享受大自然给予的恩赐。自己种养的绿色蔬菜、满园的草鸡、猪羊、热乎乎的热炕，登山、江边垂钓、射箭，是本度假村的旅游特色。,8:30-17:30,,--,,,免费，但会根据季节调整,,2
卧牛湖,http://travel.qunar.com/p-oi707716-woniuhu,"

地址:
黑龙江省黑河市

",卧牛湖风景区地处黑河市爱辉区上马厂乡卧牛河村，距黑河市区14公里，位于黑呼公路16公里处，面积为50平方公里，与俄布拉戈维申斯克市隔江相望，是黑河市省级名胜风景区。卧牛湖湖区夏季山青水秀，冬季银妆素裹，具备游览、观赏、避暑、度假、娱乐、美食等综合旅游服务功能，区内景观溶中俄风情为一体，集自然人文景观于一身，地方特色鲜明突出，在国内外具有相当的名度和吸引力。仅近4年来，接待国内外游客近30万人次。1999年，卧牛湖风景名胜区做为第二届中国黑龙江国际滑雪节的分...卧牛湖风景区地处黑河市爱辉区上马厂乡卧牛河村，距黑河市区14公里，位于黑呼公路16公里处，面积为50平方公里，与俄布拉戈维申斯克市隔江相望，是黑河市省级名胜风景区。卧牛湖湖区夏季山青水秀，冬季银妆素裹，具备游览、观赏、避暑、度假、娱乐、美食等综合旅游服务功能，区内景观溶中俄风情为一体，集自然人文景观于一身，地方特色鲜明突出，在国内外具有相当的名度和吸引力。仅近4年来，接待国内外游客近30万人次。1999年，卧牛湖风景名胜区做为第二届中国黑龙江国际滑雪节的分会场之一开发了近十个冰雪旅游项目，如初级滑雪、冰雕、雪雕、冬泳、冷水垂钓等，为充分发挥地缘和资源优势，使景区内的冰雪资源得以充分有效地开发利用，拟望卧牛湖雪场，开辟高山滑雪、越野滑雪等项目，修建中、高级滑雪道、高山吊椅索道、高山别墅等设施，将滑雪场建设成为黑河乃至俄罗斯边境冬季旅游热点，使之逐步发展成为国际性滑雪旅游基地。,8：00-17：00,,4.0,,,免费,,2
药泉山钟灵禅寺,http://travel.qunar.com/p-oi709824-yaoquanshanzhonglingshan,,药泉山钟灵禅寺坐落在五大连池风景名胜区老期火山药泉山的火山口中平旷之处，距火口垣尚有十余米的高程，它与火山堰塞湖和新老期火山相映生辉，构成了独特的人文景观，在火山口里建寺庙在世界上是唯一的，所以钟灵禅寺又号称火口第一寺。登药泉山晋钟灵寺，会看见许多造型各异、雄伟巍峨、金碧辉煌的殿堂式建筑，殿堂内又有许多妙相庄严、气势雄伟、技法精湛的各种塑像，有色彩艳丽，画技高超的壁画，殿堂周围有郁郁葱葱的苍松翠柏，有袅袅升起的香烟，有喃喃回荡的颂经声……，身处...药泉山钟灵禅寺坐落在五大连池风景名胜区老期火山药泉山的火山口中平旷之处，距火口垣尚有十余米的高程，它与火山堰塞湖和新老期火山相映生辉，构成了独特的人文景观，在火山口里建寺庙在世界上是唯一的，所以钟灵禅寺又号称火口第一寺。登药泉山晋钟灵寺，会看见许多造型各异、雄伟巍峨、金碧辉煌的殿堂式建筑，殿堂内又有许多妙相庄严、气势雄伟、技法精湛的各种塑像，有色彩艳丽，画技高超的壁画，殿堂周围有郁郁葱葱的苍松翠柏，有袅袅升起的香烟，有喃喃回荡的颂经声……，身处其间，能体会到千百年来积淀而成的佛教文化在瞬间释放。钟灵禅寺系汉传佛教寺院，始建于民国18年，后又多次遭劫，几次修建，历尽沧桑，现有寺院规模为1990年以后复建，总建筑面积18713平方米，寺院建筑风格采用了独特的“伽蓝七堂制”，打破了坐北朝南建筑风格，而是面朝西方，背朝东方，寓意咫尺西天，以东至西为中轴线，保持一定距离，修建若干殿堂，殿堂建筑按以下顺序排列：影壁――山门殿――天王殿――大雄宝殿――藏经阁―卧佛殿，配殿和附属设施分布在中轴线南北两侧对称建造的次要建筑，由钟楼、鼓楼、南北环廊、伽蓝殿、祖师殿、客堂、法物流通处等组成。钟灵禅寺山门是一座有三个门洞的牌楼式建筑构成，中间有一个大门洞，两旁各有一个稍微小一些的洞门，象征着佛教的“三解脱门”(即空门、无相门、无作门)，因此也称“三门”，我们日常所说的“身入空门”就是僧尼进入寺院的大门――三门，以此开始了远离人世喧嚣，吃斋念佛的寺院生活。,,https://img1.qunarzz.com/travel/d9/1704/b9/77c01c71f7755cb5.jpg_480x360x95_5bdc7a54.jpg,5.0,,,,,2
五大连池世界地质公园博物馆,http://travel.qunar.com/p-oi39032835-wudalianchishijiedizhi,,五大连池世界地质公园博物馆坐落于五大连池世界地质公园新镇的中心地带，总用地面积2.6万平方米，总建筑面积1.5万平方米，展陈面积8500平方米。博物馆外部建筑设计充分运用五大连池独有的天然符号，即以喷气锥碟为单体形状，以五个溪水相连的火山堰塞湖为整体构造，环绕交错，形成了火山元素突出、构造新颖独特的设计风格。内部展示空间主要分为世界火山与世界地质公园、五大连池火山、五大连池矿泉、五大连池生态、五大连池文化五个展陈大厅。该馆定位五大连池研学、康养和度假的引爆...五大连池世界地质公园博物馆坐落于五大连池世界地质公园新镇的中心地带，总用地面积2.6万平方米，总建筑面积1.5万平方米，展陈面积8500平方米。博物馆外部建筑设计充分运用五大连池独有的天然符号，即以喷气锥碟为单体形状，以五个溪水相连的火山堰塞湖为整体构造，环绕交错，形成了火山元素突出、构造新颖独特的设计风格。内部展示空间主要分为世界火山与世界地质公园、五大连池火山、五大连池矿泉、五大连池生态、五大连池文化五个展陈大厅。该馆定位五大连池研学、康养和度假的引爆项目和打造国内火山地质博物馆、中国火山研究中心、火山矿泉研学基地，展陈设计充分运用现代科技手段，全面系统、生动丰富地展示世界火山、五大连池火山，以及由火山地质运动而衍生的矿泉资源、生态系统、少数民族民俗文化等内容。除五个主展厅外，还设有标本实验室、学术研究室和可容纳近400人的3D影院，兼具收藏、研究、宣传和教育等功能，对于开展地质研究，普及地学知识，宣传和保护世界珍稀资源具有重要作用。,,,4.5,,,,,2
母亲广场,http://travel.qunar.com/p-oi38611508-muqinguangchang,,,,,5.0,,,具体收费情况以现场公示为主,,3
黑龙江大桥公园,http://travel.qunar.com/p-oi38337309-heilongjiangdaqiaogong,,,,,5.0,,,具体收费情况以现场公示为主,,3
瑷珲腾冲中国人口地理分界线主题公园,http://travel.qunar.com/p-oi38335429-aihuntengchongzhongguo,,,,,--,,,具体收费情况以现场公示为主,,3
大太阳沟,http://travel.qunar.com/p-oi38035028-dataiyanggou,,,,,--,,,具体收费情况以现场公示为主,,3
五大连池农场生态园区,http://travel.qunar.com/p-oi38014489-wudalianchinongchangsheng,"

地址:
黑龙江省黑河市五大连池农场

",五大连池农场依托五大连池独特的火山地貌和丰富的旅游资源，于2008年投资9987万元建成了北大荒庄园，2009年5月正式投入使用。北大荒庄园坐落在美丽的五大连池三池沿岸，地处世界地质公园核心地带的五大连池农场场部。园区占地面积61.5公顷，设计建筑面积36.48万平方米。主体建筑古朴典雅，内设现代农业观光区和综合服务区两大区域。它集中了现代农业展示、生态农业观光、现场采摘、休闲娱乐、疗养度假、会议接待等功能。一.现代农业观光区用地57.4公顷，主要包括1个3110平方米的南国园、温室大棚15栋7500平方米、阳光大棚19栋12673平方米、8个果园区。园区力求合理规划、科学规划、健全规划，现以规划建设4个区：1.北大荒南国园观赏区：拥有电脑自动化控制的智能温室，种植了100多种名贵花卉、50多种热带植物及特色果菜，莲雾、柠檬、荔枝、香蕉等几十种南方水果被移到黑土地上开花结果……即使在瑞雪纷飞的严冬，南国园里依然生机盎然、绿树成荫、硕果满枝。2.瓜果采摘体验区：根据本地区气候特点建造的34 栋高效温室、阳光大棚，种植了多个品系的西甜瓜、水果和蔬菜，百斤特大西瓜、美国红提，草莓西红柿等几十种瓜果分季成熟，当田野上的人们刚刚播下希望的时候，这里已是瓜果飘香。在做好西甜瓜、蔬菜品种展示的同时，展现瓜类高科技栽培技术，如瓜类嫁接栽培技术，解决西甜瓜不能重茬问题。向游人展示无土栽培技术，如柿子树、叶菜类;节能节水技术、环境综合调控技术和工厂化育苗技术。园区内露地果园、葡萄园、丝瓜园、浆果园、特菜观赏园更是硕果累累，是现今农民种植结构调整的发展方向。体验区内冬季鲜花盛开，景色怡人，夏季瓜果满架，绿树成荫，让您在观赏美景的同时亲自体验采摘果实的劳动喜悦。3.科技农业示范区：引进了先进的节水灌溉设备、节能机械设备，采用窄行平播、大垄密植、复种套种等栽培技术，种植高蛋白大豆、胶质型玉米，形成了绿色无公害农作物基地，展现了农垦农业现代化水平。4.生态休闲娱乐区：建设了湖边休闲广场、健身房、休闲咖啡厅等景观场所。二.综合服务区，主要包括综合楼、专家别墅楼、生态餐厅。综合楼面积5658平方米，内部设置豪华套房2间，高级客房4间，标准间33个。综合会议室一个，可为提供接待和会议培训；1号木质专家别墅820平方米，2号专家别墅795平方米，3号别墅793平方米，可进行高端接待。生态餐厅2160平方米，栽植南方热带植物200余种，3000余株。餐厅能摆放27桌，可同时容纳300人就餐，不但为游客提供一流的服务，在这里还可以领略到南国风情，即使在冰天雪地的冬季也能让您感受到春日的浪漫气息。实施绿色城堡工程，建设生态、园林为一体的景观园区。以回归自然为主题，在园区游路两侧及别墅、综合楼、生态餐厅周围进行绿化造景，栽植亚乔、针叶、灌木、乔木等各类树种2万余株，其中大树4100株。五大连池现代生态农业旅游观光示范区是一种新型的农业科技园区形态，是融科技化、产业化、生态化于一体，集农业科技示范推广、科普培训及观光旅游等多功能的农业科技核心区。它既是现代农业科技创新的平台，同时也是漂亮又好玩的农业景观公园，更是一个集现代农业、生态农业、园区农业、都市农业、体验农业和休闲农业于一体的旅游胜地。,全年 08:30-16:30,,--,建议游览时间：2小时 - 3小时,,,,3
孙吴县嘎巴亮子民族风情度假村,http://travel.qunar.com/p-oi38011840-sunwuxiangabaliangzimin,"

地址:
黑龙江省黑河市孙吴县沿江边防巡逻路北50米

",孙吴县嘎巴亮子民俗风情度假村，坐落在美丽的黑龙江畔，沿江乡胜利村国道331公路从胜利屯村边通过，美丽的黑龙江从胜利屯北边流过，村南5公里是蜿蜒的小兴安岭北麓，胜利屯村南有山北靠水。嘎巴亮子民族风情度假村改造了10户民俗吃住为一体的满族、达斡尔、朝鲜族民俗户，可满足各种民族的人员来就餐住宿。建有民族风情墙、旅游接待中心，在岛上修建了旅游管理中心、人行道路、沙滩排球场，凉亭，更有沙滩摩托、快艇、水上摩托、观光船游览开展界江风光游。现在岛上可接待200多人的就餐，是休闲、娱乐、餐饮集一体的度假胜地。,全年 08:30-17:00,,5.0,建议游览时间：3天 - 6天,,,,3
嫩江墨尔根高空跳伞基地,http://travel.qunar.com/p-oi37793865-nenjiangmoergengaokong,"

地址:
黑龙江省黑河市嫩江市清江路207号（嫩江县城东北11公里处）

",嫩江摩尔根跳伞基地是中国北端的跳伞基地，在云端之上，青山绿水之间，体验3000-4000米脱离地心引力，专业教练一带一，全程保驾护航，可多角度高空跟拍，留下精彩影像，结束后颁发跳伞证书，为人生打卡。,全年 08:30-18:00,,0.0,建议游览时间：1小时 - 2小时,,,,3
火山堰塞湖观光区,http://travel.qunar.com/p-oi37704299-huoshanyansaihuguanguang,,“名山如画屏，珠带五湖清”。当新期火山喷发时，熔岩流以其排山倒海之势，把古老的白河河道截成五个串珠状湖泊，总面积丰水期时为45平方公里，仅三池子就有21.5平方公里，是我国第二大火山堰塞湖。因为有地下矿泉水的补充，所以终年不枯竭，是一个地下涌泉矿水湖，它由几百个泉眼组成没有大量的地表水流入，所以它的矿泉鱼才堪称一绝这里的五个池子色彩和形态各异，池岸曲线变化丰富，和周围广阔的熔岩台地相映衬，在群山的怀抱中，更显得风姿卓约。在五大连池里还有一种奇特的倒鳞鱼...“名山如画屏，珠带五湖清”。当新期火山喷发时，熔岩流以其排山倒海之势，把古老的白河河道截成五个串珠状湖泊，总面积丰水期时为45平方公里，仅三池子就有21.5平方公里，是我国第二大火山堰塞湖。因为有地下矿泉水的补充，所以终年不枯竭，是一个地下涌泉矿水湖，它由几百个泉眼组成没有大量的地表水流入，所以它的矿泉鱼才堪称一绝这里的五个池子色彩和形态各异，池岸曲线变化丰富，和周围广阔的熔岩台地相映衬，在群山的怀抱中，更显得风姿卓约。在五大连池里还有一种奇特的倒鳞鱼生长，鱼鳞有五分之四是倒着长的。那么倒鳞鱼是怎么来的？到目前为止还是一个没有解开的迷。游览火山堰塞湖观光区，可从城区内的石龙河水上风景线的船站出发，乘船向北经8华里石龙河水上风景线到达一池溢出口瀑布，然后徒步几百米到达一池船站换乘游船，依次向北游览一池、二池、三池或四池、五池，午间可在三池鱼村就餐，然后乘车返回城区\r,,,3.0,,,具体收费情况以现场公示为主,,3
阿木尔河大桥,http://travel.qunar.com/p-oi36196607-amuerhedaqiao,,阿穆尔河大桥全长一千多米，为“一带一路”中蒙俄经济走廊建设以及龙江丝路带建设增添重要跨境基础设施。大桥主梁采用钢混叠合梁，设计充分体现了创新、绿色、环保、共享的理念。,,,4.0,建议游览时间：3小时,,,,3
大西江农场十三队Daxijiang Farm Team XIII Village,http://travel.qunar.com/p-oi35644332-daxijiangnongchangshi,,,,,--,,,具体收费情况以现场公示为主,,3
大西江农场三队Daxijiang Farm Team III Village,http://travel.qunar.com/p-oi35644226-daxijiangnongchangsan,,,,,--,,,具体收费情况以现场公示为主,,4
大西江农场四队Daxijiang Farm Team IV Village,http://travel.qunar.com/p-oi35643238-daxijiangnongchangsidui,,,,,--,,,具体收费情况以现场公示为主,,4
大西江农场十队,http://travel.qunar.com/p-oi35643069-daxijiangnongchangshi,,,,,--,,,具体收费情况以现场公示为主,,4
展拓俄罗斯油画收藏馆Zhantuo Collection of Russian Oil Paintings,http://travel.qunar.com/p-oi35642669-zhantuoeluosiyouhuashou,,,,,--,,,具体收费情况以现场公示为主,,4
老窑地Laoyaodi Village,http://travel.qunar.com/p-oi35386213-laoyaodi,,,,,--,,,具体收费情况以现场公示为主,,4
和安大荒地He’an Dahuangdi Village,http://travel.qunar.com/p-oi35385348-heandahuangdi,,,,,--,,,具体收费情况以现场公示为主,,4
朝阳窑地Chaoyang Yaodi Village,http://travel.qunar.com/p-oi35384913-chaoyangyaodi,,,,,--,,,具体收费情况以现场公示为主,,4
永远窑地Yongyuan Yaodi Village,http://travel.qunar.com/p-oi35384645-yongyuanyaodi,,,,,5.0,,,具体收费情况以现场公示为主,,4
九类分水岭Jiulei Watershed Mountain,http://travel.qunar.com/p-oi35384021-jiuleifenshuiling,,,,,--,,,具体收费情况以现场公示为主,,4
新立村(一一)Xinli Village (一一),http://travel.qunar.com/p-oi35320274-xinlicun,,,,,3.0,,,具体收费情况以现场公示为主,,4
山河农场二队Team 2 of Shanhe Farm,http://travel.qunar.com/p-oi35306258-shanhenongchangerdui,,,,,--,,,具体收费情况以现场公示为主,,5
山河畜牧场Shanhe Livestock Farm,http://travel.qunar.com/p-oi35306256-shanhechumuchang,,,,,--,,,具体收费情况以现场公示为主,,5
山河农场四队Shanhe Farm Team IV Village,http://travel.qunar.com/p-oi35306164-shanhenongchangsidui,,,,,--,,,具体收费情况以现场公示为主,,5
山河农场十队Shanhe Farm Team X Village,http://travel.qunar.com/p-oi35306153-shanhenongchangshidui,,,,,--,,,具体收费情况以现场公示为主,,5
孙吴县良种场,http://travel.qunar.com/p-oi35306105-sunwuxianliangzhongchang,,,,,--,,,具体收费情况以现场公示为主,,5
山河农场九队Shanhe Farm Team IX Village,http://travel.qunar.com/p-oi35306055-shanhenongchangjiudui,,,,,,,,,,5
山河农场七队Team Seven of Shanhe Farm,http://travel.qunar.com/p-oi35305988-shanhenongchangqidui,,,,,--,,,具体收费情况以现场公示为主,,5
山河农场五队Team 5 of Shanhe Farm,http://travel.qunar.com/p-oi35305987-shanhenongchangwudui,,,,,--,,,具体收费情况以现场公示为主,,5
山河农场7分场Branch 7 of Shanhe Farm,http://travel.qunar.com/p-oi35305785-shanhenongchang7fenchang,,,,,--,,,具体收费情况以现场公示为主,,5
钓鱼沟北梁子Diaoyugou Beiliangzi Mountain,http://travel.qunar.com/p-oi35305158-diaoyugoubeiliangzi,,,,,--,,,具体收费情况以现场公示为主,,5
二龙山农场二十一队Team 21 of Erlongshan Farm,http://travel.qunar.com/p-oi35300232-erlongshannongchanger,,,,,--,,,具体收费情况以现场公示为主,,6
新开岭西坪山Xinkailing Xiping Mountain,http://travel.qunar.com/p-oi35281263-xinkailingxipingshan,,,,,--,,,具体收费情况以现场公示为主,,6
任得山屯Rendeshantun Village,http://travel.qunar.com/p-oi35250443-rendeshantun,,,,,--,,,具体收费情况以现场公示为主,,6
瑷珲国家森林公园Aihui National Forest Park,http://travel.qunar.com/p-oi35214448-aihunguojiasenlingong,,,,,--,,,具体收费情况以现场公示为主,,6
五大连池市朝阳山抗战纪念馆Wu Dalianchishi Zhaoyang Shan Kangzhan Memorial Hall,http://travel.qunar.com/p-oi34274068-wudalianchishichaoyang,,,,,4.5,,,免费,,6
瑷珲卫国英雄园Aihuiweiguo Hero Park,http://travel.qunar.com/p-oi34272644-aihunweiguoyingxiongyuan,,,,,0.0,,,免费,,6
五大连池市朝阳山抗联博物馆Wu Dalianchishi Zhaoyang Shan Kanglian Museum,http://travel.qunar.com/p-oi34272434-wudalianchishichaoyang,"

地址:
五大连池市朝阳乡驻地

",,全年 周二-周日 9:00-17:00,,--,,,免费,,6
黑河市城市规划历史陈列馆Heiheshi Chengshi Guihua Lishi Exhibition Hall,http://travel.qunar.com/p-oi34272433-heiheshichengshiguihua,"

地址:
黑河市兴安街41-1号

",,8:30-11:30;13:30-17:00(冬季）14:00-17:30（夏季）（周六周日闭馆）,,0.0,,,免费,,6
黑河学院中苏抗战历史纪念馆Heihe Xueyuan Zhong Su Kangzhan Lishi Memorial Hall,http://travel.qunar.com/p-oi34272314-heihexueyuanzhongsukang,"

地址:
黑龙江黑河市爱辉区学院路一号

",,"全年 周二-周日 9:00-11:00,14:00-16:30",,0.0,,,免费,,6
孙吴县闯关东纪念馆Sunwuxian Chuangguandong Memorial Hall,http://travel.qunar.com/p-oi34272254-sunwuxianchuangguandong,"

地址:
黑龙江省孙吴县西兴乡平度村

",,全年 周二-周日 9:00-16:00,,5.0,,,免费,,6
爱辉区新生乡岭上人展览馆Aihuiqu Xinshengxiangling Shang Ren Exhibition hall,http://travel.qunar.com/p-oi34272157-aihuiquxinshengxiangling,,,,,0.0,,,免费,,7
孙吴县侵华日军军人会馆遗址陈列馆Sunwuxian Qinhua Rijun Junren Association Ruins Exhibition Hall,http://travel.qunar.com/p-oi34272065-sunwuxianqinhuarijunjun,"

地址:
黑龙江省孙吴县北孙吴

",,全年 周二-周日 9:00-16:00,,5.0,,,免费,,7
闯关东历史陈列馆Chuangguandong Lishi Exhibition Hall,http://travel.qunar.com/p-oi34271793-chuangguandonglishichen,,,,,0.0,,,免费,,7
嫩江县博物馆Nenjiangxian Museum,http://travel.qunar.com/p-oi34271482-nenjiangxianbowuguan,,,,,,,,,,7
九三博物馆Jiusan Museum,http://travel.qunar.com/p-oi34271160-jiusanbowuguan,,,,,--,,,免费,,7
孙吴胜山要塞博物馆Sun Wusheng Shan Yaosai Museum,http://travel.qunar.com/p-oi34270940-sunwushengshanyaosaibo,"

地址:
孙吴县沿江乡孙沿公路38公里

",,8:00-17:00（5月1日-10月15日）,,--,,,收费,,7
卧虎山景区Wohu Mountain Sceneic Area,http://travel.qunar.com/p-oi34103505-wohushanjingqu,"

地址:
黑河市五大连池市五大连池镇五大连池风景区

",卧虎山是由黑色及红褐色的浮石、火山碎块组成的岩石和熔岩组成，规模大小不规则，形状各异，组合在一起的样子像一只伏在地上的猛虎。,全年 8:30-17:30,https://tr-osdcp.qunarzz.com/tr-osd-tr-manager/img/e96c045076a31107add68233a62ea96d.jpg_480x360x95_a9699ee5.jpg,1.0,建议游览时间：12小时 - 3天,,65元,,7
黑龙江省嫩江省九三局尖山农场场直,http://travel.qunar.com/p-oi26692373-heilongjiangshengnenjiang,,,,,--,,,,,7
九三局林业站,http://travel.qunar.com/p-oi26691712-jiusanjulinyezhan,,,,,--,,,具体收费情况以现场公示为主,,7
龙镇农场蜂场,http://travel.qunar.com/p-oi26690774-longzhennongchangfeng,,,,,--,,,,,7
老冰沟纯绿色生态养殖场,http://travel.qunar.com/p-oi26690733-laobinggouchunlu:sesheng,,,,,--,,,,,8
双丰林场,http://travel.qunar.com/p-oi26649820-shuangfenglinchang,,,,,--,,,,,8
"黑龙江省五大连池原种场十分场No.10 Branch of Wudalianchi Breeder Seed Farm, Heilongjiang Province",http://travel.qunar.com/p-oi26637626-heilongjiangshengwuda,,,,,--,建议游览时间：0.5小时 - 2小时,,,,8
黑龙江省五大连池原种场四分场,http://travel.qunar.com/p-oi26637625-heilongjiangshengwuda,,,,,--,,,,,8
鑫农农副产品种植专业合作社,http://travel.qunar.com/p-oi26566636-xinnongnongfuchanpinzhong,,,,,--,,,,,8
东谕商业步行街DongYu ShangYe BuXingJie,http://travel.qunar.com/p-oi24439532-dongyushangyebuxingjie,,,,,,,,,,8
胜山要塞Shengshan Mountain Fortress,http://travel.qunar.com/p-oi24409949-shengshanyaosai,,,,,,,,,,8
嫩江农场Nenjiang River Farm,http://travel.qunar.com/p-oi24409914-nenjiangnongchang,"

地址:
科洛镇

",,全年 全天开放,https://flight-feed.qunarzz.com/as3/376/image/poi_vishnu/53865daa-bc6a-4d58-9fc4-d12ac619c869.jpg,5.0,,,具体收费情况以现场公示为主,,8
黑河冬青园Heihe Dongqing Garden,http://travel.qunar.com/p-oi24408077-heihedongqingyuan,"

地址:
黑龙江省五大连池市五大连池风景区内

",,全年 全天开放,,--,建议游览时间：1小时 - 2小时,,,,8
药泉湖Yaoquan Lake,http://travel.qunar.com/p-oi23343793-yaoquanhu,,药泉湖湖面宽广，是火山喷发岩浆阻塞河道而形成的湖泊，周边还有众多泉水涌入，是个活水湖。岸边柳树成荫，芦苇荡遍布，山清水秀，是休闲观光的好地方。,,,5.0,建议游览时间：2小时 - 3小时,,,,8
石海,http://travel.qunar.com/p-oi23343397-shihai,,石海位于五大连池市老黑山东北侧，是罕见的火山熔岩奇观。,,https://tr-osdcp.qunarzz.com/tr-osd-tr-mapi/img/cdbc1df7997dd28873bd6002b8334064.jpg_480x360x95_c1bdb355.jpg,4.9,建议游览时间：2小时 - 3小时,,,,9
东山村Dongshan Village,http://travel.qunar.com/p-oi23343336-dongshancun,,,,,--,,,具体收费情况以现场公示为主,,9
库尔滨水电站Kurbin Hydropower Station,http://travel.qunar.com/p-oi23343232-kuerbinshuidianzhan,,库尔滨水电站为坝后式水库电站，主坝为渣油混凝土心墙堆石坝，水库控制流域面积较广，水能资源丰富。,,https://flight-feed.qunarzz.com/as3/376/image/poi_vishnu/4d1755e8-1dad-46ba-8678-58cb50ab80e0.jpg,4.0,建议游览时间：2小时 - 3小时,,具体收费情况以现场公示为主,,9
库尔滨河Kuerbin River,http://travel.qunar.com/p-oi23343231-kuerbinhe,,库尔滨地区位于黑龙江省伊春市与黑河市交界区。“库尔滨”是鄂伦春语的译音，翻译过来就是“渔场”的意思。由此可见，过去这里鱼类繁多。至今，这里仍是出产鲜鱼的盛地。库尔滨景区四季皆宜，所谓春如梦，夏如滴，秋如醉，冬如玉，便是库尔滨的真实写照。库尔滨雾凇是小兴安冬季的一处奇景，有长达4个月的雾凇景观，吸引了大量的国内外摄影爱好者和旅游者。,,,5.0,建议游览时间：1小时 - 3小时,,具体收费情况以现场公示为主,,9
"闯关东影视基地 老金沟Laojingou, Venturing to Northeast China Film and Television Base",http://travel.qunar.com/p-oi23342733-chuangguandongyingshi,,胭脂沟又称老金沟。这里的沙土已被筛淘过几十遍，但是，至今仍可以淘到黄金，可见这里黄金储量之丰富。1877年，一位鄂伦春老人在此葬马掘穴，发现许多金苗，并在老沟河底捞起一把河沙，河沙中金沫几乎占了一半，这一消息很快在俄罗斯的阿穆尔、西伯利亚、中国的黑龙江等地传开，仅1883年至1884年两年就盗采21.9万余两，在此期间黑龙江将军文绪就多次上奏朝庭要求自行开采，直到1887年新上任的黑龙江将军恭堂奏请清政府主张及督办漠河金厂，清政府接受了这个建议，并指令北洋大臣李鸿章...胭脂沟又称老金沟。这里的沙土已被筛淘过几十遍，但是，至今仍可以淘到黄金，可见这里黄金储量之丰富。1877年，一位鄂伦春老人在此葬马掘穴，发现许多金苗，并在老沟河底捞起一把河沙，河沙中金沫几乎占了一半，这一消息很快在俄罗斯的阿穆尔、西伯利亚、中国的黑龙江等地传开，仅1883年至1884年两年就盗采21.9万余两，在此期间黑龙江将军文绪就多次上奏朝庭要求自行开采，直到1887年新上任的黑龙江将军恭堂奏请清政府主张及督办漠河金厂，清政府接受了这个建议，并指令北洋大臣李鸿章督办，调吉林候补知府李金镛主持办理，李金镛经过实地考察后，于1888年10月正式上山开矿，创办漠河金厂，仅1889年清政府从这里获得黄金达两万两，1895年获5万多两，由于李金庸的清政廉洁，不辞辛苦，苦心经营，老沟的黄金开采达到了顶盛时期。,,,4.3,,,具体收费情况以现场公示为主,,9
瑷珲历史陈列馆Aihuilishi Exhibition Hall,http://travel.qunar.com/p-oi23342552-aihunlishichenlieguan,"

地址:
黑龙江省黑河市爱辉区爱辉镇


电话:
0456-8201907


官网:
http://www.aihuihistorymuseum.org.cn/

",瑷珲历史陈列馆占地10万平方米，规划为8个大小不等的功能区：大门风景区、历史陈列区、题词碑林区、将军衙门区、民俗风情区、江畔娱乐区、管理区和商服区并适当配置园林、绿地、雕塑等景观。,全年 09:00-16:00,https://flight-feed.qunarzz.com/as3/359/image/poi_vishnu/a08a63e2-f63e-4f60-8ed2-84663954f7c8.jpg,4.8,建议游览时间：1小时 - 2小时,,,,9
火山熔岩冰洞Volcano Lava Ice Cavern,http://travel.qunar.com/p-oi23342349-huoshanrongyanbingdong,,冰洞的洞壁是各种形态的熔岩，洞内温度很低，洞内的冰块晶莹剔透，还会举办冰雕展览。,,https://tr-osdcp.qunarzz.com/tr-osd-tr-manager/img/5929e923eb8825bfe7d7646a2d1f70d9.jpg_480x360x95_d6250408.jpg,4.0,建议游览时间：1小时 - 2小时,,,,9
黑河市爱辉历史陈列馆Heihe Aihui History Exhibition Hall,http://travel.qunar.com/p-oi23341829-heiheshiaihuilishichen,,爱辉因《瑷珲条约》而闻名于世，爱辉历史陈列馆也因《瑷珲条约》而倍受世人关注。爱辉历史陈列馆记载了中俄关系的演变史。初建馆时，定名为“爱辉反修展览馆”。1979年7月展览馆对展出的内容进行调整，并定名为“爱辉历史陈列馆。建馆20多年来，有49个国家的外宾参观了陈列馆，在爱国主义教育和国防教育方面发挥了重要作用，深受中、省、市各级领导的高度重视。1994年，爱辉历史陈列馆被命名为省级爱国主义教育基地；1997年被命为省级国防教育基地和全国首批百个爱国主义示范教育基地...爱辉因《瑷珲条约》而闻名于世，爱辉历史陈列馆也因《瑷珲条约》而倍受世人关注。爱辉历史陈列馆记载了中俄关系的演变史。初建馆时，定名为“爱辉反修展览馆”。1979年7月展览馆对展出的内容进行调整，并定名为“爱辉历史陈列馆。建馆20多年来，有49个国家的外宾参观了陈列馆，在爱国主义教育和国防教育方面发挥了重要作用，深受中、省、市各级领导的高度重视。1994年，爱辉历史陈列馆被命名为省级爱国主义教育基地；1997年被命为省级国防教育基地和全国首批百个爱国主义示范教育基地。1992年，黑河被国务院批准为沿边开放城市后，爱辉历史陈列馆已成为黑河市重要的旅游观光景点之一。鉴于原展览馆面积狭小，布展手段落后，在全国同类型级别的示范基地中条件较差，1999年底，市委市政府决定改扩建爱辉历史陈列馆。改扩建后的爱辉历史陈列馆占地10万平方米，规划为8个大小不等的功能区：大门风景区、历史陈列区、题词碑林区、将军衙门区、民俗风情区、江畔娱乐区、管理区和商服区并适当配置园林、绿地、雕塑等景观。,,,4.5,建议游览时间：1小时 - 2小时,,,,9
黑河中央商业步行街ZhongYang ShangYe BuXingJie,http://travel.qunar.com/p-oi22780818-heihezhongyangshangye,,,,,0.0,,,,,9
火山展览馆Wudalianchi Volcanic Exhibition Hall,http://travel.qunar.com/p-oi20976856-huoshanzhanlanguan,,,,,0.0,建议游览时间：0.5小时 - 1小时,,,,9
右岸俄罗斯美术馆You'an the Russia Art Gallery,http://travel.qunar.com/p-oi20975460-youaneluosimeishuguan,,,,,0.0,建议游览时间：2小时 - 3小时,,具体收费情况以现场公示为主,,10
金鑫画廊(海兰街),http://travel.qunar.com/p-oi20965703-jinxinhualang,,,,,--,建议游览时间：0.1小时 - 0.5小时,,,,10
黑河美术家协会油画研究会,http://travel.qunar.com/p-oi20961631-heihemeishujiaxiehuiyou,,,,,--,建议游览时间：3天 - 6天,,,,10
药泉山钟灵禅寺Yaoquanshan Zhongling Temple,http://travel.qunar.com/p-oi20937448-yaoquanshanzhonglingshan,,,,,,,,,,10
瑗珲新城Aihui New City,http://travel.qunar.com/p-oi20931389-yuanhunxincheng,"

地址:
黑龙江省黑河市爱辉区爱辉镇

",,全年 8:00-18:00,,--,建议游览时间：1小时,,,,10
大孤山Dagu Mountain,http://travel.qunar.com/p-oi20922430-dagushan,,大孤山内有古树、古刹，有天然次生林和人工林，山峦叠嶂，动植物种类较多，是人们休闲活动的去处。,,,0.0,建议游览时间：3天,,,,10
风流岛Fengliu Island,http://travel.qunar.com/p-oi20919339-fengliudao,,风流岛原名五道壑洛岛，岛长960米，宽120米，总面积为12.1万平方米。经过多年建设已成为反映东北民族特色欧亚文化特色、北方黑土文化特色、北方冰雪文化特色的风流岛影视基地。岛上现有各种建筑54座，建筑面积5800平方米。建设有俄罗斯一条街，代表建筑有教堂、欧式木屋、综合娱乐城、塔妮亚酒楼、洗浴中心等；有爱珲古城一条街，反映了北方少数民族和历史名城爱珲特色，建筑有：爱珲总督府、魁星阁、大剧院、漠诃矿务局、满族居室等。风流岛北临黑龙江，四面环水，三面环山，与俄罗斯...风流岛原名五道壑洛岛，岛长960米，宽120米，总面积为12.1万平方米。经过多年建设已成为反映东北民族特色欧亚文化特色、北方黑土文化特色、北方冰雪文化特色的风流岛影视基地。岛上现有各种建筑54座，建筑面积5800平方米。建设有俄罗斯一条街，代表建筑有教堂、欧式木屋、综合娱乐城、塔妮亚酒楼、洗浴中心等；有爱珲古城一条街，反映了北方少数民族和历史名城爱珲特色，建筑有：爱珲总督府、魁星阁、大剧院、漠诃矿务局、满族居室等。风流岛北临黑龙江，四面环水，三面环山，与俄罗斯布拉戈维申斯克城市隔江相望。,,https://tr-osdcp.qunarzz.com/tr-osd-tr-manager/img/2a757045cbef521f14899c989804c834.jpg_480x360x95_bf63ab4d.jpg,0.0,建议游览时间：3天 - 6天,,具体收费情况以现场公示为主,,10
庆华军工遗址博物馆Qinghua Military Site Museum,http://travel.qunar.com/p-oi19978705-qinghuajungongyizhibo,"

地址:
黑河市北安市庆华路


电话:
0456-6825626

",庆华军工遗址博物馆是我国第一家以枪械为主题建设的博物馆，它保留了原“六二六”兵工厂的历史遗存、纪录新中国成立初期，老一辈兵工人艰苦创业为我国国防事业和社会主义公共安全做出的卓越贡献。是国家重要的轻武器生产基地，被称为“共和国枪械的摇篮”。,"全年 08:30-11:00,14:00-16:00",,4.6,建议游览时间：1小时,,,,10
府套子岛Futaozi Island,http://travel.qunar.com/p-oi19978301-futaozidao,,,,,--,,,具体收费情况以现场公示为主,,10
物本天成赏石博物馆Wubentian Cheng Shangshi Museum,http://travel.qunar.com/p-oi19978022-wubentianchengshangshi,,,,,--,,,具体收费情况以现场公示为主,,10
