名字,链接,地址,介绍,开放时间,图片链接,评分,建议游玩时间,建议季节,门票,小贴士,Page
岩前村Yanqiancun,http://travel.qunar.com/p-oi10067059-yanqiancun,"

地址:
肇庆市端州区岩前宝环大道

",岩前村位于七星岩景区外围东侧青莲湖畔、紧邻星湖大道，交通十分便利，景色优美，外侧有肇庆环星湖绿道。,全年 全天开放,https://tr-osdcp.qunarzz.com/tr-osd-tr-touch/img/b14d06726cbff15ae0c7582c477b54f3.jpg_480x360x95_df33363f.jpg,4.4,建议游览时间：3小时 - 4小时,,具体收费情况以现场公示为主,,1
鼎湖山Dinghu Mountain,http://travel.qunar.com/p-oi705881-dinghushan,"

地址:
肇庆市鼎湖山风景区


电话:
0758-2302822


官网:
http://www.dhs.scib.cas.cn/

",岭南有四大名山，即鼎湖山，罗浮山，西樵山及丹霞山，鼎湖山是四大名山之首。它是知名的旅游胜地，拥有着千姿百态的流泉飞瀑、林木茂盛的原始森林、丰富的亚热带植物，在这里你可以爬山享受森林氧吧。鼎湖山还是有名的佛教圣地，这里有唐朝就已建立的知名古刹白云寺和庆云寺，前来祈福的香客很多，庆云寺还是岭南四大名刹之一，香客们可以来此烧香祈福。鼎湖山包括天溪、天湖、云溪三大景区，必游的景点有宝鼎园、庆云寺、飞水潭、蝴蝶谷。景区内部有电瓶车，可搭乘由大门至宝鼎园、蝴蝶谷、庆云寺三处景点，并可以分段乘坐。电瓶车的顺序是先宝鼎园再蝴蝶谷再庆云寺，祈福后建议步行下山，因为可以路过飞水潭，并且适当的步行自行游山还是很推荐的。当然如果实在觉得累，也可以在庆云寺坐电瓶车返回大门。宝鼎园古典文化浓郁，建筑古朴别致，以展示中国古代鼎文化为主题，里面有各种知名鼎的复制品，比如龙纹鼎、秦公鼎还有纪念香港、澳门回归的宝鼎复制品及端溪龙皇砚和九龙宝鼎。庆云寺它位于鼎湖山中部偏东的山谷中，座西面东，具有浓重的东方建筑艺术特色，寺内文物古迹甚丰，佛教文化浓郁，与广州光孝寺、韶关南华寺和潮州开元寺并称为岭南四大名刹。蝴蝶谷需要注意的是，这里门票另外收取，它由碧湖、小岛、森林三部分组成，要进入蝴蝶谷，必须乘坐游船。荡舟鼎湖上享受清净时光，然后可以登上愿望岛，走近蝴蝶园，蝴蝶园据游客描述目前真的蝴蝶较少，标本还比较美，离开蝴蝶谷后是进原始森林寻幽探险。蝴蝶谷原始森林植被丰富多样，谷内溪水潺潺、飞瀑繁多，有人字瀑、白象瀑等多个瀑布，欣赏自然美景。,5月1日-10月31日 5:30-18:30；11月1日-次年4月30日 6:00-18:00；蝴蝶谷游船：9:00-16:30,https://img1.qunarzz.com/travel/d0/1602/f8/0a38c8cdf1044f7.jpg_480x360x95_25eb96e6.jpg,4.5,建议游览时间：4小时 - 1天,雨水充沛，温度适宜。冬不见大雪、夏不见酷热。9月份秋高气爽，适宜出游。,"{'鼎湖山门票成人票\n\n': ['¥70起'], '星湖旅游景区开心100星湖卡大小同价\n\n': ['¥100起'], '鼎湖山蝴蝶谷游船票成人票\n\n': ['¥30起']}",景区除公务车辆外，禁止任何其它社会车辆进入。,1
七星岩景区,http://travel.qunar.com/p-oi7475871-qixingyanjingqu,"

地址:
广东省肇庆市端州区迎宾大道七星岩旅游度假区内

",岩顶名嵩台，相传是天帝宴请百神之所。岩下有一特大的石室洞，洞口高仅2米余，洞内穹窿宽广，顶高达30余米，石乳、石柱、石幔遍布其间。洞中有地下河，泛舟遨游可览璇玑台、黑岩、鹿洞、光岩等景。石室洞内最著名的还在石刻，洞口有唐李邕所书的《端州石室记》碑刻。洞内摩崖石刻林立，计有270余处，上自唐宋，下至明清，多出自名家之手，有“千年诗廊”之称。石洞右侧有水有宫，它始建于明朝，1957年重修，依山榜水，红墙绿瓦，与岩前五龙亭、飞龙桥遥相辉映。石室岩上的揽月亭和水月...岩顶名嵩台，相传是天帝宴请百神之所。岩下有一特大的石室洞，洞口高仅2米余，洞内穹窿宽广，顶高达30余米，石乳、石柱、石幔遍布其间。洞中有地下河，泛舟遨游可览璇玑台、黑岩、鹿洞、光岩等景。石室洞内最著名的还在石刻，洞口有唐李邕所书的《端州石室记》碑刻。洞内摩崖石刻林立，计有270余处，上自唐宋，下至明清，多出自名家之手，有“千年诗廊”之称。石洞右侧有水有宫，它始建于明朝，1957年重修，依山榜水，红墙绿瓦，与岩前五龙亭、飞龙桥遥相辉映。石室岩上的揽月亭和水月宫倒映入湖，其景甚妙，被称为“水月岩云”。,07:00-17:30,https://img1.qunarzz.com/travel/d3/1602/66/830d94dc185abcf7.jpg_480x360x95_5474492b.jpg,4.0,建议游览时间：4小时,夏季和冬季最佳。七星岩风景区绿树成荫，凉风习习，年均气温21.6℃，夏季最高月均气温28.9℃，冬季最低月均气温13.4℃，是一个御寒避暑的游览胜地。,"{'七星岩门票成人票\n\n': ['¥70起'], '星湖旅游景区开心100星湖卡大小同价\n\n': ['¥100起'], '七星岩竹筏全景游船票成人票\n\n': ['¥57起']}",,1
肇庆古城墙(宋城一路)Duanzhou Ancient City Wall,http://travel.qunar.com/p-oi707815-zhaoqingguchengqiang,"

地址:
肇庆市端州区正西路6号(康乐居东北)

", 端州古城墙位于肇庆市区宋城路一带，始建于宋代。它呈长方形，制高点在城北披云楼，是广东仅存的完整古城墙，也是文化名城肇庆的标志性建筑。古城墙近千年来经过多次修葺，有非常多个品种的砖墙，是活生生的“砖的博物馆”。它虽算不上雄伟壮观，但却有其独特的味道。一般从北门“朝天”上去城楼，城楼上即见居民和住宅。房子就直接建在古城墙上，城墙就犹如居民家的围墙，有时候，还可以见到居民在遛狗。想想看，昔日官兵驻防，御敌门外的城墙上，现在这么一幅市井的画面，实在是有很意思的场景。原城墙四角各有角楼，后来皆被毁，如今较为宏伟的就是重建的披云楼。沿着宋城路往西走，在十字路口左转到清风坛，城墙内有一座“宋代古城墙”石碑，从旁边铁门进入就可上到城楼近看披云楼。国内其实古城墙不少，但是比起那些收费的，开发的较好的古城墙，肇庆的古城墙却依然有着它自己的小感觉、小味道。它是免费的，也是亲民的。回望古城墙，墙的一边和任何一座城市没有任何区别，一派都市的样子。但隔着一座墙，却圈出了一片悠然自得。,全年 8:00-17:30,https://img1.qunarzz.com/travel/d5/1702/7d/4f74314f2dcacab5.jpg_480x360x95_466c3b9b.jpg,4.3,建议游览时间：0.5小时,雨水充沛，温度适宜，年平均气温22.1℃。冬不见大雪、夏不见酷热。9月份秋高气爽，适宜出游。,具体收费情况以现场公示为主,,1
砚洲岛Yanzhou Island,http://travel.qunar.com/p-oi715915-yanzhoudao,,,,,,,,,,1
紫云谷Ziyungu,http://travel.qunar.com/p-oi3367741-ziyungu,"

地址:
肇庆市东南郊烂柯山


电话:
0758-2638618

",紫云谷是西江羚羊峡保护区的重要组成部分，景区内自然风光十分优美，由于这里交通便利，旅游资源丰富，因此许多都市人都把此地当作回归大自然、保健养生的最佳生态旅游线路。在这里游客可以醉心于优美的大自然风景之中，呼吸山林中清新的氧气，弄瀑戏水、沐浴山泉，享受生活。紫云谷景区的四条豪华游轮是整个西江羚羊峡段唯一的旅游船只，游客游览完景区后，更可坐上游轮享受不一样的动态旅游。春夏之际更是烟雾弥漫，气象万千，让游客全身心感受羚羊峡峡两岸美景，并可观看到砚坑城墙、大小龙门、羚关古道、清风阁、晒衣坑、出入山虎口、文殊村等胜景。还有，紫云谷因出产中国四大名砚之首的“端砚”而闻名，中国品质最好的端砚都出自于紫云谷的老坑、坑子、麻子坑。当然不能错过寻访三大名坑以及古端砚遗址。,8：00-22：00,https://tr-osdcp.qunarzz.com/tr-osd-tr-space/img/88f812edfe5774b484b744a8076365f0.jpg_480x360x95_48c25ec6.jpg,4.4,建议游览时间：3小时,,"{'紫云谷电子导览服务大小同价\n\n': ['¥7起'], '广东肇庆棕榈谷丛林越野基地\n\n': ['¥188起'], '【酒店套餐】肇庆瑞涛酒店(鼎湖山店)+可选晚餐/星湖年卡（七星岩+鼎湖山+湿地公园+梦幻奇趣园）\n\n': ['¥399起']}",,1
棕榈谷丛林越野基地,http://travel.qunar.com/p-oi38035544-zonglu:guconglinyueye,"

地址:
肇庆市高要区回龙镇恒大世纪梦幻城北侧约1000米棕榈谷花园


电话:
0758-8166333

",,全年 09:30-18:30,,0.0,,,,,1
星湖旅游景区Star Lake Tourism Area,http://travel.qunar.com/p-oi711024-xinghulu:youjingqu,"

地址:
肇庆市北郊4公里处


电话:
0758-2528138


官网:
http://www.xhglj.com.cn/

",肇庆星湖风景名胜区包括“七星岩”和“鼎湖山”两大景区，共有景点100多个，是久负盛名的旅游胜地。七星岩景区以岩峰、湖泊、溶岩地貌为主要景观。七座岩山排列状如天上北斗，镶嵌在碧波荡漾约9000亩的湖面上，岩峰挺秀，湖水清澈，绰约多姿，兼西湖之秀，阳朔之美。摩岩石刻，历史悠久，雕刻刀功，令人叹为观止，为国家重点保护文物。文人墨客，史迹众多。仙女湖充满仙气、灵气、古朴自然；“禾花仙女”、“出米洞”等传说故事，美丽动人；灵鸟仙鹤，展翅飞翔。“卧佛含丹”天然奇景，尉为壮观。水上泛舟更是快意悠悠，船在水中行，宛自画中游，如梦如幻。,7:30-17:30,https://img1.qunarzz.com/travel/d2/1711/6d/6beda0e2e8cbacb5.jpg_480x360x95_a9372395.jpg,4.6,建议游览时间：4小时 - 5小时,只要是晴天，哪个季节来都会收获很棒的景色。,"{'鼎湖山门票成人票\n\n': ['¥70起'], '七星岩门票成人票\n\n': ['¥70起'], '七星岩星湖湿地公园游船票成人票\n\n': ['¥57起']}",,1
盘龙峡生态旅游区Panlongxia Ecological Tourism Zone,http://travel.qunar.com/p-oi710388-panlongxiashengtailu:,"

地址:
肇庆市德庆县官圩镇463乡道


电话:
0758-7235038,020-84358922

",盘龙峡位于肇庆市德庆县官圩镇，它是个综合的生态旅游区。盘龙峡的植物非常多，环境很好，它也是广东省摄影家协会拍摄基地。盘龙峡的游览从近山顶的瀑布区开始，这里有大大小小的水车群，宛如一个童话般的水车世界，这是全广东较大的水车群景观。然后沿着栈道穿越瀑布群，瀑布分为东西两部分，整体落差达约300米。东瀑布在不到200米的距离就有四到五个落差达60多米的瀑布，西瀑布群则以雄伟闻名，其中腾龙瀑布落差约86米。 游览过盘龙峡谷后往下走就是薰衣草世界，一眼望去，田地中种满了不同品种的薰衣草，有羽叶薰衣草、狭叶薰衣草、齿叶薰衣草等。不同的花朵不同的味道，羽叶薰衣草更是不分季节地绽放着，当然薰衣草盛开的季节还是春季，这里的春天格外的美丽。盘龙峡还有漂流及温泉可玩，可以按照去的季节选择，如果你是夏季来盘龙峡，不妨体验下“中国勇士第一漂”，非常的刺激。如果是冬季则可以去泡下温泉解乏。,全年 08:30-18:00,https://img1.qunarzz.com/travel/poi/1503/29/f91fd19e984156.jpg_480x360x95_03da7426.jpg,3.6,建议游览时间：3天 - 6天,这里一年四季都可以漂流，特别提醒的是秋季是薰衣草的季节适合拍照。,"{'盘龙峡生态旅游区观光门票成人票\n\n': ['¥60起'], '盘龙峡生态旅游区观光门票优待票\n\n': ['¥30起'], '盘龙峡生态旅游区电子导览服务大小同价\n\n': ['¥9起']}",,1
西江Xijiang River,http://travel.qunar.com/p-oi709474-xijiang,"

地址:
肇庆市德庆县肇庆全境

",西江流经肇庆全境，它的北岸为肇庆市区，南岸为高要城区，这段江面风景秀丽，名胜古迹众多，可以乘船游览。西江的主要景点都包括在羚羊峡、大鼎峡和三榕峡这“三峡”中，其中有名的景点是“砚渚清风”。相传当年包公离开端州时，百姓感念他的功绩就赠给他一块端砚，两袖清风的包公坚辞不受，将其扔进西江中，结果砚台化成小岛。当地人为纪念包公，称小岛为“砚州岛”，并在岛上建了包公祠。后人称这里为“砚渚清风”。此外，“西江三峡”还有羚峡归帆、桃溪夕照、白沙夜月、榕峡钓台等景点。西江水质优良，江水青碧，盛产肥美河鲜，一年四季，来此旅游的客人都能品尝到西江出产的美味河鲜。,全年 全天开放,https://img1.qunarzz.com/travel/poi/201211/15/19d31df96f56f183ddb12cfb.jpg_480x360x95_54d6012a.jpg,4.4,建议游览时间：1小时,肇庆冬不见大雪，夏不见酷热，9月份秋高气爽，适宜出游。,具体收费情况以现场公示为主,,1
北回归线标志塔,http://travel.qunar.com/p-oi704389-beihuiguixianbiaozhita,"

地址:
广东省肇庆市封开县

",,全天,https://img1.qunarzz.com/travel/poi/201211/15/7300a3cd9918ae11ddb12cfb.jpg_480x360x95_90cac0bc.jpg,3.0,建议游览时间：1小时,梅庵，常年气候温和，冬暖夏凉，无霜冻，光照充足，且全年都适合旅游。,,,2
梅庵Meian,http://travel.qunar.com/p-oi707612-meian,"

地址:
肇庆市梅庵路十五路


电话:
0758-2833284

",梅庵是一座保留有北宋时期建筑风格的，用来纪念佛教禅宗六祖惠能的佛庵建筑。相传唐代禅宗六祖惠能途径肇庆时曾在梅庵岗上亲手插梅，至北宋年间，智远和尚在惠能插梅处就地建庵，取名梅庵。梅庵是岭南少有的千年古刹，也是广东省非常古老的木质建筑之一，建造得非常有岭南特色。整座寺院并不大，香火也并不十分旺盛，因此挺清净的。主体建筑现存山门、大雄宝殿和祖师殿三大部分。山门为砖木结构的清代建筑。然后位于山门之后的大雄宝殿，是梅庵相当重要的建筑，整个大殿都保有着少有的古朴。它完整地保留了宋代木构架的形制和做法，具有浓郁的岭南特点。其屋檐下的斗拱会一下子抓住你的眼球，这种叫做“双杪三下昂七铺作”的木结构为广东现知北宋木构建筑的孤例。后面还有慧能事迹陈列馆，关于六祖慧能的介绍，也是梅庵的一大观光特色。另外，山门前，至今仍保存着慧能当年挖掘的水井，称为“六祖井”。,全年 8:30-17:00,https://img1.qunarzz.com/travel/d8/1508/4f/06dce9141c5487.jpg_480x360x95_4d40a9a9.jpg,4.5,建议游览时间：2小时,梅庵，常年气候温和，冬暖夏凉，无霜冻，光照充足，且全年都适合旅游。,具体收费情况以现场公示为主,,2
绥江竹海生态旅游景区Zhuhai Grand View,http://travel.qunar.com/p-oi713484-suijiangzhuhaishengtai,"

地址:
肇庆市广宁县南街镇平头沙


电话:
0758-8650388

",绥江竹海生态旅游景区成立于2002年，是广东省肇庆市重点旅游企业。景区地处中国十大竹子之乡的广东省肇庆市广宁县，规划面积达8.13平方公里，一河两岸，为山水环绕地，是集康养、休闲、亲子游玩、餐饮、住宿于一体的国家4A级旅游景区，是广东省森林康养基地单位，肇庆名胜旅游区、广东省森林旅游特色线路和新兴品牌地、广东省首批南粤森林人家。.,8:00-17:30。,https://img1.qunarzz.com/travel/poi/1409/17/f8463baa24b09ce9ffffffffc8d65eac.jpg_480x360x95_34d21266.jpg,4.6,建议游览时间：12小时 - 3天,全年四季均可观竹，构成四景：春看竹雾、夏赏竹绿、秋览竹浪、冬观竹翠。,"{'竹海大观门票成人票\n\n': ['¥30起'], '竹海大观门票优待票\n\n': ['¥25起'], '绥江竹海生态旅游景区门票成人票\n\n': ['¥30起']}",,2
星湖湿地公园Xinghu Wetland Park,http://travel.qunar.com/p-oi701990-xinghushidigongyuan,"

地址:
肇庆市端州区星湖大道


电话:
0758-2708268,0758-2261696


官网:
http://www.gdxhsd.cn/

",星湖湿地公园位于肇庆市端州区星湖大道，核心游览区位于仙女湖。游览湿地公园，需要乘坐电动船游览，全程大概需要1个小时左右。在游船码头乘上船，沿着既定的航线游览，东方禅林码头-湿地公园（鹤岛）-出米洞码头-罗汉岛码头。或者从仙女湖出米洞码头开始，出米洞码头-湿地公园（鹤岛）-东方禅林码头-罗汉岛码头。登上鹤岛，沿着木栈道行走，就可以见到湿地之神——丹顶鹤，运气好的话，欣赏一生难得一见的“世界绝活”丹顶鹤编队飞翔。也可以通过鹤岛上设置的望远镜远距离观赏候鸟。除了丹顶鹤之外，还有火烈鸟、东方白鹳、白枕鹤、蓑羽鹤、冠鹤等湿地鸟类。观赏完鸟类继续坐船前往出米洞码头，在这里可以远观湖对面的几座山所组成的“卧佛”。看完“卧佛”后，可以游览出米洞，也可继续坐船前往终点站，罗汉岛码头。可以游览完罗汉岛之后通过桥梁游览七星岩景区。,全年 08:00-17:30,https://img1.qunarzz.com/travel/d5/1602/b8/62d47b723f2863f7.jpg_480x360x95_af8be408.jpg,4.4,建议游览时间：1小时,肇庆冬不见大雪、夏不见酷热。9月份秋高气爽，适宜出游。,"{'星湖湿地公园门票成人票\n\n': ['¥70起'], '星湖旅游景区开心100星湖卡大小同价\n\n': ['¥100起'], '七星岩门票成人票\n\n': ['¥70起']}",,2
将军山Jiangjun Mountain,http://travel.qunar.com/p-oi706872-jiangjunshan,"

地址:
肇庆市端州区北岭将军山


电话:
0758-2797488,0758-2797718

",将军山景区坐落于中国旅游城市—肇庆北郊，有端州屏障之称的北岭山，东距广州90公里，三茂铁路和321国道从山前经过。区里5000多亩苍翠树木、馥郁花草簇拥着壮观的“云修台”，是肇庆千里旅游走廊的新亮点。将军山是原自昆仑山脉的宝地，云修台位于中国十七福地之“丹田穴位”，是全国规模较大的财神庙。庙里供奉着文、武财神，藏传五姓财神及福、禄、寿、喜、千手观音等数十尊吉祥财神，展示中国财神文化真谛;蕴藏玄妙生意商机。是广大游人谒神旺财、祈福转运、揽奇挹爽、休闲度假、踏青健身、凭吊怀古、俯噉肇庆全景，体味高高在上、神游高远的好去处。,全年 全天开放,https://img1.qunarzz.com/travel/poi/1409/17/7d76b20e63ac3085ffffffffc8d65eac.jpg_480x360x95_925f1347.jpg,4.3,建议游览时间：2小时 - 3小时,,具体收费情况以现场公示为主,,2
万竹园Wanzhu Yuan,http://travel.qunar.com/p-oi714652-wanzhuyuan,,万竹园位于广宁县城南街镇的古琴岗上，是1993年新建起来的一处旅游景点。广宁是个竹乡，本地产的竹子共有55个品种，种植面积8万公顷，居中国之冠。万竹园占地面积3.3公顷，引种了本县和外地的竹子120多个品种，汇集了67位书法名家的90多件墨宝，还建造了凉亭和瞻竹亭，赋予肇庆旅游以新的音韵。 万竹园前建一月形大门，上方有启功先生书赠的“万竹园”3个大字，入门不远，陡壁上是吴作人题写的“书法碑林”和秦萼生书的“竹子之乡”。石阶蹬道两旁，竹林和碑林交相映入眼帘，竹中有碑，碑旁有竹，看竹又看碑，令人目不暇接。,,https://tr-osdcp.qunarzz.com/tr-osd-tr-manager/img/25f0cd6e5433dd393418a7fb13d5d2c4.jpg_480x360x95_275108bd.jpg,4.4,建议游览时间：1小时,,具体收费情况以现场公示为主,,2
贞山风景区Zhenshan Scenic Area,http://travel.qunar.com/p-oi713114-zhenshanfengjingqu,"

地址:
肇庆市贞山区天音路


电话:
0758-3308713

","贞山风景区，坐落在四会城西2公里处，高648米。唐朝年间，贞山原名广正山，因有""文氏贞女在此升仙""之说而改名贞山。贞山能闻名岭南，除了具有得天独厚的自然景观之外，还与文氏贞仙之传说有很大的关系。 山青谷幽，云霞起伏之际，恍若人间仙景。山谷中一年四季风景恬静、氛围闲适，行走于缓坡小路间，其山石草木无不给人静谧放松的舒适感。山间餐饮大多提供风味上佳的地道岭南菜，给人以美景与美食的综合感官体验，尤其适合一家人周末出行。",全年 08:30-17:00,https://tr-osdcp.qunarzz.com/tr-osd-tr-manager/img/750b4ee53c1c36d16e22f302d19698bd.jpg_480x360x95_0f5b72b9.jpg,4.4,建议游览时间：4小时,,具体收费情况以现场公示为主,,2
金林水乡Jinlin Shuixiang,http://travel.qunar.com/p-oi704775-jinlinshuixiang,"

地址:
肇庆市德庆县官墟镇金林村


电话:
0758-7231078

",金林水乡拥有一千七百多年的历史，是一个文化底蕴深厚、古色古香、自然景观丰富、充满神话色彩的古村落。金林地理形势奇特。“寿星、金龟、蝠、鹿、鹤”五山环绕村庄，有五山会局之势。村前八棵秀茂古榕，加上樟树、相思树、红棉及稀有的菩提树，像绿色屏障横亘于村边。金林独具水乡特色，古来就有两河双圳五大井，两河就是金林河、古岚河，村内的四大井和村外的“高清井”是“龙眼”，双圳从各家各户的门前流过。湖泊池塘众多，有上林塘、北秀湖、葵扇塘，积善塘、金水池等。手工作坊是村中的另一个亮点，酿酒、做豆腐、腐竹、榨豆油都是村民自己担纲，酒是自己酿的，豆腐腐竹是自己做的，豆油是自己榨的。,全年 8:00-18:00,https://img1.qunarzz.com/travel/poi/1803/47/f14da7f327e0e437.jpg_480x360x95_f90e2dde.jpg,4.0,建议游览时间：1小时 - 2小时,四季皆宜,具体收费情况以现场公示为主,,2
七星岩牌坊广场Qixingyan Archway Square,http://travel.qunar.com/p-oi5860340-qixingyanpaifangguang,"

地址:
肇庆市端州区端州四路


电话:
0758-2267233

",七星岩牌坊广场主要由七星岩牌坊、牌坊广场、彩色音乐喷泉组成，它整体借鉴了岭南建筑及园林布局的特色。其中，游客经常会拍照的点是七星岩牌坊，牌坊始建于1958年，为肇庆市标志性建筑。它的色调以鲜艳明快的红、绿、蓝三色相辅相成，呈现出肇庆市奔放热情的生活态度，挺宏伟漂亮的。广场的周围建设有台阶、花坛、磨菇形水帘亭等许多可供驻足的休憩场所。广场的白天和黑夜都很热闹，清晨会有人在此跑步；华灯初上时也会有人群来欣赏牌坊与喷泉绚烂的灯光效果，都可各得其乐。当然，热闹的莫过于晚上音乐喷泉开始的时候，人头涌动。广场上有踩单车的，有玩直排轮的，有聊天的，有打闹的，有玩机动游戏的，还有到处都不可少的广场舞大妈，充满了市井的味道。来这里的交通很方便，多路公交可达，在汽车总站下或牌坊东站下都可以。旁边有大型商场，吃喝逛街都很方便。,全年 全天开放,https://img1.qunarzz.com/travel/d1/1708/b1/563549ca7b8e7eb5.jpg_480x360x95_70402e37.jpg,4.5,建议游览时间：1小时 - 2小时,,具体收费情况以现场公示为主,,2
学宫大成殿,http://travel.qunar.com/p-oi701692-xuegongdachengdian,"

地址:
肇庆市德庆县城

",,星期一、三至五上午8:15-11:30，下午14:00-17:00,https://img1.qunarzz.com/travel/poi/1409/17/7173cbf410c27f6effffffffc8d65eac.jpg_480x360x95_68d7e07b.jpg,4.5,建议游览时间：1小时 - 2小时,这里常年气候温和，冬暖夏凉，无霜冻，光照充足，且全年都适合旅游。,门票：15元,,2
文昌阁Wenchang Pavilion,http://travel.qunar.com/p-oi714534-wenchangge,,,,,,,,,,3
悦城龙母祖庙 （龙母庙）Longmu Imperial Ancestral Temple,http://travel.qunar.com/p-oi705333-yuechenglongmuzumiao_,"

地址:
肇庆市德庆县悦城镇321国道旁


电话:
0758-7618813

",龙母庙坐落在广东省德庆县悦城镇三江汇流处，因其蕴涵着深厚的龙母文化、古建筑文化和历史文化而闻名海内外。龙母祖庙始建于秦汉时期，距今有2000多年历史，重建于清光绪三十一年，集中两广能工巧匠和技艺大师历时七年时间建造而成，与广州陈家祠、佛山祖庙并称为岭南古建筑的“三瑰宝”。龙母庙值得称赞乃其精湛的建筑艺术，其建筑体系按水区特点设计：柱基特高，墙四周砌以水磨青砖，盖以琉璃瓦，殿内外地面，全以花岗石板铺设，每逢西江发大水淹过后，庙外街道往往淤泥及膝，而庙内稍作清扫便干净如故。自光绪三十一年重建至今，历经洪水雷雨而墙不裂、地不陷、害虫不蛀、雷电不侵，堪称建筑史上一绝。“龙母文化”是对母性的崇拜，它的“真善美”，引领着西江流域这片广袤的土地上的人们在此生息、繁衍和发展；是它的文化让广大的民众找到心灵深处的文化。每当庙会期间，来自五湖四海的信众们就齐聚在悦城龙母祖庙，在祭祀过程中，他们都遵循着一个古老程序。虔诚信徒们进庙前，一般先到龙泉洗圣水，象征着洗去世尘，去除污秽，只有这样才能去献祭圣洁的龙母；然后是引香火，呈供品，跪叩礼，祈祷，燃金银纸，之后是放炮竹，表示欢迎神明鉴纳，整个祭祀仪式结束。,全年 07:00-17:30,https://flight-feed.qunarzz.com/as3/288/image/poi_vishnu/124eb16c-3aa5-4b8c-bd36-19c183473be3.jpg,4.7,建议游览时间：5小时 - 6小时,,50元,,3
千层峰Qiancengfeng National Geology Park,http://travel.qunar.com/p-oi703600-qiancengfeng,"

地址:
肇庆市封开县封开国家地质公园内，渔涝镇东南8公里的黄岗河畔。


电话:
0758-6380369,0758-6318321

",千层峰位于广东省封开县渔涝镇东南8公里的黄岗河畔，由重重叠叠的色彩斑斓的砂页岩和局部钙质页岩构成，属砂岩峰林地貌，形成于三亿八千万年前的泥盘纪。它还是我国古老的造山运动——嘉理东造山运动所造成的山峰，是广东两个嘉理东造山运动的标准地之一。这里群峰耸立，苍翠欲滴，主峰高233米，如倚天长剑，直插云霄，奇伟险峻。山虽不高，但却集“黄山之奇、华山之险、庐山之秀、峨眉之幽”于一身。千层峰景区内主要有千层叠翠、苍松迎客、山溪饮驼、五君挺秀、霸王别姬、峡谷飞霞、...千层峰位于广东省封开县渔涝镇东南8公里的黄岗河畔，由重重叠叠的色彩斑斓的砂页岩和局部钙质页岩构成，属砂岩峰林地貌，形成于三亿八千万年前的泥盘纪。它还是我国古老的造山运动——嘉理东造山运动所造成的山峰，是广东两个嘉理东造山运动的标准地之一。这里群峰耸立，苍翠欲滴，主峰高233米，如倚天长剑，直插云霄，奇伟险峻。山虽不高，但却集“黄山之奇、华山之险、庐山之秀、峨眉之幽”于一身。千层峰景区内主要有千层叠翠、苍松迎客、山溪饮驼、五君挺秀、霸王别姬、峡谷飞霞、古堡留芳、巡山马、观翠亭等景观。每年暮春三月，各色杜鹃盛开，漫山遍野，五彩缤纷，这里顿又变成了好一个“垂壁千层石，悬空万朵花”的绚丽世界。,全年 09:00-17:00,https://mp-piao-admincp.qunarzz.com/mp_piao_admin_mp_piao_admin/fusion/202011/ef76caa6d11f59f0b1234c15b2ba4a9b.jpg_480x360x95_47df02a1.jpg,4.1,建议游览时间：1小时 - 2小时,,"{'封开国家地质公园千层峰门票成人票\n\n': ['¥16起'], '封开国家地质公园千层峰门票优待票\n\n': ['¥15起'], '封开国家地质公园(大斑石+千层峰+龙山)套票成人票\n\n': ['¥80起']}",,3
肇庆三元塔,http://travel.qunar.com/p-oi715885-zhaoqingsanyuanta,,肇庆三元塔座落在德城镇东3公里风景秀丽的白沙山上。建于明万历二十七年（公元1599年）。是广东省重点文物保护单位。原为州人祈求在各级科举考试上头名，榜中“三元”得名。塔平面八角、高53米。为外九层内分十七层的阁式砖室塔， 腔壁厚3米，壁庵几何图形均称美观。穿壁绕平座结构。基础用红砂岩和花岗岩建造。檐梁、角柱、门帮颜色红白相间。须弥座各面刻有浮雕图案，转角处均雕饰神态各异的托塔力士。塔表批荡用料和工艺十分讲究，传说批荡塔身的时候，工匠按照“许新不许旧”的严...肇庆三元塔座落在德城镇东3公里风景秀丽的白沙山上。建于明万历二十七年（公元1599年）。是广东省重点文物保护单位。原为州人祈求在各级科举考试上头名，榜中“三元”得名。塔平面八角、高53米。为外九层内分十七层的阁式砖室塔， 腔壁厚3米，壁庵几何图形均称美观。穿壁绕平座结构。基础用红砂岩和花岗岩建造。檐梁、角柱、门帮颜色红白相间。须弥座各面刻有浮雕图案，转角处均雕饰神态各异的托塔力士。塔表批荡用料和工艺十分讲究，传说批荡塔身的时候，工匠按照“许新不许旧”的严格要求，选用的不是一般的土朱灰浆，而是名贵的银朱灰浆，因此，虽经历了400年的风雨雷电袭击，但至今仍鲜艳如昔，有“只新不旧”之美誉。整个建筑，技法与艺术水平较高，有独特风格。据传说，塔身全部用银朱灰涂抹，有“只新不旧”之说，至今尚鲜艳如昔。著名书法家秦萼生为该塔亲笔题联：“蘸笔豪书光日月，凭栏高唱定风波”。,,https://img1.qunarzz.com/p/tts7/1712/ac/c21fab91d2ccca02.jpg_480x360x95_e7df40b0.jpg,4.0,,,,,3
城东清真寺Chengdong Mosque,http://travel.qunar.com/p-oi715030-chengdongqingzhensi,,该寺庙位于肇庆市端州区，寺内面积宽阔，今仅存礼拜殿，殿内不设偶像，空无一物。寺内大部分场地已辟作校舍。1991年夏，因礼拜殿严重残破倾危，全部拆除重建。,,https://img1.qunarzz.com/travel/d2/1508/cb/629923f67a7cd.jpg_480x360x95_38bf64d9.jpg,5.0,建议游览时间：1小时 - 2小时,,具体收费情况以现场公示为主,,3
东方禅林Oriental Buddhist Temple,http://travel.qunar.com/p-oi716062-dongfangshanlin,"

地址:
肇庆市端州区星湖大道七星岩景区内

",东方禅林，位于广东省肇庆市七星岩景区内阿坡岩与犀牛岗之间，东面是仙女湖，北面是桃花岛。始建于1995年夏，建成于1996年2月12日，占地面积20万平方米，正门朝南，内设4个景群，分别是佛光道、莲花湾、祖师岗和罗汉岛，共有景段15个，大小佛像1000多尊。进入大门，算是踏上了佛光道。大道上，佛光普照，苦海慈航，首先映入眼帘的是笑容满面的弥勒佛和分立两旁的“风调雨顺”四大保护神，紧接着便是左手侧的东方三圣、西方三圣和八变观音的雕塑群。罗汉岛是东方禅林的主体，位于仙女湖上，呈圆形，面积约1.9万平方米。总体布局是：岛的中央位置，有新修建的释迦牟尼卧佛。卧佛连底座计，长7.6米，宽2.2米，高4.8米，重20吨，是用一块整体的汉白玉雕刻而成，为中国所罕见。,全年 7:30-17:30,https://tr-osdcp.qunarzz.com/tr-osd-tr-manager/img/7dbfca9350cedd709ae3a1a0d7dfc461.jpg_480x360x95_f495051a.jpg,4.1,建议游览时间：1小时,,包含在七星岩景区门票内,,3
庆云寺Qingyun Temple,http://travel.qunar.com/p-oi716500-qingyunsi,"

地址:
肇庆市鼎湖区鼎湖山风景区内


电话:
0758-2528138

",庆云寺建于明崇帧九年（1636年），位于肇庆鼎湖山的天溪山谷中。走过半山亭，就可见一纪念亭，沿着亭子后方的小路而上，即可到庆云寺。它是肇庆第一大寺，也是岭南四大名刹之一（其余的三大分别为韶关南华寺、潮州开元寺、广州光孝寺）。光绪十九年（1893年），慈禧太后六十寿辰时敕赐“万寿庆云寺”匾和“龙藏经”，并对寺进行修葺，慈禧太后题匾也算是寺内的一个景点。庆云寺的香火很盛，遇上旅游旺季，可能还得排队。信佛的可以来拜拜，这里据说很灵验。庆云寺的建筑按照中轴线对称布局，自下而上依次为：第一层韦陀殿，内设知客堂、云房，左右分别是钟楼、鼓楼及客堂、斋堂；第二层为大雄宝殿，内设东土祖师殿、伽蓝殿；第三层是中正堂；第四层为毗卢殿，南有藏经楼、七佛楼，北有睡佛楼、佛母楼；第五层为塔殿。寺内文物古迹甚丰，也有很多古树名木。其中比较出名的镇山三宝为：千人镬、大铜钟以及300岁的白茶树，冬季白茶花缀满枝头，清香四溢。铁铸千人镬是清代庆云寺不折不扣的香火象征，当年可供全寺僧人进餐，为乾隆年间所打造，深近1米。大铜钟在寺庙钟楼上方，为清代咸丰年间铸造，每日清晨会有僧人撞击。除了礼佛，更多的人来庆云寺是抱着吃素斋的目的，肇庆的特色风味为鼎湖上素，这道名菜的源头就是鼎湖山庆云寺。据说用山泉水和天然食材制作，名气之大，几乎要盖过庆云寺本身。寺里的斋堂经过装修，走的是高端路线，价格颇贵，凉菜在40元左右，热菜基本在80-90元。当然还是有很多人抱着来都来了，吃就吃吧的心态来此品味，让自己的行程更为圆满，推荐菜色有鼎湖上素、庆云一品煲、素三鲜。庆云寺寺内是不可以留宿的，可以看见客堂门前挂着“止单”的牌子，但可以在庆云寺寺门左边的宾馆住下。只是凌晨会有和尚念经的，睡意浅的人就不要住这儿了。,庙堂8:00-17:00，其他建筑全天开放。,https://tr-osdcp.qunarzz.com/tr-osd-tr-manager/img/afd1fd9eb95cbbd29768bd2e458ee418.gif_480x360x95_9744ba85.gif,4.5,建议游览时间：1小时 - 2小时,,,,3
白沙龙母庙Baisha The Dragon Mother's Temple,http://travel.qunar.com/p-oi5159473-baishalongmumiao,"

地址:
肇庆市端州区江滨西路西段（江滨五路）龟顶山脚旁边


电话:
0758-2826262

",白沙龙母庙是广东较具代表性的龙母庙建筑，它位于端州区西郊、龟顶山东侧的西江江畔，因庙址直面西江北岸的白沙滩，故得此名。白沙龙母庙建于明代1587年，其中蓝色琉璃瓦顶的龙母亭，游人至今可见柱上刻有“书赐龙章恩承上国，碑铭母德泽沛神州”的对联。龙母庙虽经历代修葺，不可逆的损毁建筑仍然不少，大殿中残存着约56平方米的东厢房，是为数不多的遗址之一。白沙龙母庙现存较为完好的当属广荫坊，它是一座罕见的、不折不扣的清代古观石牌坊。牌坊立于半米高的精雕花岗岩石须弥座上，约为庙宽的二分之一，六柱开间全为花岗岩石精雕而成，牌坊上镶一块前后两面刻着苍劲有力的宋体“圣旨”字样匾额，周身花雕技艺精湛至极，是游人合影必到之处。,全年 8:30-17:30,https://img1.qunarzz.com/travel/poi/1409/02/1553c0c181bcf0f2ffffffffc8d65eac.jpg_480x360x95_cfd36c40.jpg,4.3,建议游览时间：1小时,,"{'白沙龙母庙门票成人票\n\n': ['¥4起'], '白沙龙母庙门票儿童票\n\n': ['¥4起'], '白沙龙母庙门票老人票\n\n': ['¥4起']}",,3
宝锭山风景区Ingot Mountain Scenic Area,http://travel.qunar.com/p-oi7469380-baodingshanfengjingqu,"

地址:
肇庆市广宁县南街镇碧翠湖


电话:
0758-8668898,0758-8618555

",广宁县宝锭山景区，位于中国十大竹子之乡 广东省肇庆市广宁县，占地面积约 27万平方米，是国家级AAA景区，当地知名的自然生态旅游风景区。景区由三大部分区域组成：一是竹文化博物馆，占地约 1万平方米。二是世界珍稀竹子生态园，占地 23万平方米，三是竹文化实践体验区，占地约为 3万平方米。景区是全国科普教育基地、国家林业部竹子研究中心广宁培训基地、广东省休闲农业与乡旅游示范点、广东省级农家乐、肇庆市中小学生研学实践基地等。,全年 8:00-18:30,https://img1.qunarzz.com/travel/poi/1806/12/0acdf8a39b125d37.jpg_480x360x95_0d6e5057.jpg,4.1,建议游览时间：3小时 - 5小时,,"{'宝锭山游览观光+水上游乐项目（坐竹排/游船）票成人票\n\n': ['¥25起'], '宝锭山游览观光+水上游乐项目（坐竹排/游船）票儿童票\n\n': ['¥15起'], '宝锭山游览观光+水上游乐项目（坐竹排/游船）票老人票\n\n': ['¥15起']}",,3
大斑石Dabanshi,http://travel.qunar.com/p-oi718062-dabanshi,"

地址:
肇庆市封开县封开国家地质公园内，位于杏花镇斑石村


电话:
0758-6380369,0758-6335568

",封开大斑石位于广东省封开县城去48公里处的杏花镇斑石村。大斑石像一座石山，巍然屹立。它是一个半球状花岗岩体，高191.3米，长1350米，宽695米，周长4100米，占地1101亩，远远看去就像一座挺拔的山峦。这不仅是中国，也是亚洲第一大石。被誉为“天下第一石”。远眺斑石，纹理从上而下，宛如瀑布从石顶轰鸣直下，壮煞游人。尤其是雨过天晴后，斑石身生五彩，斑斓缤纷，气度非凡。大斑石不仅可以登，更可以攀，华南大的户外攀岩项目就在这里。大斑石上共安装了11条攀岩线道。其中2条表...封开大斑石位于广东省封开县城去48公里处的杏花镇斑石村。大斑石像一座石山，巍然屹立。它是一个半球状花岗岩体，高191.3米，长1350米，宽695米，周长4100米，占地1101亩，远远看去就像一座挺拔的山峦。这不仅是中国，也是亚洲第一大石。被誉为“天下第一石”。远眺斑石，纹理从上而下，宛如瀑布从石顶轰鸣直下，壮煞游人。尤其是雨过天晴后，斑石身生五彩，斑斓缤纷，气度非凡。大斑石不仅可以登，更可以攀，华南大的户外攀岩项目就在这里。大斑石上共安装了11条攀岩线道。其中2条表演线道，高191米，其余9条为60多米、80多米、100多米不等，可以供专业和非专业的攀岩运动爱好者自由选择。如刀削的陡峭山壁，攀起来是有惊无险，刺激万分，让人真正领略到征服自然的感觉。,全年 9:00-17:00,https://img1.qunarzz.com/travel/poi/1409/18/93060103f14ac9e3ffffffffc8d65eac.jpg_480x360x95_fe16bca3.jpg,4.2,建议游览时间：0.5小时 - 1小时,春暖花开，万物复苏之时，最适合到这里游山玩水。,"{'封开国家地质公园大斑石景区门票成人票\n\n': ['¥16起'], '封开国家地质公园大斑石景区门票优待票\n\n': ['¥10起'], '封开国家地质公园(大斑石+千层峰+龙山)套票成人票\n\n': ['¥80起']}",,3
奇石河Qishi River,http://travel.qunar.com/p-oi711530-qishihe,"

地址:
肇庆市四会威整镇红星村奇石河景区


电话:
0758-3323003,0758-3106833

","四会瀑布奇石生态旅游度假区，位于广佛肇一小时经济生活圈内的四会市威整镇，与清远市、广宁县交界，全景区总面积约8平方公里。 景区以独特的自然景观和优雅的生态环境而著称，景区内森林繁茂、瀑布飞流、奇石遍布。集休闲度假、观光旅游、乡村风味美食于一体被誉为省内具特色的生态旅游度假区。  景区内主要景观有：蔚为壮观的银龙大瀑布；集吃喝玩乐于一体的神仙岛公园；灌木苍荫负氧离子浓度较高的天然大氧吧；十里奇石画廊；穿越深山密林的休闲养生栈道、古朴风情大型水车群等，最近推出的5D声光特效高空悬索银龙玻璃桥、玻璃滑道、空中玻璃漂流，更让游客体验到“云端漫步”“瞬间穿越”，好玩刺激!
",8:30-17:00,https://tr-osdcp.qunarzz.com/tr-osd-tr-space/img/8d60a8702d110d49c2862705b9dc7518.jpg_480x360x95_8bc93e5f.jpg,4.3,建议游览时间：2小时 - 3小时,,"{'奇石河门票成人票\n\n': ['¥54起'], '奇石河门票儿童票\n\n': ['¥27起'], '奇石河门票老人票\n\n': ['¥27起']}",,5
阅江楼The Yuejiang Tower,http://travel.qunar.com/p-oi710366-yuejianglou,"

地址:
肇庆市端州区正东路江滨东路交汇


电话:
0758-2202060,0758-2282326,0758-2287193


官网:
http://www.zqsbwg.com/

",阅江楼位于端州区正东路东侧的石头岗上，它始建于明代，是典型的南方园林庭院式古建筑。它是肇庆八景之一，名曰“江楼晚眺”，历代有不少文人雅士曾在此吟咏酬唱，留下了一些著名的诗文。1925年11月21日叶挺独立团在阅江楼成立，现在的阅江楼是叶挺独立团团部旧址纪念馆也是肇庆市博物馆。阅江楼楼高2层，分东西南北4座楼，南楼檐下悬挂木制匾额，上面有楷书“阅江楼”3个巨字。楼与楼间建有回廊小阁，相互衔接构成一体，中间是典型的岭南庭院，设有水池假山等。院中植着几棵300多年历史的米兰古树，米兰古树每年开花两次，每到花期，馨香四溢。这里的基本陈列有《铁军独立一雄团》、《砚都瑰宝》、《谢志峰藏古端砚馆》、《六祖惠能生平故事陈列馆》及《沟通中西文化第一人利玛窦》。叶挺独立团的展出和砚台的展出是阅江楼的重点。前者通过历史照片、文物、场景、雕塑、绘画、模型、电视专题片等形式，展现了叶挺独立团在肇庆的建立和后来发展的历程。看完关于叶挺独立团的展出可以到西侧的崧台书院里参观端砚陈列馆。这里展出了自唐代以来端砚的发展，也介绍了与端砚品质息息相关的砚坑、花纹和雕刻工艺等要素。,全年 周二-周日 09:00-17:00;全年 周一 全天不开放,https://img1.qunarzz.com/piao/fusion/2005/bf/af2c8f18c507fb02.jpg_480x360x95_c24cdcc5.jpg,4.5,建议游览时间：2小时,,,,5
城西清真寺Chengxi Mosque,http://travel.qunar.com/p-oi713882-chengxiqingzhensi,,在端州区康乐中路，建于清乾隆三十二年（1767），占地面积1285.2平方米，寺内有礼拜殿、两廊房舍等建筑，礼拜殿前檐石柱阴刻楷书槛联“勤念礼课斋，七日一朝须敬畏；守忠存仁义，六行三物贵真诚”。1983年，因寺内建筑物严重倾危，遂重建阿拉伯式建筑，1984年9月竣工。寺由礼拜殿、经堂、两廊、浴室、办公室、厨房、停生阁等建筑群组成。主体建筑礼拜殿面积为434.8平方米，顶部是白色圆形尖塔式顶。,,https://img1.qunarzz.com/travel/poi/1803/d0/a5e219b893476c37.jpg_480x360x95_91ce1176.jpg,4.8,建议游览时间：0.5小时,,具体收费情况以现场公示为主,,5
燕岩Yanyan Rock,http://travel.qunar.com/p-oi713671-yanyan,,,,,,,,,,5
元魁塔Yuankui Tower,http://travel.qunar.com/p-oi705925-yuankuita,"

地址:
二塔路与江滨三路交口西60米

",元魁塔在端州区东堤二路，南临西江，始建于明天启三年（1623年）。该塔高27米，呈八角形，从外面看有七层，实际上里面有十层，属楼阁式穿壁绕平座砖石塔。塔基用石料铺成，塔身用砖砌成，各层于南北两面辟拱门。该塔自下而上，塔檐及千座逐层收缩；每层塔壁外面仍留有前人修塔时用的“插杆洞眼”。元魁塔虽然矮小，但结构玲珑，保留了唐宋至明代的建筑风格，很有研究价值。此外，它与北岸的崇禧塔、南岸之文明塔和卖峰塔隔江对峙，构成“四塔擎天”的景观，十分少见。,暂不开放,https://flight-feed.qunarzz.com/as3/288/image/poi_vishnu/a32ae1e1-5fbd-4d69-9475-17e817e3be3c.jpg,4.5,建议游览时间：0.5小时,,仅外观,,5
羚山炮台Lingshan Fort,http://travel.qunar.com/p-oi709718-lingshanpaotai,"

地址:
肇庆市端州区东南郊，西江羚羊峡入口北岸之羚山。

",羚山炮台在端州区东南郊，西江羚羊峡入口北岸之羚山。建于1920年，是肇罗阳镇守使林虎在肇庆所筑的七座炮台之一。此炮台控制旱峡陆路及羚山峡水道交通的要冲，形势险要，这里是历来兵家必争之地。炮台主体建筑设在红岗制高点，以主体暗堡（母堡）为中心，在平面为长方形的阵地上按照东南、东北、西南、西北四个方位分设四座较小的暗堡（子堡），炮台暗堡结构与当地其他炮台一样。除了子母堡之间以堑壕连结之外，从东北的干堡起，还有一条跨度极长的堑壕往东延伸，经过按榔盒山、秀才坑、蛇头山直抵文笔（已拆毁的建筑物）处再转南抵羚山寺（已拆毁），并直达羚羊峡人口处止，全长3000米，水陆路在其监视的范围内，工程浩大，攻击与防御相结合，令人叹为观止。,全年 全天开放,https://img1.qunarzz.com/travel/poi/1803/6a/9263668118436b37.jpg_480x360x95_cfd6ec1f.jpg,4.8,建议游览时间：2小时 - 3小时,,具体收费情况以现场公示为主,,5
披云楼Piyun Ancient Building,http://travel.qunar.com/p-oi714530-piyunlou,"

地址:
广东省肇庆市端州区人民中路


电话:
0758-2834074

",位于端州区人民中路以西的端州古城墙上，始建于北宋政和三年（公元1118年），楼高三层，当时是作为了望台而建造的，它由披云楼和炮台两部分组成，因楼矗立在城墙西段顶处常有云雾缭绕，因此得名。 现在的披云楼是1989年重建的，楼高19.3米，其外形是仿照江西的滕王阁、湖北黄鹤楼和山西飞云楼而设计的，内部结构系钢筋混凝土仿木结构的穿门式门拱三层建筑，楼顶为歇山式十字脊结构，占地面积为300平方米。 登楼眺望，城内外景致尽收眼底，现楼内展有两组蜡像，一楼为“包公出巡”，二楼是“南明永历帝在肇庆”。顶楼展览着反映该楼楼史的图片和字画。 ,全年 09:00-17:00,https://flight-feed.qunarzz.com/as3/288/image/poi_vishnu/1a162b94-1ea1-48b4-8f36-90cfe4d5027c.jpg,4.4,建议游览时间：2小时,,具体收费情况以现场公示为主,,5
华表石Huabiao Rock,http://travel.qunar.com/p-oi706746-huabiaoshi,"

地址:
肇庆市德庆县回龙镇西面

","华表石，又称锦裹石、锦石山。坐落在广东省德庆县城西25公里陆水河与西江汇流处。为高约二百米圆柱形石头，西侧悬崖上刻有“华表石”三个大字，每字二丈见方，为明代广东书画家黎民表所书，乃岭南历史上较大的摩崖石刻。华表石被称为“西江奇观”，“西江怪石”，是古代火山爆发时由地下喷出的岩浆凝聚而成的火山石山。山下林木芳菲 ，泉水淙王争；遍地怪石嶙峋；有石龛，仙人桥，五色石花，狮子石等。在西江行舟，远望石山,下如层城,上如列屏；沿江绕山而行，其形随时而变。",全年 全天开放,https://flight-feed.qunarzz.com/as3/288/image/poi_vishnu/1cf403e6-7253-4b54-837d-94fa2743ea9e.jpg,4.2,建议游览时间：2小时 - 3小时,,具体收费情况以现场公示为主,,5
丽谯楼Liqiaolou,http://travel.qunar.com/p-oi705469-liqiaolou,"

地址:
城中路175号


电话:
2833437

",,全年 8:00-19:00,https://img1.qunarzz.com/piao/fusion/1609/26/debb9dcbb84e7c02.jpg_480x360x95_f8a73913.jpg,4.6,建议游览时间：0.1小时 - 0.2小时,,具体收费情况以现场公示为主,,5
纪念五君祠Temple of Five Heroes,http://travel.qunar.com/p-oi715579-jinianwujunci,"

地址:
肇庆市端州区城北路，现端州医院内。

",纪念五君祠在端州区城北路，现端州医院内。建于1922年，原称三君祠，是为纪念在1915年的肇庆景福围崩决时奋力救灾的邓瑶光、凌福彭、叶兰泉三位英雄而建的。到1935年，又将热心当地水利事业的余汉谋和梁祖诰列进祠内纪念，遂改名为纪念五君祠。此祠曾是肇庆景福围董事会的会址，祠内有不少水利碑记，现尚存碑记三通。1984年被列为肇庆市文物保护单位。,全年 全天开放,https://img1.qunarzz.com/travel/d2/1508/c3/5f511e45487b10.jpg_480x360x95_c31f386e.jpg,4.3,建议游览时间：0.2小时 - 0.3小时,,具体收费情况以现场公示为主,,5
星湖山庄,http://travel.qunar.com/p-oi714564-xinghushanzhuang,,星湖山庄座落于松林环绕、泉水潺潺、风景如画的广东七星岩旅游渡假区，山庄依星湖而建，前瞻七星岩及如诗似画的星湖，背靠清幽翠绿的松林美景，居住期间实为人生一大逍遥乐事。星湖山庄独特的中西合壁设计与天然美景融为一体，为四周环境倍添雅意，教人流连忘返，尽洗都市尘嚣俗虑。备有多款精心设计的独立式、连体式别墅，必有一款合您心意。,,https://img1.qunarzz.com/travel/d5/1508/62/06bb9f0b6ea8a2.jpg_480x360x95_d8123fc5.jpg,5.0,,,,,6
葫芦山,http://travel.qunar.com/p-oi715270-hulushan,,鼎湖山景区有一个新开发的风景点--葫芦山游览区。葫芦山是新近开发的旅游风景区，为苏州园林式设计，回廊曲折，庭台楼阁。葫芦山奇山秀水不绝，渡涧泉浅流涓涓，宛如世外桃源。这里流雾行云经常出没，缠绕山岳，使庙宇楼台变得宛如仙境。慈云寺为鼎湖山的三十六招提之一，始建于明万历年间，迄今400余年，现所见之寺是1997年重建的，建筑面积300O多平方米。整个建筑以岭南建筑特色为主，但又融入了江南的建筑风格,,https://img1.qunarzz.com/piao/fusion/1609/a3/a219be1b66be2b02.jpg_480x360x95_00399e74.jpg,--,,,,,6
怀集燕山风景区Huaiji Yanshan Scenic Spot,http://travel.qunar.com/p-oi708129-huaijiyanshanfengjing,,,,,,,,,,6
荟萃园,http://travel.qunar.com/p-oi722899-huicuiyuan,,这里有芦荟王国之称，在这里可以了解近635种芦荟培植知识，据专家介绍:芦荟要种上三年以上才会开花。而且这里还可免费品尝芦荟之宝---贡品芦荟花茶。,,,--,,,,,6
包公井,http://travel.qunar.com/p-oi710762-baogongjing,,"宋代名臣包拯，在肇庆任端州知郡事3年，为官清廉，大办实事，造福端州.当时居民因长年饮用不洁净的水，瘟疫、疾病时有发生.包拯发动群众在城区开挖水井七口.居民感激包公将这七口水井称为包公井.肇庆的水井到了清末民初已数不胜数，基本上所有街巷都有饮用水井.由于包公井年代久远,七口井在何处，却鲜为人知.据元末明初郡人董源《义井记》云：相传郡城包公所凿之井有七：一在府治内.在府治西岳庙旁则第二井也.在县学前街南，俗称义井，则第三井也.其四是分司巷口.其五在广济仓右.其...宋代名臣包拯，在肇庆任端州知郡事3年，为官清廉，大办实事，造福端州.当时居民因长年饮用不洁净的水，瘟疫、疾病时有发生.包拯发动群众在城区开挖水井七口.居民感激包公将这七口水井称为包公井.肇庆的水井到了清末民初已数不胜数，基本上所有街巷都有饮用水井.由于包公井年代久远,七口井在何处，却鲜为人知.据元末明初郡人董源《义井记》云：相传郡城包公所凿之井有七：一在府治内.在府治西岳庙旁则第二井也.在县学前街南，俗称义井，则第三井也.其四是分司巷口.其五在广济仓右.其六在北门之左.其七在主帅堂前.明末清初著名学者屈大均《广东新语》云""包孝肃为端州守，尝穿七井.城以内五，城以外二，以象七星.其在西门外者，曰龙顶岗井，居民环抱，清源滑甘，为七井之最.""现保存至今，影响最大的水井有三.其一，府治内.即今丽谯楼背后第一人民医院内（丽谯楼元末明初均为肇庆府衙所在地）.该井相传为包公锁妖井，有""包捉陆放马成湖""的传说，可惜解放初已填平了.其二：龙顶岗井（今称大井头），附近原有西岳庙一座.现该井水源充足，可以饮用.井呈圆筒形，以弧形花岗石砌井壁，井栏为石灰石，栏口内壁有近二十条深深的绳痕.看来井壁是清代时重新砌筑的，而石灰石井栏则为原物.其三：在今米仓巷，即原包拯储粮备荒的丰济仓所在地（元代改名广济仓）.该井井栏早毁，井水无人饮用.",,https://img1.qunarzz.com/travel/d8/1509/bb/c7b73dab14d878.jpg_480x360x95_d034458c.jpg,4.0,,,,,6
扶利村张氏大宅,http://travel.qunar.com/p-oi40013274-fulicunzhangshidazhai,,扶利村张氏大宅位于四会市，建筑历史悠久，由主屋和炮楼组成，现改造成了多个功能室，如造纸展览馆、农耕馆、村史馆等。,,,0.0,,,,,6
腰岗李氏宗祠,http://travel.qunar.com/p-oi40012376-yaoganglishizongci,,,,,,,,,,6
山湖水上乐园,http://travel.qunar.com/p-oi39640023-shanhushuishangleyuan,, 园区整体环境以朴素淡雅的山村野趣为格调，取自然山水之本色，配以江南风情及欧陆风格之建筑；既凸显了独特生态环境之优势，又为诗情画意景色起到画龙点睛之润色效果。 秀山环拥、林木苍翠、灵秀怡静、溪水清澈、鸟语花香。漫步近观，湖光山色交相辉映；登山远眺，景象万千犹如仙境；既有藏龙卧虎之气势，又有绿树繁花相拥之美景。 穿梭于整个园区林荫小道，听欢快鸟唱、闻醉人花香、赏画意美景、享天然氧吧，犹如穿行于万千画卷之中。,,,0.0,,,,,6
北市镇,http://travel.qunar.com/p-oi39611784-beishizhen,,,,,0.0,,,,,6
绿樱庄园,http://travel.qunar.com/p-oi39610816-lu:yingzhuangyuan,,绿樱庄园位于肇庆四会市江谷水库旁，是集百亩三角梅基地、数十亩火龙果采摘、数十亩四季葡萄采摘、蓝莓采摘，网红景点（雲谷瀑布、流点时光、绿樱广场、语樱殿堂、锦鲤亭长廊、观鸟台、拾光星球）、儿童游玩区、阳光沙滩、萌宠区（白鸽园、玉兔园、鹦鹉园）、露营餐厅、花房民宿、千寻迷宫、钓鱼池、婚纱摄影、旅拍、观光旅游于一体的综合文旅项目,,,0.0,,,,,6
金渡镇水口千亩桃花林,http://travel.qunar.com/p-oi39602334-jinduzhenshuikouqianmu,,,,,0.0,,,,,7
肇庆利贞堂,http://travel.qunar.com/p-oi39583488-zhaoqinglizhentang,,,,,0.0,,,,,7
六丁顶,http://travel.qunar.com/p-oi39507142-liudingding,,,,,0.0,,,,,7
绿地·樾湖生态园,http://travel.qunar.com/p-oi39443551-lu:diyuehushengtaiyuan,,,,,0.0,,,,,7
鼎湖大峡谷,http://travel.qunar.com/p-oi39440667-dinghudaxiagu,,,,,5.0,,,,,7
天坑瀑布,http://travel.qunar.com/p-oi39438418-tiankengpubu,,,,,0.0,,,,,7
牛仙谷景区,http://travel.qunar.com/p-oi39414145-niuxiangujingqu,,,,,,,,,,7
哈哈乐农耕文化园,http://travel.qunar.com/p-oi39412062-hahalenonggengwenhuayuan,,哈哈乐农耕文化园是肇庆农耕文化主题园区。全园分为虾塘养殖区、瓜果种植区、农耕文化展示区、神符山风景区、康养民宿区、亲子田园区等。内容丰富，农耕情趣，欢乐田园。,,,0.0,,,,,7
西江大桥,http://travel.qunar.com/p-oi39408100-xijiangdaqiao,,,,,0.0,,,,,7
石牌里民宿文创街区,http://travel.qunar.com/p-oi39391161-shipailiminsuwenchuang,,,,,4.0,,,,,7
三坑水库,http://travel.qunar.com/p-oi38939307-sankengshuiku,,,,,,,,,,8
骑楼老街,http://travel.qunar.com/p-oi38939262-qiloulaojie,,,,,5.0,,,,,8
槎塘村,http://travel.qunar.com/p-oi38937510-chatangcun,,,,,--,,,,,8
蝉坑村,http://travel.qunar.com/p-oi38937426-chankengcun,,,,,--,,,,,8
赤水塘村,http://travel.qunar.com/p-oi38933233-chishuitangcun,,,,,--,,,,,8
肇庆棕榈谷,http://travel.qunar.com/p-oi38854176-zhaoqingzonglu:gu,,,,,0.0,,,,,8
星湖博物馆,http://travel.qunar.com/p-oi38676752-xinghubowuguan,,,,,0.0,,,包含于七星岩景区内，需先购买七星岩景区门票方可入内。,,8
江滨公园,http://travel.qunar.com/p-oi38618939-jiangbingongyuan,,,,,4.5,,,,,8
水月宫,http://travel.qunar.com/p-oi38613292-shuiyuegong,,,,,5.0,,,具体收费情况以现场公示为主,,8
肇庆市科技中心,http://travel.qunar.com/p-oi38341178-zhaoqingshikejizhongxin,,,,,0.0,,,具体收费情况以现场公示为主,,8
智联梦工场,http://travel.qunar.com/p-oi38340756-zhilianmenggongchang,,,,,0.0,,,,,9
中国端砚博物馆,http://travel.qunar.com/p-oi38337043-zhongguoduanyanbowuguan,,中国端砚博物馆共两层，有砚石可以触摸，可以了解到端砚的相关历史。,,,0.0,建议游览时间：1小时 - 2小时,,具体收费情况以现场公示为主,,9
万达国家度假区展示中心,http://travel.qunar.com/p-oi38336553-wandaguojiadujiaquzhan,,,,,--,,,具体收费情况以现场公示为主,,9
肇庆儿童公园,http://travel.qunar.com/p-oi38336273-zhaoqingertonggongyuan,,肇庆市儿童公园内有多个主题区，如森林探险区、滑板运动区、欢乐戏水区、梦幻沙滩区、盛世荷香区和湿地科普区等，此外，公园内还有一个适合儿童阅读的场馆。,,,4.7,建议游览时间：3小时 - 4小时,,具体收费情况以现场公示为主,,9
高要恒发草莓园,http://travel.qunar.com/p-oi38335388-gaoyaohengfacaomeiyuan,,占地面积20亩的种植示范基地。 是一个集草莓、圣女果采摘，草莓盆栽，科普中草药知识， 展示现代化绿色种植的生态园。,,,0.0,建议游览时间：2小时 - 3小时,,,,9
肇庆市博物馆（新馆）,http://travel.qunar.com/p-oi38135430-zhaoqingshibowuguan,"

地址:
肇庆市端州区十字路5号


电话:
0758-6836330

",肇庆市博物馆新馆位于肇庆市端州区，建筑面积一万多平米，场馆建造独特，内设多个展厅，分为序厅和粤人源起、粤地初开、千年州府、总督两广等多个部分。,全年 周一 全天不开放 ;全年 周二-周日 09:00-17:00,,4.0,建议游览时间：2小时 - 3小时,,具体收费情况以现场公示为主,,9
端砚文化村,http://travel.qunar.com/p-oi38135318-duanyanwenhuacun,,,,,0.0,,,具体收费情况以现场公示为主,,9
竹海森林公园,http://travel.qunar.com/p-oi38135249-zhuhaisenlingongyuan,,,,,0.0,,,具体收费情况以现场公示为主,,9
棕榈谷丛林越野基地,http://travel.qunar.com/p-oi38035544-zonglu:guconglinyueye,"

地址:
肇庆市高要区回龙镇恒大世纪梦幻城北侧约1000米棕榈谷花园


电话:
0758-8166333

",,全年 09:30-18:30,,0.0,,,,,9
贺江,http://travel.qunar.com/p-oi38035079-hejiang,,,,,0.0,,,具体收费情况以现场公示为主,,9
肇庆美术馆,http://travel.qunar.com/p-oi38034453-zhaoqingmeishuguan,,,,,0.0,,,具体收费情况以现场公示为主,,10
水月夜星湖,http://travel.qunar.com/p-oi38018827-shuiyueyexinghu,"

地址:
广东省肇庆市端州区七星岩南门码头附近

",“水月夜星湖”选址位于肇庆市知名景点七星岩景区五龙亭内。以五龙亭为舞台，以石室岩为背景，融合以七仙女下凡为主题的中国舞蹈剧场，为观众演绎唯美的千年神话，开辟肇庆实景演出之先河。,全年 19:30-22:30,,0.0,建议游览时间：1小时 - 2小时,,,,10
天湖鹭鸟生态风景区,http://travel.qunar.com/p-oi38018041-tianhuluniaoshengtaifeng,"

地址:
肇庆市鼎湖区沙浦镇天湖水产养殖基地内


电话:
0758-2633333

",,全年 08:00-18:00,,2.5,,,,,10
溶洞梦多奇,http://travel.qunar.com/p-oi38017999-rongdongmengduoqi,,,,,--,,,具体收费情况以现场公示为主,,10
贺江碧道画廊景区,http://travel.qunar.com/p-oi38006024-hejiangbidaohualangjing,"

地址:
广东省肇庆市封开县X450与Y883交叉路口东北侧

",贺江碧道画廊景区面积43平方公里，是实施“乡村振兴”工程建成的一条独具岭南特色乡村风貌和远溯秦汉人文历史遗址的美丽廊带。潇贺古道和茶船古道衍生的岭南首府、粤语发源地、广府文化发祥地、水陆商贸兴盛等深厚历史文化底蕴在此呈现。“以路为廊、以水为链”，景区以贺江为主轴，全程25公里，水陆兼并，贺江碧道串起了竹洲半岛、台洞湿地、励志半岛、大洲半岛等区域，恬静自然的田园风光和古民居、古码头、博物馆构成了一条如诗如画的艺术长廊。,全年 08:30-16:00,,5.0,建议游览时间：12小时 - 3天,,,,10
城东风情街,http://travel.qunar.com/p-oi37807027-chengdongfengqingjie,,,,,0.0,,,,,10
翕庐,http://travel.qunar.com/p-oi37806748-xilu,,,,,0.0,,,,,10
贞仙祠,http://travel.qunar.com/p-oi37806703-zhenxianci,"

地址:
贞山街道382乡道（近贞山宾馆）

",,全年 07:00-00:00,,0.0,,,具体收费情况以现场公示为主,,10
寻安鹿园,http://travel.qunar.com/p-oi37192809-xunanluyuan,,寻安鹿园位于广东省肇庆市端州区北岭二路中游国际房车露营基地。园内有十多个温顺的梅花鹿，可近距离接触，可喂食，是您与小动物亲密接触的好去处。,,,0.0,,,,,10
江滨堤园,http://travel.qunar.com/p-oi37190847-jiangbindiyuan,,,,,--,,,具体收费情况以现场公示为主,,10
