名字,链接,地址,介绍,开放时间,图片链接,评分,建议游玩时间,建议季节,门票,小贴士,Page
外伶仃岛Wailingding Island,http://travel.qunar.com/p-oi710710-wailingdingdao,"

地址:
珠海市香洲区担杆镇外伶仃岛


电话:
0756-8855118,0756-8855317

",外伶仃岛地处珠江入海口，岛上游客比较少，景色也十分优美。在岛上，你可以爬伶仃峰，也可以在海滨泳场游泳，随意享用美味的海鲜和烧烤，度过一个悠闲假期。爬山岛中央主峰伶仃峰高约311.8米，看着其实不算高，但由于斜坡多，爬起来相当累人。攀登时先经过相思林，然后往上是观景台，观景台再往上不多远就是北帝晨钟和许愿井；过后还要爬很久到达万山棋局，然后到石景公园，公园已经很接近山顶了。沿途鸟瞰全岛，从上往下看海洋、岛镇，还可以看山上嶙峋怪石、飘渺云雾组成的美景。游泳游泳一般在海滨泳场，这边海水质一般，但是看看海玩玩水还是蛮开心的。另外过了伶仃湾拱桥有一条沿海山路叫做情侣路，能够从伶仃湾通到相思林度假山庄，那一条山路是看海的好地方。路外边是无数巨大的礁石，以及隐藏在礁石间的一些小海滩。（请务必小心礁石，并且有些海滩不开放的，看看即可）。吃海鲜来岛上另外个惊喜点，应该就是海鲜了。从进岛码头走向海滨泳场时，会经过一条海鲜街，岛上的居民用白色泡沫箱装了各种海鲜在卖。你可以在这边买了找店家加工即可，价格很实惠，另外这里还有烧烤一条街和酒吧街。如果过夜，夜宵也不用愁了。住宿住宿的话，有酒店和帐篷，酒店建议提前订好住宿，岛上有便宜的招待所类型的酒店也有别墅比如相思林度假山庄，可以根据自己心里价位选择。如果租帐篷的话，可以到当地付租金，然后贵重物品可以到旁边小卖部租一个储物柜来保存。,全天开放,https://img1.qunarzz.com/travel/d8/1710/22/3b410757c35a96b5.jpg_480x360x95_a66394e7.jpg,4.4,建议游览时间：3天 - 6天,岛上冬无寒，夏无酷暑，四季如春。在3-4月或者10-12月为最佳。,"{'外伶仃岛2日往返（珠海香洲港-外伶仃岛）票成人票\n\n': ['¥280起'], '外伶仃岛2日往返（珠海香洲港-外伶仃岛）票优待票\n\n': ['¥158起'], '外伶仃岛（深圳蛇口出发）船票成人票\n\n': ['¥150起']}",,1
桂山岛Guishan Island,http://travel.qunar.com/p-oi706171-guishandao,"

地址:
珠海市香洲区桂山岛桂海二路8号


电话:
0756-6995012

",珠海桂山岛位于珠海市东南方向的伶仃洋畔，岛屿面积约8平方公里，它地处中国四大群岛之一的万山群岛中，与北面的牛头岛成犄角之势，成为港澳航道中的屏障。桂山岛也是万山群岛中开发完善、居住人口较多的岛屿，除了海岸风情，游人更可以在这里深刻体验到岛屿居民特殊的生活方式。桂山岛有着独特的人文历史价值，南宋末年有名的爱国英雄文天祥的雕像就在岛上凭海而立，仿佛依旧在见证着神州苍茫大地的沉浮；而岛上巍然屹立的桂山舰烈士纪念碑则记录了上世纪50年代初，在这里发生的人民解放军海战事迹，供后人瞻仰凭吊。1986年，桂山岛被列为珠海市文物保护单位，现在已成为了重要的爱国主义教育基地。,全天开放,https://img1.qunarzz.com/travel/d4/1602/5f/a14e52c65700cef7.jpg_480x360x95_936097e3.jpg,4.3,建议游览时间：12小时 - 3天,,"{'桂山岛1天往返（珠海香洲港客运码头出发）船票成人票\n\n': ['¥238起'], '桂山岛2天往返（珠海香洲港客运码头出发）船票成人票\n\n': ['¥200起'], '桂山岛(深圳蛇口港邮轮中心出发)船票成人票\n\n': ['¥210起']}",,1
庙湾岛Miaowan Island,http://travel.qunar.com/p-oi5740405-miaowandao,"

地址:
珠海市香洲区担杆镇外伶仃洋岛南


电话:
0756-6995012

",庙湾岛位于珠海东南的群岛之中，外伶仃岛的南面。岛上风光非常原生态，你可以在此尽情享受海边玩耍的乐趣。岛上还拥有国内罕见的风蚀海貌，四周礁石星罗棋布，自然环境优美。玩乐项目庙湾岛是一个很小的海岛，就码头、一个小村子外加一个小沙滩，其他都是岩石小山，并没有什么景点，主要就是海边玩乐。天气好的时候，海水很清很蓝，非常适合潜水。在离岸边较近的礁石也可以很容易浮潜捉到螃蟹和海胆，但要注意踩到礁石很容易受伤，或者穿上洞洞鞋下水。沙滩边的岩石上有厕所和冲淡水的地方。除了在沙滩游乐，还可以包船环岛游、租鱼竿去码头钓鱼，或者在岛上逛逛拍照。岛上民风淳朴且比较原始，很多摄影爱好者喜欢拍摄朴实且原生态的画面。岛上住宿庙湾岛较为原生态，住宿条件很差。坐船到庙湾岛后，如果需要租房，务必先去找房，以免租完。民居只提供床位，不带空调、电视、电扇，没有热水洗澡，普通招待所标准。也些地方有空调房，很少，且内部条件也很一般。住帐篷的话去沙滩租就可以了，帐篷还是很多的。岛上餐饮人多的话，可以自备厨具去煮食或者烧烤，不过比较麻烦。建议去岛上的餐馆，岛上餐馆并不多而且都是小店，主要吃海鲜。,全天开放,https://tr-osdcp.qunarzz.com/tr-osd-vs-dapp-ugc/img/ea10e62028541f2d2cb2abcee59619c1.jpeg_480x360x95_1157c3e0.jpeg,4.6,建议游览时间：3天,,坐船另付费,,1
情侣路Lovers' Road,http://travel.qunar.com/p-oi722212-qinglu:lu,"

地址:
珠海市香洲区情侣路


电话:
18650425596,18650427213

",长达28公里的情侣路临海而建，是珠海的城市名片。珠海渔女像就位于情侣路中部，作为美丽与希望的化身，也是珠海市的标志。很多游人都会来此吹着海风漫步，享受悠闲惬意的时光。情侣路的路面全部由方正的砾岩铺成，道路途经海湾大酒店、九洲港、金怡酒店、海滨泳场、珠海渔女、香炉湾等多个风景旅游点。需要骑行全程的话，这里提供专用的两人或三人连体自行车租借服务，租借点在拱北附近或者名亭公园（野狸岛）门口，野狸岛里面也有。当然，大部分来这里的人们还是以步行为主。可能因为路名吧，来这里的情侣真的非常多，步行大部分的是走的中段，也就是有珠海渔女的这段，比较有名。白天经常有人在这里拍摄婚纱照，晚上有很多情侣和夫妻在路上迎着街灯散步，很是浪漫。而珠海的婚礼流程单中，情侣路也是婚嫁花车必经之地，象征着幸福，所以赶快带着自家爱人来走一走情侣路吧。,全天开放,https://img1.qunarzz.com/travel/d3/1703/b4/fefa32eff65cf8b5.jpg_480x360x95_def3a08e.jpg,4.6,建议游览时间：2小时,3、4、10、12月成为是珠海的最佳旅游季节，这段时间气候宜人。,"{'东澳岛蓝骑士水上运动中心牵引桨板体验大小同价\n\n': ['¥195.9起'], '东澳岛蓝骑士水上运动中心摩托艇体验大小同价\n\n': ['¥195起'], '情侣路豪华游艇包艇出航体验大小同价\n\n': ['¥1979起']}",,1
海滨公园Seaside Park,http://travel.qunar.com/p-oi708802-haibingongyuan,"

地址:
珠海市香洲区海滨南路108号


电话:
0756-3332562

",海滨公园位于海滨南路与香炉湾之间，它的北侧是石景山，南侧为香炉湾。珠海的标志“珠海渔女”雕塑就竖立在海滨公园的岩石上。公园内林荫夹道，环境幽静，山景、海景浑然一体。做为一个普通的市民公园，海滨公园对于游客而言仿佛没有特意过来的意义，但是由于它的附近就是珠海渔女、野狸岛、情侣路及石景山公园，所以很多游客过来玩的时候都会顺带逛一下这个免费的公园。公园的环境很好，草坪十分的宽阔，席地而坐时，眼光的视野可及对面的情侣路与海，还可以隐约看到珠海渔女像。你可以在草地上铺上一块野餐垫享受午后的时光。很多家长都带着小孩来玩，晚饭后也很多人来散步，春天的时候还公园内还会盛开很多花，喜欢摄影的人也可以来此取材。,全年 全天开放,https://img1.qunarzz.com/travel/d9/1707/3d/8a9ea76499b6f9b5.jpg_480x360x95_86296a91.jpg,4.5,建议游览时间：1小时 - 2小时,,"{'【获奖线路】上门接珠海港珠澳大桥1日游+豪华游船观大桥+日月贝+渔女+含午餐纯玩1日游、可选单订船票\n\n': ['¥100起'], '上门接送，2-6人私家小团1日游，豪华游轮海上观港珠澳大桥，珠海渔女、日月贝大剧院、含午餐私享旅行\n\n': ['¥498起'], '广州出发上门接-珠海1日游，豪华游船桥底2次穿越港珠澳大桥、打卡日月贝大剧院、情侣路珠海渔女+含午餐\n\n': ['¥298起']}",,1
横琴岛Hengqin Island,http://travel.qunar.com/p-oi10023423-hengqindao,"

地址:
珠海市香洲区长隆大道

",横琴岛位于珠海市区的南侧，有大桥和市区相连，紧邻澳门。这里是一处开发区，有自贸区、长隆海洋王国、度假村、小山、港口等，算是一处有点景观的新城区，适合娱乐、购物，另外，这里也是珠海著名的吃蚝胜地。,全天开放,https://img1.qunarzz.com/piao/fusion/1508/26/c597e8f55a4f6e.jpg_480x360x95_fa5a846d.jpg,4.5,建议游览时间：3天 - 6天,,,,1
东澳岛Dong'ao Island,http://travel.qunar.com/p-oi701642-dongaodao,"

地址:
珠海市香洲区


电话:
18650425596,18650427213

",东澳岛位于珠海万山群岛中部，植被丰富，沙滩众多，充满了自然古朴的热带海岛风情。你还可以爬上斧担山蜜月阁登高望远，游览建于清朝乾隆年间的古堡铳城，或是在岛上品尝新鲜地道的海鲜。南沙湾在东澳岛，吸引人的要数沙滩，东澳岛有南沙湾、大竹湾、小竹湾三个沙滩，尤以南沙湾有名。南沙湾位于南沙湾码头，如果是在东澳湾码头下船需要乘坐10元的小火车前往。它的沙滩温暖细腻，还不时有躲藏在沙底的螃蟹吐出气泡，你可以在沙滩上捡贝壳，捉螃蟹，拍照，换上泳衣，到水里玩水。或者就在沙滩边呆着，享受清爽的海风，闲庭信步一番。在海边看着广阔的大海，总让人觉得心情平静。斧担山除了海岛本身的魅力，东澳岛还可以爬山，沙滩西北部的有个叫做斧担山的山峰。山的主景为蜜月阁，蜜月阁需要经历1008级台阶可至，墙壁上刻满了历代文人的诗词。登高望远，澳门的凼仔大桥依稀可见，如果你是在岛上入住一晚，还可以在第二天赶一个大早爬上蜜月阁看日出。历史遗迹岛上还有历史遗迹可看，在东澳岛的东部，可以发现建于清朝乾隆年间、为抵御外族入侵而修建的古堡铳城——东澳岛铳城，以及于层层山林中隐匿着“万海平波”字样的石刻，颇值得玩味。岛上住宿东澳岛上设施比较完善，酒店有坐落在求子泉景区的仙泉山庄（位于东澳湾和南沙湾码头之间，在岛的中间，比较安静，适合晚上不出街的游客，也方便观日出）和求子泉山庄、东澳岛度假村别墅酒店（位于南沙湾码头，整个海岛沙滩的一家海景酒店，离沙滩仅200米）、东澳湾绿色家园（位于东澳湾码头，比较正规的小酒店）、游艇俱乐部，价格一般在200-400元/天，此价格一般是打包售卖，包含往返船票，可以网上自行找代理。沙滩上可以租帐篷，一个100元，包过夜。岛上用餐岛上一般就是吃海鲜，鱼大部分都来自于岛民的收获。餐厅比如有东发海鲜酒家、超记海鲜餐厅、永盛海鲜酒家，价格都还算适中。,全天开放,https://tr-osdcp.qunarzz.com/tr-osd-tr-space/img/e921ab957ec54cec89fbe4efdc03290a.jpg_480x360x95_ade922f7.jpg,4.3,建议游览时间：3天 - 6天,,"{'香港故宫文化博物馆特别展览门票(展厅1-9)成人票\n\n': ['¥108.6起'], '香港故宫文化博物馆特别展览门票(展厅1-9)优待票\n\n': ['¥55起'], '东澳岛往返(九洲港游艇码头-东澳岛包艇)船票大小同价\n\n': ['¥9800起']}",1.穿便装和舒适的平底鞋，特别是女士要预备防晒油和遮阳物品，不要穿高跟鞋。2.晕船者在上船前不要吃得太饱，作好防晕准备。3.岛上多喝水，吃海鲜尽量不要生吃，并注意适量，不饮用大量啤酒。4.到海里畅游最好穿上救生衣；沙滩沿途设有免费的更衣室及淋浴设施。5.到岛上后，要尊重当地风俗。6.请保护岛上环境的清洁，不要任意丢弃垃圾。7.周末或黄金周前，请提前预定酒店。8.不要错过到岛上偏僻的角落探索一番，那里有很多珍奇等您去发现，但行前要做好准备，去时要小心。9.岛上有武警边防驻守，在岛上游玩，如误入了武警驻守区，是要被赶出来的，请多多注意路边的提示牌。10.由于岛上路灯设施不太完善，如游客想入夜散步，请提前带好手电筒，方便出行。11.安全起见，请游客切勿在没有救生员之海域游泳；在南沙湾泳场，请尽量在安全网内游泳，切勿远游。12.在登船检票时，武警边防需要查验证件，请带好身份证出行,1
港珠澳大桥Hong Kong-Zhuhai-Macao Bridge,http://travel.qunar.com/p-oi9600019-gangzhuaodaqiao,"

地址:
珠海市香洲区唐淇路


电话:
0756-2191999


官网:
http://www.hzmb.org/

",港珠澳大桥是一座连接香港、珠海和澳门的巨大桥梁，也是“一国两制”框架下粤港澳三地合作共建的超大型跨海通道，在促进香港、澳门和珠江三角洲西岸地区经济上的进一步发展具重要的战略意义。港珠澳大桥主体建造工程于2009年12月15日开工建设，投资超1000多亿元，并于2018年10月23日正式开通，全长55公里。作为中国建设史上里程长、投资多、施工难度大的跨海桥梁项目，港珠澳大桥受到海内外广泛关注。港珠澳大桥连接起世界活力经济区，对三地经济社会一体化意义深远。大桥主体工程由粤、港、澳三方共同组建的港珠澳大桥管理局负责建设、运营、管理和维护。主体工程实行桥、岛、隧组合，总长约29.6公里，穿越伶仃航道和铜鼓西航道段约6.7公里为隧道，东、西两端各设置一个海中人工岛（蓝海豚岛和白海豚岛），犹如“伶仃双贝”熠熠生辉；其余路段约22.9公里为桥梁，分别设有寓意三地同心的“中国结”青州桥、人与自然和谐相处的“海豚塔”江海桥，以及扬帆起航的“风帆塔”九洲桥三座通航斜拉桥。港珠澳大桥可通行车辆包括：跨境巴士、穿梭巴士、跨境出租车、货运车辆、跨境私家车等。对于游客来说，搭乘班次频繁的穿梭巴士（分为港珠线、港澳线）十分方便。,全天开放,https://tr-osdcp.qunarzz.com/tr-osd-tr-manager/img/1e0e9710f963b2b3159ca95c510dc301.jpg_480x360x95_0d5e2f49.jpg,4.5,建议游览时间：0.2小时 - 0.3小时,,"{'澳门环岛游(湾仔码头)游船票成人票\n\n': ['¥128起'], '珠海珠澳海湾游(湾仔码头)游船票儿童票\n\n': ['¥89起'], '珠海珠澳海湾游(湾仔码头)游船票老人票\n\n': ['¥126.4起']}",,1
圆明新园New Yuanming Palace,http://travel.qunar.com/p-oi706555-yuanmingxinyuan,"

地址:
珠海市九洲大道石林山下


电话:
0756-8610388

",圆明新园以北京圆明园焚烧前的建筑为原稿，选择圆明园40景中的18个景点，按1:1的比例建造。虽然都是仿制的景象，但仍可感受其皇家园林的恢弘气势。另外还设有《梦回圆明园》等剧场演出，结合爆炸、跑马等元素，值得一看。圆明新园共分为皇家建筑群、江南园林建筑群、西洋建筑群三大景区。皇家建筑群第一大景区是位于中轴线的皇家建筑群，包括正大光明、九洲清晏等景点。正大光明由大宫门、正大光明殿以及东西配殿组成。东西配殿为圆明沧桑史料馆，在这里大家可以通过展出的图片、文字以及实物资料了解圆明新园的建设情况。正大光明殿是古时候皇帝处理朝政的地方，布局仿北京故宫太和殿而摆设，金色的宝座和屏风，显示了威严的皇家气派。九洲清晏由三进殿组成，第一进殿为圆明园愉，陈设了清朝八旗兵制及装备；第二进殿是奉三无私殿，这里展示了慈禧第一次垂帘听政的场景及帝后寝宫的陈设；后面是九洲清晏殿，在这里你可以看到皇太子读书的御书房和皇帝用膳时的情景。江南园林建筑群走出重重殿宇后，呈现在眼前的是全园的中心——福海湖，湖中心的岛叫蓬岛瑶台。环湖的江南园林建筑群就是圆明新园的第二景区。它包括平湖秋月，石舫、濂溪乐处、上下天光、曲院风荷、万方安和等，当年乾隆皇帝六下江南，喜爱湖光山色，便命人仿置园中西洋建筑群第三景区是西洋建筑群，西洋楼由海晏堂、远瀛观、大水法等建筑组成，建筑形式仿欧洲文艺复兴时间的巴洛克风格，但也结合了一些中式风格，楼顶装饰采用的是中国传统的琉璃瓦。海晏堂殿前的水池，是西洋楼的看点之一，水池左右排列有十二只兽面人身像，也正是十二生活属相，它们昼夜依次轮流喷水一个时辰，约二个小时，正午时刻，十二生肖一齐喷水，起计时作用。之所以在、建筑中出现十二生肖，是因为在西洋传教士设计时，喷水塑像本为裸体女郎，乾隆认为裸体像极为不雅，便以十二生肖取而代之。在海晏堂的二楼，现设有艺术画廊展示。,全年 09:00-17:30,https://img1.qunarzz.com/travel/d1/1602/c6/f70c20d1d6fbf4f7.jpg_480x360x95_2c911e68.jpg,4.2,建议游览时间：2小时 - 3小时,,"{'珠海圆明新园《皇家盛典》演出票成人票\n\n': ['¥58起'], '圆明新园御花园国潮樱花节门票大小同价\n\n': ['¥39.9起'], '珠海圆明新园《皇家盛典》演出票+《乾隆号》游船票大小同价\n\n': ['¥99起']}",,1
淇澳岛Qi Ao Island,http://travel.qunar.com/p-oi709805-qiaodao,"

地址:
珠海市香洲区淇澳村东


电话:
0756-2222630

",珠海东海岸的淇澳岛通过淇澳大桥与陆地相连，是通往伶仃洋、跨海大桥的必经之道。淇澳岛历史悠久，拥有苏兆征故居、沙湾古遗址、白石街等古迹遗址，以及红树林湿地保护区、淇澳湾等自然风景区。观光方式整个岛面积不算小，如果步行环岛一圈的话，大约需要6小时。但是岛上景点比较分散，距离相隔还是挺远的，所以如果想要去所有景点，徒步几乎不可能，强烈建议租借自行车游岛。岛上租借自行车的费用大约为10元一天。白石街白石街据说是1833年当地居民反抗英军入侵取得胜利后，用英军赔偿的白银所建。红树林湿地保护区红树林湿地保护区位于岛的北部，是整个岛上重要的景点。里面可以看到很多的娃娃鱼和大脚螃蟹，并且每年冬季有超过10万只候鸟来此过冬。另外，淇澳岛的绿道不错，是个值得去骑车的地方，尤其是湿地里的木栈道，上有绿荫下有湿地，凉风阵阵，非常适合骑车观景。,全年 全天开放,https://img1.qunarzz.com/travel/d7/1611/22/77dde08f329779b5.jpg_480x360x95_479d694a.jpg,4.2,建议游览时间：3天,,免费,,1
野狸岛Wild Beaver Island,http://travel.qunar.com/p-oi714566-yelidao,"

地址:
珠海市香洲区情侣路

",野狸岛位于珠海香炉湾与香洲湾之间，以海燕桥与市区相连，是离珠海市区较近的海岛。岛屿面积不大，环岛走一圈只要四十分钟左右，还可以租借自行车骑行。周末很多市民都会与朋友家人一起到岛上野炊、爬山看日出等。野狸岛的地理交通位置十分便利，340米长的海燕大桥与情侣中路相连，很多游客沿着情侣路散步的时候都会顺道过来逛逛。岛上建有环岛绿道，体力充裕的话，你可以悠闲散漫地环岛走一圈，或者在公园门口租借环岛自行车骑行。岛内也有自行车出租，不过费用可能比门口的要高。岛上还有四座小山峰，野狸山是岛上很高的山，海拔不到70米。许多市民周末都会过来爬爬山，在海风的沐浴中欣赏日出日落，景色怡人。另外，国内的建设在海岛上的歌剧院——珠海歌剧院也位于野狸岛海滨，贝壳般的设计造型艺术感十足，建成后将成为珠海市的新标志。,全天开放,https://img1.qunarzz.com/travel/d6/1611/83/f2f683776a25b9b5.jpg_480x360x95_e55b8289.jpg,4.4,建议游览时间：2小时 - 3小时,,"{'港珠澳大桥海上游(日月贝游艇码头)游艇体验大小同价\n\n': ['¥3160起'], '野狸岛外伶仃岛1天往返（日月贝游艇码头出发）包船体验票大小同价\n\n': ['¥12800起'], '中山出发-巨龙一线横江海-港珠澳大桥+孙中山故里+渔女一日游\n\n': ['¥199起']}",,2
珠海市博物馆Zhuhai Museum,http://travel.qunar.com/p-oi715990-zhuhaishibowuguan,"

地址:
珠海市吉大景山路191号九洲城


电话:
0756-3341233,0756-3324708,0756-3341058

",珠海市博物馆又名九洲城，位于珠海市市中心，是一处充满古典风格的建筑，也是珠海的标志之一。这里展示了以珠海本地主题为主的众多文物，是了解珠海历史文化的好地方。博物馆有大小十几个展馆，馆内环境很好，不光有室内的展室，还有亭台楼阁、露天的池塘等，走在其中欣赏文物感觉不错。文物中有恐龙化石、珠海本地出土的玉器、陶碰器等，还有改革开放后珠海发展的照片，从古到今，一应俱全。,全年 周二-周日 09:00-17:00;全年 周一 全天不开放,https://img1.qunarzz.com/travel/poi/201407/31/e2c96342c699a9f7c8d65eac.jpg_480x360x95_1814c072.jpg,4.3,建议游览时间：1小时,,"{'【酒店套餐】珠海长隆企鹅酒店1-2晚+双人/三人海洋王国门票+可选购含晚餐/大马戏套餐★五一早订优惠\n\n': ['¥1548起'], '【酒店套餐】珠海长隆横琴湾酒店1晚+可选海洋王国2日门票/自助晚餐/大马戏，赠水世界门票+旅拍\n\n': ['¥1648起'], '【酒店套餐】珠海长隆横琴湾酒店2晚+海洋王国2日票+大马戏+可加购自助晚餐套餐，赠水世界门票+旅拍\n\n': ['¥2938起']}",,2
金海滩Golden beach,http://travel.qunar.com/p-oi702817-jinhaitan,"

地址:
珠海市金湾区三灶镇上表村(近珠海机场)


电话:
0756-7781614

",金海滩位于珠海市西区三灶岛长沙湾，是珠海市十大旅游景区之一。金海滩依山傍海，风景秀丽，湾口朝向东南，海水清澈见底，是一个游水晒日光浴的好去处。这里的沙滩非常好，沙质柔软细腻，在阳光下熠熠生辉，宛如金沙，故得名。金海滩有鲤鱼戏水、海蛙石、迷宫探险、情人岛狩猎、垂钓、三灶万人坟遗址、农家乐园等景点，还拥有长达3000米宽阔沙滩，让人可以尽情享受蓝天、白云、阳光、沙滩。此外，金海滩旅游区内有不少休闲别墅区和宾馆酒店，可满足不同层次旅客的需求。还有商业街、野炊烧烤场、餐饮酒吧、保健中心、儿童乐园、歌舞厅、海上游艇、沙滩排球、沙滩跑马、沙滩摩托车、激光射击等一批服务设施，是个不错的度假场所。,全年 全天开放,https://img1.qunarzz.com/piao/fusion/1706/44/eba2bee06d069402.jpg_480x360x95_6a95a517.jpg,3.6,建议游览时间：4小时,,具体收费情况以现场公示为主,,2
九洲岛Jiuzhou Island,http://travel.qunar.com/p-oi704741-jiuzhoudao,"

地址:
珠海市香洲区吉大情侣南路九洲港码头对开1.8公里


电话:
0756-6995012,0756-2239168

",九洲岛由9个小岛组成，它靠近市区，位置适中，交通较为便利。岛屿林木茂密，且铺设有2米宽的环岛路，海岸线周长2100米，有九洲湾、大美湾、东湾3个沙滩，海水清澈。海岸边还有许多天然石景，自然成像，惟妙惟肖。沙滩从九洲岛西面的码头漫步到东面的大美湾沙滩大约15分钟，你可以在海湾玩耍散步吹海风。一层层细沙形成一张天然软垫，踩上去沙沙作响。沙滩紧邻着一片开阔的场地，叫做沙滩广场，在这可以进行篝火晚会。海景再沿环岛路向九洲湾沙滩走去，就能见证“一桥飞架东西，天堑变通途”的港珠澳大桥，这里也是港珠澳大桥交汇好的合影点。再向西而行至榕台路段，澳门全景、情侣路尽收眼底，壮阔迷人！ 石景除了沙滩、海景，九洲岛还值得看的点在于石景。岩石在海浪风化作用下，自然成像，惟妙惟肖，有的像羚羊、有的像大象、有的像骆驼、像将军。天然石景环列海岸，不得不令人叹服大自然的鬼斧神工，还有巨石相拥成洞，曲径通幽。较为有名的石景是九洲回音石，它是一块面向南海，高约15米，宽约30米的巨石山坡另外，九洲岛也有山坡可爬，九洲岛共有三个山丘，主峰海拔56米，峰顶平坦多石，有石级小路通达山顶。北部山峰建有澳门机场的导航塔。山脚下郁郁葱葱的树木中几棵大树之下，还可看到一排排别具风情的海畔度假屋。,"8:30-17:30,15:30停止入场",https://img1.qunarzz.com/travel/poi/1803/4c/7a5dc40c70a84837.jpg_480x360x95_efeedfa3.jpg,4.2,建议游览时间：12小时,夏秋季，这时候气候适宜，风景也格外漂亮。,"{'九洲岛电子导览服务大小同价\n\n': ['¥7起'], '【获奖线路】上门接珠海港珠澳大桥1日游+豪华游船观大桥+日月贝+渔女+含午餐纯玩1日游、可选单订船票\n\n': ['¥100起'], '深圳出发多区域上门接-珠海观光1日游，豪华游船观港珠澳大桥、日月贝大剧院、珠海渔女含午餐，免通行证\n\n': ['¥498起']}",,2
横琴口岸Hengqin Port,http://travel.qunar.com/p-oi7560704-hengqinkouan,"

地址:
珠海市香洲区环岛路横琴口岸


电话:
0756-8688241

",横琴口岸是中华人民共和国一个地区性的陆路边境口岸，位于广东省珠海市横琴镇境内，有莲花大桥通往澳门路氹边检大楼。横琴口岸建筑呈对称布局，南北两翼分别是出境查验厅和入境查验厅，停车场亦呈南北对称分布。,全年 全天开放,https://img1.qunarzz.com/travel/poi/1411/6d/6d01c142fe02a96ccdb.jpg_480x360x95_80931af5.jpg,4.2,,,"{'横琴口岸广州-澳门直通往返巴士车票成人票\n\n': ['¥75起'], '【酒店套餐】珠海长隆企鹅酒店1-2晚+双人/三人海洋王国门票+可选购含晚餐/大马戏套餐★五一早订优惠\n\n': ['¥1548起'], '【酒店套餐】珠海长隆横琴湾酒店1晚+可选海洋王国2日门票/自助晚餐/大马戏，赠水世界门票+旅拍\n\n': ['¥1648起']}",,2
金湖公园,http://travel.qunar.com/p-oi37189247-jinhugongyuan,,"金湖公园内有牌坊广场区、内湖休闲活动区、树阵广场区、湖滨休闲区和生态湿地区，在这里人们可以乘船赏景，湖边漫步，非常惬意。
",,,0.0,建议游览时间：3小时,,,,2
横琴花海长廊,http://travel.qunar.com/p-oi36306379-hengqinhuahaizhanglang,"

地址:
珠海市香洲区琴海北路（横琴大桥西北）


电话:
0756-8868934

","横琴花海长廊全长约十四公里，拥有美丽的花海景观，根据不同花期，种植有樱木棉、凤凰木和木棉等。花海长廊横跨三条跨海大桥和芒洲湿地公园，除了欣赏迷人的花海外，游客还可以在此露营野餐。
",全天,https://tr-osdcp.qunarzz.com/tr-osd-tr-space/img/defe3f9fd66a7af682b11983c5b340d0.jpg_480x360x95_d147b81f.jpg,4.8,建议游览时间：3小时 - 4小时,,具体收费情况以现场公示为主,,2
励骏庞都广场Lijunpangdou Square,http://travel.qunar.com/p-oi35842075-lijunpangdouguangchang,"

地址:
环岛东路西侧

",励骏庞都广场位于珠海横琴口岸的对面，周围是现代化的办公楼，高层住宅楼鳞次栉比。广场由建筑师马若龙先生设计，采用葡萄牙曼努埃尔建筑风格，增加中国文化元素，成为珠海新晋的网红打卡地，也是众多年轻伴侣拍摄婚纱照之处。,全年 周一-周五 10:00-22:00;全年 周六-周日 10:00-22:30,https://tr-osdcp.qunarzz.com/tr-osd-tr-space/img/1e38d4b5db17ffb3c7e525ef229b030f.jpg_480x360x95_b510b45c.jpg,4.2,建议游览时间：1小时 - 2小时,,具体收费情况以现场公示为主,,2
九州城Jiuzhou City,http://travel.qunar.com/p-oi10076944-jiuzhoucheng,"

地址:
明珠南路与鞍莲路交叉口


电话:
0756-3341058

",九洲城于1984年建成，占地面积1.54万平方米，处于珠海旅游商贸及金融中心，位于石景山旅游中心与珠海宾馆之间，与国贸海天城、珠海百货、免税商场浑然一体。,全年 9:00-17:00;全年 09:00-17:00,https://tr-osdcp.qunarzz.com/tr-osd-tr-manager/img/df357c13dad4b376e3bd0c60edfa3773.jpg_480x360x95_56f88a06.jpg,4.5,建议游览时间：0.2小时 - 0.5小时,,,,2
唐家湾古镇Tangjiawan Ancient Town,http://travel.qunar.com/p-oi10023434-tangjiawanguzhen,"

地址:
珠海市香洲区S268

",唐家湾古镇地处珠江口西岸，东临伶仃洋，西面、西北面的凤凰山、大南山巍峨险峻，一路向东，形成唐家半岛。东面的淇澳岛向西与海中的金星小岛、唐家半岛遥相呼应，三者呈“双龙戏珠”之势，形成了唐家湾的天然奇景。唐家湾古镇是一个有艺术气息的古镇，英才俊彦辈出，清华大学首任校长唐国安、知名粤曲家唐涤生，中国版画家古元等都出生在这块宝地。走进唐家湾绵长深幽的古巷中，你能嗅到混合着现代与淳朴的气息。虽然已经时过境迁，但是在唐家湾的十六条自然村中，各保留了一片清末明初的建筑群落，青砖灰瓦的百年老屋，隐约可见气势恢宏的屋脊图腾、工艺精湛的飞鱼挑檐。在古镇大同路与新地直街交会处，有一字排开的唐家三庙，它由蒙古圣堂庙、魁星文武庙、送子金花娘娘庙三座并列而成。文武庙居中，圣堂庙和金花庙一左一右。金花庙供奉的是送子的金花夫人等一系列女性神像，文武庙推崇道教，而圣堂庙供奉的是菩萨。据传圣堂庙从有唐姓之始就有了，所以又被称为唐家祖庙。而文武庙、金花庙则始建于清初，至今约300多年了。唐家三庙历史悠久，具有较高的建筑艺术价值。建筑布局严谨而实用，采用穿斗、抬梁木构架混合结构，青砖蚝壳墙，各庙之间有水巷分隔，甬门打通，并饰以石雕、砖雕、木雕及彩色灰批主体图画。屋脊有鳌鱼、佛舍利、虬龙、飞鱼、挑檐装饰，屋檐上有精美的浮雕花板，内扉有粉彩国画、诗词及立体人物山水壁画等，同时庙中保存有多通青石碑刻，是研究珠海地方史、宗教史及民俗的珍贵史料。顺着唐家古镇登上鹅岭北麓的山岗，便是珠海市三大公园之一的共乐园。这里是人们休闲、游玩的好去处。它原为唐绍仪的私人花园，始建于清朝宣统元年。,全年 全天开放,https://tr-osdcp.qunarzz.com/tr-osd-tr-space/img/cdd358e23bcd50c4208a303e09bb4f56.jpg_480x360x95_c8eb9b78.jpg,4.4,建议游览时间：2小时 - 4小时,,具体收费情况以现场公示为主,,2
珠海渔女Zhuhai Fisherwoman,http://travel.qunar.com/p-oi708356-zhuhaiyunu:,"

地址:
珠海市香洲区情侣中路63号


电话:
0756-2222380

",珠海渔女雕像矗立在珠海风景秀丽的香炉湾畔，雕像身高约8.7米，由70余块花岗岩打造，是珠海的标志性景观。她领戴珍珠、身掮渔网，双手高擎着一颗浑圆硕大的珍珠状宝物，令人怜爱的神情栩栩如生。珠海本身有一个传说，远古时代有位仙女被香炉湾风光迷住，扮成渔女下凡，与渔民海鹏私定终身，但海鹏听信谗言，导致渔女死去。九洲长老为这深情所感动，救活了仙女，从此仙女成了真正的渔女。成亲当日，渔女把她挖到的一颗举世无双的宝珠，献给了德高望重的九洲长老。中国著名雕塑家潘鹤便是根据南海渔民的美丽传说设计了这座石雕。一般来珠海的游客都会特意过来拍照留念。如果想避开人群也可以晚上过来，晚上来这里的话，雕像在海中央，被灯打亮，也显得很美丽，并且晚上人不多，环境很惬意。石雕周围有很多大岩石矗立在海里，渔女下面的海滩也可以玩下，不过有很多小石头，需要注意点。看完雕像也可以去旁边的海滨公园走走，公园还挺大的，也可以在情侣路上漫步。,全年 全天开放,https://img1.qunarzz.com/travel/d1/1601/99/5bb44d53f639c6f7.jpg_480x360x95_17850ff5.jpg,4.4,建议游览时间：0.5小时,,"{'珠海一日游 船游澳门+港珠澳大桥 早上/中午出发 含接送纯玩\n\n': ['¥68起'], '【获奖线路】上门接珠海港珠澳大桥1日游+豪华游船观大桥+日月贝+渔女+含午餐纯玩1日游、可选单订船票\n\n': ['¥100起'], '上门接送，2-6人私家小团1日游，豪华游轮海上观港珠澳大桥，珠海渔女、日月贝大剧院、含午餐私享旅行\n\n': ['¥498起']}",,3
景山公园Jingshan Park,http://travel.qunar.com/p-oi705646-jingshangongyuan,"

地址:
珠海市香洲区吉大海滨北路1号


电话:
0756-2113058

",景山公园地处珠海市旅游中心地段，依山傍水面海，景色迷人。乘坐公园内的石景山索道登上山顶，可以俯瞰到美丽的香炉湾以及珠海、澳门的大部分市容，是整个珠海市较好的观景之处。景山公园目前有山顶观景区、山腰石景区、湖畔游憩区、索道滑道区、大型游乐场区。石景山海拔148米，如果体力不足，可以在索道滑道区乘坐索道登山。沿途可以将远处的香港、澳门和珠海全貌，近处的香炉湾、珠海渔女像、情侣路尽收眼底。山顶到山下还设有长达630米的管轨式滑道，让你体验穿越丛林的新鲜刺激。需注意的是，索道和滑道都需另外付费。如果体力充裕的话，也可以自己徒步登山，山腰石景区中你可以看到千奇百怪的特色动物石景，石景山上怪石嶙峋，石头酷似蛤蟆、海鸥、鲸鱼、水牛、熊猫等各种动物，让人不得不感叹大自然的鬼斧神工。湖畔游憩区内以面积约6000平方米的人工湖——翠湖为中心，环绕大面积斜坡草地，并建有大型儿童游乐场。家长们可以带着孩子来此散步游玩，十分惬意。,全年 全天开放,https://img1.qunarzz.com/travel/d3/1611/7f/03aac8db955ef9b5.jpg_480x360x95_a19b0005.jpg,4.5,建议游览时间：2小时 - 3小时,,"{'珠海石景山公园手机智能导游讲解服务大小同价\n\n': ['¥7起'], '珠海石景山公园景山双程滑道票成人票\n\n': ['¥75起'], '珠海石景山公园双程索道票成人票\n\n': ['¥65起']}",,3
荷包岛Hebao Island,http://travel.qunar.com/p-oi712525-hebaodao,"

地址:
珠海市金湾区荷包岛


电话:
0756-7268117

",荷包岛位于珠海西南侧的南水镇海中，是一个长宽都有几公里的小岛。岛上海水清澈，海滩细腻，吸引了很多游客前来。在这里可以尽情的享受海水、沙滩，体验小木屋、露营等，度过悠闲假日。在南海之滨，有一个风景如画的岛屿---荷包岛。它地处黄茅海太平洋的交界，位于珠海市的西南端，总面积约13平方公里，其海岸总长约28公里，海水清澈透明。岛内有大南湾、藏宝湾（宝石滩）、笼统湾等八个海湾，可以利用的沙滩有几处，其中大南湾沙滩，长度约有4公里，纵深达200—500米，沙质柔软、均匀，有“十里银滩”之称，是一处难得的天然海滨泳场。,10/7-12/31 全天开放,https://img1.qunarzz.com/travel/d1/1608/a6/e2adbe83e7c2d3b5.jpg_480x360x95_cfb1cc8f.jpg,4.2,建议游览时间：3天 - 6天,,150元,,3
白莲洞公园White Lotus Cave Park,http://travel.qunar.com/p-oi712418-bailiandonggongyuan,"

地址:
珠海市香洲区九洲大道中北侧


电话:
0756-3331387

",白莲洞公园相传建于清朝乾隆间，是一座位于珠海市中心的开放式公园，环境优雅宜人，它隐匿在树林茂盛的板障山东南麓的山谷中，因“古有僧人隐迹于此，遍种白莲”而得名。园中怪石嶙峋，山洞环环相扣，丘陵湖泊此起彼伏，颇有野趣。近年来公园中以增加了不少寺庙、凉亭、码头等人工景致，与自然山水风景融为一体，使公园情调更加安逸舒适，由入口一路向北，还可以踏上为纪念澳门回归而建造的1999级登山石阶，每登高数层，山下风景便另有一番味道，是来访游人津津乐道之处。,全年 8:30-18:00,https://img1.qunarzz.com/travel/poi/201408/07/3c3ad51fcf69a2c3c8d65eac.jpg_480x360x95_c15c5b4d.jpg,4.5,建议游览时间：2小时 - 3小时,,具体收费情况以现场公示为主,,3
湾仔澳门街AoMen Jie,http://travel.qunar.com/p-oi711693-wanziaomenjie,"

地址:
珠海市香洲区下沙街2号


电话:
0756-8823058

",湾仔澳门街位于珠海湾仔，湾仔澳门街采用葡澳建筑特色，入口广场仿澳门建设“小三巴”牌坊，营造澳门特色气氛。湾仔澳门街总长700米，街道面积12000平方米，商铺近200家，商铺面积9000平方米。为增加街道、广场气氛，澳门街还引入小车仔方式经营。在入口广场及街面分布固定的、风格统一的、占地面积约2-3平方米的车仔小型铺，形成跳蚤市场。澳门街内的店铺以特色经营为主，主要经营粤、港、澳地方特产、手信。,全年 全天开放,,3.4,建议游览时间：1小时 - 2小时,,具体收费情况以现场公示为主,,3
四大佛山旅游风景区Four Buddha Mountain Tourism Scenic Area,http://travel.qunar.com/p-oi702377-sidafoshanlu:youfengjing,"

地址:
珠海市市城区北面凤凰山


电话:
0756-8627057

",四大佛山旅游风景区坐落在山清水秀的凤凰山，顺着山势以1：1的比例重现中国著名的四大佛教名山--浙江普陀山、安徽九华山、四川峨嵋山、山西五台山的主要建筑物及名胜，普陀山部分已建成并对外开放。景区内的古建筑艺术精湛，殿堂黄墙黛瓦、飞檐翘角，佛像雕像造型精美，姿态雄伟。钟楼悬挂着重达7000斤的“大吕铜钟”堪称一绝，叩之其声轰鸣，余音绵绵。整个景区将建为包括牌坊、塔林、美食、商业和颐年等九大功能区的园林式风景区。,全年 全天开放,https://tr-osdcp.qunarzz.com/tr-osd-tr-manager/img/27cb6b6a148ff9147d86911891da10f0.jpeg_480x360x95_707d14d2.jpeg,4.7,建议游览时间：4小时,,具体收费情况以现场公示为主,,3
梅溪牌坊Meixi Archway,http://travel.qunar.com/p-oi703447-meixipaifang,"

地址:
珠海市香洲区前山镇上冲梅溪村


电话:
0756-8635652,0756-8659577


官网:
http://www.zhmx.com

",梅溪牌坊位于珠海上冲梅溪村，是清光绪帝为表彰第一任夏威夷领事陈芳及其父母等人造福家乡而赐建的，有“中的一个牌坊”的美誉。游客可以来此参观名人故居，欣赏历史建筑和川剧变脸等民俗表演。梅溪牌坊现存三座，建于清光绪12年（1886年）和光绪17年（1891年），是华南地区罕见的历史建筑。梅溪牌坊采用纯花岗岩制造，中西合璧的艺术造型、精美的雕刻装饰，让你充分饱览其艺术风采。清末年间中国驻夏威夷第一任领事、华侨百万富翁陈芳先生的故居也坐落于景区内，包括一座陈公祠、二座...梅溪牌坊位于珠海上冲梅溪村，是清光绪帝为表彰第一任夏威夷领事陈芳及其父母等人造福家乡而赐建的，有“中的一个牌坊”的美誉。游客可以来此参观名人故居，欣赏历史建筑和川剧变脸等民俗表演。梅溪牌坊现存三座，建于清光绪12年（1886年）和光绪17年（1891年），是华南地区罕见的历史建筑。梅溪牌坊采用纯花岗岩制造，中西合璧的艺术造型、精美的雕刻装饰，让你充分饱览其艺术风采。清末年间中国驻夏威夷第一任领事、华侨百万富翁陈芳先生的故居也坐落于景区内，包括一座陈公祠、二座大屋、一座洋房、一座花厅及梅溪大庙和祠堂。整座建筑做工精细，屋内雕梁画栋，美轮美奂，其中以花厅尤为有特色，屋内屋外的门窗墙壁全部刻有雕花，值得一看。另外故居前的陈芳花园及墓园也可顺路游览一番。除了参观名人故居，景区内还可以欣赏到天桥中幡、抖空竹、川剧变脸、四川长嘴壶功夫茶艺、大长今秋千等娱乐项目和表演。川剧变脸的时间为每天的10:00、11:00、15:30，可以领略不同的民俗风情。,9:00-17:30,https://img1.qunarzz.com/travel/poi/1707/12/812b8ecb30530137.jpg_480x360x95_b1cbf89e.jpg,4.3,建议游览时间：2小时,旅游季节选择在3-4月或者10-12月为最佳。,"{'梅溪牌坊门票成人票\n\n': ['¥32.5起'], '梅溪牌坊门票双人票\n\n': ['¥70起'], '梅溪牌坊电子导览服务大小同价\n\n': ['¥7起']}",,3
金台寺Jintai Temple,http://travel.qunar.com/p-oi704394-jintaisi,"

地址:
珠海市斗门区王保水库附近


电话:
0756-5797083

",金台寺位于珠海市西侧的斗门区，距离市区车程大约四十多公里，始于南宋灭亡时归隐至此的宋朝遗臣。如今的金台寺是南方的一处古刹，传说来此拜佛祈福十分灵验。而且寺院环境优美、空气清晰，爬山观景也非常不错。游览金台寺，可以先做公交车到山下公路，然后沿山走两公里左右的上山路就可以到达。一路上绿树葱郁，空气清爽，而且往往很安静，非常舒服。进入寺院里，依然是安静的氛围，这里的佛教氛围比较传统纯粹，可以上一柱香，随意走走，享受山中的清静。,全年 7:30-17:30,https://img1.qunarzz.com/travel/poi/1707/40/ee06d753d03f8237.jpg_480x360x95_638ef3bb.jpg,4.4,建议游览时间：2小时 - 3小时,,"{'【酒店套餐】珠海御温泉渡假村1晚含早+可加订庙会自助晚餐+无限次温泉+游戏券&单车券&烟花券\n\n': ['¥1078起'], '珠海斗门炫酷丛林越野俱乐部\n\n': ['¥188起'], '【酒店套餐】珠海御温泉云来客栈御瀛庄长盛莊家1晚+温泉+可选庙会晚餐+滋养午餐/45分钟按摩\n\n': ['¥1188起']}",,3
担杆岛Dangan island,http://travel.qunar.com/p-oi703086-dangandao,"

地址:
珠海市香洲区东南部73公里


电话:
0756-2239004;0756-2239114;0756-2239224

",担杆岛在珠海香洲东南部73公里。担杆岛因7座山峰连成一线，既窄且长，形似扁担，因形似“扁担”而得名，一条长15公里的公路贯穿东西，主峰为樟木湾顶，海拔322米。担杆岛有美丽的自然风光，让人感觉不到有任何污染。绿绿的青山、蓝天白云与深蓝色的大海交相辉映是担杆岛永远的风景。岛共分三个部分：担杆头、担杆中、担杆尾。岛上是珠海自然保护区，岛上有名贵植物罗汉松，有国家保护动物猕猴、娃娃鱼及各种蛇类。,全年 全天开放,https://tr-osdcp.qunarzz.com/tr-osd-tr-mapi/img/925172a763a0febd85ca011413be8051.jpg_480x360x95_d9fd172b.jpg,3.8,建议游览时间：3天,,具体收费情况以现场公示为主,,3
飞沙滩Feisha Beach,http://travel.qunar.com/p-oi5740422-feishatan,"

地址:
珠海市金湾区珠海大道(珠海港)


电话:
0756-7710000,0756-7612906

",飞沙滩位于珠海市金湾区飞沙村，是珠海水质较好的一处沙滩，夏天时可以来此享受碧海蓝天，玩沙、游泳都非常不错，还有沙滩排球、水上摩托车，橡皮艇，海上降落伞等游乐项目，活动非常丰富。飞沙滩的门票包含冲凉，在里面游泳、戏水玩沙不需要另外付费。租用遮阳伞、体验娱乐项目需要另外付费。另外，景区里也可以免费露营，也有烧烤摊位，很适合组织集体活动。,全年 全天开放,https://img1.qunarzz.com/travel/d1/1506/c8/189c175bda9ed2.jpg_480x360x95_410500d7.jpg,3.3,建议游览时间：1小时 - 4小时,,"{'飞沙滩门票大小同价\n\n': ['¥40起'], '飞沙滩门票老人票\n\n': ['¥20起']}",,3
拉塔石炮台Lata Stone Fortress,http://travel.qunar.com/p-oi702223-latashipaotai,"

地址:
珠海市香洲区拱北炮台山


电话:
0756-8880645

",拉塔石炮台远看好像一只雄狮，所以其原名也叫“狮子山”，位于拱北炮台山，既是一处海关遗址，又是炮台遗址。清政府在第一次鸦片战争中失去了对澳门的军事控制权以后，于1841年修筑拉塔石炮台，派兵驻守兼管关闸汛务。1849年8月22日，关闸龙田村发生了刺杀澳门总督事件。25日，澳葡当局在英、法、美等国的支持下，悍然进攻关闸地区，并攻占了拉塔石炮台。1890年，收复拉塔石炮台，随即加强陆地、水域的布兵设防。在此后半个多世纪里，拉塔石炮台曾是边防军事重地，又是中国海关拱北关陆地缉私总部，1949年11月由中国人民解放军接管。,全年 全天开放,,4.4,建议游览时间：1小时,,具体收费情况以现场公示为主,,4
珠海景山观光索道Zhuhai Shijingshan Tourist Cableway,http://travel.qunar.com/p-oi710370-zhuhaijingshanguanguang,"

地址:
珠海市香洲区吉大海滨北路景山公园内


电话:
0756-2113078,0756-2113058

","石景山就是整个珠海城市的颇佳观光点，石景山索道坐落于珠海市中，非常有名的景山公园内，珠海三新索道有限公司在1998年投资开发的珠海石景山索滑道项目位于珠海城区中、依山傍海的景山公园里。                        乘索道登临山顶，东方明珠--香港，南望东方蒙地卡罗--澳门，放眼绿树成荫的珠海全貌，俯瞰近在咫尺的“香炉”、“渔女”和遥望玉珠滴翠、蜿蜒海边的“情侣路”，置身如画美景使人倍感\""浪漫之城\""现代而浪漫的气息。从山顶直达山下长达630米的管轨式滑道，跨石穿林、掠翠冲幽、蜿蜒起伏、新鲜好玩。",5月-10月：周一8:00-18:30，周二-周日8:00-19:30；11月-次年4月：8:00-18:30,https://mp-commentcp.qunarzz.com/mp_comment_mp_comment/1562353558871100o15000000yp8t8BE19_D_640_10000.jpg_480x360x95_c760924d.jpg,4.5,建议游览时间：0.3小时,,具体收费情况以现场公示为主,,4
牛津街Oxford Street,http://travel.qunar.com/p-oi7565546-niujinjie,,,,,,,,,,4
三叠泉Zhuahai Sandie Spring,http://travel.qunar.com/p-oi708969-sandiequan,"

地址:
珠海市香洲区横琴镇横琴岛上

",三叠泉入选《全景中国》，为广东五个必游景点之一，由于泉水随山势叠成三个景观独特的段落——大狭瀑、飞凌瀑、隐灵瀑而得名。这里山体雄峻，奇石突兀，水脉富集，清滢甘洌，于石床岩隙间形成涧、溪、瀑、潭，水相变幻无穷，映带边岸，独标风韵。泉水下注成湖，石砌湖底，石堰、石径，围湖遍植翠竹，间有山花丹绯欲燃，景致令人沉醉。由于三叠泉公园已经关闭，所以请好做好户外徒步的准备。,全年 全天开放,https://flight-feed.qunarzz.com/as3/426/image/poi_vishnu/0db28b60-0965-4fae-8d3d-57b3672d389f.jpg,3.5,建议游览时间：2小时 - 3小时,,具体收费情况以现场公示为主,,4
凤凰山Phoenix Hill of Zhuhai,http://travel.qunar.com/p-oi701866-fenghuangshan,"

地址:
珠海市香洲区城区北面旅游路


电话:
0756-8627776

",凤凰山森林植被覆盖率达90%，植被类型为南亚热带常绿阔叶林群落。　凤凰山树木种类繁多，天然乔木树种主要有阴香、山乌桕、鸭脚木、小叶榕、高山榕、孔雀豆、山龙眼、猴耳环等，人工栽培的乔木树种主要有马尾松、湿地松、大叶相思、按树类等。这座横亘在珠海主城区香洲中央偏北的大山如今还披着神秘的面纱，大多数珠海人都对它知之甚少，只有训练有素的探险者进入山中，出来时才能感叹凤凰山的无穷魅力，更多的游人则容易在山中迷路，甚至被困凤凰山。这座被原始森林覆盖的大山，静静地看着珠海经济特区日新月异，自身却越来越成为珠海人心中神秘的境地。历史上凤凰山内一共修建过三条古径，解放前岐关公路和新中国成立后沿海国防公路修通后，这三条古径就渐渐荒废了。但从宋代到清末民初数百年的历史中，这些古径曾是广州、东莞等地通向珠海、澳门的必经之路。,全年 全天开放,https://tr-osdcp.qunarzz.com/tr-osd-tr-space/img/ec02f16db174840bae0d3ca2dc31a059.jpeg_480x360x95_f52ed50e.jpeg,4.2,建议游览时间：3小时 - 4小时,,{'珠海斗门炫酷丛林越野俱乐部\n\n': ['¥188起']},,4
苏兆征故居Former Residence of Su Zhaozheng,http://travel.qunar.com/p-oi702487-suzhaozhengguju,"

地址:
珠海市香洲区唐家湾镇淇澳村白石街461号


电话:
0756-3311128

",位于淇澳岛淇澳村的苏兆征故居是珠海市较为罕见的一处名人故居。苏兆征是中国工人运动的伟大先驱和无产阶级革命家，其故居是由其祖父于清朝道光年间所建，这座采用传统青砖土木式结构的建筑面积约64平方米，并于1985年苏兆征诞辰100周年纪念之际，对珠海市民及外来游人开放，1885年的11月11日，苏兆征就出生在这里。故居有一面墙全部是用贝壳砌成的墙壁，让人很震撼。,全年 周一 全天不开放 ;全年 周二-周日 09:30-17:00,https://tr-osdcp.qunarzz.com/tr-osd-tr-space/img/71b999358400e43a8a6de3e056543166.jpg_480x360x95_664e89ac.jpg,4.1,建议游览时间：1小时,,10元,,4
珠海一棵树休闲农庄Yikeshu Leisure Farm,http://travel.qunar.com/p-oi709174-zhuhaiyikeshuxiuxiannong,"

地址:
珠海市斗门区珠海大道东珠海大桥西侧鹤洲东（江珠高速路口右斜对面）


电话:
0756-7260133;13411518306;0756-7612906

",珠海一棵树休闲农庄有限公司旗下有珠海一棵树休闲农庄，珠海也有“国字号”乡村旅游品牌。一棵树休闲农庄于2012年评定为“全国休闲农业与乡村旅游示范点”。本农庄于2002年组建，农庄位于珠海大道珠海大桥西2.5公里处，门前有鹤洲东巴士站，毗邻江珠高速路口，交通十分方便。激情户外拓展训练基地，是农庄特有娱乐项目。取名“合众天下”的拓展场有拓展项目60多种，每年可接待工厂、学校及公司白领数万人。“一棵树”休闲农庄还拥有大型的烧烤场所，可同时接纳500人次的团队。庄园提供完善的设施设备和烧烤用具，自带食物或庄园出产一样欢迎。场地有凉亭、竹棚、晒场等多种选择。有兴致的家庭和三五好友，还可借助庄园配备的农家灶台，自己动手，在此烹制农家菜肴，大显身手。蔬菜瓜果乐园是游客必到之处。庄园种植的四季瓜果品种齐全，多达四十多种。其中草莓、芒果、杨桃、桑果等岭南水果比较常见。,8:00-22:00；具体开放时间根据客流量及天气变化或有调整，详情以景区现场公示为准。,https://img1.qunarzz.com/p/tts8/1801/b0/d39c3591d9904e02.jpg_480x360x95_a76f4966.jpg,4.0,建议游览时间：2小时 - 3小时,,景区免费开放，娱乐项目收费；详情可电话咨询景区。,,4
鳄鱼岛Crocodile Island,http://travel.qunar.com/p-oi5740404-eyudao,"

地址:
珠海市湖心路与白蕉路交叉口南面100米


电话:
0756-5567520

",鳄鱼岛是珠海旅游新的热点之一，岛上养殖了1990年至1995年先后从泰国、马来西亚引进的100多条湾鳄，几年来已人工孵化出幼鳄100多条；目前又从安徽引进本土扬子鳄70条，养殖规模不断扩大。在这里，富刺激性的莫过于驯鳄表演了。这些与恐龙同宗的狰狞猛兽任凭驯养员摆布，异常温驯。游客可以模仿饲养员的口哨声把大大小小的鳄鱼呼唤过来，亲手投食喂它们，就会独得一份乐趣。岛上还有其它精彩的节目表演，猴子担水、鸟说方言，各有“绝活”，而孔雀开屏、仙鹤亮翅、矮马奔驰更是令人大开...鳄鱼岛是珠海旅游新的热点之一，岛上养殖了1990年至1995年先后从泰国、马来西亚引进的100多条湾鳄，几年来已人工孵化出幼鳄100多条；目前又从安徽引进本土扬子鳄70条，养殖规模不断扩大。在这里，富刺激性的莫过于驯鳄表演了。这些与恐龙同宗的狰狞猛兽任凭驯养员摆布，异常温驯。游客可以模仿饲养员的口哨声把大大小小的鳄鱼呼唤过来，亲手投食喂它们，就会独得一份乐趣。岛上还有其它精彩的节目表演，猴子担水、鸟说方言，各有“绝活”，而孔雀开屏、仙鹤亮翅、矮马奔驰更是令人大开眼界。,全年 08:00-17:30,https://img1.qunarzz.com/travel/d7/1507/40/c7c3b17781bcad.jpg_480x360x95_ca65e34b.jpg,3.7,建议游览时间：2小时 - 3小时,,{'【酒店套餐】珠海御温泉渡假村1晚含早+可加订庙会自助晚餐+无限次温泉+游戏券&单车券&烟花券\n\n': ['¥1078起']},,4
湾仔海味市场,http://travel.qunar.com/p-oi716080-wanzihaiweishichang,,,,,,,,,,4
翠湖高尔夫球会Zhuhai Cuihu Golf Club,http://travel.qunar.com/p-oi707905-cuihugaoerfuqiuhui,"

地址:
珠海市香洲区金鼎镇大南山


电话:
0756-3383666

",,1/1-3/31 06:30-19:00;4/1-10/31 06:00-20:00;11/1-12/31 06:30-19:00,https://tr-osdcp.qunarzz.com/tr-osd-tr-manager/img/53c06f9eb1804a5776c655cce3335093.jpg_480x360x95_79ec2552.jpg,4.5,建议游览时间：12小时 - 3天,,1场18洞（含果岭、两人一辆球车、球童，衣柜）：780元(平日)，1150元（节假日）,,4
横琴岛,http://travel.qunar.com/p-oi7469383-hengqindao,"

地址:
广东省珠海市香洲区

",岛上有南宋古战场遗迹。横琴岛旅游资源丰富，其中盛产鲜蚝，并以“一大、二肥、三白、四嫩、五脆”而闻名于世，被称为珠海餐桌上的名吃。每到节假日，珠三角等地游客云集横琴岛，品尝海岛上的鲜蚝风味。岛上有天湖景区、三叠泉、海洋乐园、石博园等旅游景点,全天开放,https://img1.qunarzz.com/travel/poi/1408/27/23a93fa61736da43ffffffffc8d65eac.jpg_480x360x95_fb591040.jpg,4.4,,,免费开放,,5
白藤湖Baiteng Lake,http://travel.qunar.com/p-oi710050-baitenghu,"

地址:
珠海市斗门区斗门县境内

","白藤湖位于珠海市的西部，水陆各半，是一个山清水秀、风景秀丽、气候温和、空气清新、设施齐全的现代化旅游城。白藤湖旅游资源十分丰富、景色迷人，自然与现代相结合的。“白藤湖新八景”荟萃了白藤溯的山水、民情风俗之精华，具有浓郁的地方特色。其中""尖峰远眺""可让游客饱览白藤湖秀色，尽情领略祖国美好河山所赐予的神圣感觉；“鳄岛探险”让游客置身于中国较大的鳄鱼公园，不但可欣赏到三百多条鳄鱼的干姿百态，而且可以欣赏到驯鳄及鳄鱼掠食的惊险镜头；另外，东南亚较大的蝴蝶公园，五彩缤纷，犹如一个飘动着的七彩世界。",全年 全天开放,https://img1.qunarzz.com/travel/poi/201211/15/ba9422888e6ed87bddb12cfb.jpg_480x360x95_ca4fd8fa.jpg,4.3,建议游览时间：4小时,,具体收费情况以现场公示为主,,5
珠海烈士陵园Zhuhai Martyrs Cemetery,http://travel.qunar.com/p-oi704858-zhuhailieshilingyuan,"

地址:
香洲区凤凰路


电话:
2225097

",珠海烈士陵园座落于珠海市香洲区风景秀丽的香炉湾畔的狮山之阳，前称为“香洲烈士墓”。香洲烈士墓始建于1925年10月，它是为纪念建国粤军第二师新编团在香洲壮烈牺牲的27位军干而修建的。解放后得到政府多次拨款重修，1979年香洲烈士墓改建为珠海烈士陵园。珠海烈士陵园占地56.7亩，陵园绿化面积34190平方米，整个园内郁郁葱葱、生机勃勃。大门宽20米，大门两旁的门亭嵌有“珠海烈士陵园”园名，入门两旁各一行参天“英雄”（木棉）树，每年春季的报春，红灿灿的一大片，实为香洲一大特色。主墓道宽13米，左右各两排龙柏庄严肃穆。令人肃然起敬，沿墓道拾级而上(共149级石阶)，设有牌坊、瞻仰台、27座烈士墓、赍志亭、巨幅浮雕等。,全年 5:30-19:00,https://img1.qunarzz.com/piao/fusion/1506/9a/b5ca2848765a7a.jpg_480x360x95_4b7697a8.jpg,4.2,建议游览时间：1小时 - 2小时,,具体收费情况以现场公示为主,,5
石博园Shiboyuan,http://travel.qunar.com/p-oi708242-shiboyuan,"

地址:
珠海市香洲区横琴大桥南


电话:
0756-8688198,0756-8688168

",石博园位于珠海市横琴岛北岸，是一座独树一帜、充满情趣的石文化主题公园。公园多山野丘陵，植被资源丰富，园内多奇峰异石，许多是就地取材，加以人工修葺，光怪陆离而又妙趣横生，加之公园南北交通便捷，是假日里外出休闲的理想场所。石博园以石文化为主旨，融旅游观光、休闲度假、石趣饮食等为一体，在园区规划设计上充分体现出中国石文化的内涵，把“石头与地球”、“石头与人类生活”、“石头与爱情”、“石头与艺术”、“石头与音乐”、“石头与民俗”等内容充分通过景观语言和工作人员的表达演绎出来，以求使游人对平日里司空见惯的石头产生全新的认知和解读。,9:00-17:30,https://img1.qunarzz.com/piao/fusion/1804/a5/3e187be1876f8e02.jpg_480x360x95_0779924c.jpg,4.1,建议游览时间：1小时,,"{'石博园门票成人票\n\n': ['¥38起'], '石博园门票优待票\n\n': ['¥30起'], '石博园门票双人票\n\n': ['¥79起']}",,5
沙湾古遗址Shawangu Ruins,http://travel.qunar.com/p-oi711265-shawanguyizhi,"

地址:
珠海市香洲区唐家湾淇澳岛东部高出海岸

",沙湾古遗址位于淇澳岛东部高出海岸的沙丘上，1984年文物普查中在这里发现了新石器时代的彩陶文物，成为广东省境内屈指可数的历史年代较早的古文化遗址之一。文物中有陶豆、夹砂釜、石球、水晶块和五六个品种的圈足盘，其中有一件由三道刻划缕点花作为装饰的圈足盘，为省内考古首次发现。据中科院测试，其所处年代距今4450多年。,全年 8:30-17:00,,3.0,建议游览时间：1小时,,具体收费情况以现场公示为主,,5
世外桃源休闲度假农场,http://travel.qunar.com/p-oi712274-shiwaitaoyuanxiuxiandu,"

地址:
广东省珠海市平沙镇前进生态社区


电话:
0756-8118716

",世外桃源农场的建设以返璞归真、回归自然为理念，以传统的竹木结构为主，在临水的地方建有各种具有岭南特色的亭台楼阁及拱桥栈道，“瓜棚、古井、菜园、石磨、农家厨房”突显中国传统农村风貌，“荷塘、翠柳、小桥、流水、人家”勾画出唐诗般的浪漫美景，“摘果东篱下，悠然品佳茗”，欢迎您光临世外桃源休闲度假农场，享受劳碌人生的片刻休闲，侧耳听着鸡和鸭对话，鸟与蝉合唱，呼吸着阵阵荷风，对于长期生活在喧嚣都市的现代人，这是何等的诗情画意！没有奢华，没有喧嚣，只有鸟语花...世外桃源农场的建设以返璞归真、回归自然为理念，以传统的竹木结构为主，在临水的地方建有各种具有岭南特色的亭台楼阁及拱桥栈道，“瓜棚、古井、菜园、石磨、农家厨房”突显中国传统农村风貌，“荷塘、翠柳、小桥、流水、人家”勾画出唐诗般的浪漫美景，“摘果东篱下，悠然品佳茗”，欢迎您光临世外桃源休闲度假农场，享受劳碌人生的片刻休闲，侧耳听着鸡和鸭对话，鸟与蝉合唱，呼吸着阵阵荷风，对于长期生活在喧嚣都市的现代人，这是何等的诗情画意！没有奢华，没有喧嚣，只有鸟语花香和无际青绿，这里是一方净土，一个都市人梦想中的世外桃源,09：30-18：30,https://tr-osdcp.qunarzz.com/tr-osd-tr-manager/img/b1f31fc6693220c9dc23a0f3a2159cb8.gif_480x360x95_921bd02b.gif,--,,,20元,,5
珠海和田度假村,http://travel.qunar.com/p-oi713266-zhuhaihetiandujiacun,"

地址:
珠海市香洲区前山兰埔圆明新园西侧

","以养生保健为主题的休闲度假酒店,坐落在珠海风景秀丽的大石林山下，各室外泡浴池依山势而筑，风格质朴，其整体风格充满盛唐宫廷韵味，吸收温和细腻的日本温泉沐浴文化，并融入现代SPA水疗与中医养生概念，是完美的度假胜地之选",全天开放,https://img1.qunarzz.com/travel/poi/1808/fe/7ac7d1fd78f56737.jpg_480x360x95_c65b305e.jpg,5.0,,,包含在酒店门票内,,5
普陀寺Putuo Temple,http://travel.qunar.com/p-oi702739-putuosi,"

地址:
珠海市香洲区金凤路1888号(前山东坑凤凰山风景区内)


电话:
0756-8508462,0756-8500306

",珠海普陀寺坐落于风景秀丽的香洲区凤凰山脚下，前身为怀庵古寺，建于清顺治初年。经后期的修缮与扩建，如今的普陀寺彰显了古建筑艺术的精湛，殿堂黄墙黛瓦、飞檐翘角，佛像雕像造型精美，姿态雄伟。钟楼悬挂着重达7000斤的“大吕铜钟”引人注目，叩之其声轰鸣，余音绵绵。游玩时还可以尝尝这里的斋饭。,全年 8:30-16:30,https://mp-piao-admincp.qunarzz.com/mp_piao_admin_mp_piao_admin/fusion/202010/a28e59772a17a6e44e277b574b8e527e.jpg_480x360x95_5e4936ae.jpg,4.5,建议游览时间：2小时,,具体收费情况以现场公示为主,,5
中山亭Zhongshan Pavilion,http://travel.qunar.com/p-oi703408-zhongshanting,"

地址:
珠海市香洲区前山梅花村村前

",中山亭位于珠海市前山梅花村村前，1986年为纪念孙中山先生诞辰120周年而重建。长沙也有中山亭，始建于20世纪30年代，是湖南省会长沙近现代标志性文物建筑之一。初建于1912年，1915年毁于台风，1925年8月重建，为钢筋混凝土结构，1986年在纪念孙中山先生诞辰120周年之际，珠海市人民政府拨款重建。亭为四柱四角攒尖顶，蓝色琉璃瓦盖，亭匾“中山纪念亭”为吴南生题。占地面积约592.6平方米，亭南立“天下为公”石匾，亭北立《前山中山纪念亭简介》碑记，为隶书镌刻。1986年被公布为珠海市文物保护单位。,全年 全天开放,,4.4,建议游览时间：0.1小时 - 0.2小时,,,,5
苏曼殊故居Former Residence of Su Manshu,http://travel.qunar.com/p-oi710353-sumanshuguju,"

地址:
球场街附近


电话:
0756 333 2347

",位于前山镇沥溪村。苏曼殊(1884年-1918年)，原名玄瑛，字子谷，是近代中国有名的爱国诗人、文学家。他的故居在沥溪村苏家巷内，原是他祖父苏瑞文所建，为青砖土木结构小平房，面积40多平方米。苏曼殊生于日本，6岁至13时返回故里就读于简氏宗祠，深得启蒙老师苏若泉的钟爱。1984年，苏曼殊故居曾作为侨房维修过，1986年被列为珠海市文物保护单位。,全年 全天开放,https://tr-osdcp.qunarzz.com/tr-osd-tr-manager/img/ee5759428ab4a7934270db4d9b2b9223.jpg_480x360x95_821876da.jpg,4.6,建议游览时间：1小时,,具体收费情况以现场公示为主,,5
伶仃洋,http://travel.qunar.com/p-oi7476906-lingdingyang,"

地址:
广东珠海市金湾区

",东由深圳市赤湾，经内伶仃岛，西到珠海市淇澳岛一线以北为内伶仃洋，水域面积1041平方千米。伶仃洋是珠江最大的喇叭形河口湾，属弱潮河口，潮型为不规则半日混合潮,全天,https://img1.qunarzz.com/travel/d1/1705/6b/f33137e2618f68b5.jpg_480x360x95_b4546e04.jpg,5.0,建议游览时间：4小时 - 1天,岛上四时花木葱茏，美不胜收，四季游玩皆可。,登岛船票120元,,6
共乐园Gong Amusement Park,http://travel.qunar.com/p-oi703756-gongleyuan,"

地址:
珠海市香洲区唐家湾镇山房路234号


电话:
0756-3311113

",共乐园始建于1910年，原为唐绍仪的私家花园。耗资近40万银两，用6年时间分期修建而成。初因他收藏有一件“小玲珑水晶球”，故取名“小玲珑山馆”，于1915年改名为“共乐园”，1934年唐绍仪公开将共乐园赠送唐家村村民共有，曾写有“开门任便来宾客，看竹何需问主人”一联挂于园中。当时的政治文化名流如梅兰芳、汪精卫、埃德加·斯诺、胡汉民、孙科等都曾到访共乐园。共乐园内种百年古树500多棵，有日本黑松、法国桃花心木、印度橡胶榕等等从国外引进的国内名贵稀有品种，被誉为“岭南百年植物园”。共乐园还保留有当年的观星阁、田园别墅、信鸽巢、石牌坊、紫藤架、莲池九寸龙、盘石飞榕、一品直头狮、瞻远亭、翠耸亭等等景观。还有后来50年代修建的纪念世界海战奇迹“万山海战”的解放万山群岛纪念碑以及抗日英雄纪念碑、国防建设纪念碑等等。共乐园倚山面海，风景优美，占地面积350亩，文物保护区域50亩，是珠海十大景点之一，美其名曰“鹅岭共乐”。共乐园是学生励志求知，长者怡情悠游，家庭休闲野趣，艺术发烧之友的首选之处。,全年 8:00-18:00,https://tr-osdcp.qunarzz.com/tr-osd-tr-space/img/83bf149b300e425de83ca7e1f9cd7d84.jpg_480x360x95_0f3d759d.jpg,4.4,建议游览时间：1小时,,具体收费情况以现场公示为主,,6
高栏岛Gaolan Island,http://travel.qunar.com/p-oi709594-gaolandao,"

地址:
珠海市金湾区高栏岛


电话:
0756-7710000

","高栏岛在早期被称为“皋兰""，享有""五峰桀竖如指，谷多兰卉""的称赞。较大的看点在于""飞沙奇景""，这是南国罕见的一大奇景，也是海上丝绸之路的海岸航标。岛内的山脉逶迤起伏，植被非常茂密，有仙人掌、细叶桉、木麻黄等多种观赏植物。尤其令人神往的是岛上的沙漠，大飞沙滩由两侧石山挟抱，沙滩有宽阔的防风林，自然条件相当优越。此外，白沙湾、西沙湾、蟹钳湾等七个沙滩连绵不断，风景各异，清幽绝尘。高栏岛有东部约15公里的地域已规定为珠海飞沙国际度假城。",全年 全天开放,,4.6,建议游览时间：3小时 - 4小时,,具体收费情况以现场公示为主,,6
古元美术馆Gu Yuan Museum of Art,http://travel.qunar.com/p-oi3754875-guyuanmeishuguan,"

地址:
珠海市梅华东路388号


电话:
0756-3818068

",古元美术馆是珠海市第一座市立美术馆。 古元美术馆坐落于珠海市梅华东路 388号此地有崇山摩崖，茂林修竹，石溪潺湲，映带左右。该馆占地10000平方米，建筑面积8160.9平方米，集美术馆、小型博物馆和个人纪念馆于一体，而主要履行美术馆典藏、研究、展览、教育、服务、交流等六大功能。,9:00-17:00（周一闭馆，节日期间照常开放）。,https://img1.qunarzz.com/travel/poi/1511/a2/257344d06c470ff7.jpg_480x360x95_2c8b1caa.jpg,4.2,建议游览时间：1小时 - 2小时,,具体收费情况以现场公示为主,,6
武林源-西门Wulin Bay,http://travel.qunar.com/p-oi706120-wulinyuan_ximen,"

地址:
金湾区平沙镇


电话:
0756-3998888 ‎

",武林传奇文化主题公园位于广东省珠海市珠海大道中平沙路口，距离珠海市区约50公里。珠海武林源是一座以“自然、休闲、健康、欢乐”为主旨，弘扬展示中华武林传奇文化的主题公园。中华武术文化源远流长，博大精深，5000多年以来武术在我国和全球得到了极大的发展和普及，“中国功夫”已成为响誉全球的知名文化品牌。珠海武林源项目立足中华武术文化，以弘扬中华传统文化、发展文化旅游产业、培育现代武术精英、打造特色旅游项目为目标，倡导“体验”、“知识”、“健身”，体现“绿色生态”环境，展示“武林文化”，营造“休闲度假”氛围，将武林文化与优美的古典生态以及高品位的休闲度假设施有机融合，按国家4a景区标准进行建设。项目建成以后，将成为珠海市重要的旅游目的地之一。珠海武林源以内涵深厚的中华武术文化、传奇武侠故事为主题，依托自然的山水峡谷，精心打造武林文化景观，同时设计大批游客参与性的各类动态表演，使游客在游与乐中体会中华武林文化的博大精深、源远流长。景区设有风雨少林、燕子坞、飞鸿狮馆、武圣堂、精武馆、木兰苑、太极园、桃花岛、逍遥谷等。每当夜幕降临，巨资打造的国内第一台大型山水电影实景武侠剧《武林传奇》惊艳登场。,全年 08:30-18:30,https://tr-osdcp.qunarzz.com/tr-osd-tr-manager/img/e15dcf5247cb232e564938891bd661f4.jpg_480x360x95_e70aa83a.jpg,4.2,建议游览时间：2小时,,景区内部正在整修，现暂停营业，具体门票信息以景区公告为准或电话咨询景区。,,6
黄杨山Huangyang Mountain,http://travel.qunar.com/p-oi712316-huangyangshan,"

地址:
珠海市斗门区近黄杨大道

",黄杨山风景区位于广东省珠海市斗门区城区北部，交通十分便利，离珠海市区30公里，面积31平方公里，其主峰高581米，是珠江门户第一峰。黄杨山巨石峥嵘，竹翠草茂，流水潺潺，风光奇趣，引人入胜。风景区是珠海市和斗门区政府重点开发建设的旅游项目。,全年 8:30-17:30,https://tr-osdcp.qunarzz.com/tr-osd-tr-manager/img/9e035cacc532cf390ca2a30fd89c0c6d.jpg_480x360x95_1308d20f.jpg,4.6,建议游览时间：3小时 - 4小时,,"{'【酒店套餐】珠海御温泉渡假村1晚含早+可加订庙会自助晚餐+无限次温泉+游戏券&单车券&烟花券\n\n': ['¥1078起'], '珠海斗门炫酷丛林越野俱乐部\n\n': ['¥188起']}",,6
宝镜湾摩崖石刻画,http://travel.qunar.com/p-oi706563-baojingwanmoyashikehua,,宝镜湾摩崖石刻画位于高栏岛宝镜湾，于1989年10月被发现，共4处6幅，散布于海湾所在的山腰、山麓200米范围内，其中最大的一幅长5米、高3米。岩画阴刻于大而平整的石面上，图案密集而复杂，形状如船、波浪、龙蛇、舞蹈人等，经专家考证，是距今二、三千年前青铜时代的产物，是南越先民生活的写照。在岩画附近的沙丘和山冈上采集到新石器时代晚期的陶片和石器，证明很早便有人类在此活动。此岩画为广东仅见，与中国北方、西南岩画风格迥异，具有重要的历史、艺术、科研、旅游价值。1989...宝镜湾摩崖石刻画位于高栏岛宝镜湾，于1989年10月被发现，共4处6幅，散布于海湾所在的山腰、山麓200米范围内，其中最大的一幅长5米、高3米。岩画阴刻于大而平整的石面上，图案密集而复杂，形状如船、波浪、龙蛇、舞蹈人等，经专家考证，是距今二、三千年前青铜时代的产物，是南越先民生活的写照。在岩画附近的沙丘和山冈上采集到新石器时代晚期的陶片和石器，证明很早便有人类在此活动。此岩画为广东仅见，与中国北方、西南岩画风格迥异，具有重要的历史、艺术、科研、旅游价值。1989年被列为珠海市文物保护单位。,,,--,,,,,6
东方高尔夫乡村俱乐部,http://travel.qunar.com/p-oi714935-dongfanggaoerfuxiangcun,,,,,,,,,,6
珠海万盛乡村俱乐部,http://travel.qunar.com/p-oi706835-zhuhaiwanshengxiangcun,,珠海萬盛鄉村俱樂部座落於廣東以南的珠海特區，宛如鬧市中的世外桃源。這個距離香港不到兩個小時路程的度假勝地，面積達八百英畝，四周園林茂密，風光如畫，俱樂部內的湖泊更以景致動人見稱。走進俱樂部，久違了的群山翠嶺、碧波蕩漾，以及那藍天白雲的天然美景盡收眼底。當您放下一天緊張而忙碌的工作想輕鬆一下時；當您抛開一切俗世煩悶時；那麽，萬盛鄉村俱樂部帶給您的就是一個如此世外桃源般的休閒天地。萬盛鄉村俱樂部占地四千餘畝，四周山峰連綿起伏，位於俱樂部中央的700余...珠海萬盛鄉村俱樂部座落於廣東以南的珠海特區，宛如鬧市中的世外桃源。這個距離香港不到兩個小時路程的度假勝地，面積達八百英畝，四周園林茂密，風光如畫，俱樂部內的湖泊更以景致動人見稱。走進俱樂部，久違了的群山翠嶺、碧波蕩漾，以及那藍天白雲的天然美景盡收眼底。當您放下一天緊張而忙碌的工作想輕鬆一下時；當您抛開一切俗世煩悶時；那麽，萬盛鄉村俱樂部帶給您的就是一個如此世外桃源般的休閒天地。萬盛鄉村俱樂部占地四千餘畝，四周山峰連綿起伏，位於俱樂部中央的700余畝水庫碧波粼粼。萬盛鄉村俱樂部由：高爾夫俱樂部、狩獵俱樂部、射擊俱樂部以及鄉村俱樂部會所等合爲一體的綜合性度假勝地，您可以在這裏可以征戰18洞錦標賽球場、飛靶射擊場或野外狩獵，同時亦可以選擇泛舟湖面、垂釣於岸邊，又或者在日落夕陽下與親朋好友、商務夥伴燒烤于綠茵小島。無論您選擇什麽，您都可以在這裏充分接近大自然、享受大自然賦與的無限樂趣。,,,--,,,,,6
亚马逊原始生态园Zhuhai Amazon Primitive Ecological Garden,http://travel.qunar.com/p-oi7469351-yamaxunyuanshishengtai,"

地址:
珠海市金湾区平沙镇珠海大道


电话:
0756-3998888

",整个景区占地100万平方米，它可全景式再现亚马逊热带雨林景观的大型旅游景区。展现了亚马逊部落风情及神秘的玛雅文化。在亚马逊部落村数百名土著人还将为您上演丰富多彩的南美民俗风情表演。当夜幕降临时，部落村的广场上将上演全天盛大的篝火晚会，热情好客的土著人将邀请您和他们一起载歌载舞。,景区暂时停业，具体开放时间详见景区公示。,https://img1.qunarzz.com/travel/poi/1408/27/ca0518705cb507ddffffffffc8d65eac.jpg_480x360x95_50cf38f9.jpg,4.3,建议游览时间：2小时 - 3小时,,景区暂时停业，具体开放时间详见景区公示，原票价30元。,,6
菱角咀石雕,http://travel.qunar.com/p-oi40005955-lingjiaojushidiao,,,,,0.0,,,,,7
石花山公园,http://travel.qunar.com/p-oi39852000-shihuashangongyuan,,,,,0.0,,,,,7
情侣南路Qinglv South Road,http://travel.qunar.com/p-oi39772081-qinglu:nanlu,,,,,0.0,,,,,7
情侣中路Qinglv Middle Road,http://travel.qunar.com/p-oi39772079-qinglu:zhonglu,,,,,0.0,,,,,7
情侣北路Qinglv North Road,http://travel.qunar.com/p-oi39772055-qinglu:beilu,,,,,0.0,,,,,7
北山村,http://travel.qunar.com/p-oi39721901-beishancun,,,,,0.0,,,,,7
珠澳海湾夜游,http://travel.qunar.com/p-oi39640507-zhuaohaiwanyeyou,,,,,0.0,,,,,7
横琴香洲埠文化中心,http://travel.qunar.com/p-oi39640473-hengqinxiangzhoubuwen,,,,,0.0,,,,,7
喜见农业公园,http://travel.qunar.com/p-oi39626520-xijiannongyegongyuan,,,,,0.0,,,,,7
珠海太空中心,http://travel.qunar.com/p-oi39611721-zhuhaitaikongzhongxin,," 为充分展示航空航天与国防工业发展成果,激发太空探索热情与爱国情怀，促进粤港澳青少年交往交流，珠海市积极推动在珠海国际航展中心打造珠海太空中心，是写入 2022 年珠海市政府工作报告的重点工作，由华发集团携手航展公司，全面负责珠海太空中心的投资建设运营。太空中心由珠海华发集团、珠海航展有限公司建设运营,总面积约 4 万平方米,设有“空间站核心区”“航天展区”“航空展区”“国防展区”“无人装备展区”“元宇宙展区”“专题展区”等多个功能区,是集沉浸式游览、娱乐互动、VR 体验为一体的航天航空主题空间，将发挥中国航展品牌效应和带动效应而精心打造的“永不落幕的航展”，常态化展示国家航天、航空、国防等领域成果，融合未来感、科技感和中国传统美学于一体的青少年科普基地、爱国主义教育基地。",,,3.5,,,,,7
木头冲沙滩,http://travel.qunar.com/p-oi39572935-mutouchongshatan,,,,,0.0,,,,,8
二井湾湿地公园,http://travel.qunar.com/p-oi39514512-erjingwanshidigongyuan,,,,,0.0,,,,,8
翠湖里商业小镇,http://travel.qunar.com/p-oi39512283-cuihulishangyexiaozhen,,,,,0.0,,,,,8
斗门市民公园,http://travel.qunar.com/p-oi39439885-doumenshimingongyuan,,,,,,,,,,8
平洲,http://travel.qunar.com/p-oi39438445-pingzhou,,,,,5.0,,,,,8
奇幻功夫夜,http://travel.qunar.com/p-oi39316175-qihuangongfuye,,奇幻功夫夜集科技互动、功夫、美食与夜间游乐于一体，「奇幻功夫夜」项目于2021年除夕夜登陆横琴创新方，这也是珠海首个大型行浸式光影互动体验项目。项目由清华大学美术学院信息艺术设计系主任王之纲领衔的创作团队打造，将中华优秀文化与夜间游乐项目相结合，打造了一条以中国功夫与中华美食为故事轴线的“冒险旅程”。「奇幻功夫夜」的互动体验项目贯穿于室内和室外，其中以横琴创新方5000平方米户外花园为核心，共设置了奇琴幻境、手环市集、功夫村落、日暮炊屋、石头物语、流溪涧口、千重门、云雾山谷、等十余个体验区域，每天为游客开启超长游玩模式。,,,4.9,,,,,8
容闳博物馆,http://travel.qunar.com/p-oi39036643-ronghongbowuguan,,,,,--,,,,,8
星乐度·横琴码头驿站,http://travel.qunar.com/p-oi39036447-xingleduhengqinmatouyi,,,,,--,,,,,8
爱情邮局,http://travel.qunar.com/p-oi38944989-aiqingyouju,,,,,4.3,,,,,8
大画西游梦工厂,http://travel.qunar.com/p-oi38944268-dahuaxiyoumenggongchang,,,,,0.0,,,,,8
探洞工场,http://travel.qunar.com/p-oi38910299-tandonggongchang,,坐标于香洲区明珠北路338号珠海印象城三楼，独特“丹霞地貌”主题，洞穴融入喀斯特、冰雪、熔岩不同风格。4大特色区域，拥有6大探险线路，空中绳网，8米超长滑梯，答题密室，化石密室，多功能主题屋等惊险关卡。给洞线增加了无限趣味性，作为探险乐园，一直稳居当地亲子乐园热门榜前列。,,,4.0,,,,,9
小横琴·山体绿道,http://travel.qunar.com/p-oi38860713-xiaohengqinshantilu:dao,,,,,--,,,具体收费情况以现场公示为主,,9
珠海景山道观海段,http://travel.qunar.com/p-oi38677600-zhuhaijingshandaoguan,,珠海景山道观海段沿途经过多个景点，有慕水台、起云台、吉贝坝、湖景吧、览石廊和望海台，整个观海段长约2.4公里。,,,--,建议游览时间：2小时 - 3小时,,具体收费情况以现场公示为主,,9
绿洋湾公园,http://travel.qunar.com/p-oi38632081-lu:yangwangongyuan,,,,,--,,,具体收费情况以现场公示为主,,9
阳光沙滩,http://travel.qunar.com/p-oi38622722-yangguangshatan,,阳光咀沙滩位于珠海市金湾区，由壁青湾、咸虾埕、沙拦仔等沙滩组成，海岸礁石奇石林立，沙质细软，景色宜人。,,,0.0,建议游览时间：4小时,,,,9
龙爪角,http://travel.qunar.com/p-oi38606374-longzhuajiao,,,,,--,,,具体收费情况以现场公示为主,,9
橙子开心农场,http://travel.qunar.com/p-oi38605459-chengzikaixinnongchang,,,,,5.0,,,具体收费情况以现场公示为主,,9
金湾中心河湿地公园,http://travel.qunar.com/p-oi38600032-jinwanzhongxinheshidi,,,,,--,,,具体收费情况以现场公示为主,,9
徐氏宗祠,http://travel.qunar.com/p-oi38340579-xushizongci,,,,,0.0,,,具体收费情况以现场公示为主,,9
新村油菜花田,http://travel.qunar.com/p-oi38335833-xincunyoucaihuatian,,"新村油菜花田是一个非常美丽的景点，这里种植了大量的油菜花，还有格桑花，每当花朵盛开时，很多人便会来此拍照打卡。
",,,--,建议游览时间：2小时 - 3小时,,具体收费情况以现场公示为主,,9
海象馆,http://travel.qunar.com/p-oi38335558-haixiangguan,,,,,--,,,具体收费情况以现场公示为主,,10
白沙滩,http://travel.qunar.com/p-oi38335124-baishatan,, 白沙滩位于绿洋湾公园，沙滩上都是白细沙，环境优美、空气舒畅。,,,5.0,建议游览时间：1小时 - 2小时,,具体收费情况以现场公示为主,,10
香炉湾城市阳台,http://travel.qunar.com/p-oi38136404-xiangluwanchengshiyang,"

地址:
香洲区情侣中路（香炉湾沙滩西侧约50米）


电话:
0756-3368988

",香炉湾城市阳台项目位于情侣中路香炉湾畔，总规划用地面积约为35.34万平方米，打造集滨海休闲、旅游、风情体验、滨水娱乐于一体的公共服务中心节点，西南两侧分别是景山公园和海滨公园，面朝大海，依山傍水、自然景观和生态环境非常优美。,全年 全天开放,,5.0,建议游览时间：2小时 - 3小时,,具体收费情况以现场公示为主,,10
黄绿背水库,http://travel.qunar.com/p-oi38135400-huanglu:beishuiku,,,,,--,,,具体收费情况以现场公示为主,,10
斗门水松林自然保护区,http://travel.qunar.com/p-oi38039863-doumenshuisonglinziran,"

地址:
珠海市斗门区六乡竹洲村磨刀门水道

",斗门水松林自然保护区位于冲积沙岛上，是一片由清一色水松树组成的原始森林，苍翠挺拔，犹如一艘海上绿舟，令人观之而神清气爽。,全年 全天开放,,--,建议游览时间：1小时 - 2小时,,具体收费情况以现场公示为主,,10
珠江口,http://travel.qunar.com/p-oi38034859-zhujiangkou,,,,,0.0,,,具体收费情况以现场公示为主,,10
沙利咀,http://travel.qunar.com/p-oi38034435-shaliju,,,,,--,,,具体收费情况以现场公示为主,,10
杨匏安铜像,http://travel.qunar.com/p-oi37806810-yangpaoantongxiang,,,,,0.0,,,,,10
白石社区公园,http://travel.qunar.com/p-oi37806754-baishishequgongyuan,,,,,0.0,,,,,10
橙子生态苗圃,http://travel.qunar.com/p-oi37806602-chengzishengtaimiaopu,,,,,5.0,,,具体收费情况以现场公示为主,,10
