名字,链接,地址,介绍,开放时间,图片链接,评分,建议游玩时间,建议季节,门票,小贴士,Page
沙坡头Shapotou,http://travel.qunar.com/p-oi716456-shapotou,"

地址:
宁夏回族自治区中卫市沙坡头区迎水桥镇


电话:
400-15-51766


官网:
http://www.spttour.com/

",沙坡头，位于中卫市区以西约20公里处，从市区前往大约需要1小时左右。沙坡头景区南靠山峦叠嶂、巍峨雄奇的祁连山余脉香山，北连腾格里大沙漠，中间被奔腾而下，一泻千里的黄河横穿而过。这种一边是浩瀚无垠的腾格里大沙漠，一边是长流不息的黄河水的景色非常壮丽，自古以来就有许多文人墨客在此留下诗词文章。唐代诗人王维的千古名句“大漠孤烟直，长河落日圆”，描写的就是此处。在这里，你可以去天然滑沙场，从百米沙坡上，顺势而下，下滑时沙中发出嗡嗡的轰鸣声，犹如金钟长鸣。还可以乘坐古老的运输工具——羊皮筏子，在黄河上畅游。如果你够胆大，那就去玩玩横跨黄河两岸的滑索，感受凌空飞跃黄河的刺激。当然，到了沙漠，骑骆驼是必须体验的活动，在骆驼背上，遥看周边金黄色的沙海，绮丽壮观。除此之外，景区内还设有沙漠摩托车、沙漠穿越、自驾越野车等游乐项目。这里还是《爸爸去哪儿》的拍摄地之一，有兴趣的游客可以去景区内的亲子互动区和拍摄基地看看。在沙坡头游玩时，还能够看到横穿沙漠的包兰铁路；在景区的南部散落着秦、战国时期的长城遗迹；这里也是国内著名的沙漠治理实验区，实验区中的“麦草方格”被誉为治沙史上的奇迹。而在景区大门附近的沙漠博物馆里，可以了解到沙漠的形成与发展等知识。沙坡头景区新建了一个3D的玻璃栈桥，横跨黄河，全长210米，宽2.6米，垂直高度10米，以透明玻璃和3D绘画相结合的模式，让人体验到惊险刺激。此景区单独收费30元。多数游客在景区游玩后，会返回中卫市区或者银川住宿。如果有兴趣，可以住在景区内的沙漠酒店，住在这里能欣赏到沙漠中的日出和日落。景区还设有餐厅供游客使用，价格要比中卫市区稍贵。,4/1-10/31 08:30-18:00;11/1-3/31 09:00-17:00,https://img1.qunarzz.com/travel/d2/1504/38/645cc68bd8c91.jpg_480x360x95_21cb9554.jpg,4.6,建议游览时间：3天 - 6天,夏、秋两季去沙坡头旅游为最佳，沙坡头气候属于干旱气候区，平均气温9.6度，最高气温38.1度，最低气温度。冬春两季多沙暴，容易迷途并危及生命。,"{'沙坡头门票成人票\n\n': ['¥80起'], '沙坡头门票优待票\n\n': ['¥40起'], '沙坡头自驾越野车大小同价\n\n': ['¥500起']}",1、做好到达目的地前的准备工作。包括当地有关的背景资料，气候、植被、河流、高山、村庄、道路等等，尊重客观事实制定沙漠旅游路线，在确保生命安全的情况下制定出力所能及的旅游方案。 2、要有良好的装备和充足的给养。沙漠旅游活动大多是在行走下完成的，因此，必须具备相当的体能和毅力，平时体弱、多病者最好不要参加，以免出现意外。 3、沙漠春夏风沙多，需穿防风沙衣服及戴纱巾；全年昼夜温差大，夜晚要准备防寒衣物；白天阳光充足紫外线强烈，脸上可擦防晒霜，戴太阳镜、遮阳帽；身上最好不要擦防晒霜，否则微风扬起的沙尘会粘到皮肤上，很难清理，故身上应穿浅色长袖吸汗衣物防晒为佳。 4、沙漠昼夜温差大，在沙漠过夜要带足衣服和饮用水，并备上眼药水、抗菌消炎药、感冒药等常用药品，要多吃水果。在沙漠行走时宜穿轻便透气的高帮运动鞋，以免沙子进入鞋内，影响走路；夏季中午不宜徒步，否则沙漠表面温度太高，容易中暑及晒伤皮肤。 5、遇到紧急或者意外情况，不要慌张，要正确地判断方向。在广阔的沙漠上行走，因为视野空旷，难以找到定向的参照物，加上起伏的沙丘、高大的沙山和洼地，人们一般不可能走直线，如果判断不了，就在原地等待救援。 6、在沙漠中迷失方向，千万要注意保持“水分”，一是节省水，二是能发现水源，三是利用水。在沙漠中，炎热、干旱对旅游探险者来说是第一大杀手，沙漠探险遇难者大都是缺水中暑所致。在沙漠中一旦迷失方向，在走出困境之前，一定要保证有足够的、干净的水喝，不然生存下来的希望很渺茫。在沙漠中，地表是没有水的，大部分地区也很难挖出水来。但沙漠大都是盆地，里面也有很多季节性河道。 7、躲避沙暴。万一在沙漠旅游中遇见沙暴，要凭目力的观察选择逃避的方向，只要避过风的正面，大都能化险为夷。同时，千万不要到沙丘的背风坡躲避，否则有被沙暴埋葬的危险。,1
腾格里沙漠Tenggeli Desert,http://travel.qunar.com/p-oi23342578-tenggelishamo,"

地址:
中卫市沙坡头区


电话:
0955-7666536

",腾格里沙漠位于内蒙古自治区阿拉善左旗西南部和甘肃省中部边境，是电影《刺陵》的取景地，也是年轻人向往的小众旅行地。在这里可以体验腾格里沙漠星空露营，也可以骑着骆驼遨游在沙海，或乘坐越野车在沙漠里驰骋感受激情。腾格里沙漠沙峰壮阔宏大，沙粒细微软滑，颜色金黄闪亮。行至大漠深处，除了金色的沙海，还有许多湖泊，远远望去，湖边堆堆盐囱恰似冰雪，湖面泛着银光，犹如沙海冰川。,全年 全天开放,https://tr-osdcp.qunarzz.com/tr-osd-tr-space/img/cc76079f37aab6f4da1519303cd5456b.jpeg_480x360x95_71483af0.jpeg,4.8,建议游览时间：12小时 - 3天,,"{'宁夏银川腾格里沙漠五湖穿越一日游（乌兰湖。天鹅湖，龙眼翡翠湖，骆驼湖，吉他湖））\n\n': ['¥480起'], '宁夏腾格里沙漠·通湖草原+沙坡头一日游（可选6人/12人团+酒店接送）\n\n': ['¥188起'], '宁夏腾格里沙漠+沙坡头+北长滩66号公路·6人嗨小团一日游\n\n': ['¥168起']}",,1
腾格里•金沙海Tengger Golden Sand Sea,http://travel.qunar.com/p-oi10068213-tenggelijinshahai,"

地址:
宁夏回族自治区中卫市沙坡头区沙坡头旅游景区北侧


电话:
0955-3951666

",腾格里•金沙海旅游度假区位于宁夏沙坡头区迎水桥镇迎闫公路与小湖路交汇处，景区占地1.16万亩，充分展现全生态腾格里沙漠的奇美景观。主要景点有大漠观海楼、丝路长街、狂野地带、丝路星辰帐篷酒店、大漠水上乐园、沙漠阳光浴场、拓展基地、军事营地、丝路驼队等。在这里神秘的丝路文化风情和沙漠生态观光旅游完美结合，感受金色沙海神奇的“沙漠之魅、丝路之魂、生态之秀”。淳朴热情能歌善舞的宁夏人，神秘浓郁的丝路风情，创造了腾格里•金沙海旅游度假区。,全年 08:00-18:00,https://mp-piao-admincp.qunarzz.com/mp_piao_admin_mp_piao_admin/fusion/20205/eefc6632555071299d35210669add7d0.jpg_480x360x95_597ed596.jpg,4.5,建议游览时间：12小时 - 3天,,30元,,1
中卫高庙Gaomiao Temple of Zhongwei,http://travel.qunar.com/p-oi708985-zhongweigaomiao,"

地址:
中卫市沙坡头区高庙景区


电话:
0955-7012164

",中卫高庙，位于中卫市区，原名保安寺，与其他大部分寺庙不一样，它是建在一个高台上的寺庙，所以也被成为“高庙”。因为是建在高台上，寺庙中的主要建筑也就由低到高的沿着中轴线排列，层层叠叠，在不大的面积内，集中了260多间重楼叠阁。游客在游览时，进入山门后，可以沿着南北走向的中轴线，由下往上的游览整个寺庙。当你穿过牌坊，脚踩台阶往上走，可以看到供奉着弥勒佛的“弥勒阁”，弥勒阁之后是供奉着释迦牟尼坐像的大雄宝殿。而从大雄宝殿出发，继续登阶而上，就是南天门、钟楼，还可以去高庙的地下，也就是高台的内部，这里建有我国少有的青面獠牙，面目可憎，以忠、孝、廉、正的故事以警示世人。当你在高庙游玩时，还可以多注意下寺中建筑的细部，如砖雕、石雕、墙角的柱石等，这些细部图案精美，制作精巧，体现了古建筑的建造严谨和用心。,4月1日-10月31日8:30-17:30，17:00停止入场；11月1日-次年5月31日8:00-17:00，16:50停止入场。,https://img1.qunarzz.com/travel/d6/1510/bc/e58048803aa44e.jpg_480x360x95_192a6a5f.jpg,4.5,建议游览时间：1小时 - 2小时,沙坡头气候属于干旱气候区，平均气温9.6度，最高气温38.1度，最低气温度。冬春两季多沙暴，以夏、秋季为最佳。,具体收费情况以现场公示为主,,1
天都山石窟,http://travel.qunar.com/p-oi714072-tiandoushanshiku,,,,,4.2,建议游览时间：1小时,沙坡头气候属于干旱气候区，平均气温9.6度，最高气温38.1度，最低气温度。冬春两季多沙暴，以夏、秋季为最佳。,30元,,1
保安寺,http://travel.qunar.com/p-oi711644-baoansi,"

地址:
宁夏中卫市沙坡头区鼓楼北街高庙景区

",,"旺季（4-10月）： 8:00-18:00 
 淡季（11-3月）： 8:30-17:30",https://img1.qunarzz.com/travel/poi/1707/5b/aa615f53d6bf9b37.jpg_480x360x95_116f48a4.jpg,4.0,建议游览时间：1小时,沙坡头气候属于干旱气候区，平均气温9.6度，最高气温38.1度，最低气温度。冬春两季多沙暴，以夏、秋季为最佳。,"票价 成人票：20元


优惠政策
 儿童票：10元",,1
石空寺石窟,http://travel.qunar.com/p-oi711055-shikongsishiku,"

地址:
中宁县石空镇西北的双龙山南麓


电话:
0951-6723298

",位于中宁县城北15公里处，原有大佛洞、卧佛洞、观音洞、龙王洞、灵光洞等石窟，石窟前建有寺院，寺院中还有各类神佛塑像。但是由于这里是腾格里沙漠的南缘，风沙大，加上在晚清时期社会动乱，寺院荒废，石窟逐渐被流沙埋没。到了20世纪40年代末，仅存一个俗称“九间无梁洞”的石窟和洞前的寺院了。九间无梁洞窟室宽敞宏大，进深7.3米，12.5，高20多米。里壁并列着三个佛像，东西两边各置佛坛。虽然造像已残损，但这些明代的彩塑仍然显得非常精致；壁面有彩绘的佛教故事，窟顶有彩绘图...位于中宁县城北15公里处，原有大佛洞、卧佛洞、观音洞、龙王洞、灵光洞等石窟，石窟前建有寺院，寺院中还有各类神佛塑像。但是由于这里是腾格里沙漠的南缘，风沙大，加上在晚清时期社会动乱，寺院荒废，石窟逐渐被流沙埋没。到了20世纪40年代末，仅存一个俗称“九间无梁洞”的石窟和洞前的寺院了。九间无梁洞窟室宽敞宏大，进深7.3米，12.5，高20多米。里壁并列着三个佛像，东西两边各置佛坛。虽然造像已残损，但这些明代的彩塑仍然显得非常精致；壁面有彩绘的佛教故事，窟顶有彩绘图案，描绘细腻。明代杨郁有诗赞曰：“古洞仰观北拥山，洪涛俯瞰水东流，倚遍危栏情未已，淡烟衰草夕阳中。”便是对这里自然风貌的写照。,8:00-20:00,https://img1.qunarzz.com/travel/poi/201408/13/73cafa42e7f55959c8d65eac.jpg_480x360x95_0b74e492.jpg,4.3,建议游览时间：1小时,沙坡头气候属于干旱气候区，平均气温9.6度，最高气温38.1度，最低气温度。冬春两季多沙暴，以夏、秋季为最佳。,20元,,1
寺口子Sikouzi,http://travel.qunar.com/p-oi711889-sikouzi,"

地址:
中卫市沙坡头区宣和镇南20公里处


电话:
0955-7639268

",寺口子古称北海，南依山道奇险的香山，北临塞上江南卫宁平原，东边是西夏古都银川，东靠风光甚好的沙坡头，由于地理位置优越，自古就是兵家必争之地，有着丰富的人文景观和独特的自然风光，有“历史博物馆”之称。寺口子分为东、西两个景区，东景区被称为塞上奇峡景区，以山石地貌景观为有名，是西北神奇美丽的峡谷之一，怪石连绵起伏，有的突兀耸立，有的光滑如镜，神态各异，天成妙趣。西景区则称为丹崖佛光景区。山势陡峭，人文景观丰富。留有西汉名臣苏武牧羊遗址，苏武栖身石窟、...寺口子古称北海，南依山道奇险的香山，北临塞上江南卫宁平原，东边是西夏古都银川，东靠风光甚好的沙坡头，由于地理位置优越，自古就是兵家必争之地，有着丰富的人文景观和独特的自然风光，有“历史博物馆”之称。寺口子分为东、西两个景区，东景区被称为塞上奇峡景区，以山石地貌景观为有名，是西北神奇美丽的峡谷之一，怪石连绵起伏，有的突兀耸立，有的光滑如镜，神态各异，天成妙趣。西景区则称为丹崖佛光景区。山势陡峭，人文景观丰富。留有西汉名臣苏武牧羊遗址，苏武栖身石窟、苏武圈羊石窟、苏武庙、苏武断桥、米钵寺等遗址；宋代杨家将的故事也在这里广为流传。寺口子自然风景区的山水景致带着西部人浓郁粗犷豪放性格，群峰层峦叠嶂山道雄险。漫步于山野沟壑，流连于古刹名庵，山清水秀，景色迷人。还可体验天然石壁攀岩，看勇者走中国海拔高跨度长的钢索桥云汉天度，尤为惊险刺激。,全年 09:00-16:30,https://img1.qunarzz.com/travel/poi/1707/50/d49937fdc173da37.jpg_480x360x95_cf561bea.jpg,4.5,建议游览时间：2小时 - 4小时,沙坡头气候属于干旱气候区，平均气温9.6度，最高气温38.1度，最低气温度。冬春两季多沙暴，以夏、秋季为最佳。,"{'寺口子门票成人票\n\n': ['¥74.6起'], '寺口子门票学生票\n\n': ['¥39起'], '寺口子索桥票大小同价\n\n': ['¥30起']}",,1
腾格里沙漠湿地,http://travel.qunar.com/p-oi5860339-tenggelishamoshidi,"

地址:
中卫市西立交机场路与五葡路交汇处向西2公里


官网:
http://www.tglsd.com/

",,8:30-17:30,https://img1.qunarzz.com/travel/d2/1612/52/f9435edc9af142b5.jpg_480x360x95_dbec6a0d.jpg,4.6,建议游览时间：1小时 - 2小时,沙坡头气候属于干旱气候区，平均气温9.6度，最高气温38.1度，最低气温度。冬春两季多沙暴，以夏、秋季为最佳。,"票价 成人票：60元
  优惠政策
 1、儿童身高1.2米以下免费（仅免大门票）；70岁以上老人持身份证或老年证免费（仅免大门票）。
 2、身高1.2--1.5米之间儿童购景区优惠票；60--69岁之间老人持身份证或老年证购景区优惠票。

",,1
月亮山,http://travel.qunar.com/p-oi715790-yueliangshan,,月亮山是西吉县境内最高的山脉，位于县城西北部西吉、海原两县交界处，白城乡东北。属屈吴山余脉，因其形状近似弧月而得名。主峰海拔2633米，上下山路程约七华里，西麓有宝河沟，故又名七里宝山。月亮山东南接六盘山余脉--西峰岭，西北与西华山接界，呈西北--东南走势，长约40公里，宽约20公里，山体呈窄条鱼脊状，两侧坡度较缓，一般在40-60度之间。其植被多为草本科，有无芒雀麦草、垂穗披硷草、鹅冠草、硬质早熟禾、黄花野苜蓿等世界稀有或濒临绝种的优质牧草，为西吉、海原两县...月亮山是西吉县境内最高的山脉，位于县城西北部西吉、海原两县交界处，白城乡东北。属屈吴山余脉，因其形状近似弧月而得名。主峰海拔2633米，上下山路程约七华里，西麓有宝河沟，故又名七里宝山。月亮山东南接六盘山余脉--西峰岭，西北与西华山接界，呈西北--东南走势，长约40公里，宽约20公里，山体呈窄条鱼脊状，两侧坡度较缓，一般在40-60度之间。其植被多为草本科，有无芒雀麦草、垂穗披硷草、鹅冠草、硬质早熟禾、黄花野苜蓿等世界稀有或濒临绝种的优质牧草，为西吉、海原两县主要的牧场。南麓胡家垴为葫芦河发源地。中卫--静宁公路盘山而过。月亮山西南麓有三滴水新石器时代文化遗址。遗址暴露范围东西宽500米，南北长2000米，分布在北庄东西两面山坡及三滴水小学操场内。文化层1-2米，墨、黄、红三种土层交替覆盖。大量陶片散布于地表和文化层中。陶片为夹砂、泥质，纹饰为绳纹、印纹等，出土较完整的红陶罐、瓶各一个。1984年7月在学校基建打墙时出土石斧、灰陶罐各一件，并发现长13米、厚30厘米的灰土层，夹杂大量陶片。此地已被列为县级文物保护单位。,,,0.0,,,,,1
西安州古城,http://travel.qunar.com/p-oi704469-xianzhougucheng,"

地址:
固原市海原县

","安州古城，位于海原县西南20公里处，背靠天都山，前临销黄川，古城大体完好，应该是固原境内保存较完好、较大的古城址之一。城址为长方形，边长近千米，每边有19个等距离的马面，每50米一个。马面，是宋代筑城的标志。历史上称之为""固靖之咽喉  西安州古城，甘凉之襟带""。宋太宗雍熙二年（985年），天都山一带被西夏占据。1042年，西夏在天都山下修建豪华壮丽的7座大殿，内府库馆舍齐备。元昊和没移氏在这里举行了盛大的婚礼。此后，每当盛夏季节，元昊和没移氏就在这里吃喝玩乐...安州古城，位于海原县西南20公里处，背靠天都山，前临销黄川，古城大体完好，应该是固原境内保存较完好、较大的古城址之一。城址为长方形，边长近千米，每边有19个等距离的马面，每50米一个。马面，是宋代筑城的标志。历史上称之为""固靖之咽喉  西安州古城，甘凉之襟带""。宋太宗雍熙二年（985年），天都山一带被西夏占据。1042年，西夏在天都山下修建豪华壮丽的7座大殿，内府库馆舍齐备。元昊和没移氏在这里举行了盛大的婚礼。此后，每当盛夏季节，元昊和没移氏就在这里吃喝玩乐，尽情享受。今天的西安州城，已是断垣残壁，北城倾塌严重，城墙仅存七八尺的漫坡状土垄，南城现存状况较好，城之四周可见当年的护城壕痕迹。",全天,https://img1.qunarzz.com/travel/poi/201408/13/6fd0c1339b2d8c73c8d65eac.jpg_480x360x95_d67dada2.jpg,4.1,建议游览时间：1小时,沙坡头气候属于干旱气候区，平均气温9.6度，最高气温38.1度，最低气温度。冬春两季多沙暴，以夏、秋季为最佳。,免费,,2
沙漠博物馆,http://travel.qunar.com/p-oi7475655-shamobowuguan,"

地址:
中卫市沙坡头区迎水桥镇旅游景区

",博物馆位于沙坡头区迎水桥镇旅游景区，在这里可以了解到沙漠科普知识，认识沙漠的历史文化，除了文物和其他展品陈列外，还可以参与沙漠互动游戏，体验到模拟沙尘暴、羊皮筏子过黄河等充满科技感和趣味感的项目。,8:00—18:00,https://img1.qunarzz.com/travel/poi/1409/15/17d663e2b11b4d1bffffffffc8d65eac.jpg_480x360x95_0fbd958b.jpg,--,建议游览时间：0.5小时,夏季最佳。,免费，包含在沙坡头景区门票内,,2
白银平川红山寺石窟Baiyin Pinchuan Hongshan Temple Grottoes,http://travel.qunar.com/p-oi705130-baiyinpingchuanhongshan,"

地址:
白银市平川区共红段

",红山寺石窟历史悠久，至今仍然保存得很好，石窟内放置有几尊佛像，是一处非常有历史意义的建筑。,全年 全天开放,https://img1.qunarzz.com/travel/d7/1506/73/0c7dccbe784a62.jpg_480x360x95_50aedbf5.jpg,5.0,建议游览时间：1小时 - 2小时,,具体收费情况以现场公示为主,,2
常乐镇大湾村,http://travel.qunar.com/p-oi39579763-changlezhendawancun,,,,,0.0,,,,,2
黄羊古落旅游度假区,http://travel.qunar.com/p-oi39540558-huangyangguluolu:youdu,,“黄羊古落旅游度假区”，位于中卫市中宁县余丁乡，以“挖掘在地文化、保留老村肌理、植入艺文元素、重在深度体验”为原则，全力打造具有“历史厚度”、“个性态度”、“艺术气度”的新派艺文古村落。有古落艺宿、枣林艺境、原乡假日、羊创领地”四大主题功能区域和“非遗寻踪、艺文体验、亲子旅游、乡村度假、研学旅行”等多重旅游功能。,,,0.0,,,,,2
牌路山森林公园,http://travel.qunar.com/p-oi39330541-pailushansenlingongyuan,,,,,,,,,,2
南山公园,http://travel.qunar.com/p-oi39314500-nanshangongyuan,,,,,0.0,,,,,2
上滩村,http://travel.qunar.com/p-oi38925910-shangtancun,,,,,--,,,,,2
沙坡头旅游区黄河区南区,http://travel.qunar.com/p-oi38882318-shapotoulu:youquhuang,,,,,0.0,,,,,2
聚龙湾生态山庄,http://travel.qunar.com/p-oi38874599-julongwanshengtaishan,,"景区位于中卫市大柳树黑山峡工程坝址东、西侧的黄河之畔，是市区到北长滩、66号公路的必经之地，距中卫市区约30余公里。总规划占地面积2000多亩，项目总投资5000万元，景区规划长6公里，分东西两部分。目前完成投资4100万元，其中种植经果林1300亩，已建成784平方米的多功能大厅1个、1000平方米的加工车间1个，还有配套的卡拉OK、娱乐、办公、包厢、小木屋、星空房、土炕房等设施。旅游区以露营、BBQ、观光、餐饮、娱乐、住宿为一体；种植业、养殖业、加工业相结合，是一个集野奢露营、农业风情文化、科普教育、休闲娱乐等为一体的露营地。公司在发展有机生态农业的基础上，以绿色、环保、健康为生态理念，大力开发休闲观光农业，建立合理的生态链、产业链。公司分野奢露营区、农家特色餐饮区、特色农产品购物区、黄河边垂钓区、农家土炕度假区、生态农业大观园、生态养殖基地、青少年科普基地等八大功能区。这里南靠山峦叠嶂、巍峨雄奇的祁连山余脉香山，北连沙峰林立、绵延万里的腾格里大沙漠，中间被奔腾而下，一泻千里的黄河横穿峡谷而过，在山与山之间，像一把利刃穿山而过，形成天然壮观的黄河峡谷风光，“黄河之水天上来”历历在目，堪称黄河小三峡。“老俩口”、”一窝猪”、”七姊妹”、""洋人招手”等历史古老传说为峡谷增添了不少神密色彩，两岸山谷、山泉、支流、瀑布为峡谷增添了天然旅游景点，将军柱把人们带回古战场千军万马飞渡黄河的场面，景区枣园葡萄郁郁葱葱、滴翠流红，行成古朴园林农庄。公司以黄河峡谷自然风光漂流与两岸生态文化挖掘，峡谷标识性工程、农庄农家乐建设为主体，整合峡谷河道沿岸旅游资源为核心，容入中卫沙坡头大旅游，成为沙坡头5 A级景区峡谷风光特色的主要组成部分，充分利用现有自然环境和良好的生态资源吸引众多游客前来游玩和体验。",,,0.0,,,具体收费情况以现场公示为主,,2
中宁丰安屯旅游度假区,http://travel.qunar.com/p-oi38818189-zhongningfengantunlu:,,      中宁丰安屯旅游度假区位于中国枸杞之乡宁夏中宁县石空镇太平村，度假区历史文化积淀深厚，自然环境优美，是银川至六盘山、银川至沙坡头两条交通旅游线上的重要节点。景区道路连通京藏、定武、福银、乌玛高速公路，G109、G338两条国道和S308、S201、S310、S101四条省道以及包兰、宝中、太中银、吴忠至中卫城际铁路、银西高铁站点，组成四通八达的交通网络，距银川河东机场、中卫香山机场一个半小时以内车程，区位优势突出，交通便捷。      度假区规划总占地面积约1988亩，项目充分挖掘石空镇太平村枣林资源，有机融合黄河文化和枣园文化，一体推进全域旅游和乡村振兴，打造“黄河金岸—石空枣林田园生活体验园”。度假区以“体验西部风情、感受多彩文化，相约神奇丰安、共赏塞上美景，畅游百年枣林、品味浪漫人生”为主题，以展示黄河文化、边塞文化、丝路文化、农耕文化、红色文化、枸杞文化为特色，以回归田园守望乡愁、生态康养天人合一为愿景，科学规划、精心设计，建成了独具特色的中宁县域旅游集散中心、农耕文化休闲带、丝路文化体验带、枣林综合服务门户区、黄河农耕文化研学区、西北风情文创度假区为主体的一心两带三区景点设施。中国枸杞之乡独特的自然人文禀赋，为度假区可持续发展奠定了坚实的基础。      度假区功能完善、要素齐备，景点众多、各具特色，民俗风情、赏心悦目，置身其中、启思益智。满足游客“吃、住、行、游、娱、购”各种需求，感受超值的旅游体验。      吃在丰安，生态餐厅环境优雅，佳肴美馔惊爆味蕾，丝路古街别样风情，地方名吃口齿留香。      住在丰安，豪华酒店欧瑕・地中海、风情民宿四合院、树梢木屋追时尚，多样化的住宿设施满足游客住宿需求。      游在丰安，如果钟情自然，这里春赏百花秋采摘，夏有凉风冬观雪，小木屋里赏星空；如若寄情人文，带你丰安古渡话古今，太平湖畔故事听。      娱在丰安，若是喜欢娱乐，游乐广场去热身，高空项目勇攀登，元帅塔上抒豪情，滑索漂流行云中，秋千蹦极最开心；更喜七彩滑道、旋转木马、网红桥，还有丝路古堡、神州飞碟、户外拓展、蹦蹦云，莫负人生好时光，挑战自我能健身。乘坐观光小火车，温馨浪漫穿花海，拍照打卡做网红，放飞自我梦成真。      主要景点特色服务      枣精灵乐园：主要有丛林探险、林间精灵步道、林下萌娃乐园、大绳旋转、拓展活动营地、西北小红军重走长征路等项目组成。依托现有枣林肌理，在枣林中建设树梢木屋作为“枣课堂”场地，开展研学活动。同时枣林中还建有供文化创意、户外拓展、室内游乐相结合的研学主题乐园，可供游客进行各项主题活动和课堂教学。当身着红军服饰的少年儿童，通过体验红军长征路上“突破封锁线”“巧渡金沙江”“强渡大渡河”“飞夺泸定桥”“过雪山草地”等历史情境，感悟当年红军不畏艰险、勇往直前的英雄气概，激发他们的爱国热情，磨炼他们面对困难，勇于胜利的信心和勇气，是一处寓教于乐，对青少年进行红色传统教育，传承弘扬伟大长征精神的景点。      花漾石空：以人工种植独具特色的大地“花海”为景观。形成鸟语花香、蝶舞纷飞的美丽画卷，着力打造三季开花，四季有景的园林景观，植入花海网红小火车、网红打卡点等项目，使之成为辐射周边的赏花打卡、婚纱旅拍、摄影创作的胜 地。      丝路长街：融合丝路文化与现代文化，秉持一店一业一品，错位经营的理念，引进餐饮、百货、服务、休闲、娱乐、电玩等业态，通过活化物化历史、特色场景植入，以古丝绸之路上的著名人物、来往商贾、车夫马夫等作为饰演角色，全方位呈现实景体验式古长街风貌，展现古代丝绸之路的繁华盛况，带给游客深度沉浸式体验。      枣杞大庄园：以倡导绿色生态、回归田园为主题，以观光、体验、研学为特色，在园内主体种植枸杞、红枣，辅助种植反季节特色水果，凸显农耕文化特质。通过举办“一日园丁”活动，让游客体验采摘所带来的乐趣，感受大自然的奥妙，感恩大自然的馈赠，展示农耕文化的无穷魅力，是一处集游园观赏、科普教育、休闲品尝、农耕体验于一体的综合型庄园。      啤酒广场：引入夜游文化业态，开展篝火晚会，文娱演出、抖音K歌、夜宵夜购、夜景观赏、以酒会友等夜游活动，让亲情、友情、爱情在这里相聚，让美景、美食、美酒在这里相遇，营造人生的风花雪月、激情澎湃。让酒的热烈与激越在这里尽情释放。深切体悟古人对酒当歌，人生几何。何以解忧？唯有杜康。把酒临风，其喜洋洋，人生得意须尽欢，莫使金樽空对月。烹羊宰牛且为乐，会须一饮三百杯的诗酒意境。广场主打原浆啤酒，特色美食。周边配套多项游戏娱乐服务设施，供游客消遣娱乐，让欢歌笑语成为游客最美的回忆，是朋友聚餐、消夏娱乐的好去处。     中宁枸杞、黄河浮雕墙：黄河是中华民族的母亲河，流经中宁68公里，哺育了世世代代的杞乡儿女。自汉代起中宁就有了灌溉农业，自此2000多年，中宁四为县治，五为州治，孕育了博大精深的黄河文化，也成就了中宁闻名遐迩的中国枸杞之乡和中国枸杞文化之乡的美名。中宁枸杞有4000多年的文字历史，2000多年的药用历史，1000多年的栽培历史。素有“天下黄河富宁夏，中宁枸杞甲天下”的美誉。浮雕墙以浮雕艺术的手法，展示了黄河文化和中宁枸杞文化的历史渊源，为游客了解中宁枸杞文化开启了一扇靓丽的窗口。      非遗博物馆：非物质文化遗产，是指各民族人民世代相承的、与群众生活密切相关的各种传统文化表现形式（如民俗活动、表演艺术、传统知识和技能，以及与之相关的器具、实物、手工制品等）和文化空间。非遗博物馆将引进非遗传承人，现场制作、展示、售卖非遗产品，传授非遗产品制作技艺，让游客体验非遗产品制作流程。同时，非遗博物馆将收集剪纸、刺绣、沙画、农民画、掐丝珐琅画、泥塑、彩绘、砖雕、木雕等众多优秀非遗作品，供游客观赏，让游客学习了解博大精深的非遗文化。      丝路古堡：丝路文化是中西文化交流融合的历史见证。当年在丝路沿线建有许多各具特色的古城堡，是丝路商贾、信使等众多人士营商、食宿、歇息的主要场所，也有一部分城堡是当时驻军的关隘，在历史的长河中，那些曾经的古堡历经沧桑有些得以保存，有些已经废弃。为了铭记历史，回首过往，度假区仿建了丝路古堡，让游客走进历史，感悟历史，在旅游中增长知识，启迪思想，开阔视野，体验丝路文化的魅力，感受别样的人生韵味。     游客中心：环境优雅，设施齐备，坚持游客至上服务理念，全方位为游客提供购票、导游、咨询等服务，最大限度满足游客个性化服务需求，提升度假区影响力和美誉度。     网购：作为驰名中外的中国枸杞之乡，中宁枸杞系列产品，中宁金丝小枣等一批优质农产品畅销市场，为了让游客了解中宁农耕文化，品鉴中宁特色农副产品，方便线上线下购买，度假区创新旅游购物业态，设有“中宁有礼”旅游购物商场，游客不出度假区就可购买中宁特色农产品、旅游纪念品、非遗文创产品，极大地方便了游客。     相约丰安、不负遇见，神奇丰安，风光无限。走进五彩缤纷美轮美奂的丰安屯度假区，自然人文，相得益彰，带给游客“文化+颜值”的双重视觉盛宴。     塞上有美景，相约丰安屯。美丽的丰安屯旅游度假区热忱欢迎您的每一次光临。,,,3.4,,,,,3
鸣沙渡,http://travel.qunar.com/p-oi38612261-mingshadu,,,,,5.0,,,具体收费情况以现场公示为主,,3
沙坡头旅游景区时空之门,http://travel.qunar.com/p-oi38590865-shapotoulu:youjingqushi,,"时空之门位于沙坡头旅游景区，其外观造型独特、设计新颖，就像坠入沙漠的外星来客，在茫茫沙漠中，格外醒目。
",,,--,建议游览时间：0.5小时 - 1小时,,具体收费情况以现场公示为主,,3
红太阳广场,http://travel.qunar.com/p-oi38336520-hongtaiyangguangchang,,,,,--,,,具体收费情况以现场公示为主,,3
向阳街夜市,http://travel.qunar.com/p-oi38335983-xiangyangjieyeshi,,,,,--,,,具体收费情况以现场公示为主,,3
明长城遗址,http://travel.qunar.com/p-oi38335215-mingzhangchengyizhi,,"明长城遗址位于中卫，这里的长城遗址时间跨度很大，历经秦、汉、隋、明等历史时期，总长度约有一千多公里。
",,,--,建议游览时间：3小时 - 4小时,,具体收费情况以现场公示为主,,3
商城夜市,http://travel.qunar.com/p-oi38135244-shangchengyeshi,,,,,--,,,具体收费情况以现场公示为主,,3
黄河宿集,http://travel.qunar.com/p-oi38042427-huanghesuji,,黄河宿集位于中卫市沙坡头区常乐镇，毗邻沙坡头景区，因其由5家民宿组成，故而名为“宿集”。黄河宿集内有咖啡厅、餐厅等。,,,5.0,,,具体收费情况以现场公示为主,,3
中宁县美术馆,http://travel.qunar.com/p-oi38034661-zhongningxianmeishuguan,,,,,--,,,具体收费情况以现场公示为主,,3
盐湖,http://travel.qunar.com/p-oi38034471-yanhu,,,,,5.0,,,,,3
中卫长城,http://travel.qunar.com/p-oi37806057-zhongweizhangcheng,,,,,--,,,,,4
66号公路,http://travel.qunar.com/p-oi36219319-66haogonglu,,"66号公路沿途的岩石戈壁非常壮观，日落时分，这里的夕阳尤其美丽，公路两侧还会出现羊群，特别适合拍照。
",,https://tr-osdcp.qunarzz.com/tr-osd-tr-touch/img/d863b8a3f6f628be1ddef8c644b69fce.jpeg_480x360x95_0252bdbe.jpeg,4.4,建议游览时间：12小时 - 3天,,具体收费情况以现场公示为主,,4
枣子沟羊圈Zaozigou Sheepfold Village,http://travel.qunar.com/p-oi35677456-zaozigouyangquan,,,,,--,,,具体收费情况以现场公示为主,,4
榆树台子Yushutaizi Village,http://travel.qunar.com/p-oi35677190-yushutaizi,,,,,--,,,具体收费情况以现场公示为主,,4
黄石漩Huangshixuan Village,http://travel.qunar.com/p-oi35676928-huangshixuan,,,,,5.0,,,具体收费情况以现场公示为主,,4
石喇叭子沟门Shilaba Zigoumen Village,http://travel.qunar.com/p-oi35645686-shilabazigoumen,,,,,--,,,具体收费情况以现场公示为主,,4
石圈塆Shiquanwan Village,http://travel.qunar.com/p-oi35645610-shiquanwan,,,,,--,,,具体收费情况以现场公示为主,,4
石堡子沟Shipuzigou Peak,http://travel.qunar.com/p-oi35645372-shibaozigou,,,,,--,,,具体收费情况以现场公示为主,,4
石寨柯Shizhaike Village,http://travel.qunar.com/p-oi35645013-shizhaike,,,,,--,,,具体收费情况以现场公示为主,,4
水屲村Shuiwa Village,http://travel.qunar.com/p-oi35643050-shuiwacun,,,,,--,,,具体收费情况以现场公示为主,,4
石蛋沟Shidangou Peak,http://travel.qunar.com/p-oi35641956-shidangou,,,,,--,,,具体收费情况以现场公示为主,,5
上石硼村Shangshipeng Village,http://travel.qunar.com/p-oi35385052-shangshipengcun,,,,,--,,,具体收费情况以现场公示为主,,5
上碾盘水Shangnianpanshui Village,http://travel.qunar.com/p-oi35309358-shangnianpanshui,,,,,--,,,具体收费情况以现场公示为主,,5
下梨花坪Xialihuaping Village,http://travel.qunar.com/p-oi35292185-xialihuaping,,,,,--,,,具体收费情况以现场公示为主,,5
港中旅（宁夏）沙坡头旅游景区沙漠博物馆Gang Zhonglv (Ningxia) Sha Potou Lvyou Jingqu Shamo Museum,http://travel.qunar.com/p-oi34274490-gangzhonglu:ningxiasha,"

地址:
宁夏中卫市沙坡头旅游景区

",博物馆内藏品丰富，举办展览活动次数较多。集收藏、研究、教育等功能于一体的综合性地方历史博物馆。,全年 周二-周日 9:00-18:00,https://flight-feed.qunarzz.com/as3/416/image/poi_vishnu/140db8d9-92b4-4a4a-a7d9-3d18eece1886.jpg,4.0,建议游览时间：2小时 - 3小时,,免费,,5
中卫市黄河宫博物馆Zhongweishi Huanghegong Museum,http://travel.qunar.com/p-oi34274128-zhongweishihuanghegong,"

地址:
中卫市滨河东路香山公园南侧

",,全年 9:00-17:00,https://flight-feed.qunarzz.com/as3/271/image/poi_vishnu/dd0a5f6f-71d3-4342-89a1-6cbf285c96c7.jpg,4.2,,,收费,,5
海源金福博物馆Haiyuanjinfu Museum,http://travel.qunar.com/p-oi34273728-haiyuanjinfubowuguan,"

地址:
海原县海城镇北坪梁居委会一区

",,10:00-17:00（周一闭馆,,--,,,免费,,5
海源菜园博物馆Haiyuancaiyuan Museum,http://travel.qunar.com/p-oi34273252-haiyuancaiyuanbowuguan,,,,,--,,,免费,,5
菜园文化博博物馆Caiyuan Culture Museum,http://travel.qunar.com/p-oi34273012-caiyuanwenhuabobowuguan,"

地址:
海原县文联路

",,10:00-17:00（周一、周二闭馆）,,--,,,,,5
地震博物馆Dizhen Museum,http://travel.qunar.com/p-oi34272278-dizhenbowuguan,"

地址:
海原县牌路山森林公园斜对面

",地震博物馆以图片、文字、实物等形式详细的展示了地震带来的相关后果，是集科普、教育、休闲为一体的场所。,10:00-17:00（周一闭馆,,0.0,建议游览时间：2小时 - 3小时,,免费,,5
中宁县双龙山石窟文物陈列馆Zhongningxian Shuang Long Shan Shiku Wenwu Exhibition Hall,http://travel.qunar.com/p-oi34269934-zhongningxianshuanglong,"

地址:
中宁县余丁乡金沙村石空大佛寺西侧

",中宁县双龙山石窟文物陈列馆内珍贵文物众多，内容丰富，这里还会开展教育活动，举办展览。,全年 9:00-17:00,,3.0,建议游览时间：1小时 - 2小时,,免费,,6
沙坡头缆车Shapotou Cableway,http://travel.qunar.com/p-oi32762948-shapotoulanche,"

地址:
中卫市沙坡头区迎水桥镇沙坡头景区沙漠区内


电话:
0955-3988699

",由驱动车带动钢丝绳，牵引车厢将游客从地面运送到沙坝，在高处领略沙坡头美景。,8:00-18:00,https://tr-osdcp.qunarzz.com/tr-osd-tr-manager/img/7e3899037a0a50b566238db0fdcb1b94.jpg_480x360x95_fa29248c.jpg,4.8,建议游览时间：0.5小时 - 2小时,,25元,,6
中卫小长城,http://travel.qunar.com/p-oi29509937-zhongweixiaozhangcheng,,,,,--,,,,,6
天都山Tiandu Mountain,http://travel.qunar.com/p-oi27338914-tiandoushan,"

地址:
西安镇

",,全年 全天开放,https://flight-feed.qunarzz.com/as3/426/image/poi_vishnu/b55f6f69-f8c1-4fb8-b949-02e1b1c2988d.jpg,--,,,具体收费情况以现场公示为主,,6
鼎城银钻商业街DingCheng YinZuan ShangYe Jie,http://travel.qunar.com/p-oi24442932-dingchengyinzuanshang,,,,,--,,,,,6
宁夏中卫市中宁县步行街NingXia ZhongWeiShi ZhongNingXian BuXingJie,http://travel.qunar.com/p-oi24437655-ningxiazhongweishizhong,,宁夏中卫市中宁县步行街是当地的人气聚集地，狭长的街道两边商铺林立，各色小吃应有尽有，是当地生活缩影的体现。,,,4.3,建议游览时间：3小时,,,,6
向阳步行街ZhongWeiShi BuXingJie,http://travel.qunar.com/p-oi24437652-xiangyangbuxingjie,,中卫市步行街整体建筑非常有特色。街道干净安静，有很多中卫当地特色美食。是美食爱好者的必打卡地点之一。,,https://tr-osdcp.qunarzz.com/tr-osd-tr-manager/img/2f09e32080b0d205e4648f2ca8919661.jpg_480x360x95_99016f76.jpg,4.3,建议游览时间：3小时,,,,6
富民创业步行街FuMin ChuangYe BuXingJie,http://travel.qunar.com/p-oi24437648-fuminchuangyebuxingjie,,,,,0.0,,,,,6
固原清水河Qingshui River of Guyuan,http://travel.qunar.com/p-oi24410708-guyuanqingshuihe,,,,,--,,,具体收费情况以现场公示为主,,6
香岩揽胜Xiangshan Mountain,http://travel.qunar.com/p-oi24407572-xiangyanlansheng,"

地址:
宁夏回族自治区中卫市沙坡头区北部

",,全年 全天开放,,--,,,,,6
中卫寺口风景旅游区Zhongwei Sikou Scenic Area,http://travel.qunar.com/p-oi24407561-zhongweisikoufengjing,,寺口风景旅游区依靠着香山，古代为咽喉要地，景区内层峦叠嶂，自然景观丰富，风光秀丽。,,https://tr-osdcp.qunarzz.com/tr-osd-tr-manager/img/42433fb4a6f95c43a9f0bd1ae17868b6.jpg_480x360x95_95cb5ca0.jpg,5.0,,,具体收费情况以现场公示为主,,7
黄河滑索,http://travel.qunar.com/p-oi23343872-huanghehuasuo,"

地址:
中卫市沙坡头景区南区


电话:
0955-3988699,400-15-51766

",索道连接起滑沙场的沙坡顶端和黄河南岸，依靠自然高差和人体重力势能滑行，索道缆车适合观景，乘客坐在单人吊椅上，体验凌空飞翔的感觉，是来到沙坡头必玩的缆车。,全年 8:00-17:30,,4.7,建议游览时间：0.5小时 - 2小时,,往返100元。,,7
"腾格里沙漠湿地金沙岛旅游区Jinsha Island Tourist Area, Tengger Desert Wetland",http://travel.qunar.com/p-oi23343801-tenggelishamoshidijin,"

地址:
中卫腾格里沙漠湿地旅游区西北角(沙坡头机场向西七公里)


电话:
0955-7666537

",这里自然生态环境非常好，种植有大片的薰衣草花海，是放松出游的好去处。,全年 8:00-17:30,https://tr-osdcp.qunarzz.com/tr-osd-tr-manager/img/cec6f332d02c8348f01a0f0bbf625a40.jpg_480x360x95_48e6fab0.jpg,4.5,,,25元,,7
双龙石窟Double Dragon Grottoes,http://travel.qunar.com/p-oi23343754-shuanglongshiku,,双龙石窟位于中宁县石空镇，石窟开凿于唐代，历史悠久。此地目前出土文物众多，大多是唐、宋、元、明、清各朝代的彩塑像、壁画、地砖、铜镜、铜像等。目前新建的有博物馆和展览馆，专门用于收藏展示这些极富历史价值的文化瑰宝。,,,4.0,,,,,7
沙坡头黄河文化馆Shapotou Yellow River Cultural Museum,http://travel.qunar.com/p-oi23343244-shapotouhuanghewenhua,,黄河文化馆展示了黄河的历史变迁以及文明发展。是了解黄河文化渊源的好地方。,,https://tr-osdcp.qunarzz.com/tr-osd-tr-manager/img/d1de0d2731c1ada940424aaed1336dee.jpg_480x360x95_1a725199.jpg,4.5,建议游览时间：1小时 - 2小时,,具体收费情况以现场公示为主,,7
香山公园Xiangshan Park,http://travel.qunar.com/p-oi23343204-xiangshangongyuan,,公园的面积很大，风景宜人，公园里有一个香山湖，湖水很清澈，还能看到天鹅。,,https://flight-feed.qunarzz.com/as3/271/image/poi_vishnu/37c29b03-eb42-43ef-a222-f3cc6032b3ff.jpg,4.2,建议游览时间：2小时 - 3小时,,具体收费情况以现场公示为主,,7
腾格里湖Tengri Lake,http://travel.qunar.com/p-oi23341467-tenggelihu,,,,,--,,,具体收费情况以现场公示为主,,7
碱滩门Jiantanmen Scenic Resort,http://travel.qunar.com/p-oi22761591-jiantanmen,,,,,,,,,,7
中宁浆鳞鱼Zhongning Jianglinyu Fossil,http://travel.qunar.com/p-oi22761589-zhongningjianglinyu,"

地址:
宁夏回族自治区中宁县牛首山石峡沟

",,全年 全天开放,,--,,,,,7
洋人招手Yangrenzhaoshou Reef,http://travel.qunar.com/p-oi22761587-yangrenzhaoshou,,,,,--,,,,,7
水梢子Shuishaozi Oasis,http://travel.qunar.com/p-oi20946467-shuishaozi,"

地址:
宁夏回族自治区中卫市沙坡头区腾格里沙漠边缘

",,全年 8:00-18:00,,--,建议游览时间：1小时 - 3小时,,具体收费情况以现场公示为主,,8
唐石峡关Shixia Pass of Tang Dynasty,http://travel.qunar.com/p-oi20919372-tangshixiaguan,,,,,--,建议游览时间：1小时 - 2小时,,具体收费情况以现场公示为主,,8
石空寺石窟Shikong Temple Grottoes,http://travel.qunar.com/p-oi20916409-shikongsishiku,,石空寺石窟位于中宁县石空镇西北的双龙山南麓。又名大佛寺，双龙山古称为石空山，山东侧石壁峭立，适於开窟造像。这里原有大佛洞、万佛寺、百子观音洞和灵光洞等，但如今除万佛寺外，各窟均被流沙所埋没。,,,5.0,建议游览时间：1小时 - 2小时,,具体收费情况以现场公示为主,,8
唐宋萧关Xiaoguan Pass of Tang and Song Dynasty,http://travel.qunar.com/p-oi20916408-tangsongxiaoguan,,,,https://flight-feed.qunarzz.com/as3/376/image/poi_vishnu/6ae5a0ac-1465-44e4-b2c9-e8ab845d7afa.jpg,--,建议游览时间：1小时 - 2小时,,具体收费情况以现场公示为主,,8
固原南华山Guyuan Nanhua Mountain,http://travel.qunar.com/p-oi20895002-guyuannanhuashan,"

地址:
宁夏回族自治区海原县南部

",固原南华山又叫莲花山，山形似莲花。南华山周围山峦叠翠，主峰马万山海拔高达两千多米，树木葱郁，景色宜人。,全年 全天开放,https://tr-osdcp.qunarzz.com/tr-osd-tr-manager/img/dbe37e0b89ab4a8a7ab5dcb8e0e0aff2.jpg_480x360x95_7510c12a.jpg,--,建议游览时间：12小时 - 3天,,具体收费情况以现场公示为主,,8
北岗子清真北寺Beigangzi Qingzhen Bei Temple,http://travel.qunar.com/p-oi19978080-beigangziqingzhenbeisi,,,,,--,,,具体收费情况以现场公示为主,,8
中卫奇石博物馆Zhongweiqishi Museum,http://travel.qunar.com/p-oi19977809-zhongweiqishibowuguan,,,,,--,,,具体收费情况以现场公示为主,,8
文化广场Culture Square,http://travel.qunar.com/p-oi19977560-wenhuaguangchang,,,,,--,,,具体收费情况以现场公示为主,,8
新墩清真寺Xindun Mosque,http://travel.qunar.com/p-oi19977490-xindunqingzhensi,,,,,0.0,,,,,8
佛光阁Foguang Pavilion,http://travel.qunar.com/p-oi19977487-foguangge,,佛光阁是当地一座独立的古建筑。白天阁内还有贩卖东西。夜晚整个灯光照耀佛光阁很是漂流。,,https://tr-osdcp.qunarzz.com/tr-osd-tr-manager/img/fe4018eeee3f9cffb939765123983e13.jpg_480x360x95_afadb338.jpg,3.8,建议游览时间：1小时 - 2小时,,具体收费情况以现场公示为主,,8
万福寺Wanfu Temple,http://travel.qunar.com/p-oi19977412-wanfusi,,,,,--,,,具体收费情况以现场公示为主,,9
金光禅寺Jinguangchan Temple,http://travel.qunar.com/p-oi19977409-jinguangshansi,,,,,,,,,,9
白马清真寺Baima Mosque,http://travel.qunar.com/p-oi19977293-baimaqingzhensi,,,,,0.0,,,,,9
大佛殿Great Buddha Hall,http://travel.qunar.com/p-oi19975640-dafodian,,,,,0.0,,,,,9
五环广场Wuhuan Square,http://travel.qunar.com/p-oi19975618-wuhuanguangchang,,,,,--,,,具体收费情况以现场公示为主,,9
中卫铁路广场Zhongweitielu Square,http://travel.qunar.com/p-oi19975617-zhongweitieluguangchang,,中卫铁路广场位于中卫火车站前，为火车旅客集散地。,,,4.4,建议游览时间：1小时 - 2小时,,,,9
富康广场Fukang Square,http://travel.qunar.com/p-oi19975615-fukangguangchang,,,,,0.0,,,,,9
人民广场Renmin Square,http://travel.qunar.com/p-oi19975610-renminguangchang,,人民广场宽阔平坦，不仅有壮观的喷泉，还有分布在长方形喷泉池周边的十二生肖画像及二十四节气刻字。广场中央有一座雕塑，叫做“明珠杯”，很有特色。这里不仅是居民休闲散步的好去处，也是当地举行各种文艺演出、大型活动的地方。,,https://tr-osdcp.qunarzz.com/tr-osd-tr-manager/img/61b257ebf5584f23067e7374f65ca9b0.jpg_480x360x95_235d4c2f.jpg,4.0,建议游览时间：2小时,,,,9
站前广场(鼓楼北街)Zhanqian Square,http://travel.qunar.com/p-oi19975598-zhanqianguangchang,,该广场场地开阔，有喷泉、健身步道、休闲座椅等设施，周边配套齐全，是当地人休闲健身的好去处。,,https://flight-feed.qunarzz.com/as3/271/image/poi_vishnu/0469fc93-cdc6-4fd3-a3e3-82d60af191dd.jpg,4.0,建议游览时间：2小时,,,,9
常乐广场Changle Square,http://travel.qunar.com/p-oi19975588-changleguangchang,,,,,--,,,具体收费情况以现场公示为主,,9
李营文体广场Liyingwenti Square,http://travel.qunar.com/p-oi19975583-liyingwentiguangchang,,,,,--,,,具体收费情况以现场公示为主,,10
光明寺Guangming Temple,http://travel.qunar.com/p-oi19975093-guangmingsi,,,,,,,,,,10
煜园Yuyuan Garden,http://travel.qunar.com/p-oi19975088-yuyuan,,,,,--,,,具体收费情况以现场公示为主,,10
烈士纪念碑Lieshi Monument,http://travel.qunar.com/p-oi19975085-lieshijinianbei,,,,,--,,,具体收费情况以现场公示为主,,10
宁舟宝塔Ningzhou Pagoda,http://travel.qunar.com/p-oi19975080-ningzhoubaota,,,,,--,,,具体收费情况以现场公示为主,,10
高山寺Gao Mountain Temple,http://travel.qunar.com/p-oi19975034-gaoshansi,,高山寺村是宁夏中卫市中宁县石空镇下辖的行政村。村子围绕枣树进行生产、经营以及枣文化宣传推广，效果十分显著。高山寺村附近有石马湾岩画、石空寺、中宁县枸杞博物馆、宁舟宝塔等旅游景点。,,https://tr-osdcp.qunarzz.com/tr-osd-tr-manager/img/6a47560732b9fce6335965774327ecce.jpg_480x360x95_96682fc3.jpg,0.0,建议游览时间：1小时 - 2小时,,具体收费情况以现场公示为主,,10
中宁县枸杞博物馆Zhongningxian Gouqi Museum,http://travel.qunar.com/p-oi19975012-zhongningxiangouqibowu,,这里可以了解枸杞的历史、文化、加工流程等发展历程。,,https://tr-osdcp.qunarzz.com/tr-osd-tr-manager/img/767d1ca7af0fe9f0585b2585d008bf98.jpg_480x360x95_40e3a575.jpg,4.3,建议游览时间：2小时 - 3小时,,具体收费情况以现场公示为主,,10
职校公园Zhixiao Park,http://travel.qunar.com/p-oi19974955-zhixiaogongyuan,,,,,--,,,具体收费情况以现场公示为主,,10
中卫市天主堂Zhongwei Catholic Church,http://travel.qunar.com/p-oi19974946-zhongweishitianzhutang,,,,https://tr-osdcp.qunarzz.com/tr-osd-tr-manager/img/ef1a03f7c1dafd4f65549c3a312d8769.jpg_480x360x95_bdc58e28.jpg,3.0,,,具体收费情况以现场公示为主,,10
海市蜃楼,http://travel.qunar.com/p-oi19974945-haishishenlou,,,,,--,,,具体收费情况以现场公示为主,,10
