名字,链接,地址,介绍,开放时间,图片链接,评分,建议游玩时间,建议季节,门票,小贴士,Page
南澳岛Nan'ao Island,http://travel.qunar.com/p-oi707872-nanaodao,"

地址:
汕头市南澳县汕头南澳岛旅游区


电话:
0754-89802123,0754-86803033,0754-86813779

",南澳岛位于广东省和福建省交界的海域上，是一个海岛县。岛上主要有金银岛、青澳湾、黄花山国家森林公园、南澳总兵府、宋井和叠石岩等景点。南澳岛的山水景致浑然天成，因为开发的比较少，所以环境保护的不错，许多山石草木依然保留着原始的面貌，海滩风景也很优美，是小众打卡拍照胜地。另外，岛上还有些历史遗迹，闲暇之余可以逛一逛。在黄花山国家森林公园有座高山，爬到山顶能观赏一望无垠的大海，山下有几个石乌龟，很有特点。南澳总兵府和宋井都是历史遗迹，前者是明朝初期建成的，然后1983年重新修建成总兵府，对历史有兴趣的可以看看。后者顾名思义，就是宋代开掘的井，历史悠久。另有叠石岩，它是一块奇石，外形为两块巨石巍然相叠的样子，很有特色。关于交通南澳岛并不大，在岛上骑自行车或者租车、自驾都可到达各个景点，还有环岛旅游线路公交车可以乘坐。关于住宿和餐饮南澳岛的住宿主要集中在虾尾湾和青澳湾区域，总的来说，环境一般。虾尾湾位于岛的东南部，离客车站和宋井较近，宾馆以民宿为主，吃海鲜的话住这里比较好。青澳湾位于南澳岛西南侧，长山尾码头在这附近内，等于如果坐轮渡过来，本身是在青澳湾附近。看海景的话住这里比较好，傍晚还能看到美丽的海岛落日。岛上的饭店多为海鲜大排档，海鲜非常丰富，而且新鲜美味，值得品尝。,全天开放，内部小景点开放时间详情可电话咨询景区。,https://img1.qunarzz.com/travel/d7/1711/30/3bcd2fd330c942b5.jpg_480x360x95_5bd35afe.jpg,4.5,建议游览时间：3天 - 6天,4、5月和9、10月最佳。夏季最佳，岛上海风习习，又可下海嬉水，是极好的避暑之地。但夏季上岛应注意避开台风。春秋季气候宜人，除了下海游泳，还可品尝应季海鲜。冬季游客较少，由于海水温度偏低，不适宜下水。9、10月气候最适宜。,"{'南澳岛渔船观光+捕鱼体验成人票\n\n': ['¥288起'], '南澳岛渔船观光+捕鱼体验儿童票\n\n': ['¥140起'], '南澳岛浮潜体验成人票\n\n': ['¥288起']}",1、出发前请注意天气，碰到大雾天、台风，渡船是停开的。2、环岛公路有七十公里，在岛上游玩行车一百公里算正常，建议在上岛前加满油箱。3、每年农历五月，是南澳岛吃蚝旅游的最佳时间。岛上除茶叶之外的消费均以公斤计量，购买前应先问清。,1
汕头小公园Shantou Small Park,http://travel.qunar.com/p-oi3746736-shantouxiaogongyuan,,,,,,,,,,1
观海长廊Seascape Long Corridor,http://travel.qunar.com/p-oi3746738-guanhaizhanglang,,,,,,,,,,1
汕头老城Shantou Old Town,http://travel.qunar.com/p-oi10002692-shantoulaocheng,,,,,,,,,,1
汕头大学Shantou University,http://travel.qunar.com/p-oi5858342-shantoudaxue,,,,,,,,,,1
汕头中山公园Shantou Zhongshan Park,http://travel.qunar.com/p-oi702247-shantouzhongshangongyuan,,,,,,,,,,1
三囱崖灯塔Sancong Cliff Lighthouse,http://travel.qunar.com/p-oi23343955-sancongyadengta,,三囱崖灯塔位于汕头市南澳岛海边，是南澳岛网红打卡地，也是南澳县有魅力的热门小众景点 。它安静地屹立在山海交界之处，守护着附近的海域，和周遭的环境融成一幅美丽的风景。矗立在海边的灯塔，总能让人无限遐想，它不仅仅是一座会发光、照射远方的建筑物，更是英雄的象征——孤独、自由、遗世而独立，它守护生命，给船只指引方向，给人们带来希望。三囱崖灯塔四周山、海、石各种自然环境集合于此，180°以上的海面，视野非常开阔，能看到鸟屿，偶尔也能看到南彭列岛。看暖阳从海平面喷薄而出，看海浪激打海岸，没有比这更适合发呆的地方了。,,https://tr-osdcp.qunarzz.com/tr-osd-tr-manager/img/ea1e2e1186d8332dd16a66d5c04e191b.jpg_480x360x95_69407fa8.jpg,4.4,建议游览时间：0.5小时 - 1小时,,具体收费情况以现场公示为主,,1
南澳后花园村,http://travel.qunar.com/p-oi9509472-nanaohouhuayuancun,"

地址:
汕头市南澳县	

",后花园村位于南澳县东半岛中部，海岛主峰果老山北侧，海拨 350-450米之间，长年山高雾多，亚热带海洋性气候显著，空气清新。 共69户，现有人口287人，设党支部和村委会各一个，班子健全，两委交叉任职4人，党员人数15人。由后花园、牛头岭、果老山、大篮口4个自然村组成，村落相距1.5公里山路左右，耕地面积122.98 亩，山地面积4100亩，山林覆盖率80%以上，可开发的山地面积2100亩。2009年全村人年均收入3600元，村集体纯收入3.9万元。村村通工程己实现。,全天,https://tr-osdcp.qunarzz.com/tr-osd-tr-manager/img/26dc4f0a67a90208b3648d5bb0f2144e.jpg_480x360x95_feb2d0da.jpg,5.0,,,免费,,1
青澳湾Qing'ao Bay,http://travel.qunar.com/p-oi5858345-qingaowan,"

地址:
广东省汕头市南澳县336省道青澳湾旅游区


电话:
18650425596,18650427213

",青澳湾对汕头而言，就如同亚龙湾之于三亚，这段位于汕头南澳岛东侧的海湾，很容易给人留下好印象。它的海水透蓝、沙质细腻，是整个南澳岛较为漂亮的海湾，也是很多人来南澳的目的地。坐船到南澳岛后，可以在渡口直接坐环岛巴士，终点就是青澳湾。青澳湾的湾口朝东南向，湾腹很深，湾弧达2.9公里，登高俯视，就象一弯新月，成排成片的木麻黄树循着孤形沙滩蔓延开去。海浪、白沙、林带以及林中新筑的各式亭台楼阁，构成了海滩边美好的景象。青澳湾的沙滩向海延伸坡度平缓，沿岸的海水都不是很深，是比较理想的海水浴场，很适合游泳。青澳湾也是很好的住宿区域，一般来南澳岛的大部分不是选择虾尾湾就是选择青澳湾入住。如果想要看海景，青澳湾要比虾尾湾适合。这里酒店平时价格和周末相差非常多，在150元左右起伏，例如平时400元，可能周末就要500-600元了。,全年 全天开放,https://img1.qunarzz.com/travel/d4/1702/bd/ed07e5d6b2ef40b5.jpg_480x360x95_f1820e8e.jpg,4.6,建议游览时间：3小时 - 4小时,,,,1
黄花山森林公园Huanghua Mountain Forest Park,http://travel.qunar.com/p-oi710447-huanghuashansenlingong,"

地址:
汕头市南澳县南澳岛


电话:
0754-86802941

",黄花山森林公园是全国唯一的海岛国家森林公园，它的主要特色是山林野趣。面积2.06万亩，北回归线从中部横穿而过。这里三面环海，山恋重叠，林茂石奇，自然资源和人文景观十分丰富。黄花山国家森林公园热门景点： 尖山浴日、长山夕照、龟埕景区、摩崖石刻、坑道探险、凤洲望夫、牵莱园、抗日纪念馆、知青旧址。拥有102科1440多种热带、亚热带植物，其中有植物活化石竹柏、国内外珍贵的细叶葡萄、黄杨等野生盆景植物，栖息有黄嘴白鹭、蟒蛇、三线闭壳龟等40多种国家重点保护野生动物，被海内外专家学者誉为“南中国海上天然植物园”。,全年 8:30-17:30,https://img1.qunarzz.com/piao/fusion/1506/ff/79561d8fa63c32.jpg_480x360x95_69c33840.jpg,4.2,建议游览时间：12小时 - 3天,四季皆宜,具体收费情况以现场公示为主,,1
陈慈黉故居Chen Cihong Former residence,http://travel.qunar.com/p-oi5858343-chencihongguju,"

地址:
汕头市澄海区隆都镇前美村


电话:
0754-85786955

",陈慈黉故居始建于清朝宣统二年，历时近半个世纪，集陈家几代人的心血。计有郎中第、寿康里、善居室、三庐等宅第占地2.54万平方米，共有厅房506间。其中具代表性的“善居室”始建于1922年，至1939年日本攻陷汕头时尚未完工，占地6861平方米，计有大小厅房202间，是所有宅第中规模大，设计精，保存较为完整的一座。陈慈黉故居建筑风格中西合壁，总格局以传统的“驷马拖车”糅合西式洋楼，点缀亭台楼阁，通廊天桥，萦迴曲折，进之如入迷宫，乐而忘返。,全年 8:30-17:30,https://img1.qunarzz.com/piao/fusion/1610/db/f1260de5956c7a02.jpg_480x360x95_73a3ceb7.jpg,3.9,建议游览时间：2小时 - 3小时,,具体收费情况以现场公示为主,,2
塔山风景区The Tashan Scenic Area,http://travel.qunar.com/p-oi5858344-tashanfengjingqu,"

地址:
汕头市澄海市涂城乡莲上镇塔山寺道


电话:
0754-85743024

",位于汕头市北郊的塔山风景区，是以塔山寺为中心，融合人文景观与自然山水为一体的游览区。景区为游人提供了多项户外拓展项目可，包括滑道、登山、划船、骑马、野炊等，广受年轻人推崇，也是汕头人假日郊游的首选之一。绿荫丛中的塔山寺风景怡人，周遭点缀着大片果园，令游人神往，寺中有尊元代石雕观音像，极受善男信女崇拜。此外，景区中还有一座文革博物馆，是全国第一个专门讲述文革问题的博物馆，为景区增添了一分独特的气质。,全年 5:00-17:00,https://img1.qunarzz.com/travel/poi/1803/ec/34ad30bedf5d9b37.jpg_480x360x95_de51c223.jpg,4.4,建议游览时间：4小时 - 5小时,,具体收费情况以现场公示为主,,2
莲花峰Lotus Peak,http://travel.qunar.com/p-oi708094-lianhuafeng,"

地址:
汕头市潮阳区海门镇莲花峰风景区


电话:
0754-86634467,0754-86632419


官网:
http://lianhuafeng.org

",位于潮阳县海门镇的莲花峰紧邻海门湾，登高远眺，足以极目整个南海，相传文天祥当年来此见山上石头状如莲花迸裂，因而将其命名为“莲花峰”。莲花峰历史悠久，因其地理位置和地质结构，景观可谓星罗棋布，包括万人冢、终南石、忠贤祠、古炮台、奇泉井、望夫石等，而名人题字与石刻同样数不胜数。莲花峰脚下绵长的海岸线水清沙白，游人如果夏日来此弄潮戏水，另有一番，在季节适宜时，更可领略到莲花峰壮丽雄浑的春朝蒙雾等海色八景，无不是令人瞠目结舌的绚烂姿态。,周一-周四9:30-19:30 ，周五-周日9:30-21:00。,https://img1.qunarzz.com/travel/poi/1604/8a/e066aa8a911d61f7.jpg_480x360x95_d5531728.jpg,4.2,建议游览时间：3小时,四季皆宜,"{'海门莲花峰海洋文化馆门票成人票\n\n': ['¥68起'], '海门莲花峰海洋文化馆门票儿童票\n\n': ['¥38起'], '海门莲花峰海洋文化馆门票优待票\n\n': ['¥38起']}",,2
南澳岛宋井Nan'ao Island Song Well,http://travel.qunar.com/p-oi710038-nanaodaosongjing,"

地址:
汕头市南澳县南澳岛云澳镇澳前村东南海滩


电话:
0754-89802123

",宋井建于建于南宋景炎元年（1276年），为躲避元军追迫，当时的礼部侍郎陆秀夫和大将张世忠等护宋少帝退经南澳，驻扎在澳前村，并挖有供皇帝、大臣和将士兵马饮用的“龙井”、“虎井”、“马井”三口宋井，井前是怪石、沙滩、小屿和大海。这些井神奇之处在于虽然地处海滩，常被海潮掩没，但是潮退之后井水不带咸味，照样甘清甜美。宋井曾被海水淹没，但在清朝时期又复出，历年来时隐时现。其水甘淡，久存不败，为南澳之一奇迹。,全年 08:00-18:00,https://img1.qunarzz.com/travel/poi/201408/08/2c622f423e50b031c8d65eac.jpg_480x360x95_dd7af0ee.jpg,3.9,建议游览时间：0.5小时 - 1小时,四季皆宜,"{'宋井门票成人票\n\n': ['¥15起'], '宋井门票优待票\n\n': ['¥8起'], '【2-12人精品小团】潮州汕头上门接送/南澳岛秘境探索一日游\n\n': ['¥188起']}",,2
总兵府Zongbingfu,http://travel.qunar.com/p-oi5858346-zongbingfu,"

地址:
汕头市南澳县南澳岛总兵府


电话:
0754-89802123

",总兵府是明清时代南澳总兵的衙署，初期建于明朝万历四年（1576年），由当时的南澳副总兵晏继芳建造，现在的建筑是于1933年重新建造的。总兵府前现遗存有八千斤，六千斤土炮各一尊。此外，府前还有两棵大榕树，据说已有410年的树龄，其中一棵树围达14米，枝叶繁茂，生机旺盛，相传明朝末年郑成功曾在树下讲演。所以这树后人又称“招兵树”。府内右侧院墙上镶嵌着23块历代南澳保存的古碑，其中一块是中国较早的港务约法，一块税务碑，具有重要的历史文物价值。,8:30-18:00，17:00停止入场。,https://img1.qunarzz.com/travel/poi/1604/4e/558851e2ff72f9f7.jpg_480x360x95_550ee58e.jpg,4.0,建议游览时间：2小时 - 3小时,,"{'南澳总兵府门票票成人票\n\n': ['¥12起'], '金银岛门票成人票\n\n': ['¥5.5起'], '金银岛门票优待票\n\n': ['¥3起']}",,2
妈屿岛Mayu Island,http://travel.qunar.com/p-oi713826-mayudao,"

地址:
汕头市龙湖区汕头港出海口处


电话:
0754-88810841

",在汕头港出海口处，面积一平方公里。岛上有海滨浴场和食宿设施，因为面向外海，海水洁净，是市民消夏胜地。岛上有两座分别建于元代和清代的天后宫，故称妈屿。该岛也被称为“放鸡岛”，因为旧时出海的船只经过这里时，都要拿一只活鸡在天后宫放生，久而久之，岛上就成了鸡的王国。1860年英国在此设立海关，对当地施行残酷掠夺，殖民主义者贩卖劳工也是在这里集中出发。许多人未等上船就被折磨至死，岛上曾发掘出大量劳工尸骨，成为帝国主义列强侵略我国的铁证。岛上至高处海拔41米，是海湾大桥的天然桥墩。山上还建有一座巨型的娘娘石像。妈印石：来到码头，海上有块黑褐色的石头，其貌不扬，当地人叫它妈印石，相传为妈祖化神入海时的遗迹。说来也怪，这妈印石不论潮涨潮落，总是浮出海面，不被海水淹没。老妈宫：创于元代（1271至1368年），是粤东沿海较早的妈宫之一。明万历四十八年南澳副总兵何斌臣拓新之，其所撰碑记堪称妈庙史学瑰宝，已被重刻嵌墙。咸丰十一年重建，1928年扩建，1984年由港胞捐修，1993年“妈生”日重建落成。庙建筑335平方米，恢宏典雅，富丽堂皇，并筑石牌坊、大戏台、寿星石雕、亭阁、碑廊、放鸡立体嵌瓷台等。新妈宫：创于清。传说来汕办洋行泉州人吴氏，请先生选中老妈宫数十米远处作墓地，吴来看地，忽见一个大香炉，经打听知它是妈宫的，是“自己飞来的”，便带头捐资，经3年多于此建起新妈宫，比老者规模更大。1983年，由市旅游公司牵头，普宁人泰侨张伯花先生捐7万多元，公司也捐约1万元，合力重修。同年，张华云撰、高煜书碑记竖于庙前。门壁保留清代由100多块石雕石和规格石砌成，古色古香。龙柱工艺超凡，嵌瓷艳丽精美，木雕巧夺天工。海龙王庙：这是闽粤罕见之庙。处于老妈宫戏台背后，创于清初，咸丰十一年重建老妈宫时修之。1988年，新加坡北海宫主持人张德法，梦海龙王请他回祖国修庙，便先返故乡福建寻庙而无获，后闻妈屿有庙，登岛果然寻获，便为首带动共108名华侨乐捐而重修之，于1989年11月2日事竣。嵌瓷世家许梅三（已故）及其儿子，所嵌双龙夺宝、花鸟、英雄等佳品，熠熠生辉。是当代潮汕工艺珍品代表作之一。天后古庙娘娘石像：石像位于妈祖宫南侧100多米处，面朝大海。妈祖宫作为主要敬奉场所，为留住海外华侨的乡愁，连结海外华侨乡情乡谊，由汕头市工艺美术学校设计，福建省惠安县崇武丰源石制场精心刻造，大小108块石雕砌成的天后古庙娘娘石雕像，象征着欲放飞的108只和平鸽，祈求汕头港风平浪静、国泰民安、世界和平。东海普陀山寺：在新妈宫东南墙边，创自清乾隆甲午年（1774），现存大殿后墙，搭篷奉供佛像供善信祭拜，政府宗教部门已批准重建，正在筹资。寺有两块重要文物碑刻幸存，一是“东海普陀山”寺匾，上下小字刻“广东南澳镇标右营把总姚高敬题”、“乾隆三十九年（1775）二月谷旦立”；二是“开山三寺正瑞和公莲位”碑，内载正瑞大和尚共创三寺（其一东海普院山寺）、重兴五寺、修路50余里、修桥70余处，堪称大德。海关：这是潮州新关，由中国人管理，也称“常关”，为营仔山上两座平房。咸丰三年（1853年），潮州与香港贸易猛增，粤海关就在妈屿设海关，筑两座各150平方米平房（市文保单位），因此前在庵埠已设海关，故妈屿者称“潮州新关”，同治二年即1863年迁入汕头市，1901年被潮海关接管。7年后在岛南靠海处，又设立潮海关，由外国人掌管，故也称“洋关”。建一座两层洋楼为洋人头目税务司等所住（2002年被拆），附近再建两层大洋楼为海关人员住（俗称“引水楼”，1991年因属危房被拆）。天然海浴场：海浴场位于东南面，可远眺南澳岛，近观鹿屿，是约100米长月眉形海湾。沙滩平坦洁白，海水碧透清绿，是沐浴天池。两侧凤、鸾二山，怪石嶙峋，千姿百态。海滩中间，突起一座小石峰，裂痕片片似花瓣，故被称为“牡丹峰”，与左右山形成“鸾凤朝牡丹”佳景。滩顶木麻黄绿树成带，可供泳者避暑。冲淡室、餐饮室、酒楼为泳者提供种种方便。浴场海蚀岸石刻着赖少其颂妈祖诗、曾鸣“南岛奇峰”、陈大羽“听涛”等绝笔，为岛增彩。此外，岛上还有双忠庙、伯公庙、友谊亭、观海亭、醉潮楼，和附近鹿屿灯塔等古迹新景，琳琅满目，美不胜收。如今交通方便，于海湾大桥下西侧码头，停车然后乘船约1公里远即可登屿，已成为潮汕游热点。,全年 全天开放,https://img1.qunarzz.com/travel/poi/1803/79/41907922eeaa3f37.jpg_480x360x95_c93b7b7c.jpg,4.5,建议游览时间：2小时 - 3小时,夏季,具体收费情况以现场公示为主,夏季在这边烧烤是很不错的选择。,2
金银岛Treasure Island,http://travel.qunar.com/p-oi5858347-jinyindao,"

地址:
汕头市南澳县三三六省道中段


电话:
0754-89802123

",金银岛是央视《南澳岛寻宝》专题片拍摄地之一，可能是传说中吴平藏宝地。金银岛面积大约1千平方米，三面环海，碧波荡漾，岛上由天然花岗岩大石相叠而成，曲径通幽，石洞穿插，阴凉无比。在雨伞型亭子前面，坐着一位美娘子石雕像，人物造型是吴平的妹妹。她一手抚着元宝，一手接着剑柄，一副守护宝物的样子，据说摸摸她手上的元宝，还会给人带来不少“财气”呢。,8:00-17:30,https://img1.qunarzz.com/travel/d6/1703/d8/09cc0e3972acfcb5.jpg_480x360x95_6f853ebe.jpg,4.0,建议游览时间：2小时 - 3小时,,"{'宋井门票成人票\n\n': ['¥15起'], '宋井门票优待票\n\n': ['¥8起'], '金银岛门票成人票\n\n': ['¥5.5起']}",,2
礐石风景区Queshi Scenic Area,http://travel.qunar.com/p-oi706225-queshifengjingqu,,,,,,,,,,2
东征军革命史迹陈列馆Shantou Eastern Expedition Army Repository Museum,http://travel.qunar.com/p-oi710299-dongzhengjungemingshi,,,,,,,,,,2
汕头东山湖Shantou Dongshan Lake,http://travel.qunar.com/p-oi711119-shantoudongshanhu,"

地址:
广东省汕头市潮安区X078潮州太安堂豪生温泉酒店北侧约120米

",位于广东省汕头市潮阳区潮阳区的东山湖，距市区20多公里，有公共汽车往返，出行很方便。在这有日夜沸腾的温泉，建有矿泉疗养院。东山湖周围段群山上，还有不少古墓葬，其中有明代状元大钦的亭式墓冢和石刻多处。湖光山色，古墓新景，相映生趣。,全年 全天开放,https://img1.qunarzz.com/travel/poi/201408/08/777df3176fbc045dc8d65eac.jpg_480x360x95_3ee1d30f.jpg,4.2,建议游览时间：1小时 - 2小时,四季皆宜,具体收费情况以现场公示为主,,2
白花尖大庙Baihuajian Temple,http://travel.qunar.com/p-oi706472-baihuajiandamiao,,,,,,,,,,3
德华民俗文化公园,http://travel.qunar.com/p-oi711177-dehuaminsuwenhuagongyuan,,德华民俗文化园占地面积20000平方米，景区建筑以“生态、自然”为理念，充满原野气息又不失文化韵味。竹木结构的凉亭及餐厅别具风格。园内各种生态果树形态各异，一年四季均有不同的水果供游客观赏品尝。有百年橄榄、龙眼、荔枝、杨梅、柿子等。其中番石榴、黄皮等都是此处的特产。这里不仅是民间艺术展示的平台，还是民间文化技艺传承的摇篮。每逢节假日，园内设有民俗文化技艺表演，有高桩舞狮、舞麒麟、瓶内画、潮汕剪纸表演等活动，游客们能在此欣赏到一些濒临失传的民间技艺绝活...德华民俗文化园占地面积20000平方米，景区建筑以“生态、自然”为理念，充满原野气息又不失文化韵味。竹木结构的凉亭及餐厅别具风格。园内各种生态果树形态各异，一年四季均有不同的水果供游客观赏品尝。有百年橄榄、龙眼、荔枝、杨梅、柿子等。其中番石榴、黄皮等都是此处的特产。这里不仅是民间艺术展示的平台，还是民间文化技艺传承的摇篮。每逢节假日，园内设有民俗文化技艺表演，有高桩舞狮、舞麒麟、瓶内画、潮汕剪纸表演等活动，游客们能在此欣赏到一些濒临失传的民间技艺绝活。核心区主要景点有：时珍草药园、禽趣园、潮汕民俗文化走廊、鸣泉谷、曲涧飞流、莲花仙子等。长约百余米的民俗文化走廊，是以图片形式直观地展示了潮汕民俗文化。其他景点还有：钓鱼台、二次革命遗址、龟鸣石、相思湖等。园区内配套了各种休闲娱乐项目，文化旅游功能同步增强。,,https://img1.qunarzz.com/travel/poi/1409/24/a5f849354a2f64beffffffffc8d65eac.jpg_480x360x95_4e79e671.jpg,--,,,,,3
金海湾国际高尔夫球会,http://travel.qunar.com/p-oi714914-jinhaiwanguojigaoerfu,,球场差不多去到汕头(离中信球场约20多分钟)，从皇岗出发到球会要4个小时(大巴)......路途非常远(连我的地图也没球会位置)，好在大部份都走高速在加上途中停了两次休息，还不算太大问题。其实没去之前听过球友说球会一般般，不过因为要完成所有广东省球场，只有博一次看看怎么样？,,,--,,,,,3
龙泉岩Longquan Rock,http://travel.qunar.com/p-oi5155467-longquanyan,,汕头古龙泉岩位于汕头市鮀浦境内，是一处明代名胜古迹重建的旅游区。古龙泉慈善园有许多相通的石洞，自宋代起就有文人到此游览吟咏，留下许多石刻。后人在此兴建众多寺庙，山中有泉水，故曰龙泉岩。1988年列为汕头市市级文物保护单位。龙泉岩分上岩和下岩。上岩是天然石洞，巨石盖顶，可容数十人，下岩由人工筑成寺院，今存残迹。岩边还有“紫来岩”、“师贤亭、“翁公书院”等建筑。,,https://img1.qunarzz.com/travel/d5/1703/df/fb05dd2c3dde7b5.jpg_480x360x95_292359e9.jpg,4.5,建议游览时间：2小时 - 3小时,,具体收费情况以现场公示为主,,3
大峰古庙,http://travel.qunar.com/p-oi709785-dafenggumiao,,,,https://img1.qunarzz.com/travel/poi/201408/08/c5e182ef9e4f4970c8d65eac.jpg_480x360x95_a56f2e0f.jpg,--,,四季皆宜,,,3
汕头市博物馆Shantou Museum,http://travel.qunar.com/p-oi3746723-shantoushibowuguan,,,,,,,,,,3
和美·花海生态园,http://travel.qunar.com/p-oi40015137-hemeihuahaishengtaiyuan,,和美·花海生态园位于汕头市澄海区，这里有大片的格桑花、油菜花、向日葵，到了春暖花开的季节，竞相绽放，是人们赏花的好去处。,,,0.0,,,具体收费情况以景区现场公示为主,,3
竞海村龙虎湾,http://travel.qunar.com/p-oi40004543-jinghaicunlonghuwan,,竞海村龙虎湾位于汕头市潮阳区，有干净的沙滩，清澈的海水，人们可以在此抓螃蟹，捡贝壳，景色秀丽，适合散步。,,,0.0,,,具体收费情况以景区现场公示为主,,3
南阳大宗祖祠,http://travel.qunar.com/p-oi39874728-nanyangdazongzuci,,,,,0.0,,,,,3
礐石风景名胜区,http://travel.qunar.com/p-oi39736858-queshifengjingmingsheng,,,,,,,,,,3
北山湾蓝精灵漂流大世界,http://travel.qunar.com/p-oi39611973-beishanwanlanjingling,,超乎想象的游乐盛宴——北山湾蓝精灵漂流大世界，21个无动力游乐项目嗨翻天，无动力游乐园，看到孩子们在彩色的乐园里追逐、奔跑。在充满卡通、自然元素的游乐设施上玩耍，肆意挥洒着汗水。在亲子无动力乐园里肆意撒欢我们都是自然里的小精灵，只要萌娃一走进北山湾漂流大世界，就不由自主地兴奋起来，超大的户外场所放肆，赶快带着自家“神兽”来一场户外狂欢吧~  * 全园21项目通玩：1:飞天城堡、2:水上吊板、3:蜻蜓点水、4:水上起伏桥、5:滚筒、6:v型桥、7:快乐荡椅、8:高空拓展、9:空中飞人、10:爬坡组合、11:六人自行车、12:水上浮桥、13:发光秋千、14:彩虹滑道、15:网红樱花树、16:风车大门、17:粉红沙滩、18:两球蹦蹦云、19:水上荡跳、20:网红秋千、21:你追我赶12人。（不含漂流项目，漂流20元/次，30元2次）这里不仅是小孩的快乐天堂，而且是成年人休闲游乐的好地方，更多丰富多彩的游戏等你亲自来解锁~,,,0.0,,,,,4
汕头潮阳区金灶镇潮美村,http://travel.qunar.com/p-oi39610946-shantouchaoyangqujinzao,,,,,0.0,,,,,4
小北山关帝庙,http://travel.qunar.com/p-oi39588342-xiaobeishanguandimiao,,,,,0.0,,,,,4
菊池村,http://travel.qunar.com/p-oi39587533-juchicun,,,,,0.0,,,,,4
牛田洋,http://travel.qunar.com/p-oi39515030-niutianyang,,,,,0.0,,,,,4
水仙古寺,http://travel.qunar.com/p-oi39499741-shuixiangusi,,,,,0.0,,,,,4
潮汕文化公园,http://travel.qunar.com/p-oi39440096-chaoshanwenhuagongyuan,,,,,,,,,,4
潮人码头文化公园,http://travel.qunar.com/p-oi39172779-chaorenmatouwenhuagong,,,,,,,,,,4
玉皇宫,http://travel.qunar.com/p-oi39172767-yuhuanggong,,,,,--,,,,,4
表角灯塔,http://travel.qunar.com/p-oi39172742-biaojiaodengta,,,,,0.0,,,,,4
海兴禅寺,http://travel.qunar.com/p-oi39171962-haixingshansi,,,,,4.5,,,,,5
中山纪念亭,http://travel.qunar.com/p-oi39160665-zhongshanjinianting,,,,,,,,,,5
潮汕华侨历史博物馆,http://travel.qunar.com/p-oi39069809-chaoshanhuaqiaolishibo,,,,,,,,,,5
澄海冠山书院,http://travel.qunar.com/p-oi39057317-chenghaiguanshanshuyuan,,,,,4.0,,,,,5
与亨艺术,http://travel.qunar.com/p-oi39036416-yuhengyishu,,,,,,,,,,5
汕头Meland Club(华润万象城店),http://travel.qunar.com/p-oi38802142-shantoumeland_club,,,,,,,,,,5
杨枝寺,http://travel.qunar.com/p-oi38670284-yangzhisi,,杨枝寺坐落于汕头海门龙头山，从高空俯瞰，山体宛若龙头！临海而建，海风清爽，十分舒适。,,,4.3,建议游览时间：1小时 - 2小时,,具体收费情况以现场公示为主,,5
溪东合作社,http://travel.qunar.com/p-oi38627034-xidonghezuoshe,,,,,--,,,具体收费情况以现场公示为主,,5
莲花古寺,http://travel.qunar.com/p-oi38341049-lianhuagusi,,,,,,,,,,5
将军爷陵墓,http://travel.qunar.com/p-oi38340747-jiangjunyelingmu,,,,,,,,,,5
青云禅寺,http://travel.qunar.com/p-oi38340694-qingyunshansi,,,,,--,,,具体收费情况以现场公示为主,,6
灵显寺,http://travel.qunar.com/p-oi38340583-lingxiansi,,,,,--,,,具体收费情况以现场公示为主,,6
西岩寺,http://travel.qunar.com/p-oi38340581-xiyansi,,,,,5.0,,,具体收费情况以现场公示为主,,6
石潭寺,http://travel.qunar.com/p-oi38340046-shitansi,,,,,0.0,,,具体收费情况以现场公示为主,,6
北郊公园,http://travel.qunar.com/p-oi38337461-beijiaogongyuan,,,,,,,,,,6
本梦营地,http://travel.qunar.com/p-oi38336471-benmengyingdi,,本梦营地位于汕头市潮安区，环境清幽，周围是超大阳光草坪，支一顶帐篷看日落、晚霞、星空，惬意悠然。,,,0.0,建议游览时间：3小时 - 4小时,,具体收费情况以现场公示为主,,6
黄金海岸,http://travel.qunar.com/p-oi38335529-huangjinhaian,,黄金海岸是一处干净优美的海滩，沙滩、海浪、贝壳、水草等海洋生态的景象应有尽有，还有很多可供拍照的道具，是休闲娱乐的好地方。,,,4.0,建议游览时间：1小时 - 2小时,,具体收费情况以现场公示为主,,6
南滨绿地公园,http://travel.qunar.com/p-oi38335522-nanbinlu:digongyuan,,南滨绿地公园位于汕头市濠江区，是一处濒江东城市公园，这里可以健身、徒步、沐风、观海，是市民休闲遛弯的好去处。,,,4.7,建议游览时间：0.5小时 - 1小时,,具体收费情况以现场公示为主,,6
巡司埠,http://travel.qunar.com/p-oi38033313-xunsibu,,巡司埠位于汕头市濠江区，匾额是郑康钊所题，周围有“双忠古庙”、“三圣庙”、“尚武亭”、“雪耻亭”等人文景观。,,,4.0,建议游览时间：0.5小时 - 1小时,,具体收费情况以现场公示为主,,6
盛莲公园,http://travel.qunar.com/p-oi37807285-shengliangongyuan,,,,,0.0,,,,,6
潮人创客创意园,http://travel.qunar.com/p-oi37806491-chaorenchuangkechuang,,,,,,,,,,7
水母海洋世界(金砂公园店),http://travel.qunar.com/p-oi37806355-shuimuhaiyangshijie,,,,,,,,,,7
展南亭,http://travel.qunar.com/p-oi37209789-zhannanting,"

地址:
汕头市南澳县S336

",,全年 全天开放,,5.0,,,具体收费情况以现场公示为主,,7
启航广场,http://travel.qunar.com/p-oi37209782-qihangguangchang,,,,,--,,,,,7
南澳县海丝广场,http://travel.qunar.com/p-oi37204436-nanaoxianhaisiguangchang,,,,,5.0,,,具体收费情况以现场公示为主,,7
可米岛,http://travel.qunar.com/p-oi37204386-kemidao,, 可米岛并不是一个岛，而是民宿的名称。但这里风景优美，可以露营、烧烤，设备齐全，不妨约三两好友齐聚一乐。,,,0.0,建议游览时间：12小时 - 3天,,具体收费情况以现场公示为主,,7
东方公园,http://travel.qunar.com/p-oi37189978-dongfanggongyuan,,,,,,,,,,7
东山公园,http://travel.qunar.com/p-oi37189475-dongshangongyuan,,东山公园有儿童游乐区，有滑滑梯等游乐设施，公园面积较大，是散步锻炼的好去处。,,,0.0,建议游览时间：2小时,,,,7
口美公园,http://travel.qunar.com/p-oi37189440-koumeigongyuan,,,,,0.0,,,具体收费情况以现场公示为主,,7
泉塘村生态公园,http://travel.qunar.com/p-oi37189423-quantangcunshengtaigong,,,,,0.0,,,,,7
田仔地质公园,http://travel.qunar.com/p-oi37189398-tianzidizhigongyuan,,,,,,,,,,8
星湖中信全民健身广场,http://travel.qunar.com/p-oi37183447-xinghuzhongxinquanmin,,,,,,,,,,8
新宫园,http://travel.qunar.com/p-oi37182485-xingongyuan,,,,,,,,,,8
奇石根艺木雕馆,http://travel.qunar.com/p-oi36853107-qishigenyimudiaoguan,,,,,,,,,,8
东山风景区,http://travel.qunar.com/p-oi36680838-dongshanfengjingqu,,,,,--,,,具体收费情况以现场公示为主,,8
孔安堂,http://travel.qunar.com/p-oi36414384-kongantang,,,,,0.0,,,具体收费情况以现场公示为主,,8
祥符塔,http://travel.qunar.com/p-oi36414320-xiangfuta,,,,,--,,,具体收费情况以现场公示为主,,8
东岩古寺,http://travel.qunar.com/p-oi36414193-dongyangusi,,,,,5.0,,,具体收费情况以现场公示为主,,8
陇田海滨浴场,http://travel.qunar.com/p-oi36413564-longtianhaibinyuchang,"

地址:
田心高速收费口出口右转800米处


电话:
13902715500

",,春季、夏季、秋季 周一至周日 07:00-23:00,,--,,,具体收费情况以现场公示为主,,8
石林湖,http://travel.qunar.com/p-oi36413472-shilinhu,,,,,,,,,,8
西凤村生态公园,http://travel.qunar.com/p-oi36413411-xifengcunshengtaigong,,,,,0.0,,,具体收费情况以现场公示为主,,9
蓬沙书院,http://travel.qunar.com/p-oi36412790-pengshashuyuan,,,,,0.0,,,,,9
华严寺,http://travel.qunar.com/p-oi36412648-huayansi,,,,,4.0,,,具体收费情况以现场公示为主,,9
七日红公园,http://travel.qunar.com/p-oi36412459-qirihonggongyuan,,,,,0.0,,,具体收费情况以现场公示为主,,9
深澳古城公园,http://travel.qunar.com/p-oi36411936-shenaoguchenggongyuan,"

地址:
后公路(深澳中学边全)

",,全年 01:00-00:00,,--,,,具体收费情况以现场公示为主,,9
圣王庙,http://travel.qunar.com/p-oi36411604-shengwangmiao,,,,,0.0,,,具体收费情况以现场公示为主,,9
塔山古寺,http://travel.qunar.com/p-oi36411210-tashangusi,,,,,--,,,具体收费情况以现场公示为主,,9
城南公园,http://travel.qunar.com/p-oi36411067-chengnangongyuan,,,,,0.0,,,,,9
大帝爷宫,http://travel.qunar.com/p-oi36410899-dadiyegong,,,,,,,,,,9
西园,http://travel.qunar.com/p-oi36410602-xiyuan,,,,,5.0,,,具体收费情况以现场公示为主,,9
观音观,http://travel.qunar.com/p-oi36409994-guanyinguan,,,,,,,,,,10
溪翁公祠,http://travel.qunar.com/p-oi36408063-xiwenggongci,,,,,0.0,,,具体收费情况以现场公示为主,,10
秘密交通线汕头中站旧址,http://travel.qunar.com/p-oi36407974-mimijiaotongxianshantou,,,,,,,,,,10
锦峰·柏嘉运动公园,http://travel.qunar.com/p-oi36407824-jinfengbojiayundonggong,,,,,,,,,,10
海天之间东亚风情沙滩,http://travel.qunar.com/p-oi36407759-haitianzhijiandongyafeng,,,,,0.0,,,具体收费情况以现场公示为主,,10
潮阳西环山森林公园,http://travel.qunar.com/p-oi36406816-chaoyangxihuanshansen,"

地址:
汕头市潮阳区国道324线潮阳段城西大道西50米入口

",公园依山而建，古岩、古寺、风景名胜古建筑和遗址较多，特色资源特征较显著。,全年 07:00-16:30,,5.0,建议游览时间：1小时 - 2小时,,具体收费情况以现场公示为主,,10
腾辉塔,http://travel.qunar.com/p-oi36406775-tenghuita,,腾辉塔位于汕头市龙湖区，又称蓬洲塔、鸥汀塔，塔门向北，塔身为六角形，外观分为7层，每层六面均开有拱形小窗，造型独特。,,,0.0,建议游览时间：0.5小时 - 1小时,,,,10
双泉公园,http://travel.qunar.com/p-oi36406566-shuangquangongyuan,,,,,,,,,,10
古雪岩,http://travel.qunar.com/p-oi36406099-guxueyan,,,,,5.0,,,,,10
晴波塔,http://travel.qunar.com/p-oi36405919-qingbota,,,,,0.0,,,,,10
