名字,链接,地址,介绍,开放时间,图片链接,评分,建议游玩时间,建议季节,门票,小贴士,Page
海棠山风景区Haitang Mountain,http://travel.qunar.com/p-oi703046-haitangshanfengjingqu,"

地址:
阜新市阜新蒙古族自治县大板镇大板村西北2公里处


电话:
0418-8204444,0418-8210034


官网:
http://www.htsfjq.cn/

",海棠山风景区位于阜新市东南22公里，是东北三大名山之一医巫闾山的后尾之主峰。海棠山风光四季皆美：春季可赏满山杜鹃、樱桃、杏花争艳竞放；夏季清凉幽静，是避暑佳地；秋游海棠山可见满山红叶，秋意甚美；而冬季的银装素裹让人犹如身处仙境。海棠山上建有藏传佛教风格的普安寺，寺庙周围的摩崖造像堪称一大奇观，这些摩崖造像是藏传佛教黄教传入阜新后镌刻而成。据史料记载，1683年由西藏善同寺扎萨克（总管）喇嘛章嘉活佛率门徒到此山雕刻造像，这些造像继承了晚唐传统雕刻工艺，又融合了外来艺术的精华，雕功精湛。这里的摩崖佛像种类繁多，从山间到山巅，现保存完好的佛像260多尊，它们高为5米，较小的仅0.3米。有些佛龛上下左右刻有蒙、满、藏、梵和汉文字，有的涂有彩绘。这些摩崖造像的神态千姿百态，有的面含微笑、慈眉善目；有的圆睁怒目、威风凛凛。众多的佛像中，以释迦牟尼、观音菩萨、弥勒佛、红绿度母、金刚力士、欢喜佛、千手千眼佛、天王佛、三头六臂佛、阿修罗等佛像为代表。其中，藏传佛教黄教创始人宗喀巴造像雕刻在一块高大凸起的岩石上，格外醒目。,8:00-17:00,https://img1.qunarzz.com/travel/d0/1701/a7/08eff3fde365d4b5.jpg_480x360x95_50149057.jpg,4.6,建议游览时间：2小时 - 3小时,,"{'海棠山门票成人票\n\n': ['¥45起'], '海棠山电子导览服务大小同价\n\n': ['¥6起']}",,1
海州露天矿国家矿山公园Haizhou Open-Pit Mine Park,http://travel.qunar.com/p-oi707067-haizhoulutiankuangguo,,海州露天矿国家矿山公园是亚洲第一、世界闻名的现代化大型露天煤矿，在公园游览时也能领略大规模现代化煤炭生产的壮观场面。置身其间，不能不为大自然的神秘而惊叹。海州露天矿国家矿山公园是在露天采矿遗址上建立的集旅游观光、商务休闲、科普实践、传统教育、工业忆旧、探险体验于一体的世界现代工业遗产旅游项目。,,https://img1.qunarzz.com/travel/d0/1711/9e/57a3f70d03b090b5.jpg_480x360x95_c598fee1.jpg,4.6,建议游览时间：1小时,,具体收费情况以现场公示为主,,1
乌兰木图山,http://travel.qunar.com/p-oi722460-wulanmutushan,"

地址:
辽宁省阜新蒙古族自治县八家子乡

",阜蒙县八家子乡境内的乌兰木图山，早年叫阿力玛图山。两个名都是蒙语的音译，前者汉译为“有红色树木之山”，后者译为“有梨之山”。梨山之名更久。　　这座山的主峰叫锅底山，海拔高度831.4米，是阜新市第一高峰。站在主峰上近观远眺，收入眼帘的处处是美丽的图画。看近处，只见18个山头兀立，岩壁陡峭，沟谷幽深，峰峰形状各异，有的如万仞城墙，有的象摩天大楼，有的峻峭像华山迁来，有的雄伟似泰山移至。老头山、长蛇山、虎头山，像人形，类兽状，鬼斧神工，令人叫绝。　　站在...阜蒙县八家子乡境内的乌兰木图山，早年叫阿力玛图山。两个名都是蒙语的音译，前者汉译为“有红色树木之山”，后者译为“有梨之山”。梨山之名更久。　　这座山的主峰叫锅底山，海拔高度831.4米，是阜新市第一高峰。站在主峰上近观远眺，收入眼帘的处处是美丽的图画。看近处，只见18个山头兀立，岩壁陡峭，沟谷幽深，峰峰形状各异，有的如万仞城墙，有的象摩天大楼，有的峻峭像华山迁来，有的雄伟似泰山移至。老头山、长蛇山、虎头山，像人形，类兽状，鬼斧神工，令人叫绝。　　站在主峰南望，阜新市区、阜蒙县城、新邱区、清河门区历历在目；向东北方极目远眺，内蒙古科尔沁沙地的白色沙丘如雪；环顾四周，山水林田，村屯农舍，尽收眼底，大好河山景色秀美，令人心旷神怡。当春夏之际，看山下大地一片葱绿，阡陌纵横，似画卷，类棋盘。金秋时节，只见大地镶金铺玉。有幸遇到云海，人在云上，山在云中，恰似身临仙境，从红尘万丈的城市来到这幽静的山中，真是难得的享受。　　梨山这幅图画，四时景不同，八方色各异。真是：春有百花秋有月，夏有凉风冬有雪。东看青山西观丘，南望城池北眺沙。,6：00-18：00,,--,,,10元,,1
三塔沟Santa Ditch (Northeast Gate),http://travel.qunar.com/p-oi722461-santagou,"

地址:
阜新市阜新蒙古族自治县大板镇境内

","三塔沟风景区以山青、林密、水秀、石奇为主要特色,给游客以青、秀、幽、奇等美的感受,旅游区内森林景观多样,季相变化明显。峰险谷秀,溪水去流；奇石天成,规模宏大；环境幽静,水草丰美,是野生动物乐园。人文景观丰富,能引起游人思古之幽情。三塔沟之名源于三塔景区内的辽代三塔遗址。奇石景区山势险峻,怪石林立。松涛景区内油松风景林,绵延十余里,松林高低错落,疏密得体。青龙山景区的青龙山峰海拔736.7米,登临山顶,整个阜新市区全貌可尽收眼底。",全年 8:00-17:00,https://img1.qunarzz.com/travel/poi/1803/cb/e4792d492b01a537.jpg_480x360x95_cae25aab.jpg,4.1,建议游览时间：1小时,,具体收费情况以现场公示为主,,1
瑞应寺Ruiying Temple,http://travel.qunar.com/p-oi711786-ruiyingsi,"

地址:
辽宁省阜新蒙古族自治县佛寺镇佛寺村


电话:
0418-8833175,0418-8171909


官网:
http://www.ruiyingsi.com/

",瑞应寺三面环山，卧谷十里，大雄宝殿、大召寺、长寿塔、祈愿殿、活佛宫、哲学院等藏式佛教建筑群与佛寺水库自然景观交相辉映，浑然天成，是蒙古族东部地区著名的朝拜圣地，素有“小布达拉宫”美誉，民间称“东藏”。目前，在瑞应寺持戒修行的七世活佛是全国仅有的六位活佛之一，每年来这里进香、请活佛摩顶祈求家庭合睦、事业腾达、亲人平安的信众络绎不绝。,全年 07:30-17:00,https://img1.qunarzz.com/p/tts9/1806/83/d6992c8eaa3c8f02.jpg_480x360x95_42226299.jpg,4.6,建议游览时间：1小时 - 2小时,,"{'瑞应寺门票成人票\n\n': ['¥28起'], '瑞应寺门票老人票\n\n': ['¥15起'], '瑞应寺电子导览服务大小同价\n\n': ['¥6起']}",,1
海棠山普安寺,http://travel.qunar.com/p-oi38941873-haitangshanpuansi,,,,,,,,,,1
七家子水库,http://travel.qunar.com/p-oi38341031-qijiazishuiku,,,,,5.0,,,具体收费情况以现场公示为主,,1
松涛湖风景区,http://travel.qunar.com/p-oi38340688-songtaohufengjingqu,,,,,--,,,具体收费情况以现场公示为主,,1
Mural of Aviator Amelia EarhartMural of Aviator Amelia Earhart,http://travel.qunar.com/p-oi38339192-mural_of_aviator_amel,,,,https://flight-feed.qunarzz.com/as3/456/image/poi_vishnu/00628847-d27f-4956-888e-f2874fa7ff5f.jpg,0.0,,,,,1
Telegraph MuseumTelegraph Museum,http://travel.qunar.com/p-oi38338112-telegraph_museum,,,,https://flight-feed.qunarzz.com/as3/456/image/poi_vishnu/26ad95a5-d84e-490a-afaf-f0015b5f2e59.jpg,0.0,,,,,1
Burmese PoolBurmese Pool,http://travel.qunar.com/p-oi38337699-burmese_pool,,,,https://flight-feed.qunarzz.com/as3/456/image/poi_vishnu/79983a6b-413e-4055-b845-c815a88c50bd.jpg,0.0,,,,,2
阜新百年国际赛道城军事嘉年华,http://travel.qunar.com/p-oi37784552-fuxinbainianguojisaidao,"

地址:
辽宁省阜新市新邱区中部路赛道城


电话:
04186624345

",阜新百年国际赛道城军事主题嘉年华，是在阜新地区实践论证的一种大规模沉浸式、互动式、公益性与商业性有机结合的教育新模式。阜新百年国际赛道城军事主题嘉年华所包含的项目有钢铁洪流观摩表演、坦克搭乘、装甲步战车搭乘、七彩滑道、儿童坦克驾乘、山地车驾乘、激光爆屏机、影像射击等特色项目，实现军事IP与娱乐IP有机结合。阜新百年国际赛道城军事主题嘉年华同时推出研学、党建、拓展项目，项目包括战地五项、自救互救、野外求生、帐篷营区住宿等军旅体验。欢迎广大军事爱好者前来参观体验。,全年 09:00-17:00,,5.0,建议游览时间：12小时 - 3天,,,,2
彰武县博物馆,http://travel.qunar.com/p-oi36258792-zhangwuxianbowuguan,,,,,--,,,具体收费情况以现场公示为主,,2
红帽子东山Red Hat Dongshan Mountain,http://travel.qunar.com/p-oi35678559-hongmaozidongshan,,,,,--,,,具体收费情况以现场公示为主,,2
紫都台桥Zidutai Bridge,http://travel.qunar.com/p-oi35677436-zidoutaiqiao,,,,,--,,,具体收费情况以现场公示为主,,2
紫都台镇文化站Zidutai Town Cultural Center,http://travel.qunar.com/p-oi35677171-zidoutaizhenwenhuazhan,,,,,--,,,具体收费情况以现场公示为主,,2
紫都台镇Zidutai Town,http://travel.qunar.com/p-oi35677059-zidoutaizhen,,,,,--,,,具体收费情况以现场公示为主,,2
大有亨Dayouheng Village,http://travel.qunar.com/p-oi35320313-dayouheng,,,,,--,,,具体收费情况以现场公示为主,,2
十八盘生态家庭农场,http://travel.qunar.com/p-oi35300918-shibapanshengtaijiating,,,,,--,,,具体收费情况以现场公示为主,,2
额奔德尔Ebendeer Village,http://travel.qunar.com/p-oi35255258-ebendeer,,,,,--,,,具体收费情况以现场公示为主,,2
塔营子古城址Tayingzi Ancient Town Site,http://travel.qunar.com/p-oi35216506-tayingziguchengzhi,,,,,3.0,,,具体收费情况以现场公示为主,,3
吉祥寺Jixiang Temple,http://travel.qunar.com/p-oi35216043-jixiangsi,,吉祥寺位于阜新县，从远处看，该寺坐东北、朝西南，寺庙依山傍水，碧瓦金顶蔚为壮观，殿堂内供奉着诸佛菩萨。,,,--,建议游览时间：1小时 - 2小时,,具体收费情况以现场公示为主,,3
阜新黄家沟水上乐园有限公司,http://travel.qunar.com/p-oi35214922-fuxinhuangjiagoushuishang,,黄家沟水上乐园是一家以夏季水上体验为主的乐园，水上乐园共引进巨兽碗滑梯、冲天回旋滑梯、大喇叭滑梯、高速滑梯、竞速滑梯、儿童戏水池、欢乐互动大水寨、海啸池、漂流河等共计12项大型水上游乐设备。,,,--,,,,,3
阜新蒙古族自治县蒙古贞博物馆Fuxin Mengguzu Zizhixian Mengguzhen Museum,http://travel.qunar.com/p-oi34273255-fuxinmengguzuzizhixian,"

地址:
阜新市阜蒙县文化路74号

",,全年 周二-周日 9:00-16:00,,--,,,免费,,3
蒙古贞博物馆Mengguzhen Museum,http://travel.qunar.com/p-oi34271554-mengguzhenbowuguan,,,,,--,,,免费,,3
关山畜牧场分场Guanshan Livestock Farm Branch,http://travel.qunar.com/p-oi27337949-guanshanchumuchangfen,,,,,5.0,,,具体收费情况以现场公示为主,,3
CNY Lion DanceCNY Lion Dance,http://travel.qunar.com/p-oi26762104-cny_lion_dance,,,,,0.0,,,,,3
Taman Lake ViewTaman Lake View,http://travel.qunar.com/p-oi26750081-taman_lake_view,,,,https://flight-feed.qunarzz.com/as3/203/image/poi_vishnu/3d42a394-32e3-48a6-8bb5-288ba75c1e39.jpg,0.0,,,,,3
毛岭沟景区,http://travel.qunar.com/p-oi26630567-maolinggoujingqu,,,,,--,,,,,3
Wonder Farm MushroomWonder Farm Mushroom,http://travel.qunar.com/p-oi25835063-wonder_farm_mushroom,,这是个有趣的农场，这里有各种各样的蘑菇，可以了解到关于食用蘑菇的很多信息。,,https://flight-feed.qunarzz.com/as3/203/image/poi_vishnu/317f896b-b6d7-4475-9e58-641a68c49294.png_480x360_8d76d182.png,--,建议游览时间：12小时 - 3天,,,,3
New Clock TowerNew Clock Tower,http://travel.qunar.com/p-oi24496955-new_clock_tower,,,,,,,,,,4
月亮广场步行街YueLiang GuangChang BuXingJie,http://travel.qunar.com/p-oi24441419-yueliangguangchangbuxing,,,,,--,,,具体收费情况以现场公示为主,,4
铜锣湾景观商业街TongLuoWan JingGuan ShangYeJie,http://travel.qunar.com/p-oi24441417-tongluowanjingguanshang,,,,,--,,,具体收费情况以现场公示为主,,4
财富商业步行街CaiFu ShangYe BuXingJie,http://travel.qunar.com/p-oi24441412-caifushangyebuxingjie,,,,,--,,,具体收费情况以现场公示为主,,4
太平湖滨公园Taiping Lake Gardens,http://travel.qunar.com/p-oi24417884-taipinghubingongyuan,"

地址:
Jalan Pekeliling, Taman Tasik Taiping, 34000 Taiping, Perak, 马来西亚


电话:
+60 17-546 0464


官网:
http://facebook.com

",,全年 全天开放,https://flight-feed.qunarzz.com/as3/203/image/poi_vishnu/18d6d9d4-9626-4601-9539-7b4131f2d1c0.png_480x360_41232860.png,0.0,建议游览时间：2小时 - 3小时,,,,4
玉龙古村Yulong Ancient Village,http://travel.qunar.com/p-oi24409550-yulonggucun,"

地址:
辽宁省阜新蒙古族自治县沙拉镇查海村

",,全年 8:00-18:00,,--,,,具体收费情况以现场公示为主,,4
阜新万人坑Fuxin Slaughter Hole,http://travel.qunar.com/p-oi23342514-fuxinwanrenkeng,,,,,--,,,,,4
月亮湾森林公园Yueliangwan Forest Park,http://travel.qunar.com/p-oi23341960-yueliangwansenlingong,,月亮湾森林公园辽宁省阜新市，园内还有一个吊桥，走在上边身体是摇摇晃晃的，吊桥旁边是一片花海，有洁白的梨花，深粉红色樱桃花，争奇斗艳，竟相开放。,,https://tr-osdcp.qunarzz.com/tr-osd-tr-manager/img/1137e97999e74009f144dd348fa53586.jpg_480x360x95_96606f99.jpg,0.0,建议游览时间：1小时 - 2小时,,,,4
玉龙公园Yulong Park (Renmin Street),http://travel.qunar.com/p-oi23341958-yulonggongyuan,,,,,0.0,,,具体收费情况以现场公示为主,,4
辽宁工程技术大学Liaoning Technical University,http://travel.qunar.com/p-oi23060020-liaoninggongchengjishu,,,,,--,,,,,4
"Matang Mangrove Forest Reserve, Kuala SepetangMatang Mangrove Forest Reserve, Kuala Sepetang",http://travel.qunar.com/p-oi22855672-matang_mangrove_fores,"

电话:
+60 12-514 5023

",,全年 8:00-22:00,https://flight-feed.qunarzz.com/as3/476/image/poi_vishnu/ce4e13c2-4890-4457-aeb0-26023a9d22cb.jpg,0.0,,,,,5
Bukit LarutBukit Larut,http://travel.qunar.com/p-oi22808007-bukit_larut,,Bukit Larut是马来西亚霹雳州的山峰，山上草木葱郁，空气清新，景色优美。,,https://flight-feed.qunarzz.com/as3/203/image/poi_vishnu/13c84672-f566-4f2f-816a-52a61ab7ccac.jpg,4.0,建议游览时间：2小时 - 3小时,,,,5
All Saints' ChurchAll Saints' Church,http://travel.qunar.com/p-oi22720107-all_saints_church,,教堂建于1886年，外观采用木制建造，哥特式设计风格非常亮眼。教堂里尤为吸睛的是1911年安装的彩色玻璃窗，这件艺术品在战争中幸存了下来，至今依然保持完好，令人惊讶。,,https://flight-feed.qunarzz.com/as3/479/image/poi_vishnu/6378bb35-cf2a-4ee2-9d9a-6664c5916fa8.jpg,0.0,建议游览时间：1小时 - 2小时,,,,5
十家子玛瑙城Shijiazi Agate City,http://travel.qunar.com/p-oi22661483-shijiazimanaocheng,,十家子玛瑙城位于阜蒙县十家子镇，占地1万平方米，是国家工业旅游示范点、辽宁省十大旅游纪念品市场之一，也是全国玛瑙加工、集散和文化中心。这里有上千种样式的玛瑙制品，可以细细挑选。阜新有“中国玛瑙之都”之称，玛瑙产量占全国70%以上。阜新玛瑙雕有一千多年历史，是国家首批非物质文化遗产，具有巧、俏、绝特点，从三国到清末一直是宫廷贡品，中国故宫博物院收藏的玛瑙雕刻《水帘洞》就产自阜新。两年一届的“中国·阜新玛瑙节”，会有30多万名海内外客商及游客云集于此，欣赏和购买玛瑙工艺品。,,,0.0,建议游览时间：1小时 - 3小时,,具体收费情况以现场公示为主,,5
Aun Tong Coffee MillAun Tong Coffee Mill,http://travel.qunar.com/p-oi20974902-aun_tong_coffee_mill,,该地位置非常便利，靠近城镇，可以进入磨坊区观看咖啡生产过程。,,,5.0,建议游览时间：1小时 - 2小时,,,,5
"霹雳州太平清远会馆Qingyuan Guild Hall, Taiping, Perak",http://travel.qunar.com/p-oi20969574-pilizhoutaipingqingyuan,,霹雳州太平清远会馆，位于马来西亚太平，是一个非常有名的展览馆，游客不仅可以欣赏精美的展品，还可以了解更多马来西亚的历史。,,,4.6,建议游览时间：1小时 - 2小时,,,,5
First GalleriaFirst Galleria,http://travel.qunar.com/p-oi20966259-first_galleria,"

地址:
PWD 105, Station Road, Taiping 34000, Malaysia


电话:
+60 5-805 1501

",First Galleria一带是马来西亚深度游和自驾游的优选路线之一，风景优美，景色很美值得来一趟。,"全年 周日 12:30-17:30;全年 周一-周四,周六 09:30-17:30;全年 周五 09:30-12:30",https://flight-feed.qunarzz.com/as3/203/image/poi_vishnu/962f4e2b-094c-4113-b8c8-cb8789bff3ee.jpg,4.8,建议游览时间：1小时 - 2小时,,,,5
Kota Ngah IbrahimKota Ngah Ibrahim,http://travel.qunar.com/p-oi20964247-kota_ngah_ibrahim,,,,https://flight-feed.qunarzz.com/as3/365/image/poi_vishnu/f5aa6072-3a85-4cfb-86c9-b7808d221401.jpg,5.0,建议游览时间：2小时 - 3小时,,,,5
佛寺水库Fosi Reservoir,http://travel.qunar.com/p-oi20956350-fosishuiku,,佛寺水库，在瑞应寺（佛喇嘛寺）东山脚下，水中泛舟，如镜的水面潋滟着波光伸向遥远的水天相接处，烟波氤氲，两岸青山倒映在水中。诗中有画，画中有诗，水光山色，浑然一体。水中有青、草、鲢、胖头，泰湖银鱼等，还有池沼虾，野生的河蚌、甲鱼等。,,https://img1.qunarzz.com/travel/poi/1807/8f/c2d19e2e4df27f37.jpg_480x360x95_13bba7a8.jpg,5.0,建议游览时间：1小时 - 3小时,,具体收费情况以现场公示为主,,5
抚顺平顶山惨案纪念馆Fuxin Pingdingshan Mass Grave Memorial,http://travel.qunar.com/p-oi20922391-fushunpingdingshancan,"

地址:
太平区孙家湾南山

",,全年 6:00-20:00,https://tr-osdcp.qunarzz.com/tr-osd-tr-manager/img/d0c661495c683d3350ecbc787616d337.jpg_480x360x95_9ea08947.jpg,0.0,建议游览时间：2小时 - 3小时,,具体收费情况以现场公示为主,,5
三一八公园Sanyiba Park,http://travel.qunar.com/p-oi20719904-sanyibagongyuan,,三一八公园是为纪念阜新市解放而建的一座公园，园内有百花园、山水园、树木园、秋景园、纪念区、儿童乐园、水上游览区等区块，自然风景秀丽，设施完善。,,https://tr-osdcp.qunarzz.com/tr-osd-tr-manager/img/0b7691362ab58b83925d6db4c2ad634f.jpg_480x360x95_26d95791.jpg,4.7,建议游览时间：2小时 - 3小时,,具体收费情况以现场公示为主,,6
阿尔乡文化广场A'erxiang Culture Square,http://travel.qunar.com/p-oi19978110-aerxiangwenhuaguangchang,,,,,,,,,,6
三一八公园-北中门,http://travel.qunar.com/p-oi19977702-sanyibagongyuan_beizhong,,,,https://tr-osdcp.qunarzz.com/tr-osd-tr-manager/img/5509bb477d27a18f16037b711b1c7f50.jpg_480x360x95_e2e81ffa.jpg,4.5,,,,,6
高山台公园Zhangwu Gaoshantai Forest Park,http://travel.qunar.com/p-oi19977547-gaoshantaigongyuan,,高山台森林公园景色优美，有烽火台、森林、花海、寺院等景观，吸引众多游客前来参观。,,https://tr-osdcp.qunarzz.com/tr-osd-tr-manager/img/9883345165de39a940eefb740c50de52.jpg_480x360x95_2402e452.jpg,0.0,建议游览时间：2小时 - 3小时,,具体收费情况以现场公示为主,,6
藏轩休闲广场Cangxuan Leisure Square,http://travel.qunar.com/p-oi19977489-zangxuanxiuxianguangchang,,,,,--,,,,,6
彰武体育休闲广场Zhangwu Sports Leisure Square,http://travel.qunar.com/p-oi19977481-zhangwutiyuxiuxianguang,,,,,--,,,具体收费情况以现场公示为主,,6
建设广场Construction Square,http://travel.qunar.com/p-oi19976572-jiansheguangchang,,,,,--,,,具体收费情况以现场公示为主,,6
文化广场Cultural Plaza,http://travel.qunar.com/p-oi19976482-wenhuaguangchang,,,,,--,,,具体收费情况以现场公示为主,,6
解放广场Jiefang Square,http://travel.qunar.com/p-oi19976281-jiefangguangchang,,,,https://tr-osdcp.qunarzz.com/tr-osd-tr-manager/img/6bda9bccbcbc7bcde870dc49876c4f23.jpg_480x360x95_635ebf99.jpg,0.0,,,具体收费情况以现场公示为主,,6
天歌广场Tiange Square,http://travel.qunar.com/p-oi19976215-tiangeguangchang,,,,,--,,,具体收费情况以现场公示为主,,6
正觉寺Zhengjue Temple,http://travel.qunar.com/p-oi19976039-zhengjuesi,,,,,--,,,具体收费情况以现场公示为主,,7
四海休闲广场Sihai Leisure Square,http://travel.qunar.com/p-oi19975983-sihaixiuxianguangchang,,,,,3.0,,,具体收费情况以现场公示为主,,7
三沟精神纪念馆Sangoujingshen Memorial Hall,http://travel.qunar.com/p-oi19974974-sangoujingshenjinianguan,,,,https://tr-osdcp.qunarzz.com/tr-osd-tr-manager/img/f04490d1cfb4ce94c69a05342bb36db4.jpg_480x360x95_372e7bea.jpg,0.0,,,具体收费情况以现场公示为主,,7
欣盛广场Xinsheng Square,http://travel.qunar.com/p-oi19968533-xinshengguangchang,,,,,--,,,具体收费情况以现场公示为主,,7
新世纪广场Xinshiji Square,http://travel.qunar.com/p-oi19968514-xinshijiguangchang,,,,,--,,,具体收费情况以现场公示为主,,7
开发广场Kaifa Square,http://travel.qunar.com/p-oi19968505-kaifaguangchang,,,,,,,,,,7
红玛瑙广场Hongmanao Square,http://travel.qunar.com/p-oi19968496-hongmanaoguangchang,,,,,--,,,具体收费情况以现场公示为主,,7
东瓦村文化广场Dongwacun Culture Square,http://travel.qunar.com/p-oi19968492-dongwacunwenhuaguangchang,,,,,--,,,,,7
彰武大觉寺Zhangwudajue Temple,http://travel.qunar.com/p-oi19968098-zhangwudajuesi,,,,,--,,,具体收费情况以现场公示为主,,7
高山风电景区Gaoshanfengdian Sceneic Area,http://travel.qunar.com/p-oi19968092-gaoshanfengdianjingqu,,高山风电景区位于阜新市新邱区，海拔一千三百多米，风力发电机组矗立在高山草甸之上，风叶缓缓转动，美不胜收。,,,--,建议游览时间：3小时 - 4小时,,具体收费情况以现场公示为主,,7
铁路南驿园Railway Nanyi Garden,http://travel.qunar.com/p-oi19968091-tielunanyiyuan,,,,,--,,,具体收费情况以现场公示为主,,8
金刚城报恩禅寺Jingangcheng Bao Enchan Temple,http://travel.qunar.com/p-oi19968089-jingangchengbaoenshan,,2008年开始兴建，是一座时间较短的寺庙，因为“将此身心奉尘刹，是则名为报佛恩”而得名。,,,0.0,建议游览时间：1小时 - 2小时,,具体收费情况以现场公示为主,,8
福宇文化园Fuyu Museum,http://travel.qunar.com/p-oi19968088-fuyuwenhuayuan,"

地址:
阜新市太平区东光路36号


电话:
15042528911,18041809198

",福宇博物馆是辽西地区的一家民间历史博物馆，始建于2011年7月，至2015年7月方始运营，馆内藏品涵盖红山文化、契丹文化、藏传佛教文化、蒙古贞文化、古典家具文化等五种文化类型，数量达上万件。福宇博物馆是集展览、研究、典藏、教育、推广等功能于一体的专业性民间历史博物馆，展示了阜新地域多民族文化的独特魅力，走进福宇博物馆，映入眼帘的是博物馆的三层藏品展厅，分别是一层石雕区、二层藏传教文化和蒙古贞文化，三层红山文化和契丹文化。穿过博物馆，碧波凉亭的南北两侧是福宇红木家具馆，南楼一层为礼品中心及明清时期古典家具展示厅，二层以福宇红木家具厂自己打造的红木家具为主，三层以代理红木品牌家具为主；北楼一层、二层为简约家装红木家具为主，三层主打高端红木材质家具为主。通过青砖碧瓦的三大建筑所看到一排简约的平房和满是壁画的长廊，这里是博物馆内的古典住宿区，以简洁的设计理念，提供的舒适的休闲住宿区。穿过长廊，看到悠曲绵长的石磨小路和四栋高大的徽派建筑物。仿佛别样洞天，一下子就来了江南水乡，六角凉厅，碧水蓝湾，竹节栅栏。靠近东面的三栋建筑，为江南古典民宿体验区，每个房间都有自己的特色，如入住江南别院，只缺打着油纸伞的窈窕美女。走到悠曲绵长的石磨小路的尽头，就是福宇古典民宿酒店的餐厅。餐厅内有各具特色的八个厅，分别是杭州厅、苏州厅、嘉兴厅、常州厅、绍兴厅、宁波厅、扬州厅、芜湖厅，装修风格主打江南派，提供当地的特色美食。,全年 09:00-17:00,,5.0,建议游览时间：2小时 - 3小时,,30元,,8
张三丰仙居Residence of Zhang Sanfeng,http://travel.qunar.com/p-oi19968084-zhangsanfengxianju,,山门前广场处矗立着张三丰塑像，广场左右两侧有着不同材质的原石堆垒。左边垒门，右边垒就广场，石上镌刻‘张三丰故里’的字样。故居为一进式四合院，跦红院墙内皆青砖瓦舍。由角门入内，钟鼓楼分列两旁，鼓楼旁有两通清光绪三十年间的石碑，为张三丰后人祭拜祖先的文字。中轴线上为山门、前殿，后殿。前殿为三圣殿，后殿即主殿为张三丰正尊所在处。,,https://tr-osdcp.qunarzz.com/tr-osd-tr-manager/img/08b39c4168c0454213abf0d88478b47b.jpg_480x360x95_095392a6.jpg,5.0,建议游览时间：1小时 - 2小时,,具体收费情况以现场公示为主,,8
基督教堂Christ Church,http://travel.qunar.com/p-oi19968079-jidujiaotang,,,,,--,,,具体收费情况以现场公示为主,,8
龙华寺Longhua Temple,http://travel.qunar.com/p-oi19968076-longhuasi,,,,,--,,,具体收费情况以现场公示为主,,8
辽西地质古生物博物馆Liaoxi Dizhi Gusheng Museum,http://travel.qunar.com/p-oi19968064-liaoxidizhigushengwubo,,,,,4.5,,,具体收费情况以现场公示为主,,8
南山纪念园Nanshan Memorial Park,http://travel.qunar.com/p-oi19968048-nanshanjinianyuan,,,,,0.0,,,具体收费情况以现场公示为主,,8
永灵珍奇博物馆Yonglingzhenqi Museum,http://travel.qunar.com/p-oi19968047-yonglingzhenqibowuguan,,永灵珍奇博物馆建筑面积五千九百多平米，是东北较大的珍奇博物馆，内设化石、根石艺术、它山之石、阜新玛瑙、矿物晶体、工艺美术、昆虫标本等数十个展厅，馆藏丰富。,,https://tr-osdcp.qunarzz.com/tr-osd-tr-manager/img/182cca6a4eb9fd7f9cc9a710e89fd517.jpg_480x360x95_b433dd95.jpg,3.0,建议游览时间：2小时 - 3小时,,具体收费情况以现场公示为主,,8
希日塔拉公园Xiritala Park,http://travel.qunar.com/p-oi19968040-xiritalagongyuan,,希日塔拉公园位于阜新市阜新蒙古族自治县人民大街，是一个开放性质的休闲综合公园，公园内的成吉思汗广场中央塑造有成吉思汗骑马雕像，还有草坪、树木等，适合散步健身。,,https://tr-osdcp.qunarzz.com/tr-osd-tr-manager/img/e69e01ce121cc9c8253318edc07eac1b.jpg_480x360x95_ffebf1c6.jpg,4.6,建议游览时间：2小时 - 3小时,,具体收费情况以现场公示为主,,8
阜新天主教会Fuxintianzhu Church,http://travel.qunar.com/p-oi19968014-fuxintianzhujiaohui,,,,,4.8,,,具体收费情况以现场公示为主,,9
佛山禅寺Foshanchan Temple,http://travel.qunar.com/p-oi19968013-foshanshansi,,佛山禅寺位于辽宁省阜新市，这里群山环抱，翠柏清凉，物产丰富，景色怡人。寺院地处位置四面环山，其山形奇特，酷似诸佛形象，因而取名佛山寺。,,,--,建议游览时间：1小时 - 2小时,,具体收费情况以现场公示为主,,9
啤酒广场Pijiu Square,http://travel.qunar.com/p-oi19967409-pijiuguangchang,,,,,--,,,,,9
金刚绵府Jingang Mianfu,http://travel.qunar.com/p-oi19967398-jingangmianfu,,,,,--,,,,,9
保罗骑士,http://travel.qunar.com/p-oi19569647-baoluoqishi,,,,,--,,,,,9
阜新市图书馆,http://travel.qunar.com/p-oi19542523-fuxinshitushuguan,,,,,--,,,,,9
阜新市图书馆Fuxinshi Library,http://travel.qunar.com/p-oi19536708-fuxinshitushuguan,"

地址:
人民大街甲120号


电话:
0418-2900781,0418-5558037,0418-5558030

",阜新市图书馆开设的有书刊开架借阅、电话续借、预约借书、代借代还、馆际互借、解答咨询、检索服务、定题服务、跟踪服务和网上信息查询七个服务窗口，并收藏了中国名作家作品文集、古籍善本、世界名著等。,"全年 周一-周三,周五 08:30-16:30;全年 周四 08:30-12:00;全年 周六-周日 09:00-16:00",,0.0,建议游览时间：1小时 - 2小时,,具体收费情况以现场公示为主,,9
玉龙画廊,http://travel.qunar.com/p-oi19535159-yulonghualang,,,,,--,,,,,9
大千画廊(老城街店)Daqian Gallery,http://travel.qunar.com/p-oi19531180-daqianhualang,,,,,5.0,,,具体收费情况以现场公示为主,,9
小小动物园Xiaoxiao Zoo,http://travel.qunar.com/p-oi19529334-xiaoxiaodongwuyuan,,小小动物园位于辽宁省阜新市细河区人民公园，非常吸引人的是公园里的人工湖，湖水清澈，波光粼粼，湖边环绕柳树，可以一边划船一边欣赏湖边美景。,,,0.0,建议游览时间：2小时 - 3小时,,具体收费情况以现场公示为主,,9
万人坑遗址陈列馆Wanrenkeng Ruins Exhibition Hall,http://travel.qunar.com/p-oi19527512-wanrenkengyizhichenlie,,万人坑遗址陈列馆通过文物、雕塑、复原场景的方式，生动再现了日本侵略者在阜新期间所施暴行以及阜新劳工的悲惨境遇的历史场景。,,https://flight-feed.qunarzz.com/as3/180/image/poi_vishnu/fe64c92f-e967-4907-bcea-0e7434f56e14.jpg,4.5,建议游览时间：1小时 - 2小时,,具体收费情况以现场公示为主,,10
实验课后班书法美术班,http://travel.qunar.com/p-oi19504996-shiyankehoubanshufamei,,,,,--,,,,,10
阜新市博物馆Fuxin Museum,http://travel.qunar.com/p-oi19467114-fuxinshibowuguan,,阜新市博物馆藏品丰富，举办展览活动次数较多。集收藏、研究、教育等功能于一体的综合性地方历史博物馆。,,https://tr-osdcp.qunarzz.com/tr-osd-tr-manager/img/670939078350afa83f16c22df1493095.jpg_480x360x95_4d03df85.jpg,4.8,建议游览时间：2小时 - 3小时,,具体收费情况以现场公示为主,,10
马利画廊,http://travel.qunar.com/p-oi19466682-malihualang,,,,,--,,,,,10
金鼎娱乐园,http://travel.qunar.com/p-oi19466593-jindingyuleyuan,,,,,--,,,,,10
煤炭博物馆Fuxin Coal Museum,http://travel.qunar.com/p-oi19466452-meitanbowuguan,,,,,--,,,具体收费情况以现场公示为主,,10
阜新市科学技术馆Science and Technology Hall,http://travel.qunar.com/p-oi19463695-fuxinshikexuejishuguan,,阜新市科学技术馆里面有很多专业的实验设备，可以自己动手操作，了解到各种科学原理。,,https://flight-feed.qunarzz.com/as3/376/image/poi_vishnu/4b6177cf-d4a8-4542-8a3a-49adfa028e53.jpg,0.0,建议游览时间：1小时 - 2小时,,具体收费情况以现场公示为主,,10
乌兰木图山风景区Wulanmutu Mountain Sceneic Area,http://travel.qunar.com/p-oi18702998-wulanmutushanfengjing,"

地址:
辽宁省阜新蒙古族自治县八家子乡


电话:
0418-8370888

",乌兰木图山风景区位于辽宁省阜新蒙古族自治县八家子乡，是集生物科考、旅游观光、休闲娱乐为一体的旅游景区。始建于2000年，原名阿力玛图山，蒙古语意为“梨山”，后改名为乌兰木图山，蒙古语意为“红树之山”。总面积30.8平方公里，系努鲁儿虎山脉，主峰海拔831.4米。,全年 8:30-16:30,https://img1.qunarzz.com/travel/poi/1803/da/a343340ea83c0137.jpg_480x360x95_419e9bb7.jpg,4.4,建议游览时间：2小时 - 4小时,,{'乌兰木图山风景区门票成人票\n\n': ['¥34起']},,10
人民公园Fuxinrenmin Park,http://travel.qunar.com/p-oi18702997-renmingongyuan,"

地址:
民族街40号


电话:
2825721

","阜新市人民公园位于市中心区，是阜新市区特大的综合性公园,占地面积约24.16公顷,其中绿化面积约19.19公顷，林地面积约14.28公顷，水上面积约1.2公顷，草坪面积约2公顷，花草种植面积约9000平方米，园内建有花卉观赏区、动物观赏区、水上活动区、休闲娱乐区、景园观赏区和园务管理区等六个景区。公园内植被茂密，花草树木百余种，是市区建园较早的公园，在市中心发挥了良好的社会效益、生态效益、环境效益和经济效益。公园的年客流量达60余万人次，是阜新市人民休闲娱乐的主要场所。",全年 全天开放,https://tr-osdcp.qunarzz.com/tr-osd-tr-manager/img/ac19a257c2f3169e6b5870bec0a5cda5.jpg_480x360x95_73ce94f0.jpg,4.6,建议游览时间：2小时 - 3小时,,具体收费情况以现场公示为主,,10
玉龙湖公园Yulonghu Park,http://travel.qunar.com/p-oi10034813-yulonghugongyuan,"

地址:
阜新市细河区北苑街道人民大街

",玉龙湖公园是阜新市较大的人工湖，坐落于阜新市街心广场较北边——沿着解放大街一直向北，这里风景秀丽，是市民休闲娱乐的的好去处。,全年 全天开放,https://flight-feed.qunarzz.com/as3/180/image/poi_vishnu/dc5cb8aa-a965-4a38-8ac8-93dab1aeccc3.jpg,4.6,建议游览时间：0.5小时 - 1小时,,具体收费情况以现场公示为主,,10
