名字,链接,地址,介绍,开放时间,图片链接,评分,建议游玩时间,建议季节,门票,小贴士,Page
上堡梯田Shangbao terrace,http://travel.qunar.com/p-oi9627241-shangbaotitian,,上堡梯田位于面积148平方公里的上堡乡海拔1741米的赣南地区第二高峰的华仙峰周围。上万亩梯田就散落在华仙峰周围的南流、良和、赤水一带，梯田的垂直落差近千米，位置最高的田块在海拔1260米处。有的梯田从高到低不断延续，竟然达百层之多，就像一条条长梯，架搭在山间岭谷，特别是在水南村，周围的梯田，高高低低，层层叠叠，涌向天际，令人叹为观止。,,https://tr-osdcp.qunarzz.com/tr-osd-tr-manager/img/bd41f03cf64574cc2a4bae0dacdb0e7a.jpeg_480x360x95_502a2e56.jpeg,5.0,,,门票10元,,1
赣州古城墙Ganzhou Ancient City Wall,http://travel.qunar.com/p-oi9627240-ganzhouguchengqiang,"

地址:
赣州市章贡区八境路北50米

",赣州宋城墙是江西省唯一保存完整、有可靠纪年铭文的宋代城墙，也是全国屈指可数的北宋砖墙之一。始建于汉代，距今已有二千年的历史，后来经过南宋、元、明、清、民国，历时900多年的不断修缮、加固，使赣州城形成了一道周长13华里、高大雄伟的城墙。城墙平均高7米，从东门至西门长3.6公里，垛墙、炮城、马面、城门都保存完好。城墙上的各代纪年铭文数量和种类之多在全国来都很罕见，专家们称它为“宋城博物馆”。赣州宋城墙以其高低逶迤之势与秀丽江水形成美妙反差。清晨漫步在古朴蜿蜒的城墙上，只见城外一江清流，远处山间田舍烟云飘渺，近处街坊鳞次栉比，让人感到犹如置身于一幅美丽的《清明上河图》之中。,全年 全天开放,https://img1.qunarzz.com/travel/d9/1602/c9/68b197565ee4aaf7.jpg_480x360x95_d950021c.jpg,4.5,建议游览时间：1小时 - 2小时,,具体收费情况以现场公示为主,,1
郁孤台Yugu Platform,http://travel.qunar.com/p-oi704595-yugutai,"

地址:
赣州市章贡区西津路2号


电话:
+1 212-239-6200

",郁孤台建在赣州市区北部的贺兰山顶，以山势高埠、郁然孤峙而得名，为省级重点风景名胜区。郁孤台的始建年代已经无法考证了，唐代时虔州刺史李勉曾登台北望，将台更名为“望阙”。后几经兴废，仍名郁孤台。1983年按清代同治年式样重建。台有3层，高17米，占地面积300平方米。游人登上郁孤台，可远眺市区全景。,全年 08:00-18:00,https://img1.qunarzz.com/travel/d2/1507/7a/b287cba485f85f.jpg_480x360x95_08f9bcd8.jpg,4.4,建议游览时间：1小时 - 2小时,,{'郁孤台电子导览票大小同价\n\n': ['¥5起']},,1
古浮桥Ancient Pontoon Bridge,http://travel.qunar.com/p-oi705841-gufuqiao,"

地址:
赣州市章贡区中山路与马齐巷交叉口东北100米

",赣州古浮桥以船作桥，古意盎然，走在桥上，略感微微的摇晃之感，颇有生趣。早晨或黄昏，看当地淳朴居民在桥上或赶路，洗衣，钓鱼，充满平和的生活气息，柔和的场景中，场景如诗如画。赣州古浮桥，学名叫惠民桥，又称东津桥、东河浮桥、建春门浮桥。浮桥长约400米，由100多只小舟板并束之以缆绳相连而成，始建于宋乾道年间（1163-1173年）、至今已有800多年历史。由知军洪迈所建，连接章江的两端，每天定时开启，以便来往商船通行。江西赣州城区三面环水，因为河面较宽，河两岸往来主要靠渡船。宋代赣州经济有了较大发展，为了方便与外面的沟通，于是就在章、贡两河上先后建造铺就了东河、西河、南河三座浮桥以沟通城乡。建国以后，西河、南河浮桥因修建了公路大桥而被折除，在80年代被现代公路桥梁所代替，只有这座建春门浮桥，作为全国历史文化名城的历史文化景观，特意保存了下来，并至今还在为赣州市民服务。近千年的浮桥成为赣州市人的骄傲。每当踏上浮桥，不仅强烈地感受到古朴的历史，感受到古老的赣州人民勤劳智慧、追求科学创造、崇尚发明创新的精神，而且还可以在桥上欣赏到河边的洗衣女，钓鱼翁的英姿，城里人、乡下人进进出出，骑摩托车的、推自行车的、挑担的、背小孩的、走亲戚的、上学的人交织在一起，形成一幅幅美轮美奂的图画。这座800多年的浮桥，不知经历了多少腥风血雨、战火硝烟。新桥变旧、旧桥换新、修修补补、历尽沧桑，似一位不屈不挠的老人，昂首屹立在章江边，并与市内的古朴逶迤的古城墙、壮观秀美的八境台、雄伟沉重的涌金门一道伴随着赣江的涛声，造福赣州人民，成为连接城乡的纽带，成为赣州市一道特有的风景线，被誉为赣州的一绝。,全年 全天开放,https://img1.qunarzz.com/travel/d5/1612/c3/0975c83628a207b5.jpg_480x360x95_347794ae.jpg,4.5,建议游览时间：0.5小时 - 1小时,,具体收费情况以现场公示为主,,1
建春门Jianchunmen,http://travel.qunar.com/p-oi23343568-jianchunmen,,,,,,,,,,1
灶儿巷Zaoer Lane,http://travel.qunar.com/p-oi9520599-zaoerxiang,"

地址:
赣州市章贡区和平路第二保育院(和平路店)西北侧约120米


电话:
0797-8229959

",灶儿巷街区全长227.3米，总面积为6.14公顷。包括有灶儿巷、六合铺、东门井、油滴巷、小坛巷、梁屋巷、烧饼巷、老古巷共8条街巷。这一带的街巷保留有清代至民国时期具有代表性的建筑物多处，建筑风格亦呈多样化，既有赣南的客家建筑，又有精工细作的徽式建筑，同时还有明显带有吉安、南昌一带建筑风格的建筑和典型的西洋式建筑；在部分街区，还保留有跨街的门洞，充分体现了城市文化的多元性。两巷口筑有当代书法名家李振亚、李安华父子和袁清夷、胡丽华等四人书写的仿古牌坊门，一抹浓浓的古色韵味飘逸其间，让人仿佛走进千年宋城的旧景中。,全年 全天开放,https://img1.qunarzz.com/travel/poi/1805/17/e10cb34d9e7bfe37.jpg_480x360x95_3ff83e6f.jpg,4.5,建议游览时间：1小时 - 2小时,,具体收费情况以现场公示为主,,1
瑞金共和国摇篮景区Ruijin Prc Cradle Scenic Area,http://travel.qunar.com/p-oi707654-ruijingongheguoyaolan,"

地址:
赣州市瑞金市


电话:
0797-2511611


官网:
http://www.ghgyl.gov.cn/

",“红色故都”瑞金是中华苏维埃共和国的首府，主要由叶坪、红井、二苏大、中华苏维埃纪念园（南园和北园）组成。这里是云石山中央红军二万五千里长征出发地，是全国爱国主义教育示范基地。叶坪是拥有全国保存完好的革命旧址群之一，有革命旧址和纪念建筑物22处。主要景点包括中央政府旧址、红军烈士纪念塔、红军烈士纪念亭、红军检阅台、公略亭等。参观这些具有深刻意义的革命景点，亲身探寻当年的革命遗迹，旧址群内还有不少文物陈列，供人了解那段红色历史，是年轻人接受爱国教育的好...“红色故都”瑞金是中华苏维埃共和国的首府，主要由叶坪、红井、二苏大、中华苏维埃纪念园（南园和北园）组成。这里是云石山中央红军二万五千里长征出发地，是全国爱国主义教育示范基地。叶坪是拥有全国保存完好的革命旧址群之一，有革命旧址和纪念建筑物22处。主要景点包括中央政府旧址、红军烈士纪念塔、红军烈士纪念亭、红军检阅台、公略亭等。参观这些具有深刻意义的革命景点，亲身探寻当年的革命遗迹，旧址群内还有不少文物陈列，供人了解那段红色历史，是年轻人接受爱国教育的好地方。红井景区位于沙洲坝，这里背负青山、田畴拥翠，环境恬静质朴。主要景点有闻名海内外的红井、中央执行委员会旧址、中央人民委员会旧址，以及中央各部委旧址等中央政府大礼堂造型为8个角，从高空俯视，就像一顶红军的八角帽。大礼堂的门首上方，有“中华苏维埃共和国临时中央政府”14个大字，这是由“苏区秀才”黄亚光书写的。大礼堂共有两层，楼面为回廊式，并有阶梯式楼座，楼下呈半圆形，整个礼堂可容纳2000多人。除此之外，内有防空洞、诗山梅园、中央革命博物馆旧址等景点。中华苏维埃纪念园景区分为南园和北园，南园主要分布瑞金革命烈士纪念馆、红军烈士亭、龙珠塔等景点。,全年 08:30-17:00,https://img1.qunarzz.com/travel/poi/1712/e3/03c931be1b598b37.jpg_480x360x95_d72ff5ff.jpg,4.6,建议游览时间：0.5小时 - 1小时,,景区免费进入，景区内个别景点单独收费；叶坪景区门票35元，红井景区门票30元等，更多详情可电话咨询景区。,瑞金革命遗址周边建筑风景别具一格，常有爱好摄影的游客前往取景拍照。,1
云石山,http://travel.qunar.com/p-oi707215-yunshishan,,云石山位于瑞金市西南15公里。1934年7月临时中央政府从沙洲坝迁驻此地小山上的云山古寺，山中风景优美。1934年10月，中央机关编为红军中央纵队，从云石山出发开始长征，因而云石山被称为“长征第一山”。,,https://img1.qunarzz.com/travel/poi/1412/7f/7fc76d28d9e07776cdb.jpg_480x360x95_2be3fead.jpg,3.8,,,,,1
龙南客家围屋Hakka Round Houses in Longnan,http://travel.qunar.com/p-oi707803-longnankejiaweiwu,"

地址:
赣州市龙南市关西村


电话:
0797-3530965

",龙南客家围屋位于江西省赣州市龙南县关西镇关西村，建造于清嘉庆年间，已有180多年的历史。新围始建于清嘉庆三年（公元1798年），竣工于道光七年（公元1827年），历时29年。因规模宏大、保存完整，是迄今国内外发现保存较为完好、赣南现存500多座客家围屋中面积规模较大的一座结构功能较为齐全的一处围屋。,龙南各客家围屋景区开放时间不一，具体开放时间以各景区公示为准。,https://img1.qunarzz.com/travel/d3/1507/13/df9404e7f452d0.jpg_480x360x95_ae3b3104.jpg,4.4,建议游览时间：1小时 - 2小时,,龙南各客家围屋景区，具体门票以各景区公示为准。,,1
红井Red Well,http://travel.qunar.com/p-oi705868-hongjing,"

地址:
赣州市瑞金市沙洲坝镇七彩大道与金都大道交叉口西


电话:
0797-2511611

",红井位于瑞金沙洲坝。1933年所挖。1950年，瑞金人为迎接中央南方老根据地慰问团的到来，维修了这口井，并取名为“红井”。,9:00-17:00,https://img1.qunarzz.com/travel/poi/1412/c5/c57617efc796f058cdb.jpg_480x360x95_9d2e499e.jpg,4.6,建议游览时间：2小时 - 3小时,,"{'红井景区门票成人票\n\n': ['¥25起'], '瑞金红井门票老人票\n\n': ['¥15起'], '瑞金红井电子导览服务大小同价\n\n': ['¥6起']}",,1
八境台Bajing Tower,http://travel.qunar.com/p-oi711104-bajingtai,,,,,,,,,,2
通天岩Tongtian Cliff,http://travel.qunar.com/p-oi703584-tongtianyan,"

地址:
赣州市章贡区水西镇黄沙村


电话:
0797-8334418,0797-8334398


官网:
http://www.tongtianyan.com.cn

",通天岩位于赣州西北郊，距离市区约10公里，因山中有很多天然岩洞，其中一个洞顶上有窟窿可以看到天而得名。对外地人来说，通天岩可能有些名不见经传，但在当地却是十分值得一看的景点。这里不仅有十分典型的丹霞地貌景观，也兼有王阳明手迹摩崖、为软禁张学良而建的山洞、避暑别墅等人文景观。山中的石龛造像群虽无法与莫高窟这种石窟媲美，在江南也算得上出彩。景区可分为古代石刻区和现代休闲区两部分，游步道大致可看作相套的两个环形，精华的石刻区集中在内环靠近景区大门的地方，主要有观心岩、忘归岩、龙虎岩、通天岩、翠微岩等五个岩洞，是游览重点。外圈以爬山、游览人工景点为主，整个走下来通常需要大半天。进入景区，走过一个小人工湖和瀑布，再走两三百级台阶就到达了景区的内圈。第一个到达的便是观心岩，这里大洞套小洞，据说曾是明代哲学家王阳明的讲学处。顺石阶而行，不远便是忘归岩，忘归岩的山腰有一处丹霞穿洞，尤其在夏季，凉风习习，使人流连忘返。这里值得一看的便是王阳明的诗刻，穿过幽谷，抬头可见悬崖绝壁上的罗汉像。岩洞前方是舞厅，如今里面可看的只有些照片之类的介绍。往后欣赏过龙虎岩的宋代石刻，就是通天岩的核心游览区了，这是一处环形的山壁，峭壁上的8尊唐代造像是通天岩石窟年代久远的作品。石龛中，宋代毗卢遮那佛的禅定像，以及旁边石壁上层叠的五百罗汉浮雕气势恢弘。中心区域内，还有依山而建的广福禅林、囚张学良将军的双桂堂、避暑山房等等，环境清幽，可在禅寺中烧香祈福。翠微岩紧邻着通天岩，这里有“通天岩”三字的摩崖，算得上景区的标志之一，它周围有许多年代久远的题刻，可细细品读。走到这里，古代石刻的游览便结束了。由此往前走有一岔路，一条通向现代休闲区，一条通向山上望江亭（群玉阁），站在望江亭可将远近的山川秀色尽收眼底。以人文景观为主的游人去过望江亭便可返程，如果时间充裕，可继续往前去现代休闲区逛逛。这里的景观大多是后来人工修建的，比较值得一看的有二十多米的丹崖卧佛、千佛洞和财神庙和岳飞、周敦颐、辛弃疾等赣州历史名人的雕像群。再远些，还有生态迷宫、十二生肖园等一系列休闲游乐点。,10/8-12/31(日场) 08:00-17:00,https://img1.qunarzz.com/travel/d9/201308/28/75b6ab0a723fa6f8ddb12cfb.jpg_480x360x95_a24995e6.jpg,4.4,建议游览时间：3小时 - 5小时,,"{'通天岩门票成人票\n\n': ['¥29起'], '通天岩门票双人票\n\n': ['¥59.5起'], '通天岩电子导览服务大小同价\n\n': ['¥1起']}",,2
三百山景区Sanbaishan Mountain Scenic Area,http://travel.qunar.com/p-oi710701-sanbaishanjingqu,"

地址:
赣州市安远县三百山镇符山村过桥垄


电话:
0797-7327666

",三百山是安远县东南边境诸山峰的合称，是东江的源头，粤港居民饮用水的发源地，是国家风景名胜区、国家森林公园、国家5A级景区、全国首批保护母亲河生态教育示范基地。景区总面积197平方公里，核心景区面积58平方公里，“源头群瀑、三百群峰、峡谷险滩、高山平湖、原始林海、火山地貌”堪称三百山六绝，拥有福鳌塘、蝴蝶大峡谷（九曲溪）、东风湖、仰天湖、尖峰笔等5大游览区域，由百余处自然和人文景物、景观组成。三百山森林覆盖率98%，动植物资源十分丰富，空气中负离子浓度极高，可达到近10万个／㎝³ ，年均气温15.1℃，夏季平均气温23.3℃，被誉为“天然氧吧”、“避暑胜地”。,全年 08:00-17:30;全年 08:00-17:00,https://img1.qunarzz.com/travel/d2/1507/1c/837d0617ec0e22.jpg_480x360x95_cdd2868a.jpg,4.5,建议游览时间：3小时 - 5小时,,"{'三百山景区电子导览服务大小同价\n\n': ['¥6起'], '三百山风景名胜区门票+(往返)索道+玻璃桥套票成人票\n\n': ['¥123起'], '三百山风景名胜区门票+(往返)索道+玻璃桥套票儿童票\n\n': ['¥75起']}",,2
翠微峰国家森林公园Cuiweifeng National Forest Park,http://travel.qunar.com/p-oi702962-cuiweifengguojiasenlin,,,,,,,,,,2
烈士陵园,http://travel.qunar.com/p-oi715082-lieshilingyuan,,兴国烈士陵园位于兴国县汽车站旁，内有烈士纪念塔、纪念亭、英名碑、广场、飞机陈列馆等建筑群。烈士纪念塔建于1957年，高18米，三级四面，砖混结构，塔顶为2米高的五角星，巍峨雄伟。烈士纪念馆1957年建于鸡心岭，1977年迁入现烈士馆内，由门厅、灵堂和五个展堂组成，占地1401平方米，展出兴国23000多位著名烈士的生平、照片和部分遗物，并建有著名的马前托孤、宁死不屈、洗衣队员、江善忠跳崖、过雪山等艺术雕塑。1991年建成的“革命烈士英名碑”，呈五角回廊式，中间为英烈群雕，...兴国烈士陵园位于兴国县汽车站旁，内有烈士纪念塔、纪念亭、英名碑、广场、飞机陈列馆等建筑群。烈士纪念塔建于1957年，高18米，三级四面，砖混结构，塔顶为2米高的五角星，巍峨雄伟。烈士纪念馆1957年建于鸡心岭，1977年迁入现烈士馆内，由门厅、灵堂和五个展堂组成，占地1401平方米，展出兴国23000多位著名烈士的生平、照片和部分遗物，并建有著名的马前托孤、宁死不屈、洗衣队员、江善忠跳崖、过雪山等艺术雕塑。1991年建成的“革命烈士英名碑”，呈五角回廊式，中间为英烈群雕，回廊镶满镌刻全县23179位烈士的英名的碑石。烈士广场周围还塑造了多处烈士群雕。,,https://img1.qunarzz.com/travel/d9/1507/d3/7b88fe4fe1d1d4.jpg_480x360x95_ad74679f.jpg,4.0,,,,,2
梅关古驿道Meiguan Ancient Road,http://travel.qunar.com/p-oi712072-meiguanguyidao,"

地址:
赣州市大余县城南10公里处的梅岭山麓

",梅关古驿道历经二千余年沧桑至今依然保留完整。梅关是横跨赣粤两省天然屏障，这里山势险峻，峰峦对峙，历代为兵家必争之地，这里是三年的游击战，和留下《梅关三章》的地方。梅关又是古代赣粤二地商贾交通的必经之路，被称为“岭南第一关”。唐开元年间开始修筑梅关驿道，沟通了内陆与“海上丝绸之路”，对于促进赣粤经济起有着重要的历史意义。“庾岭红梅”是当地有名的景观，在梅关可以看到南枝花落、北枝始开的奇景，梅关一带因而又有“梅国”的美称。,全年 8:30-17:30,https://img1.qunarzz.com/travel/d3/1507/d5/27592ce4e6ca81.jpg_480x360x95_03cf47e7.jpg,4.5,建议游览时间：1小时 - 2小时,,具体收费情况以现场公示为主,,2
九曲长滩Jiuqu Beach,http://travel.qunar.com/p-oi715794-jiuquchangtan,"

地址:
赣州市定南县鹅公镇九曲

",九曲河是定南县境内较长的河流，与发源于安远三百山，同为东江之源，因为河道流经博罗湾时呈“九”字形，故名九曲河。进入游览区，但见烟波浩渺，山峦叠翠，白帆点点，四季如春，犹如进入桃源仙境。其主要景点有天成桥、客家山寨、月光岛、九曲电站和长滩电站等。,全年 8:00-17:00,https://img1.qunarzz.com/travel/d2/1507/b9/c12a93d4fdcf33.jpg_480x360x95_ed13f251.jpg,3.4,建议游览时间：1小时 - 3小时,,具体收费情况以现场公示为主,,2
叶坪革命旧址群The Former Yeping Revolutionary Site,http://travel.qunar.com/p-oi713936-yepinggemingjiuzhiqun,,,,,,,,,,2
七里窑遗址,http://travel.qunar.com/p-oi702894-qiliyaoyizhi,,赣州古瓷窑位于赣州市东郊七里镇，故又称七里镇窑。赣州窑是1957年由江西省人民政府公布的第一批省级文物保护单位。赣州窑始烧于元代，是江西省境内宋代的四大窑场之一。其产品主要为民间用品，器形有枕、瓶、杯、壶、罐、盏、盘、碟、钵、盂、炉、砚等，产品的胎质以陶胎为多，瓷胎较少。在赣州窑的产品中，有一种划胎柳斗文点，釉鼓钉罐，是赣州窑独特的产品。,,,--,,,,,2
赣州文庙Confucian Temple,http://travel.qunar.com/p-oi702318-ganzhouwenmiao,"

地址:
赣州市章贡区厚德路42号


电话:
0797-8238062

",赣州文庙位于老城区的东南，现厚德路东段的北侧，是江西省现存规模大、保存较完整的古代县立校址，属省级文保护单位。该文庙在宋代改为大中祥符宫，于皇佑年间创立县学。文庙原占地约10000平方米，整个建筑群分三组，采用平行轴线方式布局。目前绝大部分建筑为清乾隆年间建造，均保存完好，主要有大成门、大成殿、崇圣祠、魁星阁、节孝祠等等，其中大成殿是文庙的主体建筑，高达15米，气势宏伟，带有显著的赣南特色。,全年 8:00-18:00,https://img1.qunarzz.com/piao/fusion/1609/be/95f1471575bb6402.jpg_480x360x95_07751d1f.jpg,4.5,建议游览时间：1小时 - 2小时,,{'赣州文庙驴迹电子导览（不含门票）服务大小同价\n\n': ['¥5起']},,2
阳明山国家森林公园Yangling National Forest Park,http://travel.qunar.com/p-oi715561-yangmingshanguojiasen,"

地址:
赣州市崇义县县城南郊1公里


电话:
0797-3814443

",阳明山国家森林公园（原阳岭国家森林公园）位于崇义县城南郊，是国内难得一见的原始森林和沟谷雨林。景区内环境非常不错，有参天大树和幽静小道，以及大面积保存极好的原始森林，在城市生活久了，来这里洗洗肺感觉不错。整个森林公园的面积比较大，从山下售票处到山顶“阳岭之巅”的服务区有14公里，全程步行游玩大约需要4-5小时。不过，自驾车可一路开到山顶，想要省力的话也可驾车游玩。山中特别值得一提的景点不多，游人在此更多的是静心感受山中原始森林的绿意和清新。游玩路上，...阳明山国家森林公园（原阳岭国家森林公园）位于崇义县城南郊，是国内难得一见的原始森林和沟谷雨林。景区内环境非常不错，有参天大树和幽静小道，以及大面积保存极好的原始森林，在城市生活久了，来这里洗洗肺感觉不错。整个森林公园的面积比较大，从山下售票处到山顶“阳岭之巅”的服务区有14公里，全程步行游玩大约需要4-5小时。不过，自驾车可一路开到山顶，想要省力的话也可驾车游玩。山中特别值得一提的景点不多，游人在此更多的是静心感受山中原始森林的绿意和清新。游玩路上，有溪流相伴，兰溪瀑布是出名的水景，据说这里空气中的负离子含量高。想要看水景尽量选择雨水较多的夏季，冬天枯水期景色就没那么好看了。在兰溪沟谷雨林中漫步，感觉很舒畅。另外，山中的云隐寺也值得一看，颇有几分“深山藏古寺”的禅意。寺院就在10公里处路边，很容易找到，参观无需另外购票。通往阳岭之巅的路上共有两个平台，第一个平台有“阳岭之巅”的牌坊，是景区的标志，从摩天云梯登山阳峰极顶，四五月这里杜鹃花开为好看。,7:30-18:30,https://img1.qunarzz.com/travel/d1/1608/f8/7e12b47e4b74d3b5.jpg_480x360x95_9b0f9b71.jpg,4.5,建议游览时间：12小时 - 3天,,"{'阳明山国家森林公园门票成人票\n\n': ['¥35起'], '阳明山国家森林公园门票优待票\n\n': ['¥18起'], '阳明山国家森林公园门票亲子票(1大1小)\n\n': ['¥53起']}",,3
白鹭古村Egret Ancient Village,http://travel.qunar.com/p-oi709167-bailugucun,,白鹭古村位于赣县北端，靠近兴国县。为一客家古村落。建筑古朴，特色鲜明。游客稀少。有些建筑需要购票参观，但没看到售票处，那些建筑也都铁将军把门。喜欢冷僻景点，原生态古村落的推荐。,,https://tr-osdcp.qunarzz.com/tr-osd-tr-manager/img/ee686c9515f5c3f9fa1204a2f773801e.jpg_480x360x95_5dd06a4d.jpg,4.9,建议游览时间：12小时 - 3天,,{'白鹭村电子导览票大小同价\n\n': ['¥5起']},,3
汉仙岩风景名胜区Hanxianyan Scenic Area,http://travel.qunar.com/p-oi708433-hanxianyanfengjingming,"

地址:
赣州市会昌县筠门岭镇境内紧靠206国道


电话:
0797-5666691

",,8:30-17:00,https://mp-piao-admincp.qunarzz.com/mp_piao_admin_mp_piao_admin/fusion/20212/0fa92461de76cc056237ee08577f6ca5.jpg_480x360x95_7a1d960f.jpg,4.5,建议游览时间：12小时,,"{'汉仙岩风景名胜区门票成人票\n\n': ['¥55起'], '汉仙湖十里画廊观光游船票大小同价\n\n': ['¥75起'], '汉仙岩风景名胜区门票+汉仙湖十里画廊景区游船票套票成人票\n\n': ['¥125起']}",,3
阳岭七星湖,http://travel.qunar.com/p-oi713542-yanglingqixinghu,,阳岭七星湖旅游区位于崇义县横水镇、杰坝乡境内，其中阳岭国家森林公园是国家3Ａ级风景区，七星湖是省重点风景区。旅游区内生态良好、山清水碧，游客置身其中，既可领略秀美的田园风光，又可吃农家饭，住农家屋，参与农家挖笋、采茶、捕鱼等活动，体味农业生产带来的无穷乐趣。该旅游区的入选，对该县培育农业经济新的增长点将起到多方面的积极作用。,,,--,,,,,3
红军烈士纪念塔,http://travel.qunar.com/p-oi707894-hongjunlieshijinianta,,,,,,,,,,3
红军壁画群,http://travel.qunar.com/p-oi715766-hongjunbihuaqun,,江西瑞金市在未修复的中华苏维埃共和国临时中央政府教育部旧址的两间破房内，发现罕见红军壁画群．教育部旧址位于瑞金市叶坪乡洋溪村，在长4.2米、宽2.5米，用石灰粉刷的墙壁上，画了10多幅内容丰富、图案各异的漫画。漫画构图精美、故事内容生动、形象栩栩如生。墙壁四面还写有“无产阶级解放万岁”等20多条标语。据有关专家介绍，如此规模宏大、内容丰富、图案清晰的红军壁画实属罕见，属目前发现的苏区时期最大规模的红军壁画。,,,--,,,,,3
水口塔,http://travel.qunar.com/p-oi705904-shuikouta,,宁都水口塔始建于明万历壬辰年（公元1592年）。水口塔七层，高39米，典型的八卦图案。清乾隆二十六年飓风折顶，清乾隆四十三年修整。1996年重修。塔内铸有真武大帝神像，意在塔有真武大帝镇守，保风调雨顺、太平昌盛、荫福万家，有风水宝塔之美誉。,,https://img1.qunarzz.com/piao/fusion/1609/a3/d522bf8d2f278402.jpg_480x360x95_83a1c524.jpg,--,,,,,3
丫山风景区Mt. Ya Scenic Park,http://travel.qunar.com/p-oi7468635-yashanfengjingqu,"

地址:
赣州市大余县黄龙镇丫山风景区


电话:
0797-8731668,0797-8731958

",丫山风景区距离大余县城7.5公里，这里的景观以瀑布为主，有山有水，夏天很是清凉，适合周末休闲来爬爬山，亲近自然。景区内的游步道几乎是一条直路，不太难找，步道也算好走。步行经过百果园和一片竹林，便到了山中最主要的看点，卧龙谷瀑布群的入口。由此处的游客服务站往上走，沿路游览连心瀑、三叠瀑等，走过好汉坡，在观景台欣赏丫山景色，最后走到平安广场。沿路走走停停，也挺惬意。由此可乘坐景区交通车回到出口，7元一人，5分钟左右车程。步行返回也可，不会太累。山顶有餐馆可以用餐，不过性价比不算高。最好在县城用餐，或者自带些干粮。时间充裕的话，车行道山腰的灵岩古寺也值得一并游览。,全年 08:00-18:30,https://img1.qunarzz.com/travel/d0/1805/97/fc2cd8a241ed40b5.jpg_480x360x95_a49a1b94.jpg,4.3,建议游览时间：12小时 - 3天,,"{'丫山景区门票成人票\n\n': ['¥59.9起'], '丫山景区电子导览服务大小同价\n\n': ['¥1起']}",,3
梅峰山,http://travel.qunar.com/p-oi39779094-meifengshan,,,,,0.0,,,,,3
平安村,http://travel.qunar.com/p-oi39604307-pingancun,,,,,0.0,,,,,3
塘村,http://travel.qunar.com/p-oi39588377-tangcun,,,,,0.0,,,,,4
风景独好园,http://travel.qunar.com/p-oi39587610-fengjingduhaoyuan,,,,,0.0,,,具体收费情况以景区现场公示为准,,4
赣县区储潭镇晓镜公园,http://travel.qunar.com/p-oi39582827-ganxianquchutanzhenxiao,,,,,0.0,,,,,4
幸屋村,http://travel.qunar.com/p-oi39512578-xingwucun,,,,,0.0,,,,,4
大柏地村,http://travel.qunar.com/p-oi39469982-dabodicun,,,,,3.0,,,,,4
寒信村,http://travel.qunar.com/p-oi39447914-hanxincun,,,,,5.0,,,,,4
台湾部落民俗文化村,http://travel.qunar.com/p-oi39416430-taiwanbuluominsuwenhua,,台湾部落民俗文化村位于赣州市经开区凤岗镇长江村，是集“文化旅游、观光农业、休闲度假、研学旅行、青年创业、婚庆民俗、两岸文化交流”为一体的大型综合体。旨在打造海峡两岸农旅交流平台、两岸青年创业示范基地、两岸客家婚俗文化园、两岸青少年研学游学基地，台湾特色文创和农业生物科技研发与加工中心。项目总占地面积约1620亩。台湾部落A区建设有台湾风情老街、部落饭庄，图腾广场、淘乐宝岛等景点。B区建设有台湾少数民族村落，同心桥，陶艺馆，水上乐园，儿童乐园，红色沙滩，...台湾部落民俗文化村位于赣州市经开区凤岗镇长江村，是集“文化旅游、观光农业、休闲度假、研学旅行、青年创业、婚庆民俗、两岸文化交流”为一体的大型综合体。旨在打造海峡两岸农旅交流平台、两岸青年创业示范基地、两岸客家婚俗文化园、两岸青少年研学游学基地，台湾特色文创和农业生物科技研发与加工中心。项目总占地面积约1620亩。台湾部落A区建设有台湾风情老街、部落饭庄，图腾广场、淘乐宝岛等景点。B区建设有台湾少数民族村落，同心桥，陶艺馆，水上乐园，儿童乐园，红色沙滩，蓝色沙滩，民宿，露营，台湾奇珍异果和生态农业区等功能区和景点。,,,0.0,,,,,4
国兴村,http://travel.qunar.com/p-oi39366293-guoxingcun,,,,,0.0,,,,,4
赤水村,http://travel.qunar.com/p-oi39320926-chishuicun,,,,,5.0,,,,,4
凤山村,http://travel.qunar.com/p-oi39319184-fengshancun,,,,,0.0,,,,,4
老好村,http://travel.qunar.com/p-oi39319146-laohaocun,,,,,0.0,,,,,5
木梓岭,http://travel.qunar.com/p-oi39186685-muziling,,,,,5.0,,,,,5
七里古窑遗址,http://travel.qunar.com/p-oi39172919-qiliguyaoyizhi,,,,,--,,,,,5
赣州市图书馆,http://travel.qunar.com/p-oi39172804-ganzhoushitushuguan,,,,,5.0,,,,,5
十里红杜鹃农庄,http://travel.qunar.com/p-oi39166946-shilihongdujuannongzhuang,,十里红杜鹃农庄位于赣州市石城县东北部的高田镇新坪村，八卦脑景区游客中心旁，距县城 33 公里，占地 600 余亩，其中水域（小洱海）面积 50 余亩，环湖游步道近1000米。所处位置海拔高度 520 米，紧临八卦脑（海拨 1314 米）、九叠泉、抗日英雄团长陈祖林旧居，西面为八卦脑景区服务接待中心，塅田和垅田错落有致地分布形成了一道美丽的梯田风光，地势高低错落有致，群山环抱，山水相映，风光绮丽，基于独有的区位优势、便利的交通以及得天独厚的自然风光等资源。是一个集餐饮、住宿、采摘、垂钓、烧烤、野炊、游乐、农事体验为一体的3A级乡村旅游点。主要承接景区旅行团、机关团建、亲子游、自驾游、农事研学体验提供服务。农庄主要分为餐饮住宿区，占地3000平方米，建筑总面积1300平米，以赣南客家回廊贯通四合院为风格，包含接待中心，大厅，包间及住宿。环湖体验区，农庄建设有50亩的小洱海湖面景观，沿湖修建了游步栈道、浮桥、风车木屋、景观水车、休息凉亭、葡萄藤长廊、鹅软石林荫小道等，区内拥有海拔 520 求婚亭、轰趴馆、手工坊、水上民宿、网红秋千、网红桥、迷你摩天轮、自行车喷泉、水上自行车等游乐项目，同时沿湖全部种植银杏，红枫。农事体验区，种植黄桃、杨梅、脐橙、李子、桑葚、弥猴桃等二十多种四季水果及各种应季蔬菜，有大小池塘十口，养殖各种鱼种，同时设置徒手抓鱼项目两亩，动物养殖区十亩，养殖牛、羊、兔等萌宠动物，并建设手工坊200平米，开设手工、拓画等项目，以拓展研学项目。开心娱乐区，占地6000平米的大草坪，设有新时代大舞台、迷你摩天轮、网红桥、网红秋千、坑爹过山车、斗牛机、滑滑梯等网红游乐项目，并设置烤烤区、自助土灶等野炊项目，给游客提供户外野趣体验。在这里，可到田园采摘新鲜时蔬，可到湖边尽情捕鱼钓鱼，可品农家美食，可住水上民宿，可玩各式网红娱乐设施，可享受隐于乡土、逸于山林、大乐至野、大俗至趣的田园慢生活。,,,0.0,,,,,5
赣州小漓江,http://travel.qunar.com/p-oi39160212-ganzhouxiaolijiang,,“赣州小漓江”位于过埠新码头，始于牛鼻垄电站下游。这里山清水秀、群山环抱、风光旖旎，一派江南水乡风光。新增设竹筏、游艇观光项目，吸引了众多游人前来打卡。乘一页竹伐游览“小漓江”，美丽的自然风光、乡村美景近在咫尺，让人流连忘返。两岸自然形成的小小湿地宛如人间仙境，水中的野鸭、岸边的树木，还有渔民捕鱼的场景构成了这里独特的风景。,,,0.0,,,,,5
筑峰顶,http://travel.qunar.com/p-oi38961164-zhufengding,,,,,5.0,,,,,5
蜜月岛景区,http://travel.qunar.com/p-oi38948144-miyuedaojingqu,,,,,4.0,,,,,5
凤溪谷景区,http://travel.qunar.com/p-oi38943194-fengxigujingqu,,信丰凤溪谷景区位于信丰县新田镇南部，四面环山，生态资源丰富，常年云雾缭绕，具有高浓度的负氧离子，誉为“天然氧吧”。信丰凤溪谷景区集“绿色、红色、蓝色、古色”于一体的综合性旅游景区，依山傍水，自然环境优美，人文底蕴丰富，具有＂长寿村＂的美誉。其中有现化农业蔬菜大棚、蔬菜和四季水果釆摘园，已建游客接待中心、民宿宾馆、农耕文化展览馆、农庄，开发了UTV/ATV丛林越野、3000米丛林漂流，成人游泳池，儿童水上乐园，真人cs等。种类多样、项目不一，到来的游客游玩一天下来项目选择不重样，是你出门休闲，登高远足的好去处。,,,0.0,,,,,5
阳明寨景区,http://travel.qunar.com/p-oi38939325-yangmingzhaijingqu,,阳明寨景区地处左溪村下左溪片，紧邻阳明山国家森林公园，距崇义县城中心7.6公里，系赣粤湘三省交界区域腹地和崇义县“7+2+1”全域旅游景区布局中心区域。依托王阳明军事文化、绿林文化，深挖客家民俗、明史文化、匪寨习俗、山民传统，布局阳明苑（王阳明军事博物馆）、土匪总寨、河道漂流、旅游服务中心、烽火台、阳明客栈、林下拓展、游乐场、阳明山居及配套设施等区域，打造成为引领型原陌野趣乡村旅游景区、阳明心战兵法践行地和赣南乡村休闲旅游微度假目的地。,,,0.0,,,,,5
红军长征小道,http://travel.qunar.com/p-oi38921084-hongjunzhangzhengxiao,,,,,0.0,,,,,6
中华钨矿公司旧址,http://travel.qunar.com/p-oi38907931-zhonghuawukuanggongsi,,,,,0.0,,,,,6
储君庙,http://travel.qunar.com/p-oi38907821-chujunmiao,,,,,0.0,,,,,6
汉帝庙,http://travel.qunar.com/p-oi38890771-handimiao,,,,,0.0,,,,,6
海会禅寺,http://travel.qunar.com/p-oi38884225-haihuishansi,,,,,,,,,,6
黄花湾共享村落,http://travel.qunar.com/p-oi38818654-huanghuawangongxiangcun,,,,,4.0,,,,,6
赣南客家围屋,http://travel.qunar.com/p-oi38632969-gannankejiaweiwu,,赣州客家围屋是客家文化的重要载体和象征，其沧桑的历史人文气息更是让来者无不感慨万千，同时也反应了我国文化之博大精深、建筑之精美绝伦。,,,0.0,,,具体收费情况以现场公示为主,,6
金凤梅园世客街,http://travel.qunar.com/p-oi38622306-jinfengmeiyuanshikejie,,金凤梅园世客街位于赣州市章贡区，是在金凤梅园的基础上打造的一个“内古外绿”的世界客家非遗文化主题历史街区，街上商铺林立，包含客家儿郎剧场、儿童乐园、夜景漂流、世界客家书院、世界客家博物馆、世界客家家训馆等众多游玩项目。,,,5.0,建议游览时间：2小时 - 3小时,,具体收费情况以现场公示为主,,6
马祖岩宝兴禅寺,http://travel.qunar.com/p-oi38597327-mazuyanbaoxingshansi,,,,,--,,,具体收费情况以现场公示为主,,6
长征前夕毛泽东同志旧居,http://travel.qunar.com/p-oi38339398-zhangzhengqianximaoze,,该旧居位于濂溪路，面积比较宽敞大约有30多间房屋，曾是何氏人居住的地方，也曾是赣南苏维埃政府旧址。 里面保留了毛泽东同志卧室，以及卫生员秘书卧室。 ,,,--,建议游览时间：1小时 - 2小时,,具体收费情况以现场公示为主,,6
黄金潭,http://travel.qunar.com/p-oi38338295-huangjintan,,黄金潭位于赣州市于都县。这里的黄金潭码头始建于明代。现有黄金潭码头文化广场、亲水栈道，游步道等，可供人们游玩。人们还可以品尝当地种植的富硒蔬菜和河鲜。,,,5.0,建议游览时间：12小时 - 3天,,具体收费情况以现场公示为主,,7
长征源民俗博物馆,http://travel.qunar.com/p-oi38335971-zhangzhengyuanminsubo,,"长征源民俗博物馆位于于都，馆内有工作人员现场编织草鞋，游客还可以亲自体验一下；此外，博物馆内还展示了各类民俗工艺品，像服饰、银器和饰品等。
",,,0.0,建议游览时间：2小时 - 3小时,,具体收费情况以现场公示为主,,7
小密花乡景区,http://travel.qunar.com/p-oi38335554-xiaomihuaxiangjingqu,,小密花乡景区位于赣州市会昌县小密乡，距离会昌县城、于都县城、瑞金市区均在40分钟车程。小密花乡总规划面积约4.7万亩，范围涉及小密乡石背、杉背、半迳、莲塘、小密5个行政村。小密花乡整体规划培育“一带产业”，打造“一路风光”，重点做好花卉产业，全面实现农旅融合。沿着11公里的特色农业景观大道，建设有万荟城美食村、中华花卉科普博览园、华夏杜鹃第一园、鲜切花卉生态休闲观光产业园、小密农家大院、贝贝小南瓜产业基地、冷杉小密花海影视基地等十六大项目。汇集赣南特色美食餐饮、会议会务、人才培训、研学教育、休闲观光、研学旅游、果蔬采摘、盆景艺术文化展示、亲子游乐、特色花海影视等多重业态。,,,--,建议游览时间：2小时 - 4小时,,,,7
长征文旅集结号,http://travel.qunar.com/p-oi38335415-zhangzhengwenlu:jijie,,长征文旅集结号，又称雩都1934街区，位于赣州于都中央红军长征集结出发地纪念园内，是集红色书吧、时代之家、VR体验、时尚展示、老区产品及红色文创展示为一体的休闲、购物、观光文旅综合体。,,,0.0,,,具体收费情况以现场公示为主,,7
江南宋城历史文化旅游区,http://travel.qunar.com/p-oi38039817-jiangnansongchenglishi,"

地址:
江西省赣州市章贡区建国路8-6号

",江南宋城历史文化旅游区位于章江、贡江及赣江交汇处赣州市章贡区的河套老城区，是国家4A级景区，街区总占地面积3.22平方公里，主街长度345米，整个街区占地面积143亩，包括五个历史文化街区（郁孤台、姚衙前、灶儿巷、南市街和慈姑岭）和一个传统风貌街区（新赣南路）及文保单位所处的区域。街区范围内有郁孤台、宋城墙、八境台、蒋经国旧居、中共特委遗址等文保单位，包括阳明书院、广东会馆、李政道（诺贝尔奖获得者）旧居、张乐平（著名漫画家，三毛流浪记作者）旧居、会昌学公馆、安远学公馆、龙南学公馆、九华古阁等历史建筑。江南宋城项目运营以来，3个月完成国家4A级旅游景区创建，荣获江西省文旅融合示范项目十佳、2020年度省级现代服务业集聚区、首批省级夜间文旅消费集聚区、江西省省级旅游休闲街区、省级商业街区改造提升试点街区等多项荣誉称号，入选第一批赣州市非遗小镇、第三批章贡区青少年综合性实践基地。其中“云上宋城”赣州市历史文化街区保护智能检测与管理系统也成为江西省文化和旅游信息化发展典型案例。,全年 全天开放,,4.6,建议游览时间：12小时 - 3天,,,,7
蓉江新区滨江公园,http://travel.qunar.com/p-oi38039397-rongjiangxinqubinjiang,,蓉江新区滨江公园绿植丰富，种植有樱花树，柳树等，新增了音乐喷泉，吸引很多人前来观看。,,,0.0,建议游览时间：2小时,,,,7
祁山,http://travel.qunar.com/p-oi38034930-qishan,,,,,--,,,具体收费情况以现场公示为主,,7
来石山,http://travel.qunar.com/p-oi38034773-laishishan,,,,,--,,,具体收费情况以现场公示为主,,7
会仙谷欢乐小镇,http://travel.qunar.com/p-oi38033447-huixianguhuanlexiaozhen,,,,,,,,,,7
南康家居小镇,http://travel.qunar.com/p-oi38030228-nankangjiajuxiaozhen,,,,,4.5,,,,,7
于都县革命烈士纪念馆,http://travel.qunar.com/p-oi38011866-yudouxiangeminglieshi,"

地址:
江西省赣州市于都县贡江镇长征大道西2号


电话:
0797-6233603

",于都县烈士革命纪念馆兴建于1987年3月，1990年12月正式开馆，是全国爱国主义教育示范基地、江西省国防教育基地。自开馆以来，在英烈褒扬纪念、红色基因传承、爱国主义和国防教育中发挥了重要作用。2020年3月，县政府决定对主体展览馆进行提升改造。改造后的县烈士纪念馆占地面积22.3亩，建筑面积1240平方米，馆内陈列面积943平方米，展线长360米，新增多媒体室和声光电等现代化陈展形式，陈列了红二十军代军长肖大鹏等187名于都籍知名烈士的光辉事迹，形象、生动地再现了于都英雄儿女在党的领导下进行斗争的艰难曲折历程和所取得的伟大胜利，展现了于都建党以来可歌可泣的烈士事迹和影响深远的重大历史。,全年 周二-周日 08:30-17:30;全年 周一 全天不开放,,--,建议游览时间：2小时 - 4小时,,,,8
春风故里,http://travel.qunar.com/p-oi37806511-chunfengguli,"

地址:
滨江西大道滨江娱乐城1栋29-30号

",,全年 10:00-21:00,,0.0,,,,,8
滨江公园,http://travel.qunar.com/p-oi37532409-binjianggongyuan,,,,,0.0,,,具体收费情况以现场公示为主,,8
莲花山景区,http://travel.qunar.com/p-oi37277105-lianhuashanjingqu,,,,,0.0,,,具体收费情况以现场公示为主,,8
上犹东山公园,http://travel.qunar.com/p-oi37190646-shangyoudongshangongyuan,,,,,0.0,,,,,8
宝塔公园,http://travel.qunar.com/p-oi37183478-baotagongyuan,,,,,0.0,,,,,8
长征文化馆,http://travel.qunar.com/p-oi36842564-zhangzhengwenhuaguan,,,,,,,,,,8
潭头村,http://travel.qunar.com/p-oi36476644-tantoucun,"

地址:
赣州市于都县潭头村

", 潭头村是个具有悠久历史的文明古村，自明初建村至今已700余年，民风淳朴，崇贤尚德。,全年 全天开放,,0.0,,,具体收费情况以现场公示为主,,8
云山渔谷,http://travel.qunar.com/p-oi36456674-yunshanyugu,"

地址:
赣州市龙南县桃江乡清源村岗鼓山

",云山渔谷位于龙南桃江乡清源村岗鼓山，是一个近年才被发掘的“世外桃源”。这里之所以被称为“云山渔谷”，其一是因其山高，清晨或雨天常有云雾缭绕，犹如梦境仙间，其二是山下渔谷，环境清幽，水源清澈，必出好鱼。正是因为这样独特的地理位置，才让它既有水的润泽又有了山的灵气，被人们称作“云山渔谷”。,全年 08:00-18:00,,5.0,建议游览时间：2小时 - 3小时,,30元,,8
中华汉字主题文化公园,http://travel.qunar.com/p-oi36451430-zhonghuahanzizhutiwen,"

地址:
赣州市经开区客家大道与章贡王路交叉口

","在这里，人们可以了解汉字的起源和发展过程，以及人类的演变过程，公园内有很多雕塑，是个寓教于乐的好地方。
",全开放,,5.0,建议游览时间：2小时 - 3小时,,具体收费情况以现场公示为主,,8
中华苏维埃共和国国家银行旧址,http://travel.qunar.com/p-oi36418685-zhonghuasuweiaigonghe,"

地址:
赣州市瑞金市瑞金沙洲坝革命旧址管理处(沙洲医院东)附近

",,8:30-17:30,,5.0,建议游览时间：1小时 - 2小时,,30元,,9
无为公园,http://travel.qunar.com/p-oi36414370-wuweigongyuan,,,,,--,,,具体收费情况以现场公示为主,,9
南康东山公园,http://travel.qunar.com/p-oi36414145-nankangdongshangongyuan,,,,,0.0,,,具体收费情况以现场公示为主,,9
锦江湿地公园,http://travel.qunar.com/p-oi36413502-jinjiangshidigongyuan,,,,,--,,,,,9
滨江公园,http://travel.qunar.com/p-oi36412807-binjianggongyuan,,,,,--,,,,,9
中华苏维埃共和国邮政总局,http://travel.qunar.com/p-oi36412340-zhonghuasuweiaigonghe,,,,,0.0,,,,,9
五彩城花博园,http://travel.qunar.com/p-oi36411929-wucaichenghuaboyuan,,五彩城花博园内有彩虹滑道，各种漂亮的花卉，还有大草坪，人们可以放风筝。,,,0.0,建议游览时间：2小时 - 3小时,,具体收费情况以现场公示为主,,9
赣州方特东方欲晓,http://travel.qunar.com/p-oi36411671-ganzhoufangtedongfang,"

地址:
江西省赣州市章贡区方特大道1号


电话:
400-166-0006

","赣州方特东方欲晓主题公园是华强方特集团精心打造的一座大型文化高科技主题公园。公园以1840年鸦片战争到21世纪初中华民族170余年的历史为背景，依托华强方特强大的创意能力和科研实力，综合运用主题公园行业前沿科技，打造了一系列高科技、强互动的主题游乐项目，全景式演绎中华民族寻求国家独立的波澜壮阔的近现代历史，展现了中国近代时期独具特色的社会风貌和人文风情, 为广大游客带来“红色旅游新体验”。赣州方特东方欲晓包含十余项方特打造的室内大型高科技主题项目和二十余项室外游乐项目，以及数百项特色休闲景观和主题餐厅、商店等。游客将在《圆明园》里重见“万园之园”的盛景；在《致远 致远》中跟随致远号乘风破浪；在《岁月如歌》里见证新中国成立后的巨变腾飞；在《飞翔》中俯瞰祖国名山大川，见证新中国在飞速发展中取得的重大成就；在《鹰击长空》登上过山车，体验一场模拟“辽宁舰”战斗机起降的惊险刺激之旅。公园还打造了一系列《熊出没》主题的亲子互动项目，非常适合家庭人群休闲度假。",9/22-9/30 10:00-17:00;10/1-10/7 09:00-21:00;10/8-12/31 10:00-17:00,https://mp-piao-admincp.qunarzz.com/mp_piao_admin_mp_piao_admin/fusion/20222/f740dd7d8ecaa81a5e589ec7025ce349.jpg_480x360x95_3c2aa458.jpg,4.9,建议游览时间：12小时 - 3天,,,,9
梅江公园,http://travel.qunar.com/p-oi36411213-meijianggongyuan,,,,,0.0,,,具体收费情况以现场公示为主,,9
灵山风景区,http://travel.qunar.com/p-oi36411110-lingshanfengjingqu,,灵山风景区位于赣州市兴国县，海拔四百多米，因山岩中有金观音、金香炉各一座而得名，山峦叠翠，景色秀丽。,,,0.0,建议游览时间：3小时 - 4小时,,具体收费情况以现场公示为主,,9
滨江公园,http://travel.qunar.com/p-oi36410998-binjianggongyuan,,滨江公园位于章江边上，公园的面积很大，广场上有音乐喷泉，晚上灯光亮起来的时候很漂亮，可以沿着江边散步欣赏夜景。,,,0.0,建议游览时间：0.5小时 - 1小时,,具体收费情况以现场公示为主,,10
漳江国家湿地公园,http://travel.qunar.com/p-oi36410953-zhangjiangguojiashidi,,,,,0.0,,,具体收费情况以现场公示为主,,10
赣县十月音乐艺术馆,http://travel.qunar.com/p-oi36410786-ganxianshiyueyinleyishu,,,,,0.0,,,具体收费情况以现场公示为主,,10
客家风情商业城(东华北路店),http://travel.qunar.com/p-oi36410763-kejiafengqingshangyecheng,,,,,0.0,,,具体收费情况以现场公示为主,,10
东园,http://travel.qunar.com/p-oi36409856-dongyuan,,,,,0.0,,,,,10
无为塔,http://travel.qunar.com/p-oi36409581-wuweita,,,,,5.0,,,具体收费情况以现场公示为主,,10
四贤坊,http://travel.qunar.com/p-oi36408948-sixianfang,,,,,3.0,,,具体收费情况以现场公示为主,,10
宝福院塔,http://travel.qunar.com/p-oi36407790-baofuyuanta,"

地址:
赣州市石城县琴江东路

",宝福塔，是我国保存不多的北宋古塔之一。始建于宋徵宗崇宁元年（1102年），落成于大观四年（1110年），比石城建县的南唐保大十一年（953年）晚150余年。塔身砖木结构，七级六面，呈竹节钢鞭形；塔高59.8米，建筑面积1982.12平方米；底层对边直径为10米，对角直径为12米，内空直径为2.6米，墙厚3.7米，墙外边长5.6米，自下而上逐级微收。每级有六扇门，三开三闭。檐角悬挂铜铃，风吹铃动，声播江城。绕平座可穿壁而上塔顶，登临远眺，远近山川、江城风貌尽收眼底。 ,全年 08:30-17:00,,3.0,建议游览时间：1小时 - 2小时,,,,10
农民公园,http://travel.qunar.com/p-oi36407743-nongmingongyuan,,,,,0.0,,,具体收费情况以现场公示为主,,10
南山公园,http://travel.qunar.com/p-oi36407732-nanshangongyuan,,,,,--,,,具体收费情况以现场公示为主,,10
