名字,链接,地址,介绍,开放时间,图片链接,评分,建议游玩时间,建议季节,门票,小贴士,Page
万尾金滩Wanwei Golden Beach,http://travel.qunar.com/p-oi706679-wanweijintan,"

地址:
防城港市东兴市江平镇


电话:
0770-7222463

",万尾金滩是位于东兴市的京族三岛的绵长海滩，因沙质金黄，日落时分在阳光的照耀下显得金光闪闪而闻名。这里沙滩平缓，海水清澈，相比北海银滩，显得更为清静与原生态。游玩万尾金滩一般选择下午4~6点的时候，这个时候在沙滩上散散步，或者乘坐渔船出海，享受海上美景与惬意时光，然后差不多就到日落时分了，便可欣赏这里金灿灿的海滨美景。,全年 全天开放,https://img1.qunarzz.com/travel/d2/1703/99/d094dc3487e4f7b5.jpg_480x360x95_ab2d4018.jpg,4.3,建议游览时间：2小时,,"{'东兴一日游【万尾金滩+海上红树林+国门边境风情+海淘美食特产精选纯玩团】\n\n': ['¥198起'], '东兴一日游【国界之南越南边界游+海淘美食】\n\n': ['¥198起']}",,1
大清国1号界碑,http://travel.qunar.com/p-oi712961-daqingguo1haojiebei,,大清国一号界碑位于北伦河口的竹山港，这块因长年日晒雨淋而益显沧桑的巨石，就以这样崛强的方式屹立着，界碑上庄严雄浑的“大清国钦州界”几个大楷透着一股不可侵犯的凛然正气，向每一个游客诉说着100多年来的每一段历史。 1885年6月9日，清政府和法国在天津签定的《中法越南条约》，条约规定，两国边界自竹山起界，循北伦河自东向西，以河心为界线。防城港市与越南的边界线，从竹山的北伦河口至峒中的北岗隘，长200多公里，全段以石碑为标致，共立1至33号界碑。其中以河为界的，双方...大清国一号界碑位于北伦河口的竹山港，这块因长年日晒雨淋而益显沧桑的巨石，就以这样崛强的方式屹立着，界碑上庄严雄浑的“大清国钦州界”几个大楷透着一股不可侵犯的凛然正气，向每一个游客诉说着100多年来的每一段历史。 1885年6月9日，清政府和法国在天津签定的《中法越南条约》，条约规定，两国边界自竹山起界，循北伦河自东向西，以河心为界线。防城港市与越南的边界线，从竹山的北伦河口至峒中的北岗隘，长200多公里，全段以石碑为标致，共立1至33号界碑。其中以河为界的，双方各于已方河岸相对立石，以山为界的则双方共立一块界碑，一面书“大清国钦州界”（当时防城属钦州府辖），一面书“大南”（即越南）。竹山一号界碑位于东兴镇竹山村的北仑河入海口，是大清国界碑。一号界碑竖立在竹山村边的一棵大榕树旁，碑石是用坚硬的海石凿成，高六尺余，宽二尺余，厚尺余，上面正楷阴刻的字为“大清国钦州界”。当时竹山属钦州所辖，故名“钦州界”。 据史料记载，公元1886年11月至1888年5月间，清政府代表邓承修与法使（越南当时为法国殖民军占领）会勘疆界。开始，法使仗势欺人，要将白龙半岛一半划出中国，在白龙半岛上竖埋第一号界碑。邓承修正气凛然，据理力争，终将起界定在竹山，维护了国家主权。,,https://img1.qunarzz.com/travel/d0/1712/65/4f485fa6348079b5.jpg_480x360x95_cdf948bf.jpg,0.0,,,,,1
中越友谊大桥Sino-Vietnam Friendship Bridge,http://travel.qunar.com/p-oi7527013-zhongyueyouyidaqiao,"

地址:
防城港市东兴市东兴口岸中越友谊大桥

",中越友谊大桥位于防城港市东兴市东兴口岸，横跨北仑河，是中越两国关系发展的象征和缩影。中越友谊大桥全长一百多米，桥中间有一条斑马线，是中越大桥管理线。现在，它是国际贸易、边境贸易、跨国旅游的大通道。,全年 全天开放,https://img1.qunarzz.com/travel/d7/1511/46/4b317faf648b2f7.jpg_480x360x95_45b7cbd0.jpg,4.1,建议游览时间：0.5小时 - 1小时,,具体收费情况以现场公示为主,,1
东兴口岸Port of Dongxing,http://travel.qunar.com/p-oi8305304-dongxingkouan,"

地址:
防城港市东兴市新华路

",东兴口岸位于防城港市东兴市，这里通过北仑河大桥与越南芒街相连，目前是中越之间主要的贸易通道，也是出境的必经之路。附近还设有大清国五号界碑、胡志明亭等景点。来这里领略一下“国门”的威严，感受越南风情，都是非常好的去处。东兴口岸庄严肃穆，五星红旗高高飘扬，在东兴口岸下方的街道上屹立着大清国五号界碑，随着1369号界碑的设立，它已不再是真正的界碑，但仍具有重大的历史意义，与其合影的游客数不胜数。街道两侧房屋上都插着五星红旗，其中有许多商铺都售卖着越国特产，也有许多越南人在摆着摊卖着越南的小吃与传统特色商品。东兴口岸旁还设有胡志明亭，是为纪念前越南劳动党主席胡志明的东兴之行而建立。,全年 全天开放,https://img1.qunarzz.com/travel/d4/1809/9b/8a5457ec08cfd6b5.jpg_480x360x95_6548062b.jpg,4.3,建议游览时间：1小时 - 2小时,,"{'东兴一日游【国界之南越南边界游+海淘美食】\n\n': ['¥198起'], '越南芒街+东兴口岸一日游【身份证出国+异国风情+海淘美食】\n\n': ['¥298起'], '东兴一日游【万尾金滩+海上红树林+国门边境风情+海淘美食特产精选纯玩团】\n\n': ['¥198起']}",,1
白浪滩Bailang Beach,http://travel.qunar.com/p-oi708614-bailangtan,"

地址:
防城港市防城区江山半岛月亮湾西南侧6公里处


电话:
0770-3398069

",白浪滩因为常常可见海面上卷起的一层层白浪而得名，这里的沙质也与众不同，含钛量较高，因而接近黑褐色，固有“黑沙白浪”一说。许多当地人也喜欢假日来这儿踩水、玩沙子。沙滩滩上有太阳伞、游泳圈出租，也有沙滩排球之类的活动可以参与。虽然海滩上浪多，但由于沙滩平缓，浪头并不大，不会影响游人下海玩水。如果不住在附近的酒店，玩水过后也可以在沙滩上的淋浴室洗澡，冷热水都有（价格在10元左右）。夜色降临时，沙滩周围的大排档便开始热闹起来，选择繁多，不必担心用餐问题。,全年 全天开放,https://img1.qunarzz.com/travel/d9/1601/77/2e72acc306fe64f7.jpg_480x360x95_6de7ea6f.jpg,4.2,建议游览时间：2小时 - 3小时,夏季为佳。,{'防城港江山半岛白浪滩景区出海拉网捕鱼体验成人票\n\n': ['¥450起']},,1
蝴蝶岛天堂滩Butterfly Island Paradise Beach,http://travel.qunar.com/p-oi704450-hudiedaotiantangtan,,,,,,,,,,1
十万大山国家森林公园Shiwan Great Mountain National Forest Park,http://travel.qunar.com/p-oi713942-shiwandashanguojiasen,"

地址:
防城港市上思县百鸟乐园景区西南500米


电话:
0770-8462108,0770-8462188

",十万大山国家森林公园位于上思县南部，这里环境清幽，有着一派原始的森林景观，群山连绵、飞泉流泻、绿林环绕，景色非常迷人。来到景区游玩时主要有两条线路，其一是通往“南山睡佛”（因在此往南山望去，南山的轮廓就像一座仰天而睡的大佛而得名），其二是通往“狮山观海”（因为所在的峰顶为狮山山顶，在这里可以将北部湾的海景尽收眼底而得名），大多数游客都会选择第二条线路。不过景区大门距离山顶的路程较远，登顶需要3.5小时左右，而且目前只能步行，想要登顶的游客建议早点出发，如果天色已较晚，就算未登至山顶也建议立马下山。若是选择通往“狮山观海”的线路，即使不到达山顶，沿途的众多景点也会让你觉得不虚此行。途中的天然药浴池、天女浴池等景点都是戏水的好地方，龙袍树、情网同心、三叉江等景点也十分迷人。,全年 8:00-18:00,https://img1.qunarzz.com/travel/d9/1503/5d/15ef8ac4de0b0d.jpg_480x360x95_10a9b5a6.jpg,4.2,建议游览时间：3天,,具体收费情况以现场公示为主,,1
竹山景区,http://travel.qunar.com/p-oi711408-zhushanjingqu,,竹山景区位于北仑河入海口，是海陆交汇处。中国大陆海岸线东起鸭绿江，西至北仑河，这里是中国大陆海岸线的最西端，又是陆路边界线的起点，其对面隔海相望是越南的芒街市和万柱海滩。这里是大清国一号界碑，还是北仑河国家海洋自然生态保护区。历史上竹山港曾是中国与越南一个热闹的通商口岸，从遗留下来的古戏台、古街、三圣宫、天主教堂等依稀可辩当年的繁华。,,https://img1.qunarzz.com/travel/d8/1602/ed/4031b1a385de5f7.jpg_480x360x95_01fb9174.jpg,3.8,,,,,1
怪石滩Fangchenggang Guaishi (Strange Stones) Beach,http://travel.qunar.com/p-oi702213-guaishitan,"

地址:
防城区半岛灯架岭前


电话:
0770-3398069

",防城港怪石滩位于江山半岛景区的南端，景如其名，这里的海滩上分布着成片的石滩，它们沟壑纵横，形状各异，大部分呈现出红褐色，许多人都称其为“海上赤壁”。怪石滩的海水也较为清澈，不过这里人少，而且海边的礁石略滑，并不建议下水游玩。可以在怪石滩上散散步、看看海、拍拍照，感受这不一般的海滨风光。,全年 全天开放,https://tr-osdcp.qunarzz.com/tr-osd-tr-space/img/30c5154e4f3c0930179379ca87f9446e.jpg_480x360x95_4d1db9da.jpg,3.9,建议游览时间：1小时 - 2小时,,具体收费情况以现场公示为主,,1
"防城港月亮湾Moon Bay, Port of Fangcheng",http://travel.qunar.com/p-oi710898-fangchenggangyueliang,"

地址:
防城港市防城区环岛东路月亮湾派出所东200米

",位于江山半岛东侧的牛头山脚下，东面与防城港隔海相望，相隔仅几百米，因其形似弯月而名。月亮湾由3个湾组成，沙滩长约2公里，水面平稳，沙质细软，洁净金黄，滩后防护林带郁郁葱葱。月亮湾现已开发为海滨公园，是游人漫步观海、嬉水娱乐的好去处。,全年 全天开放,https://tr-osdcp.qunarzz.com/tr-osd-tr-mapi/img/14f2b54f8b90c1969d1952a5aab668b3.jpg_480x360x95_363ed2e4.jpg,4.6,建议游览时间：2小时,,具体收费情况以现场公示为主,,1
胡志明海上栈道,http://travel.qunar.com/p-oi715003-huzhiminghaishangzhan,"

地址:
广西防城港港口区

",美越战争期间，中国、苏联、东欧等社会主义国家的部分援越物资从广西防城港沿海上运往越南，这条运输线史称“海上胡志明小道”。它的始点位于现今防城港北码头的0号泊位，是防城港的前身。1968年，美国对越南进行海上封锁，企图切断一切援越物资供应。面对如此险恶的局势，毛主席、周总理在深思熟虑之后，于1968年3月22日批准了中国广西边境海岸线上的防城县建设战备港口，作为隐蔽的海上运输线，为越南人民抗美救国战争运送物资，内定名为“3.22”工程，越南军民称之为“海上胡志明小...美越战争期间，中国、苏联、东欧等社会主义国家的部分援越物资从广西防城港沿海上运往越南，这条运输线史称“海上胡志明小道”。它的始点位于现今防城港北码头的0号泊位，是防城港的前身。1968年，美国对越南进行海上封锁，企图切断一切援越物资供应。面对如此险恶的局势，毛主席、周总理在深思熟虑之后，于1968年3月22日批准了中国广西边境海岸线上的防城县建设战备港口，作为隐蔽的海上运输线，为越南人民抗美救国战争运送物资，内定名为“3.22”工程，越南军民称之为“海上胡志明小道”。经过无数创业者的拼博奋斗，到70年代初，一座千吨级码头终于在防城港仙人湾海上浮起来。从此，中国、原苏联及东欧各国援越抗美物资从防城港穿过水雷封锁区运至越南的海防港和锦普港，为越南人民的抗美救国斗争做出了卓越的贡献。1973年和平谈判签字后，越南孙德正主席委派交通部部长向防城港授予了以及抗战勋章。,全天,,3.0,,,,,2
北仑河口国家级自然保护区,http://travel.qunar.com/p-oi705574-beilunhekouguojiajizi,"

地址:
广西防城港市防城区和东兴市的北仑河（中越界河）河口三角洲我方一侧

","位于我国大陆海岸线最西南端的广西壮族自治区防城港市西南沿海地带，包括东起防城区江山乡白龙半岛，西至东兴市东兴镇罗浮江与北仑河汇集处的滩涂和部分海域,保护区于1985年建立县级红树林保护区，1990年晋升为省级海洋自然保护区，2000年4月经国务院批准晋升为国家级自然保护区，以红树林生态系为保护对象。2001年7月，加入中国人与生物圈（MAB）组织，2004年7月加入中国生物多样性保护基金会自然保护区委员会。2004年3月成功申报UNEP（联合国规划署）/GEF（全球环境基金）/SCS（扭转...位于我国大陆海岸线最西南端的广西壮族自治区防城港市西南沿海地带，包括东起防城区江山乡白龙半岛，西至东兴市东兴镇罗浮江与北仑河汇集处的滩涂和部分海域,保护区于1985年建立县级红树林保护区，1990年晋升为省级海洋自然保护区，2000年4月经国务院批准晋升为国家级自然保护区，以红树林生态系为保护对象。2001年7月，加入中国人与生物圈（MAB）组织，2004年7月加入中国生物多样性保护基金会自然保护区委员会。2004年3月成功申报UNEP（联合国规划署）/GEF（全球环境基金）/SCS（扭转南中国海和泰国湾环境退化趋势项目）“防城港国际红树林示范区”项目.保护区南濒北部湾，西与越南交界（北仑河为中越两国界河),保护区内有红树植物15种（其中真红树10种、半红树5种），主要红树植物种类有白骨壤、桐花树、秋茄、木榄、红海榄、海漆、老鼠勒、榄李、银叶树、阔包菊、卤蕨、水黄皮、黄槿、杨叶肖槿、海芒果等。其他常见高等植物19种，大型底栖动物84种，鱼类27种，鸟类128种（属国家二级保护动物13种）。具有较高的生物多样性。保护区内的红树林有林面积12.60平方公里，主要的红树植物群落类型有白骨壤群落、桐花树群落、秋茄群落、木榄群落和老鼠勒群落等12种，其中老鼠勒群落分布面积较大为国内少见。此外，保护区核心区还发现有大面积珍稀海草—矮大叶藻。保护区地理位置特殊，珍珠湾内生长着我国大陆海岸连片面积最大的红树林，，是候鸟迁飞的重要中继站。",全天,https://img1.qunarzz.com/travel/d1/1704/98/00dd7d3b5c687eb5.jpg_480x360x95_eec037ba.jpg,0.0,,,,,2
江平古镇,http://travel.qunar.com/p-oi716091-jiangpingguzhen,"

地址:
防城港东兴市江平镇，距东兴市区15公里

",自然风景区。位于东兴市江平镇。距东兴市区15公里。自然景观为一体的风景旅游区。江平原为江坪，是一块冲积平地。在这块土地上，原是古木参天的原始森林，长满檀香树、紫荆、松、杉等名贵木材。光绪13年，江平就成立了“南服书院”，积极培养地方人才。光绪11年，南海、番禺、顺德等地的商人为方便经商，也在这里成立了广州会馆，法国人则建起了精致的教堂，收罗门徒，广为传教，每至周末，钟声回荡，振人心脾。过去的江平真可谓文人荟萃，商贾云集之地。因此，在防城境内，该地当时...自然风景区。位于东兴市江平镇。距东兴市区15公里。自然景观为一体的风景旅游区。江平原为江坪，是一块冲积平地。在这块土地上，原是古木参天的原始森林，长满檀香树、紫荆、松、杉等名贵木材。光绪13年，江平就成立了“南服书院”，积极培养地方人才。光绪11年，南海、番禺、顺德等地的商人为方便经商，也在这里成立了广州会馆，法国人则建起了精致的教堂，收罗门徒，广为传教，每至周末，钟声回荡，振人心脾。过去的江平真可谓文人荟萃，商贾云集之地。因此，在防城境内，该地当时的教育，经济都算是发展得比较早的。江平不但文化发达，经济繁荣，更令时人赞叹的是。这里还有奇异的景致。至今还盛传着的八大景点。 一、古寨烟霞，二、印岭横江， 三、松亭鹤室，四、珠墩夜月，五、同皮古潜，六、银坑瀑布。七、五指高峰，八、棋盘夜灯。,全天,,5.0,,,免费,,2
野人谷景区,http://travel.qunar.com/p-oi7469220-yerengujingqu,"

地址:
广西省防城港防城区那良镇那楼村

",野人谷自然风景区面积约150平方公里，后山是刘永福之母墓陵和陈济棠之祖之父墓陵。山上为原始森林次生状态，是广西防城港市九龙潭旅游开发公司近年来新开发的旅游景点。从东兴市往那良镇沿边公路仅22公里，交通便捷。防城港市野人谷漂流采用两个人一条的橡皮艇；漂流全程需要两个半小时。这里山高林密，峰奇石秀，峡谷纵横，溪潭珠联，曲径通幽，景色宜人。春季：春风送暖，山花烂漫，胜似世外桃源；夏季：千瀑飞泻，绿树成荫，凉风飞飞，犹如人间仙境；秋季：赤橙黄绿，硕果累累，秋...野人谷自然风景区面积约150平方公里，后山是刘永福之母墓陵和陈济棠之祖之父墓陵。山上为原始森林次生状态，是广西防城港市九龙潭旅游开发公司近年来新开发的旅游景点。从东兴市往那良镇沿边公路仅22公里，交通便捷。防城港市野人谷漂流采用两个人一条的橡皮艇；漂流全程需要两个半小时。这里山高林密，峰奇石秀，峡谷纵横，溪潭珠联，曲径通幽，景色宜人。春季：春风送暖，山花烂漫，胜似世外桃源；夏季：千瀑飞泻，绿树成荫，凉风飞飞，犹如人间仙境；秋季：赤橙黄绿，硕果累累，秋风送爽，令人心旧调重弹神怡，更是让人赏心悦目。 　,09:00-16:00,https://img1.qunarzz.com/travel/poi/1408/26/2b05b0cc63be637dffffffffc8d65eac.jpg_480x360x95_efcbfad4.jpg,4.5,建议游览时间：1小时,四季皆宜。,158元,,2
白龙炮台White Dragon Fort,http://travel.qunar.com/p-oi715792-bailongpaotai,"

地址:
防城港市防城区

",白龙炮台始建于清朝光绪年间，紧邻北部湾。白龙炮台主要由白龙台、艮坑台、龙珍台、龙骧台这四座炮台组成，每座炮台的正面门楼军用方石条砌成，沿着正门的台阶向上，往里走，可看到昔日士兵居住的兵房，储存弹药的弹药库，送弹孔、藏弹洞等设施。来到炮台的高处，可一睹古炮台的庄严气势，还可远眺海平面，欣赏辽阔的美丽景色。,全天,https://img1.qunarzz.com/travel/d4/1610/58/45677fbb255566b5.jpg_480x360x95_40f71c74.jpg,5.0,建议游览时间：1小时 - 2小时,,具体收费情况以现场公示为主,,2
桃花溪山庄,http://travel.qunar.com/p-oi709628-taohuaxishanzhuang,"

地址:
广西防城港市西部高林瑶族山村的沿边公路旁

",距南宁市220公里、防城港市78公里、东兴市39公里，与九龙潭漂流、里火边贸口岸、马鞍坳观景台、垌中温泉等景点相邻，年均接待业者5万多人次集餐饮娱乐、休闲度假设施于一体，环境幽静、群山环抱、溪瀑成群、气候宜人，有自然空调、天然氧吧及世外桃源之称。山庄于2003年建成以来，像一颗璀璨的明珠，在青山绿水间熠熠生辉，她依山而建，溪流环绕、长廊九曲。建有木屋客房、竹楼大厅、野味餐亭、烧烤场、露天歌舞池、天然山溪浴池、停车场、垂钓塘、小会议室、乒乓球室等设施。生长有...距南宁市220公里、防城港市78公里、东兴市39公里，与九龙潭漂流、里火边贸口岸、马鞍坳观景台、垌中温泉等景点相邻，年均接待业者5万多人次集餐饮娱乐、休闲度假设施于一体，环境幽静、群山环抱、溪瀑成群、气候宜人，有自然空调、天然氧吧及世外桃源之称。山庄于2003年建成以来，像一颗璀璨的明珠，在青山绿水间熠熠生辉，她依山而建，溪流环绕、长廊九曲。建有木屋客房、竹楼大厅、野味餐亭、烧烤场、露天歌舞池、天然山溪浴池、停车场、垂钓塘、小会议室、乒乓球室等设施。生长有金茶花、沙椤等珍稀植物和肉桂、八角及20多种果树，桃树更是遍布山庄及山溪旁，挑花溪山庄由此而得名。层林叠翠，鸟语、虫鸣、水声汇成大自然动听的乐章。,全天,,--,,,免费,,2
南山聪皇沟景区Nanshan Conghuanggou Sceneic Area,http://travel.qunar.com/p-oi703902-nanshanconghuanggoujing,"

地址:
防城港市防城区那梭镇


电话:
0770-3230137

","南山聪皇沟景区位于广西省防城港市防城区那梭镇，距离南宁约160公里，距离防城港、防城区、东兴市均在35公里左右，二级路直通景区，即将开通（南宁至东兴）的高速路出口离景区不到10公里，是名副其实的""南宁市前花园""。景区地处十万大山南麓，南山海拔达917米，常年云雾缭绕，气候温和，独特的地理环境非常适合生长“茶族皇后”“植物界的大熊猫”“金花茶”。景区内有“金花茶”生长园。“聪皇沟”是由一个沉睡火山经亿万年汇聚而成。神秘的南山江从风雨桥下奔流而过，两岸丰富的多样物种，多变的激流非常适合进行“水上皮划艇”活动，景区现在正致力于打造“皮划艇水上乐园”。",全年 9:00-18:00,https://tr-osdcp.qunarzz.com/tr-osd-tr-manager/img/d81085962e09942440916775d7442e21.jpg_480x360x95_1c1e9103.jpg,3.5,建议游览时间：3小时 - 4小时,四季皆宜。,具体收费情况以现场公示为主,,2
北仑河中越漂流,http://travel.qunar.com/p-oi711670-beilunhezhongyuepiaoliu,"

地址:
广西壮族自治区东兴市南园路47号

",,9:00—17:00（每天三次开漂，时间分别为10:30、13:30、16:00）,https://img1.qunarzz.com/piao/fusion/1806/21/de7d503c67c19102.jpg_480x360x95_0ef06357.jpg,0.0,建议游览时间：2小时 - 3小时,夏季最佳。,128元,,2
罗浮天主教堂,http://travel.qunar.com/p-oi702045-luofutianzhujiaotang,"

地址:
广西防城港东兴市区罗浮河畔

",防城港市文物保护单位，距离市中心2公里。东兴罗浮天主教堂始建于1832年，迄今已有160年的历史。当时的罗浮天主教堂属北海教区。始建时的罗浮天主教堂占地10447平方米。设有教堂、钟楼、育婴室（收养弃婴）、男校、女楼、仁爱堂、圣堂、织纺堂等各组成部分。由于历经岁月的冲刷、历次政治风暴的决荡以及人口增殖的影响，如今的罗浮天主教堂只剩490平方米的教堂和25平方米的钟楼。罗浮天主教堂是东兴所有的三个教堂中最为典型的法式建筑。教堂正面及两侧由十几根柱子托起，形成大半框形...防城港市文物保护单位，距离市中心2公里。东兴罗浮天主教堂始建于1832年，迄今已有160年的历史。当时的罗浮天主教堂属北海教区。始建时的罗浮天主教堂占地10447平方米。设有教堂、钟楼、育婴室（收养弃婴）、男校、女楼、仁爱堂、圣堂、织纺堂等各组成部分。由于历经岁月的冲刷、历次政治风暴的决荡以及人口增殖的影响，如今的罗浮天主教堂只剩490平方米的教堂和25平方米的钟楼。罗浮天主教堂是东兴所有的三个教堂中最为典型的法式建筑。教堂正面及两侧由十几根柱子托起，形成大半框形的走廊。每根柱子之间都砌成拱形的门的形状，相互承连。每根柱子的上方都修成如钟楼的样式，而且顶尖都立着一个方正的十字架。连同老钟楼杰顶，大大小小的十字架仿佛要把这座白色的建筑提起，并努力地让它接近天空。教堂始建于公元1832年（清道光十二年），是继东兴东郊把塘教堂（建于1692年）和罗浮三门滩教堂（建于1808年）之后所建。现存主体建筑有大礼堂一座，钟楼一座，修女楼一栋，呈三角分布，相隔几十米，其建筑风格均为典型的欧洲教堂式建筑。“大礼堂”原名“圣堂”，占地约503㎡，背靠神父楼，主体高8米，长25米，宽20米。外表呈四方形结构，圣堂由前、左、右三方共14根圆柱包围，正门有5个拱门，形状独特别致，正上方的中间有一个直径约1.6米的色彩鲜艳、图案精美的八卦图，顶端是天主教的十字架。圣堂大厅共有8条柱子，5个连环拱门，拱门共有4个消音孔，四周有精巧秀美的花窗。从外表看，整个圣堂显得庄严肃穆，宽敞坚固。,全天,https://img1.qunarzz.com/travel/d4/1610/a2/d64cc772b35941b5.jpg_480x360x95_8696eaca.jpg,--,,,免费,,2
交东贝丘遗址,http://travel.qunar.com/p-oi704070-jiaodongbeiqiuyizhi,,位于东兴市江平镇郊东村，呈东西走向，南临北部湾，北为丘陵地，东西宽约200米，南北长约400米。西面有一条小河从北向南流入海湾，北面是起伏的山丘，高约10多米。 山上堆积大量贝壳，以蚝壳居多，杂有泥蚶、白螺、网锤等先民遗物，人称“蚝壳山”，被一层表土及植被覆盖。它是1958年春，村民在山边建牛栏挖墙基时发现的。经考察鉴定为新石器时期居民点遗址。1981年被列为自治区重点文物保护单位。,,,--,,,,,2
西湾广场,http://travel.qunar.com/p-oi711431-xiwanguangchang,"

地址:
广西防城港市中心

",与钦防高速公路相接。濒临西海湾而得名。西湾广场属于城市公园，占地16.72万平方米。广场于2002年开始兴建，于2003年完工。广场内绿树成荫，环境幽雅。中部有一个现代化的音乐喷泉，每当夜幕降临，音乐响起，喷泉随着音乐翩翩起舞，灯火闪耀，景致美丽非凡。广场现已成为防城港市庆典、集会、休闲、娱乐的重要场所。,全天,https://img1.qunarzz.com/piao/fusion/1711/e9/d9bb9179e0a78602.jpg_480x360x95_7e8cf7b4.jpg,3.7,,,免费,,3
巫头白鹤山,http://travel.qunar.com/p-oi712650-wutoubaiheshan,,巫头白鹤山于防城港市京族三岛巫头村。巫头村有一片面积达几千亩的沙滩，白沙皑皑，沙上绿树成荫，一派活生生北国林海雪原风光，号称“南国雪原”。沿南国雪原向南几百米，几座长满马尾松的小山丘突兀呈现眼前，这就是巫头白鹤山。京族三岛海水温暖，鱼虾丰茂，是白鹤和白鹭生长的理想环境，很久以前，数万只白鹤和白鹭便在此生息繁衍。清晨和傍晚是它们出巢和归巢时间，巫头白鹤山上，鹤声袅袅，鹤鸟翔集，漫山遍野全是白鹤和白鹭的翩翩倩影，白沙、绿树、白鹤，构成了一幅绝妙无比的...巫头白鹤山于防城港市京族三岛巫头村。巫头村有一片面积达几千亩的沙滩，白沙皑皑，沙上绿树成荫，一派活生生北国林海雪原风光，号称“南国雪原”。沿南国雪原向南几百米，几座长满马尾松的小山丘突兀呈现眼前，这就是巫头白鹤山。京族三岛海水温暖，鱼虾丰茂，是白鹤和白鹭生长的理想环境，很久以前，数万只白鹤和白鹭便在此生息繁衍。清晨和傍晚是它们出巢和归巢时间，巫头白鹤山上，鹤声袅袅，鹤鸟翔集，漫山遍野全是白鹤和白鹭的翩翩倩影，白沙、绿树、白鹤，构成了一幅绝妙无比的画面，每天吸引着无数的游客前往观赏。,,,0.0,,,,,3
潭蓬古运河,http://travel.qunar.com/p-oi716037-tanpengguyunhe,,潭蓬古运河位于月亮湾附近的潭蓬村和潭西村之间，又称“天威遥”、“仙人垅”，因运河所经之处仙人坳全是海石结构的丘陵，工程浩大若非仙人，在古代实在难以开凿，因而被称为“仙人垅”。运河宽数米，长约10公里，拦腰穿过江山半岛，把防城港和珍珠港沟通，海水涨潮仕时可通航。据五代人孙光宪的《北梦琐言》记载，运河是唐代咸同年间（公元860年至874年）安南节度使高骈募工所凿。潭蓬古运河凿通后，往来船舶不必绕过江山半岛而直航防城、珍珠两港弯，不但缩短了15公里的航程，而且...潭蓬古运河位于月亮湾附近的潭蓬村和潭西村之间，又称“天威遥”、“仙人垅”，因运河所经之处仙人坳全是海石结构的丘陵，工程浩大若非仙人，在古代实在难以开凿，因而被称为“仙人垅”。运河宽数米，长约10公里，拦腰穿过江山半岛，把防城港和珍珠港沟通，海水涨潮仕时可通航。据五代人孙光宪的《北梦琐言》记载，运河是唐代咸同年间（公元860年至874年）安南节度使高骈募工所凿。潭蓬古运河凿通后，往来船舶不必绕过江山半岛而直航防城、珍珠两港弯，不但缩短了15公里的航程，而且避开了江山半岛南端白龙尾的巨浪搏击和海盗的袭击，使船舶安然航行。《唐书．高骈传》说，运河通航后，往来“舟楫无滞，安南储备不乏，至今赖之”。自十世纪起，安南独立，与宋朝交恶，多次侵边，大概就在此时，“天威遥”就逐渐被废弃了，现只遗留下潭蓬水库一段。1982年定为自治区一级文物。这是中国唯一的一条海上运河。,,,--,,,,,3
伯南公园,http://travel.qunar.com/p-oi711173-bonangongyuan,,,,,,,,,,3
应天瀑布,http://travel.qunar.com/p-oi714545-yingtianpubu,"

地址:
广西防城港上思县平广林场辖区

",在十万大山扫把山下，瑶寨念文屯西南3公里的山谷中。瀑布落山外，岩板稍平阔，水口呈“凹”状，飞瀑处壁形，高28米，岩壁间有一凹处；深宽均数米，形似“水帘洞”。距落水口几米的一处岩板，拳击、脚蹬或以石头敲击，冬冬发响，声若擂鼓动。春夏大雨，山洪暴发；瀑布响声如雷，数里外还震人耳膜。“应天泉”由此名。瀑下数十米，巨石如象；沉列溪中，同一溪流，距此瀑布约百米和二百米处，还有两处小瀑布，高度均约十余米，当地人称应天瀑布为“头龙”，下面小瀑布为“二龙”和“三龙...在十万大山扫把山下，瑶寨念文屯西南3公里的山谷中。瀑布落山外，岩板稍平阔，水口呈“凹”状，飞瀑处壁形，高28米，岩壁间有一凹处；深宽均数米，形似“水帘洞”。距落水口几米的一处岩板，拳击、脚蹬或以石头敲击，冬冬发响，声若擂鼓动。春夏大雨，山洪暴发；瀑布响声如雷，数里外还震人耳膜。“应天泉”由此名。瀑下数十米，巨石如象；沉列溪中，同一溪流，距此瀑布约百米和二百米处，还有两处小瀑布，高度均约十余米，当地人称应天瀑布为“头龙”，下面小瀑布为“二龙”和“三龙”。,全天,https://img1.qunarzz.com/travel/d3/1511/23/3e02969d6136f6f7.jpg_480x360x95_b1838ae4.jpg,0.0,,,免费,,3
神马水瀑布,http://travel.qunar.com/p-oi711088-shenmashuipubu,,"俗称马射尿瀑布，位于广西十万大山南麓的平隆山原始森林里。平隆山在此断裂错开，形成了落差150多米的断裂带，南端下沉形成扶隆沟。从扶隆沟下游溯源而上，峰回溪曲，溪水在山谷间跃腾碰撞，低吟轻唱，两岸绿树荫蔽，密不透天。前行几百米，地势渐陡，泉声渐大，但瀑布仍隐在绿树丛中，难见其影。又爬过几个小瀑布，天空豁然开朗，瀑布如同一幅白练从山顶飞泻而下，砸到沟底，轰然作声，飞花四溅，就由如李白写的""飞流直下三千尺,疑是银河落九天.""的感觉.极为壮观。该瀑布乃平隆山原始...俗称马射尿瀑布，位于广西十万大山南麓的平隆山原始森林里。平隆山在此断裂错开，形成了落差150多米的断裂带，南端下沉形成扶隆沟。从扶隆沟下游溯源而上，峰回溪曲，溪水在山谷间跃腾碰撞，低吟轻唱，两岸绿树荫蔽，密不透天。前行几百米，地势渐陡，泉声渐大，但瀑布仍隐在绿树丛中，难见其影。又爬过几个小瀑布，天空豁然开朗，瀑布如同一幅白练从山顶飞泻而下，砸到沟底，轰然作声，飞花四溅，就由如李白写的""飞流直下三千尺,疑是银河落九天.""的感觉.极为壮观。该瀑布乃平隆山原始森林蓄积水汇积而成，一年四季从不间断。冬季水量稍小，从平隆山公路眺望，犹如神马小解，白水从天而降，似白纱轻垂，给平隆山增添几分妩媚；夏秋雨季，雨量丰沛，瀑布宽达数丈，轰然而下，声传数里之外，沟底云雾蒸腾，大有气吞长虹之磅礴气势！",,,--,,,,,3
凤亭河风景区,http://travel.qunar.com/p-oi707599-fengtinghefengjingqu,"

地址:
广西防城港上思县东屏乡境内

",凤亭河水库位于上思县东屏乡境内，建于1960年，总库容约5.6亿立方米，库区正常水面约为3180亩，库区一年四季各有特色。春天，碧波荡漾，岸上各种山花争相开放，船在水中游，人们可以尽情地享受春天的气息。夏天，岸上绿树浓荫，各种鸟儿在树木中欢叫，水上凉风习习，实为避暑的好地方。秋天，秋高气爽，湖水清澈，秋水与天边成一色，岸上树林绿叶间，映出一丛丛红枫叶，使游人体会到“枫叶红于二月花”的意境。冬天，驾舟库中，天凉水暖，极目望去，远处尽是从北方飞来过冬的各种水鸟...凤亭河水库位于上思县东屏乡境内，建于1960年，总库容约5.6亿立方米，库区正常水面约为3180亩，库区一年四季各有特色。春天，碧波荡漾，岸上各种山花争相开放，船在水中游，人们可以尽情地享受春天的气息。夏天，岸上绿树浓荫，各种鸟儿在树木中欢叫，水上凉风习习，实为避暑的好地方。秋天，秋高气爽，湖水清澈，秋水与天边成一色，岸上树林绿叶间，映出一丛丛红枫叶，使游人体会到“枫叶红于二月花”的意境。冬天，驾舟库中，天凉水暖，极目望去，远处尽是从北方飞来过冬的各种水鸟，安然地在水面嬉戏，如果碰上冬雨或是春秋雾气，更加增添旅游的神秘感。,8:00-18:00,https://tr-osdcp.qunarzz.com/tr-osd-tr-space/img/b9154e6dafdeb38af032fc39434988a1.jpg_480x360x95_7043f062.jpg,--,,,4元,,3
京族渔村,http://travel.qunar.com/p-oi704098-jingzuyucun,"

地址:
广西防城港东兴市京族三岛上

",京族渔村位于东兴市京族三岛上，面积1.3平方公里，全村278户，人口1278人，70％是京族。全村以农业、海水养殖、商贸为主要经济来源，经济发展较快，1999年实现人均收入5100元，被防城港市委、东兴市委定为小康示范村。民族、海洋、渔村是潭吉三大特色，目前已开发京族渔村游。在这里可以到海边滩涂耙螺、垂钓、拉大网，乘船出海打鱼，亲手做渔民家常菜，住渔家，观京族歌舞表演，做一回京族渔民，领略一下京族丰富的历史文化、独特的民俗风情。,全天,,--,,,免费,,3
魔石谷,http://travel.qunar.com/p-oi711460-moshigu,,位于广西防城港市上思县南部，距南宁128千米，县内四级路可达。是谷地型类自然风景旅游区。魔石谷因谷深，石头常年被河水冲刷，形状怪异而得名。魔石谷旅游风景区面积约10平方千米，十万大山白石牙主峰位于谷地旁边。是十万大山中峰、石、潭、瀑、林兼胜，以雄、奇、秀、幽著称的一处名胜。魔石谷地理环境生态原始，林木郁葱，林间空气负离子含量达7.9万个∕立方厘米，俨然一个巨大的天然氧吧。三月杜鹃花开，既是科考、野营、会务的重要场所，又是旅游观光、避暑度假的理想胜地。,,,5.0,,,,,3
南山,http://travel.qunar.com/p-oi712784-nanshan,"

地址:
广西防城港市防城区那梭镇

",从钦防高速到防城区，再转至那梭三级公路可达。距离防城港市60千米。属生态型自然风景旅游区。南山海拔近1000米，植被茂盛。范围包括防城区的华石镇、那梭镇和马路镇。区内林木繁多，生态旅游资源丰富，主要有国家级金花茶自然保护区、小峰水库和景色优美的冲皇沟等。金花茶国家级自然保护区总面积10平方千米，分布于整个南山生态旅游区。金花茶是古老的原始植物，以其独有的金黄色花朵称雄于山茶花的大家族之中，世人誉为“茶花皇后”，姿容甲天下。其中东兴金花茶、普通金花茶、显...从钦防高速到防城区，再转至那梭三级公路可达。距离防城港市60千米。属生态型自然风景旅游区。南山海拔近1000米，植被茂盛。范围包括防城区的华石镇、那梭镇和马路镇。区内林木繁多，生态旅游资源丰富，主要有国家级金花茶自然保护区、小峰水库和景色优美的冲皇沟等。金花茶国家级自然保护区总面积10平方千米，分布于整个南山生态旅游区。金花茶是古老的原始植物，以其独有的金黄色花朵称雄于山茶花的大家族之中，世人誉为“茶花皇后”，姿容甲天下。其中东兴金花茶、普通金花茶、显脉金花茶世界上只有防城港市独有，是防城港市的市花。防城区那梭镇的上岳建设有金花茶基因库。此处背山壁立，大山连绵起伏，云雾缭绕，草木丛生，溪流潺潺，长年翠色逼人。每年11月至翌年2月，金花盛开，点缀在玉叶琼枝之间，金瓣玉蕊，晶莹无暇，金色灿烂，冰清玉洁，半透明蜡质感，一尘不染。朵朵温柔文雅，十分秀丽。微风吹来，清香流淌，风姿绰约，高贵雍容之神韵无与伦比。小峰水库是防城港市最大的一座水库，库区内林木葱葱，风景秀丽，水产丰富，是休闲、度假、娱乐的极佳去处。冲皇沟系山水形成的一处瀑布群，低高两级瀑布动态各异。低处瀑布激石分叉流入清溪；高处瀑布飞流直下汇进碧潭。碧潭如盆，直径10米左右，驰名“皇母浴池”。相传碧潭的水是从仙山倾泻而下的圣水，专供皇母娘娘洗浴，有爽身提神、永葆肌肤嫩白红润的奇效，冲皇沟由此得名。,全天,,--,,,,,3
白龙珍珠港,http://travel.qunar.com/p-oi714275-bailongzhenzhugang,"

地址:
广西江山半岛西侧海湾

",白龙珍珠港位于江山半岛西侧海湾，面积70多平方公里。这一带海水咸淡适宜，自古以来这里就是我国南珠主要产地之一，号称“珍珠之乡”早在2000多年，《后汉书》就记载白龙珍珠港一带“不产谷实，而出珠宝，与交趾比镜，常通商贩，贸 籴粮食”的史时。这里出产的珍珠颗粒圆润、凝重结实、色彩艳丽而著称于世，1980年在美国国际珍珠评比会上，白龙珍珠被评为世界第一流珍品。现在白龙珍珠港年产优质珍珠3000千克，利用这些珍珠加工成的各种名贵的珍珠项链、戒指、耳环等珍珠饰物，在国内...白龙珍珠港位于江山半岛西侧海湾，面积70多平方公里。这一带海水咸淡适宜，自古以来这里就是我国南珠主要产地之一，号称“珍珠之乡”早在2000多年，《后汉书》就记载白龙珍珠港一带“不产谷实，而出珠宝，与交趾比镜，常通商贩，贸 籴粮食”的史时。这里出产的珍珠颗粒圆润、凝重结实、色彩艳丽而著称于世，1980年在美国国际珍珠评比会上，白龙珍珠被评为世界第一流珍品。现在白龙珍珠港年产优质珍珠3000千克，利用这些珍珠加工成的各种名贵的珍珠项链、戒指、耳环等珍珠饰物，在国内市场上十分抢手。,全天,,--,,,免费,,4
金花茶保护区,http://travel.qunar.com/p-oi715746-jinhuachabaohuqu,,,,,,,,,,4
那板水库,http://travel.qunar.com/p-oi713923-neibanshuiku,"

地址:
广西思县城东南约4公里处

","那板水库是广西三大水库之一，是一座集防洪、灌溉、水力发电、城镇供水等功能于一体的大型水库，水库正常水面约 4.35万亩，总库容8.32亿立方米。水库库区内居民极少，没有污染。库区内沟壑纵横，支流众多，有如水上迷宫一般。因为库区地处十万大山崇山峻岭之间，因此人们又把水库称为""山中湖""。春夏两季，那板水库水量充沛，库区山青水秀，水面时常白鹭飞翔，鹰隼凌空，绿意悦目；秋冬季节，湖边的红土、红枫相映成趣，红色的岛屿更是星罗棋布，别有一番玩味。库区还有独秀峰、太阳岛...那板水库是广西三大水库之一，是一座集防洪、灌溉、水力发电、城镇供水等功能于一体的大型水库，水库正常水面约 4.35万亩，总库容8.32亿立方米。水库库区内居民极少，没有污染。库区内沟壑纵横，支流众多，有如水上迷宫一般。因为库区地处十万大山崇山峻岭之间，因此人们又把水库称为""山中湖""。春夏两季，那板水库水量充沛，库区山青水秀，水面时常白鹭飞翔，鹰隼凌空，绿意悦目；秋冬季节，湖边的红土、红枫相映成趣，红色的岛屿更是星罗棋布，别有一番玩味。库区还有独秀峰、太阳岛等景点。尤其是独秀峰在湖边一峰突起，尖细如笔，有""千寻凌汉表，一点耸云端""之谓，为库区一奇景。",全天,,--,,,免费,,4
伏波文化园,http://travel.qunar.com/p-oi7642579-fubowenhuayuan,"

地址:
广西壮族自治区防城港市港口区

",伏波文化园也是防城港市打造海洋文化名城、提升城市品格的民心工程。西湾风光很美，注入了“伏波文化园”元素后可以说是锦上添花。你可以坐在台阶上欣赏西湾的晚霞，可以聆听大海的声音。也可以依偎一起，细听西湾晨曲。亦可以在伏波园码头批发海鲜，饱尝舌尖里的快乐。在这里，你可以被这美景所陶醉，但千万不能给自己酒醉，要怪就怪这优美风光惹的“祸”。,8:00-18:00,https://img1.qunarzz.com/travel/poi/1503/3e/fe66d4c3f206b5.jpg_480x360x95_83f137fb.jpg,4.8,建议游览时间：1小时,,免费,,4
杯墩贝丘遗址,http://travel.qunar.com/p-oi713729-beidunbeiqiuyizhi,,位于防城区茅岭乡小陶村梁屋屯附近的一个海墩上。海墩上有两个相连的海拔约10米的小山丘，形似两只杯，故称。1958年广东省博物馆的专家曾到此考察，发现了三个洞穴，均系用大蚝壳砌成。洞内有绳文陶片、石斧等文物。1973年广西博物馆也多次派人来采集文物，文物以长形石斧居多。专家们认为，这里属于新石器时代的居民点遗址，具有重要的文物价值，1981年被列为自治区重点文物保护单位。,,,--,,,,,4
淡旱顶,http://travel.qunar.com/p-oi39611595-danhanding,,,,,0.0,,,,,4
望州顶,http://travel.qunar.com/p-oi39611571-wangzhouding,,,,,0.0,,,,,4
防城港蓝白拖,http://travel.qunar.com/p-oi39611320-fangchengganglanbaituo,,,,,0.0,,,,,4
东兴市竹山山海相连地标广场,http://travel.qunar.com/p-oi38964411-dongxingshizhushanshan,,,,,--,,,,,4
小峰水库,http://travel.qunar.com/p-oi38884437-xiaofengshuiku,,,,,--,,,,,4
山新沙滩,http://travel.qunar.com/p-oi38884414-shanxinshatan,,,,,,,,,,5
防城港园博园,http://travel.qunar.com/p-oi38866881-fangchenggangyuanboyuan,,,,,4.5,,,具体收费情况以现场公示为主,,5
观音寺,http://travel.qunar.com/p-oi38351510-guanyinsi,,观音寺占地面积三千多平米，有正定楼、钟楼、藏经阁、素食馆、山门、放生池、九龙壁等景点，藏有舍利子十余颗。,,,5.0,建议游览时间：2小时 - 3小时,,具体收费情况以现场公示为主,,5
明珠广场,http://travel.qunar.com/p-oi38337632-mingzhuguangchang,,,,,5.0,,,具体收费情况以现场公示为主,,5
涂海艺术村,http://travel.qunar.com/p-oi38337600-tuhaiyishucun,, 涂海艺术村位于防城区江山镇，一个集观光旅游、艺术体验、休闲娱乐，艺术展览、艺术研学为一体的，文旅融合“艺术+乡村”新业态的旅游度假区。,,,2.0,建议游览时间：4小时 - 5小时,,具体收费情况以现场公示为主,,5
红沙环生态公园,http://travel.qunar.com/p-oi38337564-hongshahuanshengtaigong,,,,,--,,,具体收费情况以现场公示为主,,5
皇袍山景区,http://travel.qunar.com/p-oi38012447-huangpaoshanjingqu,"

地址:
广西省防城港市上思县叫安镇平江村

",,全年 09:00-17:00,,--,建议游览时间：2小时 - 3小时,,,,5
桃花湖公园,http://travel.qunar.com/p-oi36125284-taohuahugongyuan,"

地址:
防城港市港口区北湖路


电话:
17344422284

",防城港桃花湖是人工淡水湖，位于防城港市渔万半岛桃花湾生活片区，北至马岭、南靠朱砂港、西接金凯利阳光海岸、东至深沟岭和白鸡龙，景区以海洋文化为灵魂，以桃花湾的自然资源为基础，以周边房地产项目为依托，构建一个集观光、休闲、娱乐、购物、饮食、住宅为一体的、高品位的城市综合旅游区。,全年 09:00-23:00,,5.0,,,189元,,5
东兴国门景区,http://travel.qunar.com/p-oi36124109-dongxingguomenjingqu,,东兴国门景区是国门的象征，是我国与越南有城市互为依托的国家一类口岸。大凡中外游客到东兴，必到口岸，有“不到口岸走，枉为东兴游”之说。东兴国门景区主要开展国门旅游区观光、购物等活动，是未来旅游的购物天堂、观光的国门去处。目标建设法式骑楼街、旅游商品街、购物城、国际旅游集散中心、中越友谊公园等。景区共由中越友谊公园、口岸步行街、陈济棠纪念馆三大板块构成，三大板块由与越南交界的北仑河进行串联，口岸风情十分突出。,,https://tr-osdcp.qunarzz.com/tr-osd-tr-space/img/3a0d5fb650a8e61f1b3537e9fc704e24.jpg_480x360x95_947bc25f.jpg,4.6,建议游览时间：12小时 - 3天,,景区免费，景区内项目按实际收费,,5
七星顶生态综合旅游度假区Seven Star Crown Ecosystem Resort,http://travel.qunar.com/p-oi35896685-qixingdingshengtaizong,,,,,,,,,,5
大桥村柑桔场Daqiao Village Orange Farm,http://travel.qunar.com/p-oi35678283-daqiaocunganjiechang,,,,,--,,,具体收费情况以现场公示为主,,6
北部湾海洋文化公园Beibuwan Haiyang Culture Park,http://travel.qunar.com/p-oi35217010-beibuwanhaiyangwenhua,,公园面朝大海，优雅的园林成为人们休闲放松、欣赏海景、体验海洋文化的新平台。,,,4.9,建议游览时间：2小时 - 3小时,,具体收费情况以现场公示为主,,6
红沙群岛Hongsha Islands,http://travel.qunar.com/p-oi35213690-hongshaqundao,,,,,--,,,,,6
防城港市博物馆Fangchenggangshi Museum,http://travel.qunar.com/p-oi34273397-fangchenggangshibowuguan,"

地址:
万海艺术影城旁


电话:
2827507

",是一座海螺造型的建筑。博物馆是以海洋文化为主题，涵盖当地历史民族民俗，由“海洋生态陈列”、“海洋文化陈列”、“防城港市历史与民俗陈列”三部分组成。是市民学习海洋知识，认识本土历史的重要场所。,全年 周二-周日 9:00-16:30,,4.1,建议游览时间：2小时 - 3小时,,免费,,6
东兴京族博物馆Dongxingjingzu Museum,http://travel.qunar.com/p-oi34270292-dongxingjingzubowuguan,"

地址:
东兴市江平镇万尾村民族路

",东兴京族博物馆地理位置优越，环境优美，馆内有很多展品，通过这些展品，人们可以更好地了解京族的民族服饰、生产生活工具、独弦琴和居住环境等内容。,全年 周二-周日 9:00-16:30,,5.0,建议游览时间：2小时 - 3小时,,免费,,6
防城区博物馆Fangchengqu Museum,http://travel.qunar.com/p-oi34269903-fangchengqubowuguan,"

地址:
防城港市防城区健民路2号

",,全年 8:00-17:30,,--,,,收费,,6
中越人民革命烈士纪念碑,http://travel.qunar.com/p-oi26963153-zhongyuerenmingeminglie,,,,,--,,,,,6
南宁祥运森绿化工程有限公司上思NO.1,http://travel.qunar.com/p-oi26690588-nanningxiangyunsenlu:,"

地址:
防城港市-上思县-朝阳路124号


电话:
13097905859

",,09:00-18:30,,--,,,,,6
广西防城港市企沙阳理种猪场,http://travel.qunar.com/p-oi26639802-guangxifangchenggangshi,,,,,--,,,,,6
京族哈亭Jing Nationality Ancestral Temple,http://travel.qunar.com/p-oi26637690-jingzuhating,,京族哈亭是当地民族经典景区。其中哈亭是当地民众祭神和民间娱乐的公众场所。,,https://tr-osdcp.qunarzz.com/tr-osd-tr-manager/img/9c2c1b05669a7153ce05324d57c8f543.jpg_480x360x95_3e8961e8.jpg,5.0,建议游览时间：2小时,,,,6
"防城港市江山乡石角村珍珠湾红树林保护区Mangrove Reserve of Pearl Bay, Shijiao Village, Jiangshan Township, Fangchenggang City",http://travel.qunar.com/p-oi26587523-fangchenggangshijiang,,,,,,,,,,7
世界风情步行街ShiJie FengQing BuXingJie,http://travel.qunar.com/p-oi24442040-shijiefengqingbuxingjie,,街道两旁美食餐厅、商铺众多。市民们又多了一个休闲、购物的好去处。,,,0.0,建议游览时间：2小时 - 3小时,,具体收费情况以现场公示为主,,7
瑶寨九龙潭Jiulong Pools of Yao Village,http://travel.qunar.com/p-oi24410932-yaozhaijiulongtan,"

地址:
防城区那良镇

", 瑶寨九龙潭两岸有奇石、果林，漂流忽转忽旋，急驰而下，大浪扑面。周围曲径通幽，树木茂盛，郁郁葱葱，风光秀丽。,全年 8:30-17:00,,5.0,建议游览时间：2小时 - 3小时,,具体收费情况以现场公示为主,,7
潭蓬古运河Tanpeng Ancient Grand Canal,http://travel.qunar.com/p-oi24410929-tanpengguyunhe,"

地址:
广西壮族自治区防城港市防城区江山乡潭蓬村 538038

",,全年 全天开放,,--,,,具体收费情况以现场公示为主,,7
北仑河口自然保护区Beilun Estuary Nature Reserve,http://travel.qunar.com/p-oi24410926-beilunhekouziranbaohu,"

地址:
防城港市东兴市325省道竹山村西侧

",,全年 全天开放,https://flight-feed.qunarzz.com/as3/376/image/poi_vishnu/94d8e321-ebcd-44d9-9e87-252cafb4fd47.jpg,0.0,,,具体收费情况以现场公示为主,,7
江那鸳鸯潭风景区Mandarin Duck Pond Scenic Resort of Jiangna,http://travel.qunar.com/p-oi24410923-jiangneiyuanyangtanfeng,"

地址:
广西壮族自治区东兴市东兴镇

", 江那鸳鸯潭风景区内山势起伏，蜿蜒曲折，怪石嶙峋，千万况秀，形态各异。树木茂盛，郁郁葱葱，风光秀丽，气候宜人。,全年 全天开放,,--,建议游览时间：2小时 - 3小时,,具体收费情况以现场公示为主,,7
竹山古街Zhushangu Street,http://travel.qunar.com/p-oi23343581-zhushangujie,,,,https://tr-osdcp.qunarzz.com/tr-osd-tr-manager/img/ff6cc8b2835aa9958e3e8c7b08bc54f0.jpg_480x360x95_92fb85bc.jpg,--,,,具体收费情况以现场公示为主,,7
竹山村Zhushan Village,http://travel.qunar.com/p-oi23343577-zhushancun,,,,,,,,,,7
白鹭公园Bailu Park,http://travel.qunar.com/p-oi23343421-bailugongyuan,"

地址:
中国广西壮族自治区防城港市港口区迎宾街

",白鹭公园是防城港为丰富市民文化、休闲生活，提高城市品位，带动城市中心区发展而建设的一个集自然生态、海边文化元素为一体的山体公园。,全年 全天开放,https://tr-osdcp.qunarzz.com/tr-osd-tr-manager/img/35064b30722cf6889e485556a5d8403a.jpg_480x360x95_8623b7b0.jpg,4.5,建议游览时间：2小时 - 3小时,,具体收费情况以现场公示为主,,7
西湾大桥West Bay Bridge,http://travel.qunar.com/p-oi23342813-xiwandaqiao,,西湾大桥是一座跨海大桥，可双层通车，上层为双向6车道，下层是箱式结构，双向4车道行车，很长很壮观。,,https://tr-osdcp.qunarzz.com/tr-osd-tr-manager/img/1692b644c222a05bb6db5959bb676e9b.jpg_480x360x95_94f6f364.jpg,3.5,建议游览时间：1小时,,,,7
西湾广场Xiwan Square,http://travel.qunar.com/p-oi23342805-xiwanguangchang,,与钦防高速公路相接濒临西海湾而得名。西湾广场属于城市公园，占地16.72万平方米。广场于2002年开始兴建，于2003年完工。广场内绿树成荫，环境幽雅。中部有一个现代化的音乐喷泉，每当夜幕降临，音乐响起，喷泉随着音乐翩翩起舞，灯火闪耀，景致美丽非。广场现已成为防城港市庆典、集会、休闲、娱乐的重要场所。,,,--,,,具体收费情况以现场公示为主,,8
"防城上岳金花茶国家级自然保护区Shangyue Yellow Camellia National Nature Reserve, Fangcheng District",http://travel.qunar.com/p-oi23342802-fangchengshangyuejinhua,,保护区设立于1996年，面积9195。1公顷，因属湿热多雨区域，非常适合今花茶生长，目前已建立了世界上品种齐全、数量多的金花茶库，引种了25种和1个变种近万株金花茶。金花茶是世界上珍惜名贵的山茶科植物，被誉为绿色国宝。有“世界珍、茶族皇后”的美誉。金花茶金瓣玉芯，晶莹光洁，腊质光泽，每年12月至次年3月是花开季节，漫山遍野，金花遍缀，吸引了无数的游客、科研工作者以及摄影发烧友前往观赏。,,,--,,,具体收费情况以现场公示为主,,8
大坪坡Dapingpo Beach,http://travel.qunar.com/p-oi23342799-dapingpo,,,,,--,,,具体收费情况以现场公示为主,,8
古榕部落Gurong Tribes,http://travel.qunar.com/p-oi23342294-gurongbuluo,,古榕部落的主要景色就是古榕树。这里的榕为高山榕，榕树高大挺拔，树干需十三个成人张开双臂才能合抱。而这一株株榕树，也许是海风终年吹拂的缘故，榕树长到一定高度后就横向生长，长出许多气根，气根接触地面后长成一根根枝干，这样的气根不知多少，数不胜数，远远望去，一株榕树就是一片树林，在绿茵如水的野芋丛中，构成了“顷地一古榕，飞瀑挂潭中”的佳景，打造了古榕部落“双龙出海”、“四郎探母”、“六柱擎天”、“八仙会聚”以及榕树瀑、榕树墙、榕树恋、榕树侣等惟妙惟肖的...古榕部落的主要景色就是古榕树。这里的榕为高山榕，榕树高大挺拔，树干需十三个成人张开双臂才能合抱。而这一株株榕树，也许是海风终年吹拂的缘故，榕树长到一定高度后就横向生长，长出许多气根，气根接触地面后长成一根根枝干，这样的气根不知多少，数不胜数，远远望去，一株榕树就是一片树林，在绿茵如水的野芋丛中，构成了“顷地一古榕，飞瀑挂潭中”的佳景，打造了古榕部落“双龙出海”、“四郎探母”、“六柱擎天”、“八仙会聚”以及榕树瀑、榕树墙、榕树恋、榕树侣等惟妙惟肖的生态奇观。,,,4.0,,,具体收费情况以现场公示为主,,8
大清国一号界碑No.1 Boundary Monument of Qing Dynasty,http://travel.qunar.com/p-oi23060028-daqingguoyihaojiebei,"

地址:
防城港市东兴市325省道西50米

",大清国一号界碑位于广西防城港市北仑河出海口即竹山港旧码头旁的小山坡上。碑高1.7米，宽0.7米，厚0.4米，用沿海所产的海蚀岩凿成。清光绪十六年四月（即1890年4月）立，碑文为当时的清政府界务总办、四品顶戴钦州直隶州知州李受彤所书。,全年 全天开放,https://tr-osdcp.qunarzz.com/tr-osd-tr-manager/img/12a6d2e21f058e1002649d9c9dc7b8e6.jpg_480x360x95_5549c948.jpg,4.7,建议游览时间：0.5小时 - 2小时,,,,8
越南街Yuenan Street,http://travel.qunar.com/p-oi23059702-yuenanjie,"

地址:
东兴市东兴镇新华路中免大厦万众国际批发市场内

",越南街（越南风情街）是东兴当地的一个集市，狭窄的街道商贾云集，熙来攘往，车水马龙。千奇百怪的热带水果形状各异，色彩艳丽，琳琅满目。,全年 全天开放,https://tr-osdcp.qunarzz.com/tr-osd-tr-manager/img/fcf506a1914854924b72c188fc3388c9.jpg_480x360x95_1c9b4c1d.jpg,4.0,建议游览时间：1小时 - 2小时,,,,8
东兴京岛风景名胜区Dongxing Jingdao Scenic and Historic Interest Area,http://travel.qunar.com/p-oi23031616-dongxingjingdaofengjing,,,,,,,,,,8
"黄南泽库和日石经墙Zekuheri Stone Scripture Wall, Huangnan",http://travel.qunar.com/p-oi20904112-huangnanzekuherishijing,,,,,--,建议游览时间：2小时 - 3小时,,,,8
珠江啤酒文化广场Zhujiangpijiu Culture Square,http://travel.qunar.com/p-oi19978092-zhujiangpijiuwenhuaguang,,,,,--,,,,,8
防城港站广场Fangchenggang Railway Station Square,http://travel.qunar.com/p-oi19978083-fangchenggangzhanguang,,防城港站广场是防城港火车站的车站广场，面积宽广，交通便利。,,https://tr-osdcp.qunarzz.com/tr-osd-tr-manager/img/731d17b685e31dc6518f4e28105f3dcb.jpg_480x360x95_da9c0a5c.jpg,4.0,建议游览时间：1小时 - 2小时,,,,8
东兴外滩公园Dongxingwaitan Park,http://travel.qunar.com/p-oi19978023-dongxingwaitangongyuan,,,,,--,,,具体收费情况以现场公示为主,,9
明江公园Mingjiang Park,http://travel.qunar.com/p-oi19976435-mingjianggongyuan,,明江公园位于明江湖畔，有浮雕、石碑等，绿树成荫，是人们旅游休闲的好去处。,,,1.0,建议游览时间：3小时,,,,9
国贸中心广场Guomao Center Square,http://travel.qunar.com/p-oi19970882-guomaozhongxinguangchang,,,,,5.0,,,具体收费情况以现场公示为主,,9
驮康庙Tuokang Temple,http://travel.qunar.com/p-oi19969131-tuokangmiao,,,,,--,,,,,9
圣公关帝庙Shenggong Guan Yu’s Temple,http://travel.qunar.com/p-oi19969129-shenggongguandimiao,,,,,0.0,,,具体收费情况以现场公示为主,,9
街心公园Jiexin Park,http://travel.qunar.com/p-oi19969106-jiexingongyuan,,,,,--,,,具体收费情况以现场公示为主,,9
城隍庙Town God's Temple,http://travel.qunar.com/p-oi19969101-chenghuangmiao,,,,,--,,,具体收费情况以现场公示为主,,9
防城基督教堂Fangcheng Christ Church,http://travel.qunar.com/p-oi19969035-fangchengjidujiaotang,,,,,--,,,具体收费情况以现场公示为主,,9
黄氏平夷将领纪念堂Ancestral Hall of Family Huang,http://travel.qunar.com/p-oi19969030-huangshipingyijiangling,,,,,0.0,,,具体收费情况以现场公示为主,,9
"防城港市伏波文化园Fubo Cultural Park, Fangchenggang City",http://travel.qunar.com/p-oi19969019-fangchenggangshifubowen,,伏波文化园，位于广西防城港市西湾海堤中段，由伏波文化园景观和伏波雕塑群两部分组成。其中伏波文化园景观包括亲水休闲绿地、绿化景观带、休闲长廊等；伏波雕塑群设在伏波广场上，是一座高约25米的伏波将军主题雕塑和与伏波文化相关的一些群雕、海上小岛大型汉代战船雕塑。,,https://tr-osdcp.qunarzz.com/tr-osd-tr-manager/img/167b3fd9eb3f70a4e80b83a04d4b5f82.jpg_480x360x95_1681ad8e.jpg,4.3,建议游览时间：1小时,,具体收费情况以现场公示为主,,9
三光企革命武装起义纪念碑San Guangqi Geming Wuzhuang Qiyi Monument,http://travel.qunar.com/p-oi19969018-sanguangqigemingwuzhuang,,,,,--,建议游览时间：0.5小时 - 2小时,,具体收费情况以现场公示为主,,10
江平镇天主堂Jiangping Town Catholic Church,http://travel.qunar.com/p-oi19969006-jiangpingzhentianzhutang,,,,,--,,,具体收费情况以现场公示为主,,10
李培侬故居Lipeinong Former Residence,http://travel.qunar.com/p-oi19969003-lipeinongguju,,,,,--,,,具体收费情况以现场公示为主,,10
中越青年友谊林China-Vietnam Youth Friendship Forest,http://travel.qunar.com/p-oi19968987-zhongyueqingnianyouyi,,,,,--,,,具体收费情况以现场公示为主,,10
豪饮天下啤酒广场Haoyin Tianxia Pijiu Square,http://travel.qunar.com/p-oi19967489-haoyintianxiapijiuguang,,,,,,,,,,10
力康足球场,http://travel.qunar.com/p-oi19549073-likangzuqiuchang,,,,,--,,,,,10
上思县图书馆Shangsixian Library,http://travel.qunar.com/p-oi19542867-shangsixiantushuguan,,,,,--,,,具体收费情况以现场公示为主,,10
博物馆Museum,http://travel.qunar.com/p-oi19491762-bowuguan,,东兴京族博物馆暨东兴京族生态博物馆位于东兴市江平镇万尾京岛风景名胜区。2009年7月29日开馆，博物馆面积3000平方米，集中展示了京族民族服饰、字喃风采、生产生活工具、独弦琴、居住环境、民间信仰、婚恋礼俗、地图资料等，全面反映了京族生产生活历程，具有展示、教育、科研等功能，成为展现京族传统文化魅力、体现国家民族政策的一个重要窗口。,,https://tr-osdcp.qunarzz.com/tr-osd-tr-manager/img/cde1c10139b700818a53e01cfc9915b8.jpg_480x360x95_5ac11f65.jpg,4.7,建议游览时间：2小时 - 3小时,,,,10
江山半岛白浪滩景区Jiangshan Peninsula Scenery Spot,http://travel.qunar.com/p-oi19484156-jiangshanbandaobailang,"

地址:
环岛东路(西现大岭对面100米)


电话:
0770-3398069

",江山半岛白浪滩景区。现为广西壮族自治区防城港市知名的海滨度假旅游胜地。国家4A级旅游景区。位于防城港市江山半岛的东南部，是江山半岛旅游度假区的核心景区，长约5.5公里，宽处2.8公里，因沙滩平缓，常常可见排排白浪滚滚而来，壮观而瑰丽，故名白浪滩。,全年 全天开放,https://tr-osdcp.qunarzz.com/tr-osd-tr-manager/img/e0d9e8983f231ae4525b88a8f92d9c22.jpg_480x360x95_73f0aa71.jpg,3.7,建议游览时间：2小时 - 3小时,,,,10
十万大山百鸟乐园Shiwan Dashan Bai Niao Amusement Park,http://travel.qunar.com/p-oi19483988-shiwandashanbainiaole,"

地址:
叫安乡那当村十万大山


电话:
0770-2060118,0770-2220908

",十万大山百鸟乐园主要以国家珍稀野生鸟类观赏为主题，集“吃、住、玩、乐”于一体，园内珍稀鸟类品种繁多，风景宜人。,全年 08:00-18:00,,--,建议游览时间：2小时 - 3小时,,,,10
