名字,链接,地址,介绍,开放时间,图片链接,评分,建议游玩时间,建议季节,门票,小贴士,Page
黔阳古城Qianyang Ancient City,http://travel.qunar.com/p-oi7641074-qianyanggucheng,"

地址:
怀化市洪江市黔城镇


电话:
07457229899

",黔阳古城位于沅水上游，是全国保存为完好的明清古城之一，古城三面环水，是湘楚苗地边陲重镇，素有“滇黔门户”和“湘西第一古镇”之称。千古名句“洛阳亲友如相问，一片冰心在玉壶”诞生于此，诗人王昌龄身后留下一座“芙蓉楼”屹立于此。古城内青石街巷纵横交错，明清建筑比比皆是。原有五个城门今尚存四门遗址，其中西门又称中正门，其城门及门楼保存完好，门上“中正门”三字是戴笠所书。依附南北两条主要街道而形成的鱼骨状道路系统保存完整，古称九街十八巷，如今还留有以商铺为...黔阳古城位于沅水上游，是全国保存为完好的明清古城之一，古城三面环水，是湘楚苗地边陲重镇，素有“滇黔门户”和“湘西第一古镇”之称。千古名句“洛阳亲友如相问，一片冰心在玉壶”诞生于此，诗人王昌龄身后留下一座“芙蓉楼”屹立于此。古城内青石街巷纵横交错，明清建筑比比皆是。原有五个城门今尚存四门遗址，其中西门又称中正门，其城门及门楼保存完好，门上“中正门”三字是戴笠所书。依附南北两条主要街道而形成的鱼骨状道路系统保存完整，古称九街十八巷，如今还留有以商铺为主的南正街，以会馆码头为主的上河街、下河街等。街道两边还保留着县衙、书院、文庙、客栈、戏院等。来古城，第一个要看的便是芙蓉楼。它被称为“天子行吟处”，为江南四大名楼之一。芙蓉楼北廓临江，依林踞阜，筑叠巧思、错落有致，一色青瓦屋面，屋顶泥塑丰姿多彩，地方风味浓郁，虽无皇家园林之气势，苏州园林之精致，却也飞檐卷垛，储蓄淡雅，清秀宜人。,全天开放,https://img1.qunarzz.com/travel/d9/1611/56/f9a7c2e29db011b5.jpg_480x360x95_d78d7f3f.jpg,4.5,建议游览时间：3小时 - 4小时,四季皆可，春秋最佳。,"{'黔阳古城游玩通票成人票\n\n': ['¥55起'], '黔阳古城游玩通票儿童票\n\n': ['¥30起'], '黔阳古城游玩通票老人票\n\n': ['¥30起']}",,1
通道芋头古侗寨Tongdao Yutou Ancient Dong Ethnicity Village,http://travel.qunar.com/p-oi7469023-tongdaoyutougudongzhai,"

地址:
怀化市通道县双江镇芋头村


电话:
0745-8498875

",芋头古侗寨位于县城西南9公里的芋头村，始建于明洪武年间1368年至今有642年历史，清顺治年间（1644年）遭火灾，复建后形成以芋头溪流为轴线向两边分叉布置的7个聚居群。清乾隆四十二年（1777年）建芋头廻龙桥、牙上鼓楼、龙氏鼓楼。清道光、光绪年间分别修建田牛鼓楼、芦笙古楼、龙门及维修古驿道街道等等。于2001年6月21日被国务院公布为第五批全国重点文物保护单位。 2007年被评为首批中国景观村落，面积约18.29公顷，全寨有176户，758人，纯侗族山寨，是我国保存完整民居古建筑群，堪称侗族民居“实物博物馆”。 芋头古侗寨民居以“杆栏式”吊脚楼为主，沿山、沿谷因地就势布局，形成独特的“山脊型”与“山谷型”布局模式，又和外界环境巧妙融于一体，构成侗寨特殊风格，至今保留了大量清代中期以前的建筑物，如有名的廻龙桥、牙上鼓楼、1.6公里长的古驿道、龙门、长寿井、萨岁坛。芋头侗寨节庆活动丰富，如为也活动、祭萨、闹春牛、抢鱼塘比赛等，都充分体现了侗族人的生活方式。,全年 08:00-17:30,https://img1.qunarzz.com/travel/d0/1504/27/2141504de77a1a.jpg_480x360x95_2a5a16a5.jpg,4.3,建议游览时间：12小时 - 3天,,"{'芋头侗寨门票成人票\n\n': ['¥35起'], '芋头古侗寨电子导览服务大小同价\n\n': ['¥5起'], '怀化通道皇都侗寨+芋头侗寨+洪江古商城+芷江受降纪念坊纯玩三日游\n\n': ['¥399起']}",,1
怀化大峡谷Huaihua Grand Canyon,http://travel.qunar.com/p-oi35191870-huaihuadaxiagu,,怀化大峡谷，地处怀化市鹤城区城市东侧20公里处的黄岩旅游度假区大坪村境内，平均海拔850米，高海拔1200米，常年气温比城区低5-6度，区域内空气清晰，环境优美，溶洞成群，怪石嶙峋，属于典型的喀斯特地貌。春可踏青赏花、夏可避暑乘凉、秋可观景赏枫、冬可踏雪赏雪，是近郊市民、游客朋友徒步、游览的好去处。,,https://img1.qunarzz.com/piao/fusion/2006/8a/7461146aea108c02.jpg_480x360x95_2c3ee897.jpg,3.8,建议游览时间：12小时 - 3天,,{'怀化大峡谷门票成人票\n\n': ['¥48起']},,1
溆浦枫香瑶寨Xupu Fengxiang Yaozhai,http://travel.qunar.com/p-oi23344563-xupufengxiangyaozhai,"

地址:
怀化市溆浦县枫香坪


电话:
0745-3506669

",,全年 全天开放,https://tr-osdcp.qunarzz.com/tr-osd-tr-manager/img/6ab25e4e4f318e5770bc17c65cedd493.jpg_480x360x95_d20f10a1.jpg,4.3,建议游览时间：12小时 - 3天,,免费进入，内部消费项目另收费。,,1
"五强溪水库Wuqiangxi Reservoir, Yuanling",http://travel.qunar.com/p-oi23343459-wuqiangxishuiku,,五强溪水库位于怀化市沅陵县境内，这里环境清幽，水资源丰富，其主要用途为发电。,,,0.0,建议游览时间：1小时 - 3小时,,具体收费情况以现场公示为主,,1
洪江古商城Hongjiang Ancient City,http://travel.qunar.com/p-oi710709-hongjianggushangcheng,"

地址:
怀化市洪江区新民路367号（洪江1915）


电话:
0745-7626500,0745-7628698


官网:
http://www.hnhjgsc.com/

",洪江古商城是中国濒水区域原真性古建筑群体量较大的地方，现为国家4A级旅游景区。它起源春秋，鼎盛明清，以集散桐油、木材、白腊等而闻名，是湘滇黔桂鄂五省物资集散地，是湘西南地区经济、文化、宗教中心，曾纳天下之繁华而通四海，素有“湘西明珠”、“小南京”、“西南大都会”之称。保存完好的明、清古建筑，如寺院、镖局、钱庄、商号、洋行、作坊、店铺、食府、客栈、青楼、报社、烟馆等380多栋，总面积约30万平方米，被誉为“中华商业故宫”。,8:00-17:00,https://img1.qunarzz.com/travel/d2/1607/91/9bc1c57b8bd809a.jpg_480x360x95_a08a3b9b.jpg,4.5,建议游览时间：3天,,"{'洪江古商城门票成人票\n\n': ['¥88起'], '洪江古商城门票优待票\n\n': ['¥45起'], '怀化通道皇都侗寨+芋头侗寨+洪江古商城+芷江受降纪念坊纯玩三日游\n\n': ['¥399起']}",,1
凤凰山Phoenix Mountain,http://travel.qunar.com/p-oi722467-fenghuangshan,"

地址:
怀化市沅陵县凤凰山省级森林公园


电话:
0745-4230474

",凤凰山森林公园位于湖南沅陵县城东南沅水之畔，海拔200米，面积约0．6平方公里，西北临沅水，为陡峭山壁，东南群山连绵。因山体貌似凤凰展翅，故得名“凤凰山”。凤凰山山顶建有凤凰古寺，为明万历年间（1573-1620）所建。寺旁古木参天，环境清幽。南山香炉山建有“风鸣塔”，塔高7层，气势雄伟；沿峭壁砌有石阶路，宛如彩带飘落江边。1938年，爱国将领张学良被软禁于凤凰山古寺内达一年之久，凤凰山因此为中外所知。,8:00-17:30，17:00停止入场。,https://img1.qunarzz.com/piao/fusion/1501/85/8526f3535df61c3fcdb.jpg_480x360x95_a41d9ad8.jpg,4.5,建议游览时间：2小时 - 3小时,,具体收费情况以现场公示为主,,1
"黔阳古城芙蓉楼Furong House, Qiangyang Ancient Town",http://travel.qunar.com/p-oi712070-qianyangguchengfurong,"

地址:
怀化市洪江市湘西古镇黔城西北隅


电话:
074577229899

",芙蓉楼座落在沅、舞水汇流之处的黔城镇，为古典园林建筑，筑叠巧思、错落有致，被誉为“楚南上游第一胜迹”。据传，唐天宝七年（748年），王昌龄被贬为龙标（即今黔阳县）尉后，曾建芙蓉楼，为饮酒赋诗、宴宾送客之地。因年久失修，旧址荒芜。清嘉庆二十年（1815），当地为纪念这位著名诗人，在城西香炉岩辟地作园，依名修建芙蓉楼。现建筑为清道光十九年（1839）重修。芙蓉楼有“楚南上游第一胜迹”之誉。主楼背廊临江，纯木结构，正面三间，重檐歇山顶，二层有明轩可供远眺。周围有冰心玉壶亭、耸翠楼、半月亭等古迹，与自然的山石、江水、林木巧成布局，构成了“登眺则群山拱翠，俯视则万木交阴，沅水自北来环其下”的壮丽景象。芙蓉楼侧坚立80多块历代题诗作赋的镌刻、碑石，其中有《王昌龄宦楚诗》十五首，以及颜真卿、岳飞、米芾等人的手迹。四周竹木相错，绿荫如盖，奇草生芳，环境十分清幽。,8:00-17:30，具体开放时间详见景区现场公示。,https://img1.qunarzz.com/travel/d7/1611/24/72ed2596cc25d4b5.jpg_480x360x95_eb0fa6d4.jpg,4.4,建议游览时间：0.5小时 - 1小时,,"{'黔阳古城游玩通票成人票\n\n': ['¥55起'], '黔阳古城游玩通票儿童票\n\n': ['¥30起'], '黔阳古城游玩通票老人票\n\n': ['¥30起']}",,1
荆坪古村Jing Ping Ancient Village,http://travel.qunar.com/p-oi702137-jingpinggucun,"

地址:
怀化市中方县荆坪村(滨江大道荆坪大桥南边)


电话:
0745-2830070

",荆坪古村位于中方县中方镇舞水河西岸，距怀化市区15公里，交通十分便利。村内现有祠堂、古驿道、伏波宫、文昌阁、节孝坊、唐代古井、水文碑、龙凤桥、观音阁、五通神庙和旧、新石器时代遗扯等20多处古文化遗址。荆坪及舞水河一带，古为南蛮之地，历来为各民族及各部族的杂居之地，民俗文化气息浓厚。现流传至今的如酒歌、傩戏、渔鼓、霸王鞭等民俗文化要素吸引着无数游人。荆坪古村农家基本都是由一个个小院落组成的明清建筑群，与周边山水田园相融，给人朴素内敛之感。村里更有唐朝古井、明代城墙、清人故居，加之千年夫妻树、古代石鱼，可以让你充分领略历史的厚重、古村的恬静。潘氏宗祠建于明末清初，虽历经风雨，依然造型典雅、古色古香。在祠堂的戏台上，游客可以欣赏荆坪村民自编自导自演的傩戏、霸王鞭和渔鼓等节目，这会让你仿佛回到那遥远的过去。,全年 9:00-17:00,https://tr-osdcp.qunarzz.com/tr-osd-tr-manager/img/afab9f34e9cdbd569de9b6ce8d74c167.jpg_480x360x95_6cc20f5a.jpg,4.4,建议游览时间：3小时 - 4小时,,具体收费情况以现场公示为主,,1
万佛山Wanfo Mountain,http://travel.qunar.com/p-oi7469008-wanfoshan,"

地址:
怀化市通道县临口镇太平岩村


电话:
+86 745 855 6110

",怀化的万佛山，位于通道县林口镇的太平岩村，距离县城双江镇约20公里，山中有绵延一百多公里的丹霞峰林地貌。此外，这里自然植被茂盛，空气非常的清新，山路不是很陡，也不险峻，对于城市中缺少日常运动的游客来说，爬起来是比较轻松的，差不多2小时左右就可以爬到山顶，特别适合周末休闲游山。山中草木茂盛，丛林里的地面上，是多年的落叶，走在上面软绵绵的，周围是松涛阵阵，有时能听到小鸟的叫声，会让人感到无比的轻松。喜欢刺激的游客，还可以去山中一段峭壁上的栈道走走，体验下刺激的感觉。风景区内还有一个湖，湖水清澈，游客可以在湖边钓钓鱼，或者在树林中搭个帐篷，享受大自然的悠闲清新。2016年6月底，景区内开通了“万佛山悬空栈道”，栈道总长度约350米，相对高度差约120米，其中玻璃栈道长度约40米。栈道位于万佛山主峰、十莲卧佛平台至万佛山北部观景平台。在玻璃栈道中行走，不仅能观赏到山中美景，还可以挑战自己的胆量。,7:00-18:00,https://img1.qunarzz.com/travel/d3/1706/55/f83e01d7cc88f4b5.jpg_480x360x95_437300ca.jpg,4.5,建议游览时间：12小时 - 3天,,具体收费情况以现场公示为主,,1
通道皇都侗民族文化村Tongdao Dong Nationality Cultural Village,http://travel.qunar.com/p-oi7469030-tongdaohuangdoudongmin,"

地址:
怀化市通道侗族自治县


电话:
0745-8548018

",传说古夜郎国天子路过此地，被其浓郁的民族风情所迷恋，故建“皇都”城。皇都侗文化村由头寨、尾寨、新寨、盘寨四村组成，历史悠久，民风民欲为完整亮丽。鼓楼里、凉亭内、风雨桥边，处处琴声悠扬，歌声如潮。要到侗寨必须先过一座名为普修桥的风雨桥，河对岸的山脚下有一座别致的寨门，六只铁炮依次鸣响，数十名侗家汉子吹着欢快的芦笙曲翩翩起舞，一群穿着节日盛装的侗家姑娘，端着一碗碗芳香四溢的侗乡佳酿拦在路中央，这是侗家迎接贵宾的一种隆重的礼仪。来到镶有太阳花图案的演出...传说古夜郎国天子路过此地，被其浓郁的民族风情所迷恋，故建“皇都”城。皇都侗文化村由头寨、尾寨、新寨、盘寨四村组成，历史悠久，民风民欲为完整亮丽。鼓楼里、凉亭内、风雨桥边，处处琴声悠扬，歌声如潮。要到侗寨必须先过一座名为普修桥的风雨桥，河对岸的山脚下有一座别致的寨门，六只铁炮依次鸣响，数十名侗家汉子吹着欢快的芦笙曲翩翩起舞，一群穿着节日盛装的侗家姑娘，端着一碗碗芳香四溢的侗乡佳酿拦在路中央，这是侗家迎接贵宾的一种隆重的礼仪。来到镶有太阳花图案的演出场，观看皇都侗族文化村艺术团的精彩表演，则是另外一番享受，《敬酒歌》、《扯扯摸》、《踩簸箕》、《禾杆歌》、《闹茶》《抢蛋》、《板凳情歌》、《筒地咯罗闹歌堂》等一组民族色彩十分浓厚的文化节目汇集了侗族传统文化的精华，轻歌曼舞，回肠荡气，于行云流水间透出一种阳刚之美。,全天,https://img1.qunarzz.com/travel/poi/1408/26/a0afa7c43f718c98ffffffffc8d65eac.jpg_480x360x95_f71cdb8c.jpg,4.1,建议游览时间：2小时 - 3小时,,"{'通道皇都侗民族文化村游玩套票成人票\n\n': ['¥45起'], '通道皇都侗民族文化村游玩套票优待票\n\n': ['¥25起'], '皇都侗文化村门票成人票\n\n': ['¥45起']}",,2
通道独岩公园Duyan Park,http://travel.qunar.com/p-oi711653-tongdaoduyangongyuan,"

地址:
湖南省怀化市通道县城南郊

",通道独岩公园是该县的多功能城市公园，已建有旅游度假区、文化娱乐区，水上娱乐区、自然风光游览区等。主要景点有：独岩、青云寺、奇石山庄、21层世纪鼓楼、世纪苑、松月桥、水上乐园、独峰攀登、迎宾楼、民族食苑、芦笙歌舞表演场等。这里数十座石山平地而起，峻峭挺拔。独岩湖边是一座精美的供游人休息的风雨桥，桥边还有一个别致的侗家茶楼。青云寺环境幽雅，四周青松翠竹环抱，是佛教圣地。青云峰与姊妹峰之间的夹谷口，正中有一岩包，犹如金蚌含珠，谷内树木葱茏，花香鸟语。,全年 8:30-17:00,,4.3,建议游览时间：2小时 - 3小时,,具体收费情况以现场公示为主,,2
凤滩水力发电厂Fengtan Hydropower Plant,http://travel.qunar.com/p-oi722380-fengtanshuilifadianchang,"

地址:
怀化市沅陵县辰州东街二号


电话:
0745-4492241

",湖南省凤滩水力发电厂，是我国大型水电厂之一，位于沅水支流酉水下游的沅陵县境内，西北与古丈县比邻、东北与永顺县交界。电厂由原水利电力部长沙勘测设计院设计，湖南省凤滩电站工程指挥部组织主体工程施工。工程于1970年10月1日开工，1978年5月1日第一台机组投产发电，1979年11月四台机组全部建成投产。设计总装机容量40万千瓦，年发电量20.43亿千瓦时。总库容17.4立方米，属季调节水库。电厂除发电外，兼有防洪、航运、旅游、水产品养殖等综合效益。,8:00-17:00,https://img1.qunarzz.com/p/tts1/1712/85/7118b9cd5459802.jpg_480x360x95_06966aaa.jpg,4.5,建议游览时间：1小时,,具体收费情况以现场公示为主,,2
九龙山Jiulong Mountains,http://travel.qunar.com/p-oi702503-jiulongshan,,九龙山位于湖南花岩溪景区南端，因九峰并峙若九龙腾飞而得名。此山绵延四十余里，主峰海拔516、4米，山势险峻，扼常德、桃源、安化三地要冲，枉水源出其下。山周围为低山丘陵地，常绿阔叶林集中连片，楠竹、杉木居多，珍贵树种有伯乐、银杏、香果、檫木、红豆杉、三尖杉、中国粗榧、湖南石楮、杜英等。珍贵动物有灵狸、穿山甲、红腹鸡、鱼蚊环蝶等。登上九龙山峰顶，举目眺望，几百座峰峦象大海波涛汹涌澎湃，像舞动的龙蛇，蜿蜒起伏，给人以雄伟、磅礴飞腾之感。每当雨过天晴，或阴雨连绵，云雾缥缈，在层峦叠嶂之间，山峰时隐时现，云海时浓时淡，景象变化万千。而当秋天来临，霜染的色彩十分迷人，火红的枫叶疏密有致地点缀在苍崖绿树之间，映衬于蓝天白云之下，构成了五光十色的秋景。如果在冰封雪飘之后，登上巍峨的九龙山顶，景色另具风姿，遍山“银装素裹”，眼前展现出“千仞琼雕”的奇观。,,https://tr-osdcp.qunarzz.com/tr-osd-tr-manager/img/445933475cc6d2ed81f29af524b2f85d.jpg_480x360x95_46007c52.jpg,4.3,建议游览时间：12小时 - 3天,,具体收费情况以现场公示为主,,2
龙兴讲寺Longxing Lecture Temple,http://travel.qunar.com/p-oi715600-longxingjiangsi,,,,,,,,,,2
二酉山Eryoushan,http://travel.qunar.com/p-oi7468999-eryoushan,"

地址:
怀化沅陵县二酉苗族乡乌宿村


电话:
0745-4222999,0745-4451110,0745-4451213,(0745)4222999


官网:
http://www.eryoushan.com/

",二酉山坐落于湖南怀化沅陵县城西北15公里处的二酉苗族乡乌宿村，因酉水和酉溪在此汇合而得名，山梁起伏，状如书页，所以又称万卷岩。主峰海拔为509.8米，山上植被可分为森林、灌草两种，山间气候四季分明，灵气十足，有丰厚的文化底蕴，是古今文人向往之地。相传当年秦始皇“焚书坑儒”时，朝廷博士官伏胜冒着生命危险，从咸阳偷运出书简千余卷，辗转跋涉，藏于二酉洞中，使先秦文化典籍得以流传后世。   翠山书院为明朝进士董汉策所创办的沅陵第一所私人书院。董汉策，自称是汉代醇儒董仲舒的后人，在教书育人上，处处以董仲舒为典范。董仲舒学有“源委”，曾说过：“仁人正其谊不谋其利，明其道不计其功”。董汉策因此在书院堂上高挂“正谊”匾，时时提醒自己，鞭策学生。尤为难得的是，从翠山书院出来的学生，都能秉持董汉策的教诲，重视人才培养。例如向琪，不论身居何处，也不论职位高低，公务之余，惟一爱好就是聚人子弟学于书院，称望山先生！,8:00-18:00,https://img1.qunarzz.com/travel/poi/1806/ec/a827e37cbddee037.jpg_480x360x95_ee2a8190.jpg,4.5,建议游览时间：1小时 - 5小时,,"{'二酉山门票优待票\n\n': ['¥30起'], '二酉山电子导览服务大小同价\n\n': ['¥6起']}",,2
高椅古村Gaoyi Ancient Village,http://travel.qunar.com/p-oi7469013-gaoyigucun,"

地址:
怀化市会同县高椅古乡高椅古村


电话:
0745-8726148

",高椅古村，位于会同县城东北48公里处，是我省迄今发现的一处规模较大、保存较完整的明清时期古民建筑村落，被专家誉为“江南第一村”和“民俗博物馆”。2002年5月，被正式批准为湖南省重点文物保护单位。2005年6月被列为全国第六批重点文物保护单位和全省历史文化名村。有着极高的旅游开发价值。古村现保存有明洪武13年到清光绪7年（1380-1881）连续500年间的古民建筑104栋，总建筑面积19416平方米。,全年 周一-周五 08:00-16:30:00,https://img1.qunarzz.com/travel/poi/1408/26/2dad71f525fa7572ffffffffc8d65eac.jpg_480x360x95_e9725b76.jpg,4.5,建议游览时间：12小时 - 3天,,具体收费情况以现场公示为主,,2
中国人民抗日战争胜利受降纪念馆Memorial Hall of the Victory of the Anti-Japanese War and the Acceptance of the Japanese Surrender,http://travel.qunar.com/p-oi711928-zhongguorenminkangrizhan,"

地址:
怀化市芷江侗族自治县七里桥村320国道旁


电话:
0745-6839343,0745-6839988

",中国人民抗战胜利受降纪念馆，位于怀化芷江县，是中国人民接受侵华日军投降旧址，也是全国一家全面反映中国人民抗日战争胜利受降专题性纪念馆。1945年8月日本宣布无条件投降，8月21日-23日期间，国民政府在此举行受降仪式。受降纪念馆主要建筑有受降纪念坊、受降会场等。其中受降纪念坊被誉为“中国凯旋门”，通高8.5米、宽10.46米、厚1.15米，青砖水泥衣，上端形如“山”字，四柱三拱，嵌沅州紫袍玉带石。上受降会场包括按原貌恢复的受降会场和受降资料陈列，为40年代典型兵营式建筑...中国人民抗战胜利受降纪念馆，位于怀化芷江县，是中国人民接受侵华日军投降旧址，也是全国一家全面反映中国人民抗日战争胜利受降专题性纪念馆。1945年8月日本宣布无条件投降，8月21日-23日期间，国民政府在此举行受降仪式。受降纪念馆主要建筑有受降纪念坊、受降会场等。其中受降纪念坊被誉为“中国凯旋门”，通高8.5米、宽10.46米、厚1.15米，青砖水泥衣，上端形如“山”字，四柱三拱，嵌沅州紫袍玉带石。上受降会场包括按原貌恢复的受降会场和受降资料陈列，为40年代典型兵营式建筑，采用声光电高科技手法陈列展出国家重要文物和重要文献资料上千件。纪念馆同时还有中国陆军总司令部、何应钦办公室，室内陈列的桌、椅、沙发都是当年的原物。离此不远处的芷江机场，曾是二战时期盟军远东第二大军用机场，飞虎将军陈纳德的中美混合大队和美国第十四航空队曾以此为基地。机场附近的中美空军联队俱东部和机场指挥塔现仍保存完好。参观纪念馆时，建议聘请一位讲解人员，这样能够更详细的了解这里的历史，讲解人员费用：10元。,8:30-16:30,https://img1.qunarzz.com/travel/poi/1803/14/ba6119f100f6dc37.jpg_480x360x95_ef10561b.jpg,4.7,建议游览时间：2小时 - 3小时,,凭身份证领票，进入需购买2元保险费用。,,2
天后宫Temple of The Queen of Heaven,http://travel.qunar.com/p-oi713003-tianhougong,"

地址:
怀化市芷江县西街29号

",位于芷江县城，是内陆较大的妈祖庙之一。建于清乾隆十三年（1748）。宫内亭台楼榭，飞檐斗拱，宽广庄严，门坊用石料砌就，雕技粗湛，镂空镌深，尽传神之巧。天后宫门坊高11米，宽6.3米，贵州大青石垒砌，星门楼形。两侧雄狮蹲踞，前有青石雕花栏杆圈围成台，中间十五级台阶入门，上下左右均有青石浮雕50幅，大幅石雕2.5平方米，小幅0.3平方米。图案多为鱼龙凤狮、花草树木、神鬼人仙，形象生动，面目清晰。门洞上方正中镶嵌“天后宫”石刻匾额，字体浑厚圆润，施斧凿亦曲尽书法之妙。天后宫占地3700平方米，现保存面积近2000平方米，坊高10.3米，宽6.3米，坊上浮雕共95幅，大幅2.62平方米，小幅0.09平方米，鱼龙凤狮，花草木竹，神鬼人仙等，形象生动逼真，画面清晰如故。或一幅一典，或数幅一典。华拱“渔樵唱和”与“耕读为本”相对，侧面柱八幅，“八仙过海”、“丹凤朝阳”、“二龙凤珠”、“狮子滚绣球”等，精雕细刻，镂空镌深，堪称鬼斧神工。,全年 8:30-16:00,https://mp-commentcp.qunarzz.com/mp_comment_mp_comment/1562180789516100asa124fibrx21c9E5B_D_640_10000.jpg_480x360x95_218a1dd0.jpg,4.5,建议游览时间：3小时,,具体收费情况以现场公示为主,,2
燕子洞,http://travel.qunar.com/p-oi708382-yanzidong,"

地址:
湖南-怀化-辰溪县

","燕子洞位于辰溪县火马冲，距辰溪火车站一公里，怀化市五十余公里，交通便捷。 燕子洞景区属岩溶地貌，山势险峻，沟壑幽深，林木葱茏，溪水淙淙。自然景观丰富优美。人文景巧夺天工。这里，有悬崖峭壁的""一线天""，险峻幽深的燕子洞，灵秀婀娜的高峡平湖，玉龙湖泛舟奇而又险，怡神园驻足心旷神怡。春来杜鹃花盛，漫山红紫，秋日菊花吐艳，满谷生香。景区内的绝壁琴钟、玉清池、三贤鼎立、石坡天惊、天生桥等三十余处景观，让人惊叹不已。此间流传的美丽动人的传说更让人心驰神往，灵蛇...燕子洞位于辰溪县火马冲，距辰溪火车站一公里，怀化市五十余公里，交通便捷。 燕子洞景区属岩溶地貌，山势险峻，沟壑幽深，林木葱茏，溪水淙淙。自然景观丰富优美。人文景巧夺天工。这里，有悬崖峭壁的""一线天""，险峻幽深的燕子洞，灵秀婀娜的高峡平湖，玉龙湖泛舟奇而又险，怡神园驻足心旷神怡。春来杜鹃花盛，漫山红紫，秋日菊花吐艳，满谷生香。景区内的绝壁琴钟、玉清池、三贤鼎立、石坡天惊、天生桥等三十余处景观，让人惊叹不已。此间流传的美丽动人的传说更让人心驰神往，灵蛇化龙惊心动魄，木石前盟悱侧缠绵，郎女成桥凄婉动人，姜女望夫哀怨寂寞。总之，这里沟、水、洞、林兼备，雄、奇、秀、幽毕集。 四时变化无手续，欲觅春光到此间。燕子洞是旅游观光，休闲健身的理想选择。燕子洞景区属岩溶地貌，山势险峻，沟壑幽深，林木葱茏，溪水淙淙。自然景观丰富优美。人文景巧夺天工。这里，有悬崖峭壁的""一线天""，险峻幽深的燕子洞，灵秀婀娜的高峡平湖，玉龙湖泛舟奇而又险，怡神园驻足心旷神怡。春来杜鹃花盛，漫山红紫，秋日菊花吐艳，满谷生香。景区内的绝壁琴钟、玉清池、三贤鼎立、石坡天惊、天生桥等三十余处景观，让人惊叹不已。此间流传的美丽动人的传说更让人心驰神往，灵蛇化龙惊心动魄，木石前盟悱侧缠绵，郎女成桥凄婉动人，姜女望夫哀怨寂寞。总之，这里沟、水、洞、林兼备，雄、奇、秀、幽毕集。",8：00-16：00,https://img1.qunarzz.com/piao/fusion/1507/4b/5263dd76713061.jpg_480x360x95_cf841373.jpg,0.0,,,成人票：20元 儿童票：10元,,2
侗文化城,http://travel.qunar.com/p-oi710391-dongwenhuacheng,,湖南怀化中国侗文化城位于芷江侗族自治县象狮坡省级森林公园内，距怀化市中心6公里，西到芷江抗战胜利受降纪念馆20余公里，南连舞水河，北靠湘黔铁路和320国道，区位、交通条件十分优越。该景区占地3500亩，阳光、松林、溪流、草滩构成了这里独特而优美的自然景观。 该景区突出侗民族文化旅游主题，是集民俗风情、现代娱乐、度假休闲、森林观光为一体的旅游大世界，被列为全区重点项目。,,https://img1.qunarzz.com/travel/d5/1708/cd/92545771584e65b5.jpg_480x360x95_b621526b.jpg,4.7,,,,,3
地笋苗寨Disun Miao Village,http://travel.qunar.com/p-oi7645535-disunmiaozhai,"

地址:
怀化市靖州苗族侗族自治县地笋村


电话:
0745-8190001

",靖州县三锹乡境内的地笋苗寨，距离县城约40公里，这里有特色民族风情的民居建筑和山清水秀的自然环境，能够观赏到非常具有苗族风格的吊脚楼，这些吊脚楼因山就势，顺着山坡而建，寨子后面有小山，前面有池塘，周边有小岗，是一块很好的居住地。寨内保留了很多文物古迹，如：古井、石板路、古油榨作坊、古学堂遗址，陆续还在恢复建设山门、寨门、花桥、水车等建筑。苗寨被群山所环抱，林木茂盛，空气清新，在这里能体验山中村寨的宁静，享受这里恬淡的田园美景。,全年 全天开放,https://tr-osdcp.qunarzz.com/tr-osd-tr-manager/img/bfeace6ddc74648135380a6145a8ce90.jpg_480x360x95_ca0fedad.jpg,4.5,建议游览时间：2小时 - 4小时,,具体收费情况以现场公示为主,,3
芷江侗族自治县,http://travel.qunar.com/p-oi39602222-zhijiangdongzuzizhixian,,,,,0.0,,,,,3
怀化苏宝顶,http://travel.qunar.com/p-oi39584875-huaihuasubaoding,,,,,5.0,,,,,3
霞飞云果园,http://travel.qunar.com/p-oi39439933-xiafeiyunguoyuan,,,,,0.0,,,,,3
统潭溪,http://travel.qunar.com/p-oi39316173-tongtanxi,,,,,0.0,,,,,3
洒溪村,http://travel.qunar.com/p-oi39081857-saxicun,,,,,--,,,,,3
怀化湖天双拥公园,http://travel.qunar.com/p-oi38860101-huaihuahutianshuangyong,,,,,--,,,具体收费情况以现场公示为主,,3
芷江文庙,http://travel.qunar.com/p-oi38859330-zhijiangwenmiao,,,,,0.0,,,具体收费情况以现场公示为主,,3
夜郎古都景区,http://travel.qunar.com/p-oi38807334-yelanggudoujingqu,,,,,0.0,,,,,3
明月洞,http://travel.qunar.com/p-oi38807065-mingyuedong,,,,,--,,,具体收费情况以现场公示为主,,4
九丰现代农博园景区,http://travel.qunar.com/p-oi38691948-jiufengxiandainongboyuan,,九丰现代农博园景区位于怀化市鹤城区坨院街道，其核心区域包括五大板块：农业科技展示区、绿色果蔬栽培区、生态休闲体验区、蓝色海洋创意区、综合管理服务区。建设了智能观光温室、连栋生产温室、采摘温室、智能化育苗中心、海洋科技馆、冰雕乐园、农业技术培训中心等亮点工程。同时，以海洋科技馆为依托，形成集科普教育、互动、购物于一体的大型海洋观光科教休闲场所。,,,0.0,,,,,4
金海法治文化广场,http://travel.qunar.com/p-oi38341126-jinhaifazhiwenhuaguang,,,,,--,,,具体收费情况以现场公示为主,,4
刘晓公园,http://travel.qunar.com/p-oi38340898-liuxiaogongyuan,,,,,--,,,具体收费情况以现场公示为主,,4
索子街吊脚楼,http://travel.qunar.com/p-oi38337408-suozijiediaojiaolou,,,,,--,,,具体收费情况以现场公示为主,,4
溆浦山背花瑶梯田景区,http://travel.qunar.com/p-oi38335593-xupushanbeihuayaotitian,,,,,4.5,,,具体收费情况以现场公示为主,,4
十里窑村,http://travel.qunar.com/p-oi38134963-shiliyaocun,,,,,4.0,,,具体收费情况以现场公示为主,,4
凤滩旅游区,http://travel.qunar.com/p-oi37806823-fengtanlu:youqu,,,,,,,,,,4
怀城粉殿,http://travel.qunar.com/p-oi37806736-huaichengfendian,,,,,0.0,,,,,4
雁鹅界古村落,http://travel.qunar.com/p-oi37806586-yanejiegucunluo,,雁鹅界古村落位于怀化市溆浦县，古村绿山环抱，山清水秀，因昔日有大雁栖息而得名。村中现存的木屋、天井、牌匾、碓坎、练兵场、油房、碾房等历史遗迹，现今成了游客的打卡地。,,,0.0,建议游览时间：1小时 - 2小时,,,,4
借母溪自然保护区,http://travel.qunar.com/p-oi37806294-jiemuxiziranbaohuqu,,,,,--,,,具体收费情况以现场公示为主,,5
屈原公园,http://travel.qunar.com/p-oi37806158-quyuangongyuan,,,,,0.0,,,具体收费情况以现场公示为主,,5
受降馆,http://travel.qunar.com/p-oi37806151-shoujiangguan,,受降馆位于怀化市，馆内展示有珍贵的文物，人物雕像复原场景，图片等，人们可以在此了解一些历史信息。,,,4.0,建议游览时间：1小时 - 2小时,,具体收费情况以现场公示为主,,5
怀化野生动植物园Huaihua Wildlife Park,http://travel.qunar.com/p-oi36173119-huaihuayeshengdongzhi,"

地址:
怀化市中方县牌楼镇（原303厂）


电话:
0745-2888283

",怀化野生动植物园以游览动物和科普教育为主题，集游乐、动物互动、饮食服务相配套的综合性旅游景区。园区内设立有游客接待中心、停车场、母婴室、休息室、便捷服务等配套设施，为游客营造一个安心、舒心、放心的旅游环境。充分利用和挖掘了“大三线”建设逮留下来的——原国营303厂厂房、建筑、大小道和茂密的园林、森林，园内有熊馆、狼馆、白狮馆、白虎馆等50多种动物，后期还将陆续开放萌宠馆、大熊猫馆、两爬馆、国家地理馆、以及鸟类天堂湿地游乐世界-天鹅湖等特色主题场馆及旅游项目，一定会成为新晋网红打卡圣地。动物游览区作为怀化野生动植物园核心区，百余种珍稀野生动物，动物总数达2000余只，其中动物笼舍和动物展区包括大象、长颈鹿、孔雀、草食动物、狞猫、细尾猿、四角羊、骆驼、牦牛、麋鹿、斑马、鸵鸟和梅花鹿等。其中动物展馆有:河马馆、猴子馆、海狮馆、两爬馆、鸟笼、白狮馆、狼馆、熊馆、熊猫馆、金虎馆、恐龙馆和动物标本馆等。,全年 09:00-18:00;全年 09:30-17:00,,4.1,建议游览时间：2小时 - 3小时,,"{'怀化野生动植物园门票+萌宠馆+奇葩乐园+冰雪世界+国家地理影像馆票成人票\n\n': ['¥88起'], '怀化野生动植物园门票+萌宠馆+奇葩乐园+冰雪世界+国家地理影像馆票优待票\n\n': ['¥68起'], '怀化野生动植物园电子导览服务大小同价\n\n': ['¥7起']}",,5
"黄岩生态休闲旅游度假村Baima Scenic Area, Huangyan, Huaihua",http://travel.qunar.com/p-oi35913722-huangyanshengtaixiuxian,,怀化黄岩生态休闲旅游度假村位于湖南省怀化市鹤城区黄岩旅游区管理处白马村，距离怀化市城区22公里，是国家4A级旅游景区，景区所在地白马村是全国美丽乡村示范村、全国文明村、湖南省旅游扶贫示范基地。景区是典型的喀斯特高山谷地，森林覆盖率达78%，区域内遍布原始次生林、溪谷、溶洞等自然景观，风光迷人，素有“四门八塘，一日三潮”、“三脚跨两拱，七十二洞，洞洞相连”之美称。石林花海犹如她发髻上的一朵头饰，高山峡谷原始次生林就像她婀娜多姿的身躯，天池圣湖就是她一双清澈纯净的双眸。这里群山环抱、云雾缭绕、莽林幽深、飞瀑流泉、溶洞成群、鸟语花香、气候宜人，素有“怀化庐山”之美誉。这里是一个“可以自由呼吸的地方”，“千年无一暑，百里无蚊帐”是这里真实的写照。怀化黄岩生态休闲旅游度假村汇集了“花的海洋、山的奇险、水的柔美、林的秀丽”，是一处难得的休闲旅游度假胜地。石林花海，白马溶洞，滑道漂流，高空滑草场，高山滑索，探险桥，玻璃桥，玻璃栈道，飞拉达攀岩，真人CS，丛林穿越，松籽木屋，悬崖木屋……景区在原有石林花海和自然风光的基础上，建成了集拓展冒险、游乐设施、动物园地、互动体验和美食住宿等50余个配套项目为一体的乡村旅游园区，深受城市人群休闲度假的欢迎。,,,5.0,建议游览时间：12小时 - 3天,,68元,,5
火里岩Huoliyan Peak,http://travel.qunar.com/p-oi35678255-huoliyan,,,,,--,,,具体收费情况以现场公示为主,,5
车匠屋场Chejiangchangwu Village,http://travel.qunar.com/p-oi35677359-chejiangwuchang,,,,,--,,,具体收费情况以现场公示为主,,5
农冲头坳Nongchongtou’ao Mountain,http://travel.qunar.com/p-oi35677292-nongchongtouao,,,,,--,,,具体收费情况以现场公示为主,,5
扎龙山村畜牧场,http://travel.qunar.com/p-oi35642393-zhalongshancunchumuchang,,,,,--,,,具体收费情况以现场公示为主,,5
"凉山登岚寺Denglan Temple, Liangshan Mountain",http://travel.qunar.com/p-oi35642392-liangshandenglansi,,"凉山登岚寺位于怀化，该寺建于唐代，寺门前有一棵高大的银杏树，具有上千年的历史。
",,,--,建议游览时间：1小时 - 2小时,,具体收费情况以现场公示为主,,5
锦被团Jinbeituan Village,http://travel.qunar.com/p-oi35560026-jinbeituan,,,,,--,,,具体收费情况以现场公示为主,,6
硬岭坳Yinglingao Village,http://travel.qunar.com/p-oi35559980-yinglingao,,,,,--,,,具体收费情况以现场公示为主,,6
小龙门乡林场Xiaolongmen Township Forest Farm,http://travel.qunar.com/p-oi35559751-xiaolongmenxianglinchang,,,,,--,,,具体收费情况以现场公示为主,,6
硬里坳Yingli'ao Village,http://travel.qunar.com/p-oi35559559-yingliao,,,,,--,,,具体收费情况以现场公示为主,,6
小龙门隧洞Xiaolongmen Tunnel,http://travel.qunar.com/p-oi35559089-xiaolongmensuidong,,,,,--,,,具体收费情况以现场公示为主,,6
娄古坡Lougupo Village,http://travel.qunar.com/p-oi35558923-lougupo,,,,,--,,,具体收费情况以现场公示为主,,6
硬田冲Yingtianchong Village,http://travel.qunar.com/p-oi35558910-yingtianchong,,,,,--,,,具体收费情况以现场公示为主,,6
硬冲Yingchong Village,http://travel.qunar.com/p-oi35558738-yingchong,,,,,--,,,具体收费情况以现场公示为主,,6
小横垅国有林场,http://travel.qunar.com/p-oi35474506-xiaohenglongguoyoulin,,,,,--,,,具体收费情况以现场公示为主,,6
倒水岩冲Doushuiyanchong Village,http://travel.qunar.com/p-oi35474496-daoshuiyanchong,,,,,--,,,具体收费情况以现场公示为主,,6
忙槌岭Mangchuiling Village,http://travel.qunar.com/p-oi35474479-mangchuiling,,,,,--,,,具体收费情况以现场公示为主,,7
道师田Taoshitian Village,http://travel.qunar.com/p-oi35474461-daoshitian,,,,,--,,,具体收费情况以现场公示为主,,7
忙冬冲Mangdongchong Village,http://travel.qunar.com/p-oi35474450-mangdongchong,,,,,5.0,,,,,7
忙冬溪Mangdong Creek,http://travel.qunar.com/p-oi35474392-mangdongxi,,,,,5.0,,,具体收费情况以现场公示为主,,7
磨连冲Molianchong Village,http://travel.qunar.com/p-oi35474337-molianchong,,,,,--,,,具体收费情况以现场公示为主,,7
道师岩Daoshiyan Mountain,http://travel.qunar.com/p-oi35474317-daoshiyan,,,,,--,,,具体收费情况以现场公示为主,,7
路连田Luliantian Village,http://travel.qunar.com/p-oi35474183-luliantian,,,,,--,,,具体收费情况以现场公示为主,,7
余有湾Yuyouwan Village,http://travel.qunar.com/p-oi35474109-yuyouwan,,,,,,,,,,7
金子岩村Jinziyan Village,http://travel.qunar.com/p-oi35474029-jinziyancun,,,,,,,,,,7
连垠坡Lianyinpo Village,http://travel.qunar.com/p-oi35473996-lianyinpo,,,,,--,,,具体收费情况以现场公示为主,,7
贡溪镇Gongxi Town,http://travel.qunar.com/p-oi35388322-gongxizhen,,,,,--,,,具体收费情况以现场公示为主,,8
洗脚坳Xijiaoao Village,http://travel.qunar.com/p-oi35388279-xijiaoao,,,,,--,,,具体收费情况以现场公示为主,,8
贡溪乡林场Gongxi Township Forest Farm,http://travel.qunar.com/p-oi35388082-gongxixianglinchang,,,,,--,,,具体收费情况以现场公示为主,,8
上贡溪Shanggongxi Village,http://travel.qunar.com/p-oi35388042-shanggongxi,,,,,--,,,具体收费情况以现场公示为主,,8
瓦有湾Wayouwan Village,http://travel.qunar.com/p-oi35387867-wayouwan,,,,,--,,,具体收费情况以现场公示为主,,8
高马方溪Gaoma Fangxi Village,http://travel.qunar.com/p-oi35386278-gaomafangxi,,,,,--,,,具体收费情况以现场公示为主,,8
排子坳Paizi’ao Village,http://travel.qunar.com/p-oi35385065-paiziao,,,,,--,,,具体收费情况以现场公示为主,,8
高茅塘Gaomaotang Village,http://travel.qunar.com/p-oi35384943-gaomaotang,,,,,--,,,具体收费情况以现场公示为主,,8
烟溪田Yanxitian Village,http://travel.qunar.com/p-oi35384546-yanxitian,,,,,--,,,具体收费情况以现场公示为主,,8
高子冲Gaozichong Village,http://travel.qunar.com/p-oi35384448-gaozichong,,,,,--,,,具体收费情况以现场公示为主,,8
高麻凼Gaomadang Village,http://travel.qunar.com/p-oi35384116-gaomadang,,,,,--,,,具体收费情况以现场公示为主,,9
榨岩口Zhayankou Village,http://travel.qunar.com/p-oi35320673-zhayankou,,,,,--,,,具体收费情况以现场公示为主,,9
岩口冲Yankouchong Village,http://travel.qunar.com/p-oi35320663-yankouchong,,,,,--,,,具体收费情况以现场公示为主,,9
翁槽冲Wengcaochong Village,http://travel.qunar.com/p-oi35320651-wengcaochong,,,,,--,,,具体收费情况以现场公示为主,,9
铺口生态养猪场,http://travel.qunar.com/p-oi35320397-pukoushengtaiyangzhuchang,,,,,--,,,,,9
浦家田Pujiatian Village,http://travel.qunar.com/p-oi35320268-pujiatian,,,,,--,,,具体收费情况以现场公示为主,,9
听宁冲Tingningchong Village,http://travel.qunar.com/p-oi35312474-tingningchong,,,,,--,,,具体收费情况以现场公示为主,,9
羊古岔洲Yanggucha Islet,http://travel.qunar.com/p-oi35311774-yangguchazhou,,,,,--,,,具体收费情况以现场公示为主,,9
张家垅Zhangjialong Village,http://travel.qunar.com/p-oi35307183-zhangjialong,,,,,--,,,具体收费情况以现场公示为主,,9
伍家坪Wujiaping Village,http://travel.qunar.com/p-oi35306074-wujiaping,,,,,--,,,具体收费情况以现场公示为主,,9
麻阳垭Mayangya Village,http://travel.qunar.com/p-oi35305465-mayangya,,,,,--,,,具体收费情况以现场公示为主,,10
麻阳垭Mayangya Village,http://travel.qunar.com/p-oi35305365-mayangya,,,,,--,,,具体收费情况以现场公示为主,,10
麻阳坳Mayang'ao Village,http://travel.qunar.com/p-oi35305307-mayangao,,,,,--,,,具体收费情况以现场公示为主,,10
麻阳坡Mayangpo Village,http://travel.qunar.com/p-oi35305143-mayangpo,,,,,--,,,具体收费情况以现场公示为主,,10
联民五七林场Lianmin Wuqi Tree Farm,http://travel.qunar.com/p-oi35304703-lianminwuqilinchang,,,,,--,,,具体收费情况以现场公示为主,,10
长永坡Changyongpo Village,http://travel.qunar.com/p-oi35304390-zhangyongpo,,,,,--,,,具体收费情况以现场公示为主,,10
马子界Mazijie Village,http://travel.qunar.com/p-oi35304286-mazijie,,,,,--,,,具体收费情况以现场公示为主,,10
杳竹坡Yaozhupo Village,http://travel.qunar.com/p-oi35303352-yaozhupo,,,,,--,,,具体收费情况以现场公示为主,,10
上梅家溪Shangmeijiaxi Village,http://travel.qunar.com/p-oi35303298-shangmeijiaxi,,,,,--,,,具体收费情况以现场公示为主,,10
车甸垄Chedianlong Village,http://travel.qunar.com/p-oi35303128-chedianlong,,,,,--,,,具体收费情况以现场公示为主,,10
