名字,链接,地址,介绍,开放时间,图片链接,评分,建议游玩时间,建议季节,门票,小贴士,Page
双月湾Double Moon Bay,http://travel.qunar.com/p-oi705019-shuangyuewan,"

地址:
惠州市惠东县双月湾海滨度假区


电话:
18650425596,18650427213,17759760502,18650428108

","双月湾在惠东县港口镇，整个海湾从空中俯瞰好像两轮背对的新月，故名双月湾。双月湾的奇特之处在于，这里左湾水平如镜，右湾波涛汹涌，一静一动。相对于不远的巽寮湾，算是一个还没被过度开发的景点。在这里，不同的人有不同的玩法，可以一大帮朋友来海边烧烤、出海、玩水上运动，可以和家人一起来海边散步、看日落，也可以住海景房，在高大上的海百纳餐厅吃海鲜大餐。总之，海鲜和海景是双月湾的特色。不可错过的地方是双月湾观景台。登顶后景色令人眼前一亮，小镇、渔船和远方的海岛历历在目，让人感叹中国竟有座这么美的海港小镇。需要注意的是，观双月湾全景，得挑个好天气。双月湾的日落尤为壮观，夕阳从海平线落下，把海天染成一片橙色。港口大桥是双月湾重要的交通线，晚上在这里看夜景非常赞。旁边的暗街是这里繁华的商业街了，汇聚了各种特色小吃，藏在里面的海鲜市场还能买到当天一早捕捞上来的海货。临走建议来这里买上一些带走，图的就是新鲜。 双月湾的南部，有一个海龟自然保护区，在半山腰上，可以看脚下汹涌的海浪；往北走，可以逛逛平海古城、晒盐场、东莲禅寺等地，这里可以感受到原味的渔家生活。
",周一至周日 8点至17点,https://img1.qunarzz.com/travel/d4/1708/9d/926be2665a2fedb5.jpg_480x360x95_ee85affe.jpg,4.3,建议游览时间：12小时 - 3天,7月--10月是双月湾的最佳游玩时节。 双月湾是滨海旅游度假区，夏天来到这里可以下海游泳。,"{'双月湾娱乐项目门票成人票\n\n': ['¥685起'], '双月湾小星山浮潜+海钓门票票成人票\n\n': ['¥88起'], '小星山浮潜+海钓门票团队票\n\n': ['¥93起']}",1、去双月湾观景台的路比较难走，越往上越窄，常有自驾的车卡在上面，不推荐开车上去；2、观景台不仅没有门票，而且没有栏杆，如果遇到人多的时候要注意安全；3、出海打渔很容易出现晕船的现象，请做好预防措施。早上在桥头有很多渔民招揽游客坐船出海游玩、捕捞海鲜，出海打渔的船分为三个等级，小船出海两小时100元，次网一般捕不到什么鱼；中船带稍微好一点的拖网，两小时开价250元，可以讲到200左右，大概可以坐十几个人；大船大约是600元两小时，带更大的网。捕到的海鲜全归游客所有，这些海鲜可以带到餐厅加工，按照做法和海鲜多少收费。双月湾共分两湾，由大亚湾畔和大鹏湾畔相邻的两个半月形海湾组成，左湾水平如镜，右湾波涛汹涌。两条沙垅直奔大星山，如蛟龙出海，似双龙戏珠，有静有动，十分壮丽。大亚湾畔的半月湾，微风细浪，阿娜多姿。红海湾畔的半月湾，波涛汹涌，气势磅薄。这里三面环海，风景如画。沙滩连绵57公里，雄奇壮观，几乎见不到人为开发的痕迹。沙滩宽约200米。海水清澈见底，海底平坦舒缓，离岸200米，人们还可在海中站立，堪称一绝。洁白的弧形沙滩，沙质幼细，晶莹洁净。摩托车、小汽车在沙滩上行驶犹如海上行车，乐趣无穷。双月湾是距离广州四个小时离深圳只须两小时车程内最美丽的海滩，这里基本没有开发，在沙滩上可以捡到许多漂亮的贝壳，宽阔的沙滩不亚于海南的风光，是个露营休闲的好场所。洁白的沙滩，黛绿的林带，碧蓝的大海，多姿的礁石，迷人的小岛，穿梭的渔舟，构成了动静交融的南海渔港风光。,1
巽寮湾Xunliao Bay,http://travel.qunar.com/p-oi707189-xunliaowan,"

地址:
惠州市巽寮湾海公园海趣馆


电话:
0752-8336009,0752-8328186


官网:
https://www.gdxunliaowan.com/

",巽寮湾位于惠东平山镇南部，金海湾大道旁。它的海水质量在广东算数一数二的洁净，因此海湾也十分的有名气，每到周末都十分热闹，从广深过来玩的游客非常的多。巽寮湾的海岸线很长，延绵20多公里，分布着很多海湾，沙滩中有公共沙滩，比如金海湾、德泽园等沙滩，还分布着三角洲岛、凤池岛等海岛，红树林、天后宫等景点。磨子石风景区是巽寮湾名气较大的海滩，所以那边的人比较多，一般都会来这个海滩玩。如果喜欢幽静的，可以去南海渔村附近的海湾，那是当地人常去的地方，海水质量不比磨子石风景区的差，虽然沙滩质量稍微差些，但是相对人比较少。海岛的度假都是类似的，你可以沿着白色沙滩漫步，体会悠闲的心情；可以在沙滩上捡贝壳、晒太阳；还可以参与特色的出海捕鱼。当然你也可以冲进大海里玩闹、泼水，踩着海浪，像个孩子一样。关于住宿巽寮湾的酒店特别多，优点在于酒店大部分都可以看到一线海景，地理位置好，并且服务设备等都相对成熟。海湾大道上有各种档次的酒店和宾馆，如果想要节约一点点，也可以考虑住巽平路上的民宿，虽然看不到海景，但是可以看到农田和青山，也很养眼，并且步行到海湾也不远。关于用餐这里有很多海鲜大排档，东西很新鲜，椒盐濑尿虾、姜葱炒花蟹、清蒸海鱼等，可以畅快的大快朵颐。如果需要买海鲜，可以在巽寮镇上，有个不太好找的菜市，可以多问问当地人。一般下午捕鱼的渔民们就会回来，在菜市场旁边卖刚打到的海鲜。,1月1日-12月31日 全天开放,https://img1.qunarzz.com/travel/d5/1509/c3/aa140a30ee7d68.jpg_480x360x95_dc69c898.jpg,4.3,建议游览时间：3天 - 6天,6月份到巽寮湾，可能会看到大批海龟在沙滩产卵的景象。9、10月去巽寮湾也是好时节，此时雨季已过，晴天较多，阳光充足，适合在海滩玩耍。,"{'巽寮湾海公园水上世界门票成人票\n\n': ['¥84起'], '巽寮湾海公园水上世界门票儿童票\n\n': ['¥64起'], '三角洲岛门票+往返船票成人票\n\n': ['¥118起']}",关于住宿巽寮湾的酒店特别多，有五星级酒店，比如凯宾斯基、喜来登等，但是价格颇贵。优点在于高档酒店大部分都是一线海景，地理位置好，并且服务设备等都相对成熟。海湾大道上有各种档次的酒店和宾馆，不过大部分设施都对不起它们的价格。如果想要住便宜点，也可以考虑住巽平路上的民宿，虽然看不到海景，但是可以看到农田和青山，也很养眼，并且步行到海湾也不远。关于用餐这里有很多海鲜大排档，东西很新鲜，椒盐濑尿虾、姜葱炒花蟹、清蒸海鱼等，可以畅快的大快朵颐。如果需要买海鲜，可以在巽寮镇上，有个不太好找的菜市，可以多问问当地人。一般三点前后捕鱼的渔民们就会回来，在菜市场旁边卖刚打到的海鲜。很多人会选择盛安饭店加工海鲜，这家比较有名，口碑也较好，地点在巽寮旅游度假区市场边2号，港一便利店对面那条路一直走，沿途就能见到了。这边的饮料很贵，但是可以自带，所以如果去吃，建议自带饮料哦。,1
大亚湾Daya Bay,http://travel.qunar.com/p-oi707481-dayawan,"

地址:
惠州市惠阳区石化大道中


电话:
0752-3351567

",大亚湾拥有绵长海岸线，这里海水清澈、沙质细软，且人少清静。黄金海岸是大亚湾的精华段，租个躺椅，吹吹海风，看看美景，别提多惬意了。游泳区也设有安保人员，以保证游客的安全。乘船环游大亚湾，或出海捕鱼体验渔家生活也是非常不错的游玩方式。在绵长的海岸线外围，星罗棋布地分布着众多岛屿，如三门岛、大甲岛、小甲岛、东升岛等，也可以乘船登上其中一座岛屿，享受原生态美景。大亚湾毗邻霞涌镇，可以在镇上挑一家海景餐厅，一边欣赏美景，一边品尝海鲜大餐。,全天开放,https://img1.qunarzz.com/travel/poi/1707/92/3bb2c23346090537.jpg_480x360x95_41c6e85d.jpg,4.6,建议游览时间：12小时 - 3天,4月底-10月中旬，期间惠州天气暖和，海水温度适宜，游客可以直接下海游玩。,"{'大亚湾小鹰嘴滑翔伞飞行体验成人票\n\n': ['¥780起'], '大亚湾滑翔伞票大小同价\n\n': ['¥70起'], '大亚湾小鹰嘴滑翔伞【滑翔伞飞行/专业教练/官方认证】\n\n': ['¥100起']}",,1
五矿哈施塔特文旅小镇Hallstatt Town,http://travel.qunar.com/p-oi7628230-wukuanghashitatewenlu:,,,,,,,,,,1
盐洲岛Yanzhou Island,http://travel.qunar.com/p-oi8667035-yanzhoudao,"

地址:
惠州市惠东县东南部


电话:
0752-8388906;0752-8388906

",盐洲岛是一座海岛小镇，这里有着静谧美好的渔村，原生态的海滨风光，珍贵的红树林及活泼灵动的白鹭，风光旖旎。游玩时，可沿着海滨漫步，踩着柔软的细沙，看清澈的海水，将蓝天碧海尽收眼底。也可以看看茂密的红树林，感慨这“水上森林”的顽强生命力，看其中栖息着的成千上万的白鹭。岛上还有着一座风车山，群峰连绵，遍布山野的白色风车高耸入云。当然，除了美景，这里的海鲜大餐可是不能错过的，海产种类丰富，新鲜肥美。岛上也不乏住宿酒店，若是喜欢这里，住上一晚也不错。,全年 全天开放,https://img1.qunarzz.com/travel/d9/1708/5a/70144f521d939db5.jpg_480x360x95_5a35b266.jpg,4.3,建议游览时间：12小时 - 3天,9、10月时惠州晴天较多，阳光充足，适合户外出行逛景区和拍照。,"{'盐洲岛1小时包船出海捕鱼体验成人票\n\n': ['¥270起'], '广州出发惠州盐洲岛、黑排角旅拍滩涂日落、白沙村、双月湾、入住海景房私家小团2日游，不拼团独享专属旅行\n\n': ['¥688起'], '惠州黑排角海岸线徒步一日游（可媲美东西冲+专业户外领队）\n\n': ['¥118起']}",,1
惠州西湖Huizhou West Lake,http://travel.qunar.com/p-oi703257-huizhouxihu,"

地址:
惠州市惠城区环城西路


电话:
0752-2121326,0752-2248116


官网:
http://www.hzxihu.net

",中国拥有“西湖”之名的景致数不胜数，除了天下闻名的杭州西湖外，惠州西湖也堪称是我国西湖中的个中翘楚。惠州西湖林木茂盛，继承了岭南独树一帜的自然景观特征，与杭州西湖的烟雨江南印象相比，显得更加清爽直白、端庄素雅， 因而又有“浓抹杭州惠淡妆”之说。惠州西湖的景观由“五湖六桥八景”组成。五湖就是指形成西湖的5个湖区，即菱湖、鳄湖、平湖、丰湖及南湖，逛完所有的湖区至少需要半天的时间。平湖是5个湖区中较大的，西湖的主要的核心景点也大多集中在这一带。湖北面环绕着平湖堤，沿着堤坝可参观丰渚园和元妙观，丰渚园很适合夏天来，荷花开得很漂亮。平湖北面的下角东路和下角中路是惠州较老的生活区，这里绿树成荫，居民休闲地在湖边打发时光。有点像公园，但是面积挺大，游客也多，里面有一个与陶渊明有关的小山，元妙观到下角的那一段路特别漂亮。西湖具有标志性的建筑泗洲塔在平湖西侧，西湖八景“玉塔微澜”中的玉塔指的就是泗洲塔。当年苏东坡寓居惠州时，在其有名的《江月》诗中对湖光塔影有精彩的描绘：“一更山吐月，玉塔卧微澜，正似西湖上，涌金门外看。” 玉塔微澜一景由此流传至今。孤山在平湖西侧，山上建有苏东坡纪念馆，这也是八景中的“孤山苏迹”所指。孤山山脚有一段九曲桥，与点翠洲相连接，点翠洲上有一座留丹亭，取留取丹心照汗青之意。这些合起来就是八景中的“丹心点翠”。点翠洲北面有一座小桥通往芳华洲和荷花亭，夏天的时候这里常常聚集着一大群摄影爱好者捕捉荷塘景色。景区内有5处游艇码头，东大门、九曲桥、芳华洲附近都有，可以在码头租船游湖。这里的湖够大，划船和电动船都有，价格大约为划船30-40元一小时，电动船60元半小时，具体以景区报价为准。 如果租电动船，记得租电比较足的船，晚泛舟看斜阳，很美！逛完西湖，正门对面就是惠州的步行街了，也可以去逛下。,8:00-21:00,https://img1.qunarzz.com/travel/d2/1702/9b/2fe5981adf59a8b5.jpg_480x360x95_bca62755.jpg,4.6,建议游览时间：12小时,境内雨量充沛、阳光充足、气候温和、四季常青，年平均温度22度。由于7、8月份惠州降雨较多，9、10月份天气晴朗是为出游的好时机。,"{'惠州西湖荔晴码头小黄鸭/独角兽4人脚踏船票成人票\n\n': ['¥120起'], '惠州西湖荔晴码头8人画舫游船票成人票\n\n': ['¥200起'], '惠州西湖电子导览服务大小同价\n\n': ['¥6起']}",,1
广东罗浮山风景名胜区Luofu Mountain,http://travel.qunar.com/p-oi710547-guangdongluofushanfeng,"

地址:
惠州市博罗县长宁镇罗浮山风景名胜区


电话:
0752-6668296,0752-6668875


官网:
http://www.lfs.com.cn/

","春节盛典开启-大展宏“兔”玩转新年年，是满满的期盼辞旧迎新，家人团聚年，是陪伴、游玩、美食......的热闹年味，在一份份热闹中不断馨加~这个春节，罗浮山景区将节日气氛拉满派红红火火的新景象，年味十足的陪您欢欢喜喜过大年!让我们一起，趣味迎春，欢乐过年......春节期间，罗浮山景区将推出一系列丰富多彩的节庆活动，营造吉祥欢庆的新年气氛，让市民和广大游客过一个红火热闹的春节。玉兔迎新春 美食汇罗浮活动时间：1月22日-27日  （年初一至年初六）活动地点：罗浮山白莲湖各个地方不同的美食，反应的是各地不同的文化。何为品味，何为食味，在罗浮山这里可以找到答案。看似普通的食物，却承载着人们对新年的美好愿景。大展宏”兔”迎新春活动时间：1月22日-29日   （年初一至年初八）活动地点：罗浮山荔德园罗浮山景区内设有多种游乐设备，一应俱全，超趣味的游乐项目，超可爱的玩法，带来超棒的游玩体验。“罗浮四季·光影之约”短视频和图片征集活动活动时间：1月22日-27日   （年初一至年初六）活动地点：罗浮山美食街服务区关注官方微信公众号""醉美罗浮”或dy号“广东罗浮山”，添加官方微信号将参赛作品（参赛图片不低于五张）和联系方式发送给现场工作人员或dy号带官方话题“冬日罗浮山”+@广东罗浮山发送参赛视频即可参与现场的抽礼活动，每日送出奖品20份,先到先得,送完即止。除了可获得现场的资格以外，主办方还会根据点赞量、播放量、官方评审团打分等形式，在季度末评选出作品于四期活动结束后统一发放丰厚的活动奖励。“龙华大鼓”闹新春活动时间：1月24日 （年初三）活动地点：罗浮山东江纵队纪念馆广场春雷声中震天响，击鼓迎春开新篇！省级非遗传承龙华大鼓来到罗浮山，为新春的到来，奏响新篇章。舞狮助庆祈福到活动时间：1月22日-24日   （年初一至年初三）活动地点：罗浮山东江纵队纪念馆广场人们在喜庆日子里用舞狮龙来祈祷狮子的保佑。一件花团锦舞狮子，是中国优秀的民间艺术，每逢新春佳节或集会庆典，民间都以狮舞前来助兴祈福。炫彩四溢·罗浮梦幻水秀活动时间：1月22日-27日   （年初一至年初六）活动地点：罗浮山白莲湖《罗浮梦幻水秀》以罗浮山奇珍、奇闻、奇俗、奇想、奇景为文化背景，设计了《缘·见罗浮》、《四季风华》、《云海胜景》、《罗浮传奇》、《盛世华诞》五大主题梦幻场景，从多个角度展现罗浮山的奇观胜景和美妙的神话传奇。罗浮山又称东樵山，由罗山和浮山组成，位于惠州博罗县长宁镇境内。关于罗浮山，苏轼曾写下“罗浮山下四时春，芦桔杨梅次第新。日啖荔枝三百颗，不辞长做岭南人。”廖寥数笔，却将罗浮山四季如春，物产资源丰富的特点形象的描绘了出来，也使罗浮山在岭南一带名声大噪。罗浮山分为朱明洞、黄龙观和华首台三个景区，这三个景区相隔较远，适合自驾游。其中，朱明洞景区是三个景区中较大的一个，景点众多，如果是一日游，大部分的游客都会选择游览这个景区。如果有两天的时间，可以先游览黄龙观景区，第二天再游览朱明洞景区。黄龙洞位于罗浮南麓，玉女峰之下，是罗浮山有名的十八洞天奇景之一。清代康熙年间，冲虚观道士张妙升到黄龙洞开创了崂山派的独立道场并取名为黄龙观。朱明洞景区是罗浮山十八洞天之首，是道教第七洞天、第三十四福地，也是罗浮山人文景观较为丰富的景区。天景区有白莲湖、会仙桥、冲虚观、东江纵队纪念馆、元帅楼、东坡亭、洗药池、炼丹炉、飞来石等建筑及名胜古迹。关于用餐罗浮山下有很多酒家、食肆，路边也有人摆摊卖当地特产，接待设施完善。这里的特色美食有农家小炒、山坑鱼仔、山水豆腐、酥醪菜干汤等，都是农家菜，食材新鲜，比较美味。",全年 07:00-18:00,https://img1.qunarzz.com/travel/d5/1710/14/47bc4d50959bb3b5.jpg_480x360x95_916d6f5b.jpg,4.4,建议游览时间：3天 - 6天,9、10月份天气晴朗是为出游的好时机，因为7、8月份惠州降雨较多。,"{'罗浮山门票成人票\n\n': ['¥54起'], '罗浮山门票学生票\n\n': ['¥27起'], '罗浮山温泉旅游度假区门票+绵州温泉套票成人票\n\n': ['¥199起']}",长宁镇是距离罗浮山景区最近的城镇，镇子中民宿较多；如是自驾出游或偏好高端酒店，也可回惠州市区之内住宿。,1
十里银滩Shili Yintan (Shili Silver Beach),http://travel.qunar.com/p-oi10024378-shiliyintan,"

地址:
惠州市惠东县207县道


电话:
0752-8366666

",惠东十里银滩位于亚婆角度假区内，这里海岸线绵长，沙质细腻而洁白，不论是休闲漫步，赏海景，看日落，这里都是非常好的去处。漫步在十里银滩，除了欣赏自然美景，还可以在这里体验出海打渔、摩托艇等水上运动项目，尽情享受海滨乐趣。海边设有众多度假酒店与民宿，许多游客都会选择一个海景房入住一晚，然后慢慢享受海边的惬意度假时光。,全天开放,https://img1.qunarzz.com/travel/d9/1808/1d/58d89f8c5499a7b5.jpg_480x360x95_62c40595.jpg,4.5,建议游览时间：2小时,9、10月份天气晴朗是为出游的好时机，因为7、8月份惠州降雨较多。,{'【酒店套餐】阳江海陵岛万豪海陵湾1号网红一线海景+十里银滩\n\n': ['¥139起']},,1
三角洲岛Sanjiaozhou Island,http://travel.qunar.com/p-oi704845-sanjiaozhoudao,"

地址:
惠州市惠东县巽寮湾度假村


电话:
13631982483


官网:
https://www.gdxunliaowan.com/

",三角洲岛犹如一个海上世外桃源，海水清澈碧绿，沙滩洁白无瑕，千姿百态的奇石景观让人赞不绝口。海岛上分布有三个晶莹洁白的沙滩，拥有一个新月形的内海湾和一个天然石雕公园，海岛绿树葱茏，楼阁隐现，形状各异的奇石天然成趣。漫步海岛之上，踏浪戏沙，好不惬意。沙滩上的娱乐项目潜水、摩托艇等设施应有尽有。,9:00-16:30；具体时间以三角洲岛实际情况为准。,https://img1.qunarzz.com/travel/d1/1608/41/b5d20bdecbedfdb5.jpg_480x360x95_33eb9342.jpg,3.8,建议游览时间：4小时 - 6小时,由于7、8月份惠州降雨较多，9、10月份天气晴朗是为出游的好时机。,"{'三角洲岛门票+往返船票成人票\n\n': ['¥118起'], '三角洲岛门票+往返船票儿童票\n\n': ['¥60起'], '三角洲岛门票+往返船票双人票\n\n': ['¥388起']}",去码头途中会有当地村民向游客进行“拉客包船”现象，无需理会即可。,1
大辣甲岛Dalajiao Island,http://travel.qunar.com/p-oi709906-dalajiadao,"

地址:
惠州市大亚湾澳头龙海街108号（澳头边防派出所对面）

",大辣甲岛位于大亚湾，与澳头港一水之隔，是大亚湾婀娜多姿的百岛中的第二大岛。据说大辣甲原称大六甲，取六岛相合之意，但此处过往渔民多操潮汕话，而潮汕话中的“六”又与普通话中的“辣”同音，于是大家便约定俗成般称其为“辣甲岛”。岛上沙滩延绵，色彩斑斓的贝壳散落其中，笔螺、角螺、猪牧螺、小海螺、扇贝等等不一而足，简直是贝类海鲜的大杂烩，倘若沿着沙滩一路拾贝，其体验可谓妙不可言。大辣甲岛曾是军事要地，改为民用后成为惠阳渔业局下属的咸鱼收购、加工基地。因为投资建设条件不充足，大辣甲岛的海岛服务业几经难产，直到1998年，大辣甲岛才作为一个风情旅游点正式向游客开放。,全天开放,https://img1.qunarzz.com/travel/d4/1410/13/ff0cff295eacaca2ffffffffc8d65eac.jpg_480x360x95_1d1ef779.jpg,4.4,建议游览时间：3天,夏季最佳，此时水温适宜，游客可以参与一系列的水上活动，还可以下海潜泳。,具体收费情况以现场公示为主,,1
惠州盛花谷,http://travel.qunar.com/p-oi38590202-huizhoushenghuagu,,龙门盛花谷景区，盛花谷景区位于惠州市门县龙华镇青年林场内，是省级休闲农业与乡村旅游示范点，占地面积5200亩，拥有丰富的天然森林资源。园区内有超过200亩的黄花风铃木，花蕊盛开季节超级壮观，每年吸引几十万摄影爱好者前来打卡。盛花谷是结合客家文化特色，打造集餐饮、住宿、观光、农业科普为一体的生态度假村。一、农业观光区：园内有玫瑰园、农业科普长廊、蔬果采摘（蔬菜、圣女果）、山茶花迷宫、萌萌场景打卡、古老许愿井、河道游船等150亩花卉网红打卡功能区；二、网红打卡区：200亩黄花风铃木、彩虹道、网红鸟巢、秋千木栈道、相框打卡、绿野仙踪木栈道；三、奇妙小火车：每个人的心里，都有一辆开往童年的小火车，乘坐奇妙小火车开启一场丛林穿越之旅。（自费）四、垂钓区：可携带鱼竿，在静谧的湖畔休闲垂钓彻底放松身心，忘却城市的喧嚣，来一场身与心的陶冶。（自费）五、餐饮区：园区内备有木屋水上餐厅、中餐宴会厅、环湖烧烤场、美食小吃街、胡子叔叔手信店。六、草坪星空露营：5600平方米大草坪星空露营，拥有20顶天幕帐篷，您可以坐在天幕下品尝小资下午茶点，夜晚进行BBQ自助晚餐，躺在草坪中仰望星空，进行草坪LIVE音乐篝火晚会，一起把酒欢歌，回味青春年少。（20人以上可安排音乐晚会）七、泰极汤泉度假酒店：酒店拥有汤泉客房16间（双人房 9 间 、大床房 6 间、亲子房1间），将森林景观与现代空间艺术完美结合，营造出时尚、健康、极致尊贵的休息环境，配合华丽柔软的灯光，更是美不胜收，令人流连忘返。房间内还配备了阳台，微风吹来坐上藤制摇椅微微晃动尽情享受午后的宁静与安逸到了夜晚在这里聊天看星星不失为一个好主意~,,,4.6,,,,,2
海龟湾Haiguiwan,http://travel.qunar.com/p-oi35214693-haiguiwan,,海龟湾自然保护区位于广东省惠东县境内，面积1400公顷，为亚洲大陆独一的海龟自然保护区。是海龟的传统产卵场，也是南海北部大陆沿岸唯一的产卵场。,,https://tr-osdcp.qunarzz.com/tr-osd-tr-space/img/169985bc859759baae43b2cf7a57a2c9.jpg_480x360x95_97211dcf.jpg,3.1,建议游览时间：12小时 - 3天,,,,2
红树林公园Hongshulin Park,http://travel.qunar.com/p-oi23344123-hongshulingongyuan,"

地址:
惠州市大亚湾区澳头街道中兴中路


电话:
0752-5568015

",大亚湾红树林湿地公园位于大亚湾中心区，淡澳河入海口处，是咸淡水交汇的河口湿地，这里保存有一片茂盛的红树林群落。,全年 全天开放,https://tr-osdcp.qunarzz.com/tr-osd-tr-manager/img/6b06fe33b5645e2ac4d119501377a160.jpg_480x360x95_7435f10b.jpg,4.7,建议游览时间：2小时 - 3小时,,具体收费情况以现场公示为主,,2
黑排角Heipaijiao Coastline,http://travel.qunar.com/p-oi10065395-heipaijiao,"

地址:
惠州市惠东县平海镇东和村


电话:
0752-82485625

",“黑排角”，只因惠东平海西涌至双月湾的海岸线，礁石是黑色的，被驴友起名为“黑排角”。据当地人讲，“黑排角”涨潮时候较多， 因为海势地理位置特殊，每天必有壮观的海浪冲击，很多时候都能看到海水冲击大石溅起的巨大的白花海浪。每当这“黑排角”涨潮起风时，层层鱼纹型长浪汹涌扑岸，怒涛撞石，飞溅起两三米高的浪花，十分壮观。,全年 全天开放,https://flight-feed.qunarzz.com/as3/180/image/poi_vishnu/d64dfaa2-edd8-4ea3-9b6d-9d758aad36f9.jpg,4.5,建议游览时间：2小时 - 3小时,,"{'惠东黑排角海岸线嬉水穿越徒步1天，宝安龙岗可上车，东西冲同款\n\n': ['¥108起'], '惠州黑排角海岸线徒步一日游（可媲美东西冲+专业户外领队）\n\n': ['¥118起'], '深圳徒步一日游【梅沙尖、七娘山、东西涌/冲、杨梅坑+大雁顶、打鼓嶂、黑排角盐洲岛大南山】8选1\n\n': ['¥68起']}",,2
白云嶂Baiyuan Peak,http://travel.qunar.com/p-oi10023782-baiyunzhang,"

地址:
惠州市惠阳区新圩镇境内

",白云嶂位于东莞清溪镇、深圳坪地镇、惠阳镇隆镇“三不管”地带，此地群山叠嶂，植被茂密，附近有清溪、炉山坜、白云嶂三大林杨，制高点为白云嶂（海拔1003米），次高点为银瓶咀（海拔898米），姐妹两座山峰遥相对应。在山南有盘古宫庙，山顶有大石洞，洞内有清泉，登顶峰隐约可见东江，是惠阳区风景胜地之一。,全年 全天开放,https://tr-osdcp.qunarzz.com/tr-osd-tr-manager/img/a1018909de8c0a8b2d9d0cf090a0e66c.jpg_480x360x95_7f27a73b.jpg,4.5,建议游览时间：2小时 - 3小时,,具体收费情况以现场公示为主,,2
天后宫岭南民俗文化街,http://travel.qunar.com/p-oi8605265-tianhougonglingnanmin,"

地址:
巽寮湾路阳光假日养生公寓对面

",天后宫位于广东惠州金海湾旅游度假区的中部，建筑高度最高16米。由天后宫大殿、古戏台等29座单体建筑构成，为围合式布置。天后宫定位于历史文化主体区，以客家文化、广府文化、岱家文化及惠东渔歌文化遗产为背景主线，打造集天后宫、古戏台渔家生活娱乐主题馆、滨河酒吧街、各类特色小店，融合天后宫祭拜、民俗风情、休闲购物、餐饮休闲功能于一体的岭南文化风格仿古街。天后宫民俗文化街古朴高雅、充满渔村独有的文化气息。天后宫古戏台将为中外游客带来休闲文化和渔村...天后宫位于广东惠州金海湾旅游度假区的中部，建筑高度最高16米。由天后宫大殿、古戏台等29座单体建筑构成，为围合式布置。天后宫定位于历史文化主体区，以客家文化、广府文化、岱家文化及惠东渔歌文化遗产为背景主线，打造集天后宫、古戏台渔家生活娱乐主题馆、滨河酒吧街、各类特色小店，融合天后宫祭拜、民俗风情、休闲购物、餐饮休闲功能于一体的岭南文化风格仿古街。天后宫民俗文化街古朴高雅、充满渔村独有的文化气息。天后宫古戏台将为中外游客带来休闲文化和渔村风情相融合的独特文化盛宴。另外，不同风情的店铺、有着各类品牌的购物商场、各种风味独特的餐馆、艺术爱好者聚集的艺术家部落、贩卖小工艺品的小摊档、小超市等配套设施将极大满足中外游客的滨海旅游购物需求。,全天开放,https://img1.qunarzz.com/travel/d7/1708/e7/4a38b7cfd15d5eb5.jpg_480x360x95_75f16385.jpg,3.8,建议游览时间：1小时 - 3小时,,免费开放,,2
石头河水库Shitou River Reservoir,http://travel.qunar.com/p-oi7642059-shitouheshuiku,"

地址:
西区街道

",石头河水库位于深惠交界处惠州境内塘埔村，如一池湖水静静的被群山环绕，水库边上的青草地洋溢着盛夏的绿，置身其间仿若回到故乡的草原。沿石头河溯源而上，溪流婉转，山石如天斧神功雕砌一般，突兀林立，与溪水共同组成了一幅美丽的山水画，应验了古人″山因水而活，水得山而媚″的佳句。 背包行进，水深石滑，涉溪过石， 不时需沿飞瀑边的崖壁攀登高绕而过，溪谷两侧风景如画。,全年 全天开放,,3.9,建议游览时间：3小时 - 4小时,四季皆宜，春夏最佳。,具体收费情况以现场公示为主,,2
南昆山国家森林公园Nankun Wanda Amusement Park,http://travel.qunar.com/p-oi714449-nankunshanguojiasenlin,,,,,,,,,,2
香溪堡旅游区Xiangxi Castle Tourist Resort,http://travel.qunar.com/p-oi713793-xiangxibaolu:youqu,,,,,,,,,,2
平海古城Pinghai Ancient City,http://travel.qunar.com/p-oi709384-pinghaigucheng,"

地址:
惠州市惠东县平海镇


电话:
0752-8501210

",平海古城始建于明洪武18年（公元1385年），在当时这是一座军事要塞，如今虽然只保留有城门楼、城墙等遗址，但依然可见其深厚的历史底蕴。在元末明初，平海镇的外海海盗猖獗，为了抵御盗寇的侵袭，明太祖派员修建了平海所城，康熙年间，这里的大星山还加建过炮台。虽然古城墙已经淹没在现代化的民居中，保留下来的古迹也不算多，但慢悠悠地走在狭小的街巷中，还是能感受到这里的韵味。,全年 全天开放,https://img1.qunarzz.com/travel/poi/1707/b9/30666e1a94087a37.jpg_480x360x95_cc4ea9fa.jpg,3.7,建议游览时间：1小时 - 2小时,,{'平海古城电子导览票大小同价\n\n': ['¥7起']},,2
九曲桥Jiuqu Bridge,http://travel.qunar.com/p-oi709236-jiuquqiao,"

地址:
惠州市惠城区环城西路惠州西湖景区内


电话:
0752-2121326,0752-2248116

",九曲桥孤山北面有一九曲桥，直通西湖平湖中的点翠洲，洲上有孤屿亭，明代建为点翠亭。亭西有枇杷洲，另有二桥可通孤山与芳华洲。辟有“花港观鱼”景点。,全年 08:30-21:30,https://img1.qunarzz.com/travel/d1/1802/8f/4319227c4a31b5b5.jpg_480x360x95_06119588.jpg,4.7,建议游览时间：0.2小时 - 0.3小时,,包含在西湖景区，通用西湖景区门票。,,3
象头山Elephant Head Mountain,http://travel.qunar.com/p-oi714725-xiangtoushan,"

地址:
博罗县小金河旅游资源开发区长深高速


电话:
0752-2881315,0752-2808434

",象头山景区位于博罗县中南部，距惠州市区18公里，面积33平方公里。象头山形成于白垩纪的火成岩，岩壁耸立，雄伟奇峻，主峰蟹眼顶海拔1023米。山体基岩形成特有的“石蛋”景观，垒叠奇妙，物象逼真。象头山生物资源丰富，植被覆盖率达90%以上，有1500多种植物，其中较为名贵的有阿丁枫、狭叶黄杨和多品种的兰花；有水鹿、云豹、穿山甲等保护动物。发源于象头山的东江支流小金河，全长24公里，河道蜿蜒狭窄，落差达704米，非常适宜穿越、溯溪运动。,全年 全天开放,https://img1.qunarzz.com/travel/d8/1508/48/c04a81b8829ba0.jpg_480x360x95_47d3e73f.jpg,4.4,建议游览时间：2小时 - 3小时,,{'惠州白鹭湖浪豚尾波冲浪【专业教练/零基础解锁冲浪】\n\n': ['¥1688起']},,3
百花洲Hundred Flower Pond (Bai Hua Zhou),http://travel.qunar.com/p-oi707932-baihuazhou,"

地址:
惠州市惠城区环城西路2号西湖景区内（平湖中的一座岛屿，位于明月湾附近，由长桥与湖岸相连）。


电话:
0752 212 1326

",百花洲在西湖明月湾附近，与长桥相连。明正德年间甘公亮为惠州太守时，在州上建落霞榭，落霞榭屡经修建，临四壁窗户眺望，更可尽览湖光山色。新辟花廊，广种名色花卉，并陈列名贵奇花异木，盆景婷婷玉立，不似花洲胜于花洲。,全年 7:00-18:00,https://flight-feed.qunarzz.com/as3/180/image/poi_vishnu/eef5a5fb-425b-448c-94af-04c6ec8ba925.jpg,4.6,建议游览时间：1小时,,具体收费情况以现场公示为主,,3
熊猫黄金海岸Panda Gold Coast,http://travel.qunar.com/p-oi702048-xiongmaohuangjinhaian,"

地址:
惠州市大亚湾霞涌黄金海岸喜得盛驿站


电话:
0752-5533806

",迷人的海岸，醉人的沙滩，霞涌熊猫黄金海岸有大亚湾夏威夷的称号，海滨沙滩长1800米，绵长柔软，水质纯净，淤积少、风浪小，沙滩杂质少，沙滩和海水都非常干净，沙滩平缓宽阔，非常适合各种度假活动。熊猫黄金海岸里还有一个知名的海岛——虎洲岛，较特别之处是，潮涨时它成为海中的孤独小海岛，但是在潮退时呈现出一条白色通道连接着虎洲岛与熊猫黄金海岸，游客可踏上那条白色通道登上虎洲岛，远眺豪情万丈的大海。,全年 全天开放,https://img1.qunarzz.com/piao/fusion/1907/15/22fa4ab2bc273b02.jpg_480x360x95_cea422bf.jpg,4.4,建议游览时间：2小时,,免费,,3
海龟自然保护区Turtle National Reserve Areas,http://travel.qunar.com/p-oi715664-haiguiziranbaohuqu,"

地址:
惠州市惠东县平海镇海龟湾1号


电话:
0752-8560326,0752-8560918

",这是我国目前唯一的海龟自然保护区，三面环海，风景秀丽，气候、温度、海水盐度等环境条件十分适合海龟生存。游玩时，不但可欣赏自然美景，还可看到品种各异的海龟，了解他们的生活习性及成长过程，是难能可贵的科普之旅。海龟是我国二类保护动物，能在陆地爬行和水中游弋，每年定时返回产卵地繁殖。在保护区内的海龟馆中，生活着绿海龟、太平洋丽龟、玳瑁龟等，从几个月到近百岁均有。这里的沙滩坡度平缓，沙粒细小，利于海龟爬行和产卵繁殖，不过为了保护小海龟们，沙滩并不对游客开放，但可沿着栈道漫步，欣赏壮阔海景。,5/1-10/15 08:30-17:30;10/16-4/30 08:30-17:00,https://img1.qunarzz.com/piao/fusion/2108/17/ae83678f7b9e5d02.jpg_480x360x95_ff390bf0.jpg,3.8,建议游览时间：2小时 - 3小时,"最佳观赏时节是6月-9月,这几个月是海龟是生产的旺季,成群的绿海龟洄游来此,上岸产卵,游客们此时前往该地能看到这一有趣场景。","{'海龟湾直升机空中游览体验大小同价\n\n': ['¥599起'], '广州出发惠州盐洲岛、黑排角旅拍滩涂日落、白沙村、双月湾、入住海景房私家小团2日游，不拼团独享专属旅行\n\n': ['¥688起'], '【酒店套餐】惠州双月湾檀悦豪生温泉酒店海景房、小迪拜看大海+温泉双体验、早餐、畅玩沙滩、无边泳池、\n\n': ['¥579起']}",,3
古田自然保护区Gutian Natural Reserve,http://travel.qunar.com/p-oi707969-gutianziranbaohuqu,,,,,,,,,,3
惠东狮朝洞,http://travel.qunar.com/p-oi716259-huidongshichaodong,,惠东狮朝洞在惠东县平山镇南的佛爷山腰，以奇石和古寺为胜，最引人游兴的是狮朝洞的满山奇石。那些大石，重重叠叠，岌岌可危，游人要攀藤附葛，方可登上建于一大石洞中的观音庙顶。“仙人卧槽”堪称狮朝洞奇石之最。它由三块巨石构成：一石平卧，坦荡如砥，两石侧立两端，像张新式床。“床”上约可卧七八人；但却摇摆不定，人立石上摇之，铿锵有声，令人惊呆。还有块“出米石”，石中一小洞，有涓涓细流，如今，许多游人来到这里来观山朝庙，看到石洞、听到传说，更添游兴。,,https://img1.qunarzz.com/travel/poi/1703/4b/6b6b2e900be05737.jpg_480x360x95_509c89e3.jpg,4.1,,,,,3
九龙峰Jiulong Peak,http://travel.qunar.com/p-oi705102-jiulongfeng,"

地址:
惠州市惠东县城平山镇东14公里处


电话:
0752-8894128

",九龙峰位于山清水秀的惠东县，海拔563米，因其挺拔如笔尖的山势而在群山中独树一帜，所以又称为“尖笔峰”。九龙峰集岭南秀美景色之大成，山中古木参天，绿林成荫，山涧纵横，整体景观有“秀、清、逸、媚、幽”之说。山中庙宇错落有致，更显古韵与迷人景色，古往今来，不知引起多少游客啧啧赞叹。古时民间百姓观九龙峰峰势婉蜒曲折，如九龙盘绕，于是作诗云：“西边遥峙一奇峰，起伏婉蜒似九龙。背负青云凌浩志，头昂碧落驭长空。”九龙峰的盛名，大约也就从这首诗问世起，成了惠东县不可或缺的名胜了。,全年 7:00-18:00,https://tr-osdcp.qunarzz.com/tr-osd-tr-manager/img/54cc6d66db473effde2f9f504985dd18.jpg_480x360x95_764ba3ee.jpg,4.4,建议游览时间：3小时 - 4小时,,具体收费情况以现场公示为主,,3
南海石化城,http://travel.qunar.com/p-oi711810-nanhaishihuacheng,,是目前国内最大的中外合资项目，也是世界上最大的化工项目之一，由中国海洋石油公司、与英荷壳牌公司合资建设和经营。占地432公顷。该项目分炼油和化工两部分，工程总投资100亿美元，项目将采用世界上先进的生产装置和工艺技术，采用严格的环境保护措施和先进的环保技术。使惠州以大亚湾为龙头成为华南最大的新兴石化工业城。,,,0.0,,,,,3
叶挺将军纪念园General Yeting Memorial Park,http://travel.qunar.com/p-oi706230-yetingjiangjunjinianyuan,"

地址:
惠州市惠阳区秋长街道周田村


电话:
0752-3370685

",叶挺将军纪念园位于周田村，叶挺将军是中国人民解放军创建人之一，这里也是他出生及幼年生活成长的地方。纪念园规模宏大，有腾云学堂、练武堂等，纪念馆内还陈列了众多叶挺将军用过的物品等。纪念园周围环境清幽，青山环绕，前面还有一条小河流过。步入园内，“白马将军”雕塑便迎面可见。故居呈现了将军的生活环境，学堂、练舞房、打水的古井等一一呈现，伟人题词也随处可见。纪念馆内的展陈厅更是用几百张照片、上百件实物和多个场景来全面展现叶挺将军一生的重要事迹和卓越贡献。,周二-周日9:00-17:00，16:30停止入场；周一闭园。,https://img1.qunarzz.com/travel/poi/1803/a0/58c7b4282129f637.jpg_480x360x95_ed3fb379.jpg,4.5,建议游览时间：2小时 - 3小时,,免费，需要用身份证换取门票才可进入,,3
东升渔村Dongsheng Fishing Village,http://travel.qunar.com/p-oi707015-dongshengyucun,"

地址:
惠州市惠阳区大亚湾经济技术开发区东升村

",东升渔村四面环海，海面辽阔，风景优美。村子里保留着特有的民俗风情和渔家文化，定期举行渔家婚俗表演和大王爷节，热闹非凡。,全年 全天开放,,0.0,建议游览时间：3天 - 6天,,具体收费情况以现场公示为主,,4
永记生态园Wing Kee Farm Park,http://travel.qunar.com/p-oi708695-yongjishengtaiyuan,"

地址:
惠州市惠东县大岭镇桥新区永记大道


电话:
0752-8917888


官网:
http://www.wing-kee-farm-park.com/

",永记生态园位于惠州市惠东县，它是个综合化的现代生态园区，整个园区主要是欣赏花卉果蔬和小型娱乐设备还有真人cs为主，是野外拓展、踏青、秋游的好地方。游玩方式可以骑车或者步行，园区门口有自行车出租服务。当然你也可以选择步行随意逛逛，看看路旁的绿树红花。园中种植了各种国内罕见的绿色蔬菜，有上百斤的巨型番瓜和外形奇异的观赏南瓜，还有小草莓，小番茄等等，还有各式的有机蔬菜，种类十分的多。不过一般都不做销售，无法采摘，草莓除外。草莓位于草莓园里，这里的草莓虽然比外面卖的要贵些，但闻起来的香味更加香甜。除了蔬果，园内的花卉也不少，有薰衣草、油菜花等，还有许多叫不出名字的花，非常的美丽。园区内有一层叠一层的紫色薰衣草和紫红色的花墙，很壮观且梦幻，你可以在此拍照留影。还有个绿色植物组成的迷宫，十分有趣，大人和小孩可以一起进去追逐。另外，大片的花海非常适合拍照，想想看在一片油菜花田中回头，金灿灿的一片映衬着你欢欣的笑颜，很容易留下佳片。因此，也有新人选择在此拍婚纱照呢。小孩子们特别喜欢在游乐区里玩，这里的娱乐都是些小型的，主要有滑滑梯，跷跷板，秋千，爬绳锁等，挺适合小朋友的。喜欢野外拓展的，可以玩这里的真人cs，换上特色的服装，享受一场cs枪战的乐趣。,8:30-18:00,https://mp-commentcp.qunarzz.com/mp_comment_mp_comment/1559243002511100g14000000wybvw3010_D_640_10000.jpg_480x360x95_f1965d0e.jpg,4.2,建议游览时间：3小时 - 5小时,春秋两季，春季生态公园内一片绿色，生机勃勃，秋季生态公园一片金黄，景色优美，且果实成熟，是丰收的好时节。,"{'永记生态园门票成人票\n\n': ['¥54起'], '永记生态园门票儿童票\n\n': ['¥32起'], '永记生态园门票老人票\n\n': ['¥35起']}",,4
望野亭Wangjiang Pavilion,http://travel.qunar.com/p-oi707579-wangyeting,"

地址:
惠州市惠城区中山北路17号

",位于惠州市中山公园高处，原名望野亭。清同治十一年（1872年）兴建，1959年大修。亭临江而立，有参天古榕与凤凰树掩映。夏日江风习习，落红遍地。冬日阳光煦煦，树影斑驳。1925年10月16日上午在此召开了军民联欢大会，下午召开攻克惠州阵亡将士追悼大会，均以此亭为主席台，亭前为会场。人们到此常缅怀革命先烈。,全年 全天开放,https://img1.qunarzz.com/travel/poi/1803/c6/a1b9d6b3291a2e37.jpg_480x360x95_1b43145e.jpg,4.5,建议游览时间：0.2小时 - 0.3小时,,,,4
蓝田瑶族风情园Lantian Yao Style Garden,http://travel.qunar.com/p-oi716438-lantianyaozufengqingyuan,"

地址:
惠州市龙门县蓝田瑶族风情旅游区(244省道西)


电话:
0752-7236833

",蓝田瑶族风情园位于惠州市龙门县城以北15公里的蓝田乡，是靠近珠三角的瑶族聚居地。“千年火狗，七彩瑶山”，这里有世界独一无二的瑶族少女成年礼、准国家非物质文化遗产——《舞火狗》大型文艺表演。园内的石马山（又名瑶山）是文人墨客、摄友、达官贵人的必访之地，在“聚宝盆”中央雄壮崛起，如一块大元宝突起，形成“八面来财，步步高升”之势。,景区因升级改造暂时停业，详情请以景区公示为准；原开放时间8:30-17:30。,https://img1.qunarzz.com/p/tts7/1801/2e/b55c6f7172366a02.jpg_480x360x95_9b28ad9e.jpg,2.9,建议游览时间：3小时 - 5小时,,具体收费情况以现场公示为主,,4
三门岛Sanmen Island,http://travel.qunar.com/p-oi7478031-sanmendao,"

地址:
惠州市惠阳区大亚湾区域，位于大鹏湾与大亚湾的汇合处

",三门岛（又称沱泞岛）位于大鹏湾与大亚湾的汇合处。三门岛是南中国海保存完好自然生态海岛，岛上有五座可以攀登观景的山峰（其中以海拔298米的“海誓山盟峰”为美丽）和一个30000㎡的天然淡水湖，2个沙滩和3个彩色石滩，485种植被，293种鸟类，400种海洋生物。三门岛是另一个能望见清澈海水的小岛。位于大海中央，也少了人类的污染，于是，多了几分纯净。三门岛海岸线长13公里，有半径300米的海湾5处，其中月亮湾沙滩和白沙湾沙滩在珠三角地区甚为知名，这里沙质细白平缓，海水清澈湛蓝，能见度10—20米，是广东旅游行业知名的“小塞班岛”。,全天开放,https://img1.qunarzz.com/travel/poi/1409/30/148db87e4c4c8cd6ffffffffc8d65eac.jpg_480x360x95_385c0582.jpg,4.3,建议游览时间：3天 - 6天,,{'三门岛星空露营+东冲快艇冲浪+烧烤+浮潜+海誓山盟峰两日游\n\n': ['¥338起']},,4
川龙瀑布,http://travel.qunar.com/p-oi7469661-chuanlongpubu,,,,,,,,,,4
汤泉生态旅游渡假村,http://travel.qunar.com/p-oi714011-tangquanshengtailu:you,,,,,,,,,,4
潼心谷景区,http://travel.qunar.com/p-oi40005962-tongxingujingqu,,童心谷旅游景区距离惠州市、东莞、广州车程仅半个小时。童心谷旅游景区以儿童娱乐”为核心切入点，促进家长与儿童良性互动，科教与自然互通，自然与设备共融，创造别具体验感的寓教于乐的主题亲子游乐园。 定位为儿童亲子家庭游乐、青年微度假打卡、科普研学、人与 自然/动物共存的主题定位建造亲子互动娱乐、萌宠互动娱乐、露营地等娱乐设施，以丰富游客游玩体验。 最终形成集休闲观光、探索娱乐、露营于一体的特色体验地。展示吸引全年龄段的消费人群。 打造万物成长，万物共生的亲子休闲度假旅游景区。,,,0.0,建议游览时间：3小时 - 4小时,,,,4
乌头山绿道,http://travel.qunar.com/p-oi39888083-wutoushanlu:dao,,,,,0.0,,,具体收费情况以景区现场公示为主,,4
海角灯塔,http://travel.qunar.com/p-oi39888041-haijiaodengta,,,,,0.0,,,,,4
森林公园,http://travel.qunar.com/p-oi39783083-senlingongyuan,,,,,0.0,,,,,5
铜鼓岭市级森林公园,http://travel.qunar.com/p-oi39777991-tonggulingshijisenlin,,,,,0.0,,,,,5
畜牧科普园,http://travel.qunar.com/p-oi39772067-chumukepuyuan,,,,,0.0,,,,,5
大洞水库,http://travel.qunar.com/p-oi39633060-dadongshuiku,,,,,0.0,,,,,5
新圩观音山寺,http://travel.qunar.com/p-oi39626568-xinweiguanyinshansi,,,,,0.0,,,,,5
周田村老屋,http://travel.qunar.com/p-oi39608698-zhoutiancunlaowu,,,,,0.0,,,,,5
广东省惠州市龙门县南昆山生态旅游区,http://travel.qunar.com/p-oi39601899-guangdongshenghuizhou,,,,,,,,,,5
富力湾花田海趣乐园,http://travel.qunar.com/p-oi39597215-fuliwanhuatianhaiqule,,,,,0.0,,,,,5
蓝小鸭萌宠乐园,http://travel.qunar.com/p-oi39596996-lanxiaoyamengchongleyuan,, 蓝小鸭萌宠乐园是一家以动物文化为主题的室内乐园，根据乐园内部仿真自热环境，和孩子一起体验大自然的法则与秩序。超70种风靡全球的动物界“扛把子”和各路萌宠神兽齐齐驾到，为您上演一场疯狂动物城里的萌宠大咖秀，快来和这些超萌可爱的动物精灵们“零距离接触的亲密互动”和“喂食体验”吧，零距离互动让小朋友近距离感受了解小动物及了解自然，培养孩子的观察和思考的能力，让孩子们在都市享受动物带来的 欢愉。 蓝小鸭萌宠乐园，为新世纪儿童认识建设不断努力，我们愿为您一起见证孩子的成长。,,,5.0,,,,,5
百子湖生态乐园,http://travel.qunar.com/p-oi39590939-baizihushengtaileyuan,,"百子湖生态乐园位于惠州市博罗县，广佛半小时辐射车程即达,是一个集智慧农业、文旅、研学、都市乡村风为一体的生态乐园。丰富的项目以及优越的地理位置成为了不少城市人逃离喧闹的“绿洲白月光”。园内有超丰富的游乐体验项目，例如勇攀高峰、回旋梯滑、六人网红秋千，彩虹滑道等项目。",,,0.0,,,,,5
横沙洲,http://travel.qunar.com/p-oi39590416-hengshazhou,,,,,0.0,,,,,6
惠州市惠东县白花镇,http://travel.qunar.com/p-oi39590403-huizhoushihuidongxian,,,,,0.0,,,,,6
竹园村,http://travel.qunar.com/p-oi39587433-zhuyuancun,,,,,0.0,,,,,6
惠州大亚湾霞涌黄金海岸,http://travel.qunar.com/p-oi39577372-huizhoudayawanxiayong,,,,,0.0,,,具体收费情况以景区现场公示为准,,6
邹光村石光,http://travel.qunar.com/p-oi39576241-zouguangcunshiguang,,,,,0.0,,,,,6
观景台（1）,http://travel.qunar.com/p-oi39542498-guanjingtai,,,,,0.0,,,,,6
白盆珠御汤温泉,http://travel.qunar.com/p-oi39540964-baipenzhuyutangwenquan,,"御汤温泉户外池区有32个天然露天温泉泡池、溶洞温泉池、竹子间温泉池、儿童水上乐园、成人泳池。户外温泉泡池水温常年保持在42°C左右,在这里浸泡温泉可以使人松弛神经,消除疲劳，让您随心所浴。",,,0.0,,,,,6
江南辉煌跳伞飞行俱乐部合正东部湾水上飞机基地,http://travel.qunar.com/p-oi39540454-jiangnanhuihuangtiaosan,,,,,0.0,,,,,6
南昆山森林秘境景区,http://travel.qunar.com/p-oi39528547-nankunshansenlinmijing,,,,,,,,,,6
凤凰阁,http://travel.qunar.com/p-oi39414063-fenghuangge,,,,,0.0,,,,,6
山海农庄免费海滩,http://travel.qunar.com/p-oi39365834-shanhainongzhuangmian,,,,,,,,,,7
莲花山,http://travel.qunar.com/p-oi39365827-lianhuashan,,,,,5.0,,,,,7
马鞍山,http://travel.qunar.com/p-oi39318449-maanshan,,,,,0.0,,,,,7
低冚村,http://travel.qunar.com/p-oi39165115-dikancun,,,,,--,,,,,7
大亚湾森林公园,http://travel.qunar.com/p-oi39009867-dayawansenlingongyuan,,,,,--,,,,,7
南滩村,http://travel.qunar.com/p-oi38962358-nantancun,,,,,0.0,,,,,7
惠州海昌海洋探索馆,http://travel.qunar.com/p-oi38952565-huizhouhaichanghaiyang,,景区位于惠州市惠东县巽寮湾，馆内漫天繁星状的“梦幻长廊”，水母以简洁构图、斑斓色彩、高雅律动，带来梦幻般的视觉感受。展馆面积逾600平方米，设有五个展区。水母馆展出来自世界各地逾十种珍稀水母，数量累计超万只。,,,0.0,建议游览时间：2小时 - 3小时,,,,7
七星墩水库,http://travel.qunar.com/p-oi38944332-qixingdunshuiku,,,,,,,,,,7
花果山村,http://travel.qunar.com/p-oi38940557-huaguoshancun,,,,,--,,,,,7
接仙桥仙境,http://travel.qunar.com/p-oi38930917-jiexianqiaoxianjing,,,,,0.0,,,,,7
一滴水图书馆,http://travel.qunar.com/p-oi38925297-yidishuitushuguan,,,,,1.0,,,,,8
铁炉嶂森林公园,http://travel.qunar.com/p-oi38922052-tieluzhangsenlingongyuan,,,,,--,,,,,8
观洞湖森林公园,http://travel.qunar.com/p-oi38921088-guandonghusenlingongyuan,,,,,--,,,,,8
惠州抹香鲸主题馆,http://travel.qunar.com/p-oi38913514-huizhoumoxiangjingzhu,,,,,,,,,,8
惠州狮子城奇奇动物乐园,http://travel.qunar.com/p-oi38909953-huizhoushizichengqiqi,,,,,,,,,,8
邓承修故居和邓仲元旧居主题文化展示馆,http://travel.qunar.com/p-oi38898129-dengchengxiugujuhedeng,,,,,,,,,,8
山下村,http://travel.qunar.com/p-oi38898089-shanxiacun,,,,,--,,,,,8
徐福田村,http://travel.qunar.com/p-oi38898077-xufutiancun,,,,,--,,,,,8
龙华陈孝女祠,http://travel.qunar.com/p-oi38891308-longhuachenxiaonu:ci,,,,,--,,,,,8
湖镇围,http://travel.qunar.com/p-oi38888478-huzhenwei,,,,,--,,,,,8
大田,http://travel.qunar.com/p-oi38888446-datian,,,,,0.0,,,,,9
墨园村,http://travel.qunar.com/p-oi38887967-moyuancun,,,,,--,,,,,9
岚派村,http://travel.qunar.com/p-oi38887942-lanpaicun,,,,,--,,,,,9
官山村,http://travel.qunar.com/p-oi38887656-guanshancun,,,,,--,,,,,9
井水龙村,http://travel.qunar.com/p-oi38887648-jingshuilongcun,,,,,5.0,,,,,9
苏村,http://travel.qunar.com/p-oi38884127-sucun,,,,,--,,,,,9
日出东山海海岸度假区（牛头岭风景区）,http://travel.qunar.com/p-oi38877202-richudongshanhaihaian,,海风柔和，海浪奔涌；山林起伏，礁石有力。四时生长的自然万物，为牛头岭风景区的美景来源提供依据。牛头岭风景区是日出东山海海岸度假区的旗舰景点。 一半海水一半悬崖，依礁石而建的礁石酒吧，坐落于牛头岭的礁石崖壁上，设计美感和环境融合得天衣无缝。牛头岭风景区内还有华南首座斜行观光梯、接近海平面的海浪吧、螺旋拾级而上的360°观景台、悬崖及浪花之上的海岸栈道，为游客提供观光、旅拍、休闲饮食的服务，全年根据天气 状态，打造令人心花怒放的订制化体验活动，如日出早餐、星空吧、生日派对、blues音乐会、晚宴、团建活动等，为你带来丰富的度假游玩体验。,,,4.8,,,景区采取一票通游制，游客可自行游览景区。为了保证游客安全，1.4m 以下的儿童、残疾人、60 岁以上老年人入园，至少需要 1 名成人陪同。区内商品和餐饮均为有偿服务，需另行收费。,,9
水坑村,http://travel.qunar.com/p-oi38876740-shuikengcun,,,,,--,,,,,9
马图岗,http://travel.qunar.com/p-oi38869318-matugang,,,,,--,,,具体收费情况以现场公示为主,,9
鹤湖围村,http://travel.qunar.com/p-oi38866218-hehuweicun,,鹤湖围村位于龙门县，村里有很多老建筑，这些建筑的结构为三堂、四横、一外围、四碉楼、一望楼、一斗门，堂横屋单层，外围高2层，碉楼高3层，望楼原高5层，现残存墙体，斗门前有古石桥通围内，四周有高矮不一的围墙。,,,0.0,建议游览时间：3小时 - 4小时,,具体收费情况以现场公示为主,,9
凤凰山,http://travel.qunar.com/p-oi38857661-fenghuangshan,,,,,0.0,,,,,10
中共惠紫河博地委旧址,http://travel.qunar.com/p-oi38857628-zhonggonghuizihebodiwei,,,,,0.0,,,具体收费情况以现场公示为主,,10
狮子城生态乐园,http://travel.qunar.com/p-oi38853797-shizichengshengtaileyuan,,惠州狮子城——生态乐园位于狮子城内，集餐饮娱乐、休闲游玩，户外拓展、亲子活动、学生研学、冬夏令营为一体的生态乐园，项目有25亩花海免费观看、无动力乐园、马术体验，彩虹滑道，实感射击、网红桥、攀爬乐园、千人户外大草坪、网红小火车、实感射击、千人户外大草坪等游玩项目。生态乐园7大项目：1、亲子乐园：坑爹过山车，跷跷板，网红秋千树，海盗船，蹦床，小猪快跑，沙池，环形秋千，溜索，滑梯塌，攀爬网，传声筒等。一张票可一大一小入园游玩，不限时间。安全须知：亲子乐园器材部分是只适合6岁以上儿童使用，少于6岁儿童必须在家长陪同下进入场地，请家长照看好孩子。2、彩虹滑道：彩虹滑道火遍网络的彩虹滑道，从彩虹顶端俯冲而下，体验一把在彩虹飞驰翱翔的快感~安全须知：有心脏病，高血压，嗜酒等不适宜此游玩的人，禁止下滑此滑道。请妥善保管好随身物品，如手机等，游玩期间遗失或损坏概不负责。3、马术体验4、高空攀岩5、网红小火车6、工程兵学院：量十足的合金工程机械，虽然只是遥控模型，但它的力量也不小。操纵挖掘机挖掘宝藏、高地攀爬，体验一把工程机械操纵的乐趣。7、实感射击：兄弟连实感射击使用的装备虽不能进行弹药发射，而是一款炫酷的声电射击装备，以及专业射击级别的记分配套。生态乐园的水上历奇包含网红摇摆桥、木板索桥、轮胎索桥等。（免费）,,,0.0,,,,,10
李艺金钱龟生态园,http://travel.qunar.com/p-oi38843394-liyijinqianguishengtai,,,,,--,,,具体收费情况以现场公示为主,,10
溪美村,http://travel.qunar.com/p-oi38842886-ximeicun,,,,,--,,,具体收费情况以现场公示为主,,10
茶园村,http://travel.qunar.com/p-oi38841465-chayuancun,,茶园村位于惠州，村里有很多古老的建筑，如茶园老屋、榴兆楼、松乔楼、秀林楼、松乔学校旧址等，其中，松乔学校原为叶家私塾，该建筑保存完整，是当地较早的学校。,,,0.0,建议游览时间：4小时,,,,10
榴兆楼,http://travel.qunar.com/p-oi38818642-liuzhaolou,,,,,0.0,,,具体收费情况以现场公示为主,,10
会源楼,http://travel.qunar.com/p-oi38807756-huiyuanlou,,,,,0.0,,,具体收费情况以现场公示为主,,10
周田老屋,http://travel.qunar.com/p-oi38807158-zhoutianlaowu,,,,,--,,,具体收费情况以现场公示为主,,10
碧滟楼,http://travel.qunar.com/p-oi38807032-biyanlou,,,,,0.0,,,具体收费情况以现场公示为主,,10
