名字,链接,地址,介绍,开放时间,图片链接,评分,建议游玩时间,建议季节,门票,小贴士,Page
新寨小组科技文化活动室,http://travel.qunar.com/p-oi35387859-xinzhaixiaozukejiwenhua,,,,,--,,,,,1
抚仙湖国际旅游度假区Fuxian Lake Scenic Area,http://travel.qunar.com/p-oi713415-fuxianhuguojilu:youdu,,,,,,,,,,1
禄充风景区Luchong Scenic Area,http://travel.qunar.com/p-oi7469575-luchongfengjingqu,"

地址:
玉溪市澄江县抚仙湖


电话:
0877-6610184


官网:
http://www.lcfjq.cn/

",禄充风景区位于抚仙湖西岸，空气清新，天空蔚蓝。景区内有风光秀丽的抚仙湖，形如笔架的笔架山，状如金钟的玉笋山和浓荫蔽日的古榕树，是一个休闲度假的完美景点。抚仙湖是禄充风景区的核心之一，在湖边可以进行各种户外活动。划船荡舟在抚仙湖中，蓝天环绕，碧水相依，很是惬意。也可以拿一些饼干和面包在湖边喂海鸥，十分有趣。笔架山是个良好的观景地，登上笔架山可以俯瞰整个抚仙湖，景色独好，这里也是摄影爱好者喜欢的拍摄点之一。,全天开放，游船开放时间：8:00-17:00,https://img1.qunarzz.com/travel/d8/1611/37/81a208b89cecc7b5.jpg_480x360x95_c1aa495f.jpg,4.2,建议游览时间：3小时 - 4小时,,"{'澄江禄充景区手机导游(不含门票)服务成人票\n\n': ['¥9起'], '抚仙湖禄充门票+游湖游船+花海门票+往返直通车票成人票\n\n': ['¥158起'], '抚仙湖禄充门票+花海门票+往返直通车成人票\n\n': ['¥138起']}",,1
抚仙湖Fuxian Lake,http://travel.qunar.com/p-oi24411249-fuxianhu,"

地址:
云南省澄江县澄江县城南


电话:
0877-6916356


官网:
http://fxh.yuxi.cn/

",抚仙湖，地处澄江县、江川县、华宁县三县间，距离昆明60多公里。湖面积达212平方公里，仅次于滇池和洱海，是云南省第三大湖。其深处可达155米，是云南省较深的深水湖泊。除东北长白山火山口湖──天池外，抚仙湖又是中国已知的第二深水湖泊。,全年 全天开放,https://tr-osdcp.qunarzz.com/tr-osd-tr-space/img/f8b4a2571cefad21f2cd2d4136a54c5a.jpg_480x360x95_8eba8eb9.jpg,4.6,建议游览时间：12小时 - 3天,,,,1
滇中植物园Dianzhong Botanical Garden,http://travel.qunar.com/p-oi19494276-dianzhongzhiwuyuan,,"滇中植物园位于玉溪，园内种植了大量的花卉，有金盏菊、美女樱和薰衣草，每当鲜花盛开时，红色、黄色和紫色的花儿随风摇曳，格外迷人，非常适合拍照。
",,,5.0,建议游览时间：3小时,,,,1
元江梯田Yuanjiang Terraces,http://travel.qunar.com/p-oi18716922-yuanjiangtitian,,元江梯田主要集中于羊街、那诺两地，其中以那诺梯田为佳。,,https://tr-osdcp.qunarzz.com/tr-osd-tr-manager/img/19c0dd59458b4ca8e03130006a3964ba.jpg_480x360x95_5cc05e4e.jpg,4.7,,,具体收费情况以现场公示为主,,1
那诺乡Nanuoxiang,http://travel.qunar.com/p-oi18715140-neinuoxiang,"

地址:
云南省玉溪市元江县

",那诺乡位于元江县东南部，东部与元江县的澧江镇南昏村委会相接，北部以尼朗河、沙坡梁子为界，和元江县羊街乡毗邻，东南部及南部以南昏河为天然界线，与红河州红河县大羊街乡、车古乡隔水相望，西至浪树村委会梅普三村与红河县车古乡接壤。乡政府驻地那诺村距县城66公里处。全乡国土面积152平方公里。全乡国土面积152平方公里。全乡辖6个村委会和82个村民小组。2006年全乡财政收入112.9万元，农民人均纯收入1885元。,全年 全天开放,https://tr-osdcp.qunarzz.com/tr-osd-tr-manager/img/fef0c5514267ca6b5e73608b5db98a40.jpg_480x360x95_294de14f.jpg,4.4,建议游览时间：12小时 - 3天,,具体收费情况以现场公示为主,,1
茶马古道,http://travel.qunar.com/p-oi7469543-chamagudao,"

地址:
玉溪市新平彝族傣族自治县哀牢山


电话:
 08777011116

",“茶马古道”是一个有着特定含义的历史概念，它是指唐宋以来至民国时期汉、藏之间以进行茶马交换而形成的一条交通要道。历史上的茶马古道并不只一条，而是一个庞大的交通网络。它是以川藏道、滇藏道与青藏道（甘青道）三条大道为主线，辅以众多的支线、附线构成的道路系统。地跨川、滇、青、藏，向外延伸至南亚、西亚、中亚和东南亚，远达欧洲。三条大道中，以川藏道开通最早，运输量最大，历史作用较大。,08:00～17:00,https://img1.qunarzz.com/travel/d4/1801/76/7ef5af83d095f2b5.jpg_480x360x95_efee96dd.jpg,4.3,,,"{'丽江千古情+拉市海骑马+湿地公园\n\n': ['¥120起'], '丽江拉市海骑马体验+湿地公园+土鸡火锅+网红拍照+往返接送\n\n': ['¥160起']}",,1
金山原始森林,http://travel.qunar.com/p-oi7469556-jinshanyuanshisenlin,,属森林生态系统类型自然保护区。山顶部的森林是目前中国保存面积最大的中山湿性常绿阔叶林。走进大山深处的古道，浓密的树叶遮住烈日，明媚的天色被绿荫映衬得黯淡下来。千年古木粗大的树干上，结着厚厚的青苔，毛茸茸的如长出的胎毛，告诉着人们，这些树还处于大自然的襁褓中。最舒服的除了呼吸富含丰富负氧离子的空气外，就是脚下的松软感，如同走进铺满厚厚羊毛地毯的房间一般，软软的、柔柔的。如果不是见到地上松软落叶上挂着的水珠，真想仰面躺下，沉醉在这绿色怀抱中，透过斑驳...属森林生态系统类型自然保护区。山顶部的森林是目前中国保存面积最大的中山湿性常绿阔叶林。走进大山深处的古道，浓密的树叶遮住烈日，明媚的天色被绿荫映衬得黯淡下来。千年古木粗大的树干上，结着厚厚的青苔，毛茸茸的如长出的胎毛，告诉着人们，这些树还处于大自然的襁褓中。最舒服的除了呼吸富含丰富负氧离子的空气外，就是脚下的松软感，如同走进铺满厚厚羊毛地毯的房间一般，软软的、柔柔的。如果不是见到地上松软落叶上挂着的水珠，真想仰面躺下，沉醉在这绿色怀抱中，透过斑驳缝隙看着阳光穿过林间，凝听着鸟儿歌唱，深切感受鸟鸣山更幽的意境。,,https://img1.qunarzz.com/travel/poi/1408/27/bdb0beba81740a4effffffffc8d65eac.jpg_480x360x95_7b38ad68.jpg,5.0,,,,,1
磨盘山国家森林公园Mopanshan (Mopan Mountain) National Forest Park,http://travel.qunar.com/p-oi7469578-mopanshanguojiasenlin,"

地址:
云南省玉溪市新平彝族傣族自治县平甸乡


电话:
0877-7014888


官网:
http://www.mopanshanpark.com/

","磨盘山国家森林公园位于云南省玉溪市新平彝族傣族自治县东南部，地处云南高原南部边缘，哀牢山，元江河谷以东，距离昆明市204公里，新平县城20公里。1经国家林业部批准，于1993年5月完成规划设计。公园占地75平方公里，海拔1260米至2614米，年平均气温15℃，四季温暖如春。公园的森林覆盖率为94％，含大面积的松树针叶林，负氧离子浓度每立方厘米高达22,000-26，000个，相比较城市房间里的负氧离子浓度每立方厘米100个而言，这里成为了人们休闲度假，保健养性的理想场所。公园内六湖，十二个景区，养生馆，艺术博览馆的布局构思，突出了“天人合一”的哲学理念，加之森林公园及周边地区“山文化”，“花文化”，“水文化”，“民俗文化”，和“农耕文化”使得这里成为了集旅游度假，休闲养生，艺术品赏鉴于一体的生态旅游胜地。公园内山高涧深，山势险峻，林间古藤缠绕，溪流潺潺。山间变化多端的云山雾海奇观令人无限神往，夜晚仰望满天繁星，天高云淡，顿生“清风明月知无价”之叹。丰富的植被有半湿润常绿阔叶林，云南松林，华山松林，杜鹃花林，马缨花林，山顶苔藓矮林等。每到初春，万亩樱花盛开，花潮如海；春末夏初千年杜鹃争奇斗艳，繁花似锦；秋季里芊绵草甸野花漫山遍野，姹紫嫣红，让人流连忘返。磨盘山因山体形如磨盘而得名，彝族古语“北则白”意为圣山，是彝族同胞每年前往祭祀朝圣的圣地。每年的火把节，赏花节是彝族的传统节日，山上举行彝族传统的名族打歌活动，来自四面八方的人们披上盛装，弹着弦琴，吹着芦笙，跳起欢快的烟盒舞相聚花海。观者在轻松娱乐的同时还可以切身感受此地山水民族文化的深厚底蕴。由于远离人为活动干扰和破坏，森林里鸟兽种类达近百种之多，有绿孔雀，熊，岩羊等，现在山间还常有野兔，麂子，野猪等出没。景区内有野猪棚这样难得一睹的奇景，岂容错过。公园内六个森林湖泊静谧沉静，像一颗颗蓝宝石镶嵌在山中林间：天池，幽林潭，月亮湖，森林湖，吸日月的精华，集天地之灵气，清幽美丽，摄人心魄。景区以南亚热带原始森林景观为主。经千年的古树生机盎然又充满灵性，每一棵古树都承载了一段自然环境厚重悠远的发展史。形状各异的数十个瀑布垂挂山崖间，或壮观如银河倒挂，或轻盈如珠帘。寒崖幽谷更是磨盘山上的自然奇观，行走在沿着崖边修筑的崎岖小道，千百米深的幽幽峡谷和高达数十丈的断壁悬崖映入眼帘，强烈的视觉刺激和时而空若无所依的胆战心惊，令人深深折服于大自然的鬼斧神工。磨盘山还是拥有森林灯光夜景的国家森林公园，夜晚浪漫的星光和森林光影变幻的色彩斑斓，带你一起体验不一样的磨盘山。在建中的养生馆，将由太极养生大师李学友先生坐镇，携手养生文化大师曲黎敏教授，即将打造出实至名归的生态养生场所，发扬中华养生哲学。即将营业的艺术博物馆也将在今年四月迎来第一批观众，馆内所藏镇馆之宝大型根雕艺术作品从高达8米的清明上河图，历史名人，佛祖，观音，到十几厘米的小型吉祥物，应有尽有。有的作品就地取材，浑然天成，如千年神龟；有的经艺术加工雕琢打磨之后妙趣横生，美不胜收。馆内还将设有名酒品鉴，翡翠珠宝玉石厅，书吧；定期举办书画展，艺术品鉴赏讲座，推出会员制，还将联手国内其他知名博物馆举办联展。公园内为敢于挑战的游客打造了惊险度仅次于蹦极的悬崖凌空观景点--惊观台，让人们可以体验如临深渊的思维停滞和心颤胆寒的惊险瞬间。另外公园内充满人性化设计的四合院，含笑雅筑茶室，森林野营区和草甸野营区，攀岩以及烧烤区为磨盘山森林公园提升服务品质和打造全新生态旅游理念提供了坚实的保障。 ",全年 全天开放,https://img1.qunarzz.com/travel/poi/1408/27/6300fa7d95e64270ffffffffc8d65eac.jpg_480x360x95_7fccac8a.jpg,4.4,建议游览时间：12小时 - 3天,,"{'磨盘山国家森林公园门票成人票\n\n': ['¥40起'], '磨盘山国家森林公园门票学生票\n\n': ['¥20起'], '磨盘山国家森林公园门票优待票\n\n': ['¥20起']}",,1
哀牢山,http://travel.qunar.com/p-oi7469561-ailaoshan,"

地址:
云南省玉溪市新平彝族傣族自治县戛洒镇

",,08:00-17:00,https://img1.qunarzz.com/travel/d6/1507/d0/b5e58c372e0fe6.jpg_480x360x95_de90bc1c.jpg,4.8,,,茶马古道20元，石门峡40元，套票（石门峡+茶马古道+金山原始森林）60元。,,2
九龙池Jiulongchi,http://travel.qunar.com/p-oi707508-jiulongchi,"

地址:
玉溪市州城西北10公里处


电话:
0877-2145069

",九龙池位于玉溪市州城西北10公里处，又名奇黎溪，是当地著名的佳景胜地之一。清澈明净的池水，不论春夏秋冬，游鱼摇尾相戏。晴日，池旁斑驳的树影清晰如画地印在池中，微风吹来，则涟漪轻荡，树影碎散，鱼群晃动，别有佳趣。,全年 8:00-18:00,https://tr-osdcp.qunarzz.com/tr-osd-tr-manager/img/806014ca15f4dd8fc3b38b33ba991a75.jpg_480x360x95_5c3b4465.jpg,4.5,建议游览时间：3小时,,具体收费情况以现场公示为主,,2
明星鱼洞Mingxing Fish Hole,http://travel.qunar.com/p-oi707552-mingxingyudong,"

地址:
玉溪市江川区与澄江县交界处抚仙湖西岸明星风景区


电话:
0877-8611113

",明星鱼洞距江川区明星村约1公里。鱼洞一共有200多口，围着湖岸绵延数公里，其间每隔二三米便有一条鱼洞。每条沟里安放着一部手拉龙骨水车。每到鱼汛季节，就可以看到渔民用车水捕鱼的景象，也是吃抚仙湖特产铁锅煮抗浪鱼的时候。,全年 全天开放,https://img1.qunarzz.com/travel/poi/1803/ee/5fb121a47f108a37.jpg_480x360x95_b416013f.jpg,3.7,建议游览时间：1小时 - 2小时,,2元,,2
易门龙泉,http://travel.qunar.com/p-oi709060-yimenlongquan,"

地址:
云南-玉溪市西北部


电话:
0877-4964023;0877-4969691;0877-4961193

",易门龙泉国家森林公园是1992年国家林业局批准建立的森林公园，公园文化、历史悠久，从留传至今的匾额、楹联和石壁题字考证，早在唐朝末年这里就兴修庙亭，成为滇中夷人文化活动的中心。如今自清朝雍正年间就延续下来的农历“二月二”祭龙庙会，已成为易门民间传统的盛大节日。每年这天，县里都要请来省、市大型的花灯剧团，在公园里唱大戏三天三夜，方圆数十里上万百姓汇集到这里，听歌赏戏，游园踏春，祈求来年风调雨顺，五谷丰登，国泰民安。许多有名的文人墨客到过此地，如明末清初...易门龙泉国家森林公园是1992年国家林业局批准建立的森林公园，公园文化、历史悠久，从留传至今的匾额、楹联和石壁题字考证，早在唐朝末年这里就兴修庙亭，成为滇中夷人文化活动的中心。如今自清朝雍正年间就延续下来的农历“二月二”祭龙庙会，已成为易门民间传统的盛大节日。每年这天，县里都要请来省、市大型的花灯剧团，在公园里唱大戏三天三夜，方圆数十里上万百姓汇集到这里，听歌赏戏，游园踏春，祈求来年风调雨顺，五谷丰登，国泰民安。许多有名的文人墨客到过此地，如明末清初状元杨慎曾三度游览龙泉并在此赋诗三首，民国初年滇军骑兵中将旅长刘法坤、前全国人大副委员长楚图南、前中国佛教协会主席、著名书法家赵朴初等都在此留下了艺术珍迹。龙泉国家森林公园是明清以来倍受人们称赞的“易门八景”之首，曾被清末著名画家董一道誉为“滇西第一名胜”。公园山峰俊秀，古木参天，亭阁别致，传说动人。有古老的国家珍稀树种榉木和红豆树，其中一颗榉树胸径达1.3米、高约40米，已有 400多年的树龄。园内泉水锶矿泉—著名的“云南山泉”水源水质优良，高出县城34米，十分珍贵。百鸟园是公园的特色景观，占地13200㎡，是目前国内大型的百鸟园之一，她集鸟类保护、收容救治、驯养繁殖、科普教育和旅游观光为一体，“人鸟同乐”展示出人与自然和谐相处。公园内还陈列着1987年在易门十街乡脚家店发掘的恐龙化石，据专家鉴定已有1.8亿年，年代仅次于我省的恐龙之乡—禄丰恐龙化石，有非常大的科考价值。易门龙泉国家森林公园是良好的环境教育、科普基地，是休身养性，消夏避暑的理想胜地和天然大养吧。游览龙泉国家森林公园，品泉，观翠、登山，人鸟同乐，感受佛教文化，步入森林体验自然，其乐无穷！,8:00 - 18:00,https://img1.qunarzz.com/travel/d5/1501/df/7098322f72a0cd.jpg_480x360x95_2b84fefe.jpg,4.4,,,20元,,2
古瓷窑址,http://travel.qunar.com/p-oi704935-guciyaozhi,,,,,,,,,,2
玉溪映月潭休闲文化中心Yuxi Yingyuetan Leisure Culture Center,http://travel.qunar.com/p-oi710863-yuxiyingyuetanxiuxian,"

地址:
玉溪市红塔区大营街


电话:
0877-2770666,0877-2771136


官网:
http://www.moonlakehs.com/

",映月潭修闲文化中心是由映月潭温泉、映月潭别苑、映月温泉客栈、释迦文化静享园、老街坊食府、玉泉寺组成。由温泉文化、感恩文化、佛教文化、传统民族文化、地域文化及生态文化有机结合，形成映月潭独具特色的“休闲之道”，营造出心灵环保的理想氛围。,文化中心全天开放，温泉12:00-24:00，文化中心内设不同项目，开放时间不同，详情可电话咨询。,https://img1.qunarzz.com/travel/poi/1803/83/f89521e0be25a437.jpg_480x360x95_2ad44c60.jpg,4.6,建议游览时间：3天,,"{'玉溪抚仙湖晶喜星空露营地\n\n': ['¥120起'], '【酒店套餐】玉溪映月潭温泉酒店1晚+双人玉溪映月潭温泉门票（可多次入园）+双人酒店早餐\n\n': ['¥458起']}",,2
白龙寺,http://travel.qunar.com/p-oi713471-bailongsi,"

地址:
云南省玉溪市秀山主峰""螺峰绝顶""东南侧的苍松之中

","白龙寺创建于明成化年间，面积为334平方米，单檐歇山，抬梁式结构，为一进四合院。白龙寺隐藏于秀山主峰""螺峰绝顶""东南侧的苍松之中，环境十分幽静。寺侧有""白龙、乌龙""二潭，潭水清冽甘甜，四季潺潺。相传：""`白龙、乌龙`原是二蛟，常兴风作雨，相互争斗，鏖战时，伴有倾盆大雨，危及民生，一仙人怒之，服二蛟置于秀山之麓。之后，二蛟不复为害成其为""龙""，并常年涌出清泉供路人饮用""。人们为纪念服蛟的仙人和涌泉的二龙，遂于潭侧建寺称白龙寺。一九八八年在白龙寺东南侧又辟建了...白龙寺创建于明成化年间，面积为334平方米，单檐歇山，抬梁式结构，为一进四合院。白龙寺隐藏于秀山主峰""螺峰绝顶""东南侧的苍松之中，环境十分幽静。寺侧有""白龙、乌龙""二潭，潭水清冽甘甜，四季潺潺。相传：""`白龙、乌龙`原是二蛟，常兴风作雨，相互争斗，鏖战时，伴有倾盆大雨，危及民生，一仙人怒之，服二蛟置于秀山之麓。之后，二蛟不复为害成其为""龙""，并常年涌出清泉供路人饮用""。人们为纪念服蛟的仙人和涌泉的二龙，遂于潭侧建寺称白龙寺。一九八八年在白龙寺东南侧又辟建了一新景点，面积约7520平方米。新景点内有荷塘、鱼池、曲桥、回廊、水榭、丝竹铍、书画展室，财神殿等景观，其中遍植各种花卉。游人至此，餐山色,听松涛，识鸟音，饮甘泉，赏荷趣，观鱼跃。如在冬、春二季畅游白龙寺，可尽情品味兰花的幽香。真使人有回归自然的感觉，忘却人间烦恼，欲入仙境。",7：00－18：00,https://img1.qunarzz.com/travel/poi/1705/84/aa9075ebb22afe37.jpg_480x360x95_506b022d.jpg,--,,,15元,,2
曲陀关Qu Tuoguan,http://travel.qunar.com/p-oi715012-qutuoguan,"

地址:
云南省玉溪市通海县

",曲陀关在今通海县河西以北约30华里，是元代“临安元江车里等处宣慰司都元帅府”所在地，这是当时设立在滇南的特高军政机关。元代蒙古族的都元帅阿喇帖木耳曾驻治此地。现在的曲陀关是通海县河西镇的一个乡。全乡有关上、关营、甸苴坝、杜家营、河头、张家营、小寨等7个自然村落，共680余户，约3000多人。,8：00--18：00,https://tr-osdcp.qunarzz.com/tr-osd-tr-manager/img/2b3b2ca2c9fdc890ab2648fa591d8331.jpg_480x360x95_b016a219.jpg,4.0,建议游览时间：12小时 - 3天,,具体收费情况以现场公示为主,,2
澄江动物化石群Chengjiang Fossil Site,http://travel.qunar.com/p-oi709631-chengjiangdongwuhuashi,"

地址:
玉溪市澄江县城以东5公里的帽天山

",澄江动物化石群位于澄江县城以东5公里的帽天山，这一化石群的发现，轰动了国际科学界，被誉为“世界近代古生物研究史上所罕见”，堪称国宝，是云南乃至全国的宝贵财富。,全年 9:00-17:00,https://tr-osdcp.qunarzz.com/tr-osd-tr-mapi/img/116c0c5f84dd3cf4d2f03557d372a3bb.jpg_480x360x95_7a4dd5ed.jpg,4.5,建议游览时间：2小时,,具体收费情况以现场公示为主,,2
红塔,http://travel.qunar.com/p-oi708605-hongta,"

地址:
云南-玉溪红塔区东南2千米红塔山

",红塔位于红塔区东南2千米红塔山上。经塔原为白塔，始建于元代，清道光十九年（1839年）重建。塔身用青石支砌，内填土，为密檐式结构七方八级实心塔。塔高35米，阁楼式的逐级往上收缩，西面五、六、七级各有一佛龛，每龛内置有铜佛像1尊。1958年塔顶置一五角红星，以紫土涂红塔身，并将宝鼎、铜佛拆除。从此，白塔改为红塔，山亦称红塔山。1986年6月玉溪卷烟厂拆除红塔上的五角星，又用红油漆涂刷塔身。,全天,https://img1.qunarzz.com/travel/poi/1705/2c/1b986ac751bc3737.jpg_480x360x95_620a65e0.jpg,5.0,,,免费,,2
秀山历史文化公园,http://travel.qunar.com/p-oi708999-xiushanlishiwenhuagong,"

地址:
通海县秀山镇文献里49号


电话:
0877-3012193

",玉溪秀山历史文化公园，位于云南玉溪通海县城南隅，峰顶海拔2060米，垂直高度近200米，辖区面积7.6平方公里，游览面积155万平方米，建筑面积5万余平方米。秀山历史文化公园是玉溪地区重要风景区之一。秀山之秀在于绿，茂密的林木把整座山掩盖得严严实实。山北麓翠竹万杆，山坡上杉木展秀；山西密林间灌木丛生，野花点点；山东面奇松参天，杉栗葱翠；山南松林似海，涛声如吼。种类繁多的花草树木，一年四季争荣斗艳，各寺院中也是：花木扶疏，苍柏森森，绿杉撑天。秀山不仅有山川之秀丽...玉溪秀山历史文化公园，位于云南玉溪通海县城南隅，峰顶海拔2060米，垂直高度近200米，辖区面积7.6平方公里，游览面积155万平方米，建筑面积5万余平方米。秀山历史文化公园是玉溪地区重要风景区之一。秀山之秀在于绿，茂密的林木把整座山掩盖得严严实实。山北麓翠竹万杆，山坡上杉木展秀；山西密林间灌木丛生，野花点点；山东面奇松参天，杉栗葱翠；山南松林似海，涛声如吼。种类繁多的花草树木，一年四季争荣斗艳，各寺院中也是：花木扶疏，苍柏森森，绿杉撑天。秀山不仅有山川之秀丽，更有历代墨客骚人、学者名宦之吟咏，使秀山成了“匾山联海”和碑林。至今保留在秀山的匾联碑刻有200余副，这些匾联碑刻，洋溢着诗情画意，书法均属上乘之作，使诗、书、画与景和精美的建筑珠联璧合。特色佛、道教的圣地，云南四大名山之一。省级重点文物保护单位，省级自然风景名胜区。交通从昆明东站乘开往通海县的班车，票价15元，昆明至通海约138公里。秀山就在城边，到了通海，沿南街步行即可到达秀山公园。,6:00-22:00,https://img1.qunarzz.com/travel/d5/1609/6a/9174009f556d94b5.jpg_480x360x95_c34fd354.jpg,4.5,,,50元,,3
白龙泉White Dragon Spring,http://travel.qunar.com/p-oi715396-bailongquan,"

地址:
云南省玉溪市红塔区龙马山山下


电话:
0877-2067406

",白龙泉是从龙马山山腰处进涌而出的一股山泉，沿山岩跌落而下，形成一道独特的自然风景。,8:00～17:30,https://img1.qunarzz.com/travel/poi/1705/ff/00e0d88ab8881637.jpg_480x360x95_56f9076c.jpg,5.0,,,免费,,3
元江世界第一高桥Yuanjiang World's Highest Bridge,http://travel.qunar.com/p-oi7468793-yuanjiangshijiediyigao,,,,,,,,,,3
大风丫口,http://travel.qunar.com/p-oi40005881-dafengyakou,,大风丫口属于典型的喀斯特地貌的深山幽谷，怪石嶙峋，山峦叠障，溶洞众多，因终年风大，当地人叫做“大风丫口”。,,,0.0,,,具体收费情况以景区现场公示为主,,3
抚仙湖晶喜庄园,http://travel.qunar.com/p-oi39947212-fuxianhujingxizhuangyuan,,可以看到抚仙湖，是露营休闲娱乐的好去处,,,0.0,,,,,3
零海拔潜水·樱花谷,http://travel.qunar.com/p-oi39772049-linghaibaqianshuiying,,,,,,,,,,3
尖山,http://travel.qunar.com/p-oi39632986-jianshan,,,,,0.0,,,,,3
绿汁镇,http://travel.qunar.com/p-oi39610812-lu:zhizhen,,,,,,,,,,3
大黑山农庄,http://travel.qunar.com/p-oi39418739-daheishannongzhuang,,,,,0.0,,,,,3
坡垤村,http://travel.qunar.com/p-oi39175893-podiecun,,,,,5.0,,,,,3
磨豆山风电场,http://travel.qunar.com/p-oi39114195-modoushanfengdianchang,,,,,5.0,,,,,4
粉红沙滩(红山咀),http://travel.qunar.com/p-oi38937122-fenhongshatan,,,,,,,,,,4
云海日出观景台,http://travel.qunar.com/p-oi38923141-yunhairichuguanjingtai,,,,,0.0,,,,,4
活发小镇,http://travel.qunar.com/p-oi38884476-huofaxiaozhen,,,,,--,,,,,4
淘宝街夜市,http://travel.qunar.com/p-oi38806327-taobaojieyeshi,,,,,4.0,,,具体收费情况以现场公示为主,,4
抚仙湖星光夜市,http://travel.qunar.com/p-oi38631579-fuxianhuxingguangyeshi,,,,,--,,,具体收费情况以现场公示为主,,4
呈贡梁王山,http://travel.qunar.com/p-oi38617971-chenggongliangwangshan,,,,,0.0,,,具体收费情况以现场公示为主,,4
大河口鱼村公园,http://travel.qunar.com/p-oi38603126-dahekouyucungongyuan,,,,,--,,,具体收费情况以现场公示为主,,4
高古楼,http://travel.qunar.com/p-oi38596319-gaogulou,,,,,--,,,具体收费情况以现场公示为主,,4
飞井海水库,http://travel.qunar.com/p-oi38339297-feijinghaishuiku,,,,,--,,,具体收费情况以现场公示为主,,4
云南零海拔PADI五星教练发展中心,http://travel.qunar.com/p-oi38336968-yunnanlinghaibapadiwu,,,,,0.0,,,具体收费情况以现场公示为主,,5
老黑山自然景观,http://travel.qunar.com/p-oi38336664-laoheishanziranjingguan,,,,,--,,,具体收费情况以现场公示为主,,5
仙湖古镇,http://travel.qunar.com/p-oi38336399-xianhuguzhen,,,,,--,,,具体收费情况以现场公示为主,,5
太阳山小镇广场,http://travel.qunar.com/p-oi38335143-taiyangshanxiaozhenguang,,太阳山小镇位于抚仙湖附近，广场则地处小镇内，这里因地势较高所以视野开阔，周围的建筑大都是欧式的，路边点缀的花草，颜色艳丽的雕塑，让这里充满了异国风情。,,,--,建议游览时间：0.5小时 - 1小时,,具体收费情况以现场公示为主,,5
澄江化石地自然博物馆,http://travel.qunar.com/p-oi37807319-chengjianghuashidiziran,,,,,,,,,,5
澄江湿地公园,http://travel.qunar.com/p-oi37807242-chengjiangshidigongyuan,,,,,5.0,,,,,5
易门县野生菌博物馆,http://travel.qunar.com/p-oi37806988-yimenxianyeshengjunbo,,,,,5.0,,,具体收费情况以现场公示为主,,5
抚仙金滩,http://travel.qunar.com/p-oi37806953-fuxianjintan,,,,,5.0,,,具体收费情况以现场公示为主,,5
澄江广龙抚海湾,http://travel.qunar.com/p-oi37806516-chengjiangguanglongfu,,这里有平静的湖面，姹紫嫣红的花海，蓝天白云，坐在木椅上，吹着凉风，非常的舒爽惬意。,,,5.0,建议游览时间：1小时 - 2小时,,具体收费情况以现场公示为主,,5
纳古镇小海公园,http://travel.qunar.com/p-oi37806334-naguzhenxiaohaigongyuan,,"纳古镇小海公园位于通海，这里有湖泊，湖上生活着很多海鸥，一大群海鸥飞在水面上，特别漂亮，非常适合拍照，另外，还有很多人在这里垂钓，非常有趣。
",,,0.0,建议游览时间：3小时,,,,5
绿汁江恐龙峡谷漂流,http://travel.qunar.com/p-oi37784583-lu:zhijiangkonglongxia,"

地址:
云南省玉溪市易门县绿汁镇木厂村民委员会绿汁江恐龙峡谷漂流


电话:
13988451800

",绿汁江恐龙峡谷漂流；隶属于滇铜乡村旅游。距昆明市120公里融山川，河流，奇峰，怪石，云海为一体，更以绿汁江恐龙峡谷漂流、越野驾驶、天然攀岩等拓展项目为特色，漂流沿途易门铜矿山遗址甚多，有三家厂遗址、木奔大桥遗址，还有凤山、狮面岩、恐龙洞、麻蛇箐、绿汁江第一湾等自然景观。 景区内林木繁茂、空气清新、水质清纯、气候宜人、昼夜温差大。漂流时可竞技、可娱乐，可拨艇快驶、可随波逐流，可一人独乐、可全家共享，如情侣伴游更具诗情画意。“白水漂流”五级浪一段水漫桥，三级浪两段芭蕉箐江段，三家厂江段；性价比较高的水上娱乐项目，全程有多处激流险滩，顺流而下一波三折、浪遏飞舟、惊心动魄、有惊无险，在蜿蜒曲折的河流中，游客或搏浪闯滩，或戏水嬉闹，可纵情放怀，回归自然。整个河流沿岸，山势起伏、雄伟壮观，植被及地貌类型丰富，游客在漂流过程中还可以领略险峰绝壁，可见空中鹳鸟飞翔，河面鸳鸯戏水，水下鱼虾飞跃，一幅世外桃园的优美画面。 在漂流过程中，在感受浪遏飞舟的同时，戏水也是大河漂流的一大乐趣，这里天天是泼水节，处处是水上战场，无论相识与否，见面礼就是相互泼水，到终点区水缓处时，还可跳入清澈见底的河中一游，你会忘记一切世俗烦忧，去尽情的享受绿汁江给予您的大自然洗礼。现在经营：休闲漂流江段；（皮划艇技术培训后可以挑战激情漂流江段）,全年 09:00-18:00,,0.0,建议游览时间：2小时 - 3小时,,,,6
通海古城,http://travel.qunar.com/p-oi36680000-tonghaigucheng,,通海古城位于云南省玉溪市通海县。海文化积淀厚重，文化遗产丰富。通海古城里有许多保存完好的古民居，让人仿佛走进了时光隧道，回溯到遥远的时代。行走在交错的街巷里，古朴的老宅历经岁月沉淀，它静静地在街巷两旁，古朴、威严。,,https://tr-osdcp.qunarzz.com/tr-osd-tr-touch/img/1ef6456b425dd8b6f5ee1911ccf23429.jpg_480x360x95_ae68696b.jpg,5.0,,,具体收费情况以现场公示为主,,6
彩色膏林,http://travel.qunar.com/p-oi36495920-caisegaolin,"

地址:
玉溪市元江哈尼族彝族傣族自治县元漠路(石膏箐附近)

",彩色膏林因发育于含石膏膏盐岩系呈密集的峰林而得名，有灰绿、灰紫、灰红、黄褐色等色调的彩色图案，峰林叠嶂，壮观秀丽。,全天开放,,--,建议游览时间：1小时 - 3小时,,具体收费情况以现场公示为主,,6
太阳山市集,http://travel.qunar.com/p-oi36156608-taiyangshanshiji,,"太阳山市集内有欧式建筑，沿街有儿童乐园、商场和酒店等，夜幕时分，灯光下的市集显得格外漂亮，逛一逛市集，再品尝当地的美食，非常有趣。
",,,5.0,建议游览时间：2小时 - 3小时,,具体收费情况以现场公示为主,,6
"青花街Qinghua Street, Yuxi",http://travel.qunar.com/p-oi35877332-qinghuajie,,玉溪青花街坐落于云南省玉溪市，国家3A级旅游景区，是云南省首座以青花瓷文化为主题的一站式微度假生活体验创意街区。,,,5.0,,,具体收费情况以现场公示为主,,6
太阳山峡谷公园Taiyang Mountain Canyon Park,http://travel.qunar.com/p-oi35832934-taiyangshanxiagugongyuan,,太阳山峡谷公园配套设施齐全，有商业街、会所、小镇食堂、室外游泳池、烧烤和露营场地等。是集休闲娱乐于一体的城市公园。,,,0.0,建议游览时间：2小时 - 3小时,,具体收费情况以现场公示为主,,6
文昌鱼洞风景区Lichangyudong Sceneic Area,http://travel.qunar.com/p-oi35832005-wenchangyudongfengjing,,,,,5.0,,,,,6
下浦贝Xiapubei Village,http://travel.qunar.com/p-oi35560065-xiapubei,,,,,--,,,具体收费情况以现场公示为主,,6
上浦贝Shangpubei Village,http://travel.qunar.com/p-oi35559802-shangpubei,,,,,--,,,具体收费情况以现场公示为主,,6
周家大沟,http://travel.qunar.com/p-oi35559600-zhoujiadagou,,,,,--,,,具体收费情况以现场公示为主,,6
周戴村Zhoudai Village,http://travel.qunar.com/p-oi35558844-zhoudaicun,,,,,--,,,具体收费情况以现场公示为主,,7
大沙咀Dashazui Village,http://travel.qunar.com/p-oi35387987-dashaju,,,,,--,,,具体收费情况以现场公示为主,,7
雷打石Leidashi Town,http://travel.qunar.com/p-oi35385862-leidashi,"

地址:
玉溪市江川区施雷路

",,全年 全天开放,,5.0,建议游览时间：1小时 - 2小时,,具体收费情况以现场公示为主,,7
"石门峡哀牢山泉Ailao Spring, Shimen Gorge",http://travel.qunar.com/p-oi35320392-shimenxiaailaoshanquan,,,,,5.0,,,具体收费情况以现场公示为主,,7
火特村Huote Village,http://travel.qunar.com/p-oi35305362-huotecun,,,,,--,,,具体收费情况以现场公示为主,,7
麻栗湾,http://travel.qunar.com/p-oi35300113-maliwan,,,,,--,,,具体收费情况以现场公示为主,,7
聂耳公园Nie'er Park,http://travel.qunar.com/p-oi35217155-nieergongyuan,,我国著名的音乐家聂耳的祖籍便在玉溪，现玉溪市内辟有聂耳公园，始建于1985年，园内有聂耳铜像和纪念馆，是以纪念聂耳为主要特色，兼休息、娱乐为一体的综合性公园。,,,0.0,,,具体收费情况以现场公示为主,,7
彝人谷万亩竹海旅游景区Yiren Guwan Mu Zhuhai Tourism Sceneic Area,http://travel.qunar.com/p-oi35214946-yirenguwanmuzhuhailu:,,彝人谷万亩竹海旅游景区位于云南峨山彝族自治县，景区内竹林植被覆盖丰富，自然风景优美，更有特色民宿，是接触感受大自然魅力的好去处。,,,0.0,建议游览时间：2小时 - 3小时,,,,7
抚仙湖公园Fuxianhu Park,http://travel.qunar.com/p-oi35214498-fuxianhugongyuan,,,,,,,,,,7
褚橙庄园Chucheng Manor,http://travel.qunar.com/p-oi35198228-chuchengzhuangyuan,,褚橙庄园位于哀牢山上，庄园分为宾馆区、农家乐区、生态养殖区、休闲垂钓区、果园区5个部分，集文化展示、会务接待、旅游培训、休闲观光等功能于一体。,,,5.0,建议游览时间：12小时 - 3天,,具体收费情况以现场公示为主,,7
尖头山Jiantou Mountain,http://travel.qunar.com/p-oi35139377-jiantoushan,,,,,,,,,,8
仙湖湾景区Xianhuwan Sceneic Area,http://travel.qunar.com/p-oi35006017-xianhuwanjingqu,,仙湖湾景区处处彰显着一种自然天成之景、是一个有着丰富水源、土地肥沃、文化底蕴深厚的游玩之地。,,,4.6,建议游览时间：2小时 - 3小时,,具体收费情况以现场公示为主,,8
么波冲Mebochong Village,http://travel.qunar.com/p-oi32811233-mebochong,"

地址:
玉溪市华宁县

",么波冲村地处通红甸乡附近，这里植被茂密葱郁 ，蓝天白云、高山碧水，形成了一道独特的自然风景。,全年 全天开放,https://tr-osdcp.qunarzz.com/tr-osd-tr-manager/img/940826fe1539d1ecd1df1d01c2e85428.jpg_480x360x95_3161d78b.jpg,0.0,建议游览时间：12小时 - 3天,,具体收费情况以现场公示为主,,8
圆明寺Yuanming Temple,http://travel.qunar.com/p-oi27339137-yuanmingsi,"

地址:
云南省通海县河西镇

",,全年 7:00-18:00,,--,,,具体收费情况以现场公示为主,,8
软舌螺,http://travel.qunar.com/p-oi26663047-ruansheluo,,,,,--,,,,,8
"石门峡风景区-观景台Observation Deck, Shimen Gorge Scenic Area",http://travel.qunar.com/p-oi26643915-shimenxiafengjingqu_guan,,,,,--,,,具体收费情况以现场公示为主,,8
澄江容大广场RongDa GuangChang,http://travel.qunar.com/p-oi24440511-chengjiangrongdaguang,,,,,--,,,具体收费情况以现场公示为主,,8
龙泉森林公园Longquan Forest Park,http://travel.qunar.com/p-oi24412439-longquansenlingongyuan,"

地址:
云南省易门县万寿寺路28号


电话:
+86 877 496 1193

",,全年 全天开放,,5.0,,,具体收费情况以现场公示为主,,8
杞麓湖湿地Qilu Lake Marsh,http://travel.qunar.com/p-oi24412421-qiluhushidi,,杞麓湖湿地有生态保育区，恢复重建区，宣教展示区，合理利用区和管理服务区五大功能区。这里有赤颈鸭，红嘴鸥等鸟类，还有很多鱼类，动植物资源丰富，也是集湿地保护，科普教育，旅游观光和生态文化体验为一体的重要基地。,,,4.0,建议游览时间：1小时 - 2小时,,具体收费情况以现场公示为主,,8
星云湖湿地Xingyun Lake Marsh,http://travel.qunar.com/p-oi24411819-xingyunhushidi,,,,https://tr-osdcp.qunarzz.com/tr-osd-tr-space/img/2ea7a8661a6bc2299911c0928686d66e.jpg_480x360x95_45f99d20.jpg,5.0,,,具体收费情况以现场公示为主,,8
李家山古墓群Lijiashan Ancient Tombs,http://travel.qunar.com/p-oi24411815-lijiashangumuqun,"

地址:
云南省江川县路居镇李家山村

",,全年 9:00-18:00,,4.0,,,具体收费情况以现场公示为主,,9
海门公园Haimen Park,http://travel.qunar.com/p-oi24411810-haimengongyuan,"

地址:
云南省江川县龙街镇海门村

",,全年 6:00-19:00,,5.0,,,具体收费情况以现场公示为主,,9
瑞竹寺Ruizhu Temple,http://travel.qunar.com/p-oi24411699-ruizhusi,"

地址:
云南省峨山彝族自治县双江镇

",,全年 8:00-18:30,,--,,,,,9
锦屏山景区Mt. Jingpin Scenic Resort,http://travel.qunar.com/p-oi24411695-jinpingshanjingqu,,,,https://flight-feed.qunarzz.com/as3/376/image/poi_vishnu/ec4cef32-e76e-4081-b775-8bab49b15d0b.jpg,--,,,具体收费情况以现场公示为主,,9
玉带河Yudai River,http://travel.qunar.com/p-oi24411246-yudaihe,,,,,,,,,,9
碧云山Biyun Mountain,http://travel.qunar.com/p-oi24410502-biyunshan,"

地址:
云南省江川县江城镇明星村后

",碧云山挺拔秀丽，壁立千仞，林木葱郁，鬼斧神工，山间清泉，聚而不流。壁上还有一处观音，形像逼真。,全年 全天开放,,4.5,建议游览时间：12小时 - 3天,,具体收费情况以现场公示为主,,9
红河第一湾First Bay of Honghe River,http://travel.qunar.com/p-oi23344110-honghediyiwan,,,,https://tr-osdcp.qunarzz.com/tr-osd-tr-manager/img/500a860209b9c2f7d9a25c430c2c00ff.jpg_480x360x95_0e90fec6.jpg,--,,,具体收费情况以现场公示为主,,9
红河大桥Honghe Bridge,http://travel.qunar.com/p-oi23343743-honghedaqiao,,红河大桥位于云南省元江县，跨越红河，是云南元江至磨黑高速公路上规模较大的一座桥梁。于2002年12月建成通车。大桥堪称钢筋水泥建筑的杰作，桥体总重达29万吨，有一个3.6万吨的钢制结构桥面。该桥属斜拉桥，设计寿命120年。,,https://flight-feed.qunarzz.com/as3/180/image/poi_vishnu/a913719c-7544-4c3e-ba91-ff04e997bf33.jpg,0.0,建议游览时间：1小时,,,,9
小庙街Xiaomiao Street,http://travel.qunar.com/p-oi23343550-xiaomiaojie,,小庙街是当地人常去的地方之一，街道两旁美食餐厅、商铺众多。在这里可以品尝到当地的很多特色小吃。是一处集观光，休闲，美食于一体的特色街区。,,,4.4,建议游览时间：2小时 - 3小时,,具体收费情况以现场公示为主,,9
玉溪龙马山石城公园Yuxi Longmashan Shicheng Park,http://travel.qunar.com/p-oi23343461-yuxilongmashanshicheng,,玉溪龙马山石城公园以各种造型独特的石头而闻名，这里的石头是自然天成，未经雕琢。每一座小的山林，都是一幅与众不同的风景。,,,5.0,建议游览时间：12小时 - 3天,,具体收费情况以现场公示为主,,9
纳家营清真寺Najiaying Mosque,http://travel.qunar.com/p-oi23343179-najiayingqingzhensi,,,,,0.0,,,,,10
"通海秀山古寺观Ancient Temple of Xiushan Mountain, Tonghai County",http://travel.qunar.com/p-oi23342500-tonghaixiushangusiguan,,,,https://flight-feed.qunarzz.com/as3/376/image/poi_vishnu/7f21f777-8dc9-4dcc-9d5e-1cdcc791c8d4.jpg,--,,,具体收费情况以现场公示为主,,10
红塔山Hongta Mountain,http://travel.qunar.com/p-oi23342352-hongtashan,"

地址:
玉溪市红塔区红塔集团门口


电话:
0877-2968211

",红塔山位于云南省中部的玉溪市境内，建于元朝，清朝道光十九年（1839年）重建。因山体顶部耸立有元代所建白塔而得名，红塔原名白塔。1958年将白塔涂为红色，更名为“红塔山”，其景亦由“红塔朝晖”所取代。,全年 全天开放,https://tr-osdcp.qunarzz.com/tr-osd-tr-space/img/197de4689a246e3b1fa34534cb673955.jpg_480x360x95_29b4778d.jpg,4.8,,,具体收费情况以现场公示为主,,10
梁王山Liangwang Mountain,http://travel.qunar.com/p-oi23342017-liangwangshan,,梁王山位于澄江、呈贡两县之间，离昆明40余公里，山自南而北，绵亘百多公里。山势雄伟壮丽、气势博大，西面峭壁千仞、挺拔险峻，东面群峰簇拥，古木参天，较高海拔2820米，为滇中一大高峰。方圆数百里尽收眼底，且“一山观三海”，白云环绕山腰，多为有雨之兆，秋日山花烂漫，繁华似锦，故有“梁峰兆雨、白云兆雨、罗藏秋色”之景。,,https://tr-osdcp.qunarzz.com/tr-osd-tr-manager/img/0638a75b6feed4fe1c6157c52bbdf11e.jpg_480x360x95_b0e7aaec.jpg,0.0,建议游览时间：12小时 - 3天,,具体收费情况以现场公示为主,,10
河西镇Hexizhen,http://travel.qunar.com/p-oi23059919-hexizhen,,,,,--,,,具体收费情况以现场公示为主,,10
毛主席纪念馆Maozhuxi Memorial Hall,http://travel.qunar.com/p-oi20980860-maozhuxijinianguan,,,,,0.0,建议游览时间：2小时 - 3小时,,具体收费情况以现场公示为主,,10
睡佛殿Sleeping Buddha Palace,http://travel.qunar.com/p-oi20980859-shuifodian,,,,,--,建议游览时间：2小时 - 3小时,,,,10
鱼文化广场Yu Culture Square,http://travel.qunar.com/p-oi20976687-yuwenhuaguangchang,,鱼文化广场是江川区人流量较大的露天夜市之一，每当夜幕降临，小商小贩的照明灯纷纷点亮，许多去广场休闲娱乐的人在放松之余都会品尝特色小吃。,,https://tr-osdcp.qunarzz.com/tr-osd-tr-manager/img/0522626ab3913959fa921f6e4f94d8f0.jpg_480x360x95_d9d036f1.jpg,3.0,建议游览时间：0.5小时 - 1小时,,具体收费情况以现场公示为主,,10
通海城清真寺Tonghaicheng Mosque,http://travel.qunar.com/p-oi20975306-tonghaichengqingzhensi,,,,,0.0,建议游览时间：2小时,,,,10
蒙古人历滇七百五十年纪念碑Mengguren Lidianqibaiwushi Nian Monument,http://travel.qunar.com/p-oi20973913-menggurenlidianqibaiwu,,,,,--,建议游览时间：1小时 - 3小时,,具体收费情况以现场公示为主,,10
