名字,链接,地址,介绍,开放时间,图片链接,评分,建议游玩时间,建议季节,门票,小贴士,Page
景德镇中国陶瓷博物馆Jingdezhen Ceramics Museum,http://travel.qunar.com/p-oi715905-jingdezhenzhongguotao,"

地址:
景德镇市昌江区紫晶大道1号


电话:
0798-8253701


官网:
http://www.zgtcbwg.com/

",景德镇中国陶瓷博物馆前身为景德镇陶瓷馆，是国内第一家大型陶瓷专题艺术博物馆。馆内展出内容分“历史之部”、“新中国之部”和专题展览厅。该馆建于1954年，收藏着自新石器时代陶器和汉唐以来各个不同历史时期的陶瓷名品佳作2万余件，其中国家珍贵文物500余件，涵括了景德镇千年制瓷历史长河中的代表品种；外还收藏不少外国瓷和外地瓷，以及金石玉器、书画等。特别是近现代和当代景德镇陶瓷精品是该馆独有的。馆内展品有：五代的青瓷、白瓷；宋代的青白瓷；元代的青花瓷、卵白瓷、釉里红；明代的青花瓷 、五彩瓷、斗彩、各类颜色釉瓷；清代的数十类精品陶瓷。,全年 周二-周日 09:00-17:00;全年 周一 全天不开放,https://img1.qunarzz.com/travel/d2/1511/9e/ce335c0724de70f7.jpg_480x360x95_5e4791bc.jpg,4.6,建议游览时间：2小时,四季皆宜。春秋季,"{'景德镇陶瓷文化精华一日游（景德镇上门接送）\n\n': ['¥258起'], '【酒店套餐】景德镇陶邑阊阳遇遥酒店1-2晚住宿游御窑厂网红打卡\n\n': ['¥1365起']}",,1
瑶里景区Yaoli Destination,http://travel.qunar.com/p-oi709084-yaolijingqu,"

地址:
景德镇市东北43公里处


电话:
0798-2601228

",瑶里古称“窑里”，因是景德镇陶瓷的发祥地而得名。这里没有太多游人，有的是安安静静的徽派老建筑、山水景色，以及古时制陶业昌盛时留下的辉煌印记。瑶里很适合悠然地逛逛，夏天草木茂盛的时候拍出的照片尤为好看。瑶里景区包含5个子景区，从东北至西南依次是：汪湖生态游览区、梅岭休闲度假区、绕南陶瓷主题园区、瓷茶古镇游览区、高岭土矿遗址园区，这几个子景区分布得较为分散，瓷茶古镇和汪湖之间相隔十几公里，又没有班车，因此通常吃住在古镇上，然后花1-2天包车游玩这几个景区。游人首先到达的一般是瓷茶古镇，进入景区大门就是售票处，通常会在此买票，在子景区买票也可以。如果你打算参观景点，买景区5景点联票比较划算（联票2天有效）。若只是为了看景点，其实不必在瑶里过夜，所有景点包车一天逛下来足够了，若是抱着散心的态度，不妨多待一两天。这里并没有像乌镇那样进行大规模的旅游开发，当地人的生活和周遭的风景融为一体，原汁原味的空气和山水人文，值得你在此放慢脚步。在镇里闲逛是免费的。古镇基本是个回字形，闲逛下来大概2小时左右。瑶河水很有灵性，沿路上的高架水渠是瑶里相较于其它徽派民居的最大特点，不仅构景十分漂亮，走在上面还可以俯视古镇。镇里的明清商业街也值得逛逛，虽没有当年繁华，但商业氛围十足，沿路都是卖碱水粑的，一种长得有些像肥皂，吃起来类似年糕的食物，是当地最出名的小吃，可以买来尝尝。包车从古镇出发，第一站去到最北的汪湖，汪湖其实不是湖，而是这里有姓汪、姓胡的两大家族。这里能算上瑶里景色最好的地方，除了好几处瀑布，还有一片原始森林，里面许多十分高大的树，天晴的时候在树荫中行走，地面上树影斑驳，拍出的照片也十分好看。在梅岭主要看张氏宗祠的古建筑和一片千年古樟群，还可以走走麻石铺就的徽饶古道。此外，有不少影视作品曾在这里取景，最出名的要数《闪闪的红星》中潘冬子走过的红军桥，不可错过。夏天的时候还可以去景区旁边的瑶里漂流玩水（另付费）。绕南陶瓷主题园区最靠近古镇，是几个景区中比较有趣的一个，里面不仅可以看古代的窑口，还有一个可以自己玩陶、拉胚的体验活动。以上几个景点玩下来大约4-5小时，高岭土矿遗址园区由高岭和东埠两个景区构成，这里是当年高岭土、釉果等景德镇制瓷原料的集散地，盛极一时。如今可以逛逛东埠古街、古码头，看看古高岭矿坑等当年繁华的印记。不过因为它在和其它景点反方向，要去的话会增加一些包车费用，因此去的人不多，可根据个人兴趣酌情考虑。,全年 08:00-18:00,https://img1.qunarzz.com/travel/d8/1505/29/9b412120474685.jpg_480x360x95_7fdf8e0e.jpg,4.4,建议游览时间：3天 - 6天,瑶里旅游主要是以自然生态游、红色游和陶瓷文化游为主，一年四季来都合适。,"{'瑶里景区一票通门票成人票\n\n': ['¥95起'], '瑶里景区一票通门票优待票\n\n': ['¥55起'], '瑶里景区一票通门票双人票\n\n': ['¥195起']}",,1
景德镇陶阳里御窑景区Jingdezhen Ceramics Archaeological Research Center,http://travel.qunar.com/p-oi7475307-jingdezhentaoyangliyu,"

地址:
景德镇市珠山区珠山中路187号


电话:
07988226233

",景德镇陶阳里御窑景区位于景德镇市老城区中心地带，为国家4A级景区，占地面积3.2平方公里，核心区域超过1.6平方公里，由全国重点文物保护单位一一御窑厂遗址、以及御窑博物馆、周边里弄民居、会馆瓷行、窑作群落、陶瓷工业遗产等历史文化遗存组成。历史上所说的“陶阳十三里，烟火十万家”指的就是这片区域。这里是“瓷国皇冠上的明珠”，是明清两代专造皇家瓷器之所。埋藏于地下的瓷片，与故宫馆藏同源，隐藏了景德镇闻名天下的“密码”。这里是千年古镇的“活化石”，宋元古道、明清建筑、窑砖里弄、会馆书院、工业遗存等，原真保护了老景德镇的历史风貌，系统展示了2000年冶陶史、1000 年官窑史、600 年御窑史以及百年党史、新中国史在景德镇的时代变迁地带，是景德镇城市的独特符号与文化名片，已被列入世界文化遗产预备名单。这里还有南货街、红店街、音乐酒吧、老茶馆、老酒馆、种德堂中医馆、铁匠铺、候鸟居、酒店民宿、玉空间、文艺工厂、中央音乐学院教学基地、传统戏剧演出等业态，是古老瓷都焕发“年轻态”的范例，是新兴的陶瓷文化旅游目的地。,9：00－18：00,https://img1.qunarzz.com/piao/fusion/2110/f8/1a7e42db9094d502.jpg_480x360x95_88e91a74.jpg,4.3,建议游览时间：1小时 - 2小时,四季皆宜。,"{'景德镇御窑厂国家考古遗址公园电子导览服务大小同价\n\n': ['¥9起'], '武功山+明月山景区等百余家景区一卡通票大小同价\n\n': ['¥199起']}",,1
古窑民俗博览区Ancient Kiln Folk Customs Museum,http://travel.qunar.com/p-oi7475306-guyaominsubolanqu,"

地址:
景德镇市瓷都大道古窑路1号


电话:
400-118-1728,0798-8534444


官网:
http://www.chinaguyao.com

",景德镇古窑民俗博览区主要分历史古窑展示区和陶瓷民俗展示区两块，在这里你可以看到从宋代到清代的古窑，再现了十五、十六世纪景德镇制瓷业的风貌，欣赏独特的瓷乐演奏。景区内的建筑多由老房子改造，让游客在古色古香中了解景德镇的陶瓷文化。进景区大门后，各景点都有瓷制的路牌指示方向。右手边是历史古窑展示区，首先看到风火仙师庙，供奉着明代万历年间为烧窑而献身的童宾，后人尊他为窑神。往里走是一排作坊，出售精美的陶瓷工艺品，不过价钱都很贵。再往里便是这个区域的重头戏——各个时代的古窑，你可以依次看到清代镇窑、明清御窑（青窑、龙缸窑）、明代葫芦窑、元代馒头窑、宋代龙窑，花几块钱喝一碗窑工茶，和窑工师傅聊聊天，能知道很多瓷器和古窑的故事，茶还可以续杯。进景区大门左手边是陶瓷民俗展示区，首先看到的是清代建筑群清园，穿过瓷碑长廊，走到尽头是明代建筑群明闾。瓷碑长廊西侧的瓷音水榭（水上戏台）则可以看免费的瓷乐演奏，所用乐器都是陶瓷做的。另外，在景区的一些作坊内可以付费参与陶瓷制作，亲手DIY一件属于自己的陶瓷作品。,全年 08:00-17:00,https://img1.qunarzz.com/travel/d3/1505/fe/2ed0e54ebcdfd7.jpg_480x360x95_d3deefce.jpg,4.5,建议游览时间：3小时 - 4小时,四季皆宜。,"{'古窑民俗博览区门票成人票\n\n': ['¥83起'], '古窑民俗博览区门票儿童票\n\n': ['¥45起'], '古窑民俗博览区门票学生票\n\n': ['¥45起']}",,1
三宝国际陶艺村Sanbao Ceramic Art Institute,http://travel.qunar.com/p-oi5851286-sanbaoguojitaoyicun,"

地址:
景德镇市昌江区三宝村四家里


电话:
0798-8496513

","景德镇城东南十余里有一片老式农宅和陶瓷作坊，叫三宝国际陶艺村。整个村子看似普通的很旧的农家小院,进入门内是一个陶泥标志物，里面嵌了很多瓷片、陶艺作品，院子里有从外面引入的小溪，水清见底，躺着的瓷碗、瓷片，有的掩埋了一半在泥里，古老的木制农具和当地的日常用品静静地待在一边，原木的门上贴着的大红春联。原木的长凉亭，原木的农家的米桶是椅子。它随意、简单、毫无章法、却野趣天成。 　　这里有原汁原味的生活情景、情节：房屋是从村民手中买的，院墙是20年前村民们使用“干打垒”工艺筑成的，屋内陈设也是村民们20多年前使用的生产、生活器具，近10名工匠在这里用原始的方法生产陶瓷和制陶工具。这里除了生活区之外，有工作室、陶艺馆，还有传统的制瓷工具、烧木柴的窑、民间艺人等，断臂的观音、没有头的菩萨，甚至一块渣饼、一只碗底、一只变形的龙缸。这个经过整理的传统却成了完全意义上的现代。 　　三宝村是一个老式农宅的陶瓷作坊院落，“干打垒”筑成的土院墙，一条清澈见底的小溪从院子里穿过。院中处处是多年劳作的痕迹——瓷碗、瓷片，许多半掩在泥里。",全天开放，内部景点开放时间详见景区公示,https://img1.qunarzz.com/travel/d1/1706/6c/eabd77c51cadcdb5.jpg_480x360x95_71bc9a65.jpg,4.0,建议游览时间：3天,四季皆宜。,具体收费情况以现场公示为主,,1
景德镇御窑文化艺术博物馆Jingdezhenyuyao Culture and Art Museum,http://travel.qunar.com/p-oi34270919-jingdezhenyuyaowenhua,"

地址:
景德镇珠山中路187号（御窑考古遗址公园）

",博物馆的造型就是以“窑”的形态展现的，多个曲面拱体结构，红色砖墙具有古朴的气息。馆内的展品主要来自御窑厂历代官窑遗址所取得的重要陶瓷考古成果以及发掘的各个时期的重要遗物。,周二----周日全天开放（9：00-17：00）法定节假日正常开放,,4.3,建议游览时间：2小时 - 3小时,,免费,,1
"丙丁柴窑Bingding Wood Kiln, Jingdezhen",http://travel.qunar.com/p-oi32749251-bingdingchaiyao,,丙丁柴窑位于浮梁县前程村，环山而建，周遭竹林环抱，溪水从此间流过，可谓清幽静谧。,,https://tr-osdcp.qunarzz.com/tr-osd-tr-manager/img/f0cc9a33552ba8dba7fe13d426425386.jpg_480x360x95_f06d9dd8.jpg,3.4,建议游览时间：1小时 - 2小时,,具体收费情况以现场公示为主,,1
瑶里千年古镇Yaoli Porcelain Tea Ancient Town,http://travel.qunar.com/p-oi10004426-yaoliqiannianguzhen,"

地址:
景德镇市浮梁县瑶里镇


电话:
0798-2601393

",瑶里千年古镇从西汉建镇开始，迄今已有两千多年历史。这里荟萃了明清古建筑群和革命旧址等众多人文景观，主要景点有明清商业街、程氏宗祠、狮冈胜览、宏毅祠等。走在这里的古街上，踩着镶嵌着鹅卵石的青石板路，数着街两边的古店铺，历史的痕迹在细微末节中铺展在眼底，恍然如梦回千年。古镇坐落在山谷之中，四周群峰环抱，整个古镇南踞象山，北卧狮山，瑶河穿镇而过，形成山水萦绕的地理环境，让古镇更显宁静清澈。古镇里的明清商业街是古徽州大道上繁华的商业街之一，全长一千多米，分为上街头、中街头、下街头三段。昔日有上百幢店铺鳞次栉比地分布在街道两旁，至今仍保存较好。,全天开放,https://tr-osdcp.qunarzz.com/tr-osd-tr-space/img/40522b3eb0e1469763a7d2a6d9fb8877.jpg_480x360x95_21300ded.jpg,4.5,建议游览时间：12小时 - 3天,,古镇免费进入，景区内部分景点另收费,,1
浮梁古县衙景区Fuliang Former County Government,http://travel.qunar.com/p-oi713301-fuliangguxianyajingqu,,,,,,,,,,1
明清园Ming and Qing Garden,http://travel.qunar.com/p-oi716200-mingqingyuan,"

地址:
景德镇市珠山区新厂东路218号


电话:
0798-8435888

",明清园位于景德镇雕塑瓷厂厂区内，是景德镇国际陶艺中心所在地，为仿明代徽派建筑群。园内的瓷器街是景德镇古代瓷器商业街的再现，许多工艺美术大师在此设工作室，展示着巧夺天工的陶瓷雕塑技艺。每个周末早上都有瓷器集市，露天的摊，东西又多又好玩，外地看不到的。较多搞创作的学生、艺术家以及陶艺店铺。周六上午还有以陶瓷学院学生为主的陶艺地摊活动。,全年 9:00-17:00,https://img1.qunarzz.com/travel/d9/201407/11/2a558d04c3d9c578c8d65eac.jpg_480x360x95_04005aab.jpg,4.3,建议游览时间：2小时 - 3小时,四季皆宜。,具体收费情况以现场公示为主,,1
洪岩仙境风景区,http://travel.qunar.com/p-oi702517-hongyanxianjingfengjing,"

地址:
景德镇市乐平市洪岩镇（距景德镇市区约50公里，距乐平市区38公里，毗邻婺源、德兴两县市）


电话:
0798-6318236、6318285  

",洪岩仙境风景区距景德镇市区约50公里，距乐平市区38公里，毗邻婺源、德兴两县市，属国家AAAA级旅游景区。境内拥有众多自然、生态、人文景观，如鬼斧神工、堪称溶洞四绝的“洪岩仙境”；丹桂飘香、怪石嶙峋，藤穿石、石抱树的“石林峰谷”；建于明万历26年，终年水花飞溅的“铁井飞泉”；雍正皇帝御赐“世德、流光”四字的“项家庄古祠堂”；更有“一门四进士，一相两尚书”的洪公气节和《容斋随笔》的巨献。洪岩尽胜景，洞外妙境佳，位于溶洞山顶，是古生代地壳变动而形成的、距今有3...洪岩仙境风景区距景德镇市区约50公里，距乐平市区38公里，毗邻婺源、德兴两县市，属国家AAAA级旅游景区。境内拥有众多自然、生态、人文景观，如鬼斧神工、堪称溶洞四绝的“洪岩仙境”；丹桂飘香、怪石嶙峋，藤穿石、石抱树的“石林峰谷”；建于明万历26年，终年水花飞溅的“铁井飞泉”；雍正皇帝御赐“世德、流光”四字的“项家庄古祠堂”；更有“一门四进士，一相两尚书”的洪公气节和《容斋随笔》的巨献。洪岩尽胜景，洞外妙境佳，位于溶洞山顶，是古生代地壳变动而形成的、距今有3亿多年，这里还有古人类居住生息遗址、南宋的洪皓学堂遗址、明代的铁井飞泉、当代中美农业考古队考古现场。还有美丽如画的石林，古色古香的松漠亭，引人入胜的南星岩、仙姑岩、神宝峰、狮哮峰、松漠峰、独秀谷、珍珠岩。,9:00—17:00,https://img1.qunarzz.com/travel/poi/201211/15/fe2fcfb8c9e4318fddb12cfb.jpg_480x360x95_411f8a57.jpg,4.6,建议游览时间：4小时 - 5小时,春秋季,81元,,2
龙珠阁Longzhu Pavilion,http://travel.qunar.com/p-oi715798-longzhuge,"

地址:
景德镇市珠山区中华北路2号


电话:
0798-8201378

",龙珠阁建于景德镇珠山顶上，建于唐代，后来几度兴毁。现在的龙珠阁是于1990年重建的，是一幢仿明重檐宫廷建筑，采用明四暗七的结构，共6层，高34.5米。现为景德镇官窑博物馆，阁内分为与原官窑相关的资料展示和经由古陶瓷研究所复原的官窑瓷展示两部分。阁内珍藏有大批官瓷珍品，如青花釉里红万件花瓶、明正统官窑巨型龙缸及珠山出土的明代官窑陶瓷珍品等，还有一些官窑史料，对景德镇官窑器的研究有不可或缺的重要参考价值。明、清王朝曾珠山设立御窑厂，并派督陶官距此坐镇，监造皇宫用瓷。龙珠阁于是为御窑厂的代表性建筑，后逐渐衍化成景德镇的标志性建筑。龙珠阁在唐代叫聚珠亭，宋代称中立亭，明代称朝天阁和环翠亭，清代又改称文昌阁，重建后才改叫“龙珠阁”。作为明清官窑遗址，龙珠阁周围的地底下还埋藏着无数宝贵的文物。,全年 8:00-17:30,https://img1.qunarzz.com/travel/d5/201404/20/95111be9d81eb33addb12cfb.jpg_480x360x95_5efd5ed9.jpg,4.2,建议游览时间：1小时 - 2小时,春秋季,免费,国宴酒：绍洪老酒景德镇瓷器造型优美，品种繁多，装饰丰富，风格独特。瓷质“白如玉、明如镜、薄如纸、声如磬”，景德镇陶瓷艺术是中国文化宝库中的重要财富。景德镇瓷雕制作可以追溯到一千四百多年前，远在隋代就有“狮”、“象”、大曾的制作。当代的景德镇，瓷雕工艺精湛，工艺种类齐全，有园雕、捏雕、镂雕、浮雕等；千姿百态、栩栩如生；装饰丰富，有高温色温、釉下五彩、青花斗彩、新花粉彩等；艺术表现力强，有的庄重浑厚，有的典雅清新，有的富丽堂煌，鲜艳夺目。青花、玲珑、粉彩、颜色釉，合称景德镇四大传统名瓷，薄胎瓷称神奇珍品，雕塑瓷为我国传统工艺美术品。景德镇特产景德板鸡景德镇虎山鳊鱼,2
湖田古窑遗址,http://travel.qunar.com/p-oi704900-hutianguyaoyizhi,"

地址:
景德镇市昌江区

",,9:00-17:00,https://img1.qunarzz.com/travel/d9/1507/76/34cd636133829.jpg_480x360x95_2935ded6.jpg,4.2,建议游览时间：1小时 - 2小时,春秋季,20元,,2
样集弄民宅,http://travel.qunar.com/p-oi702228-yangjinongminzhai,"

地址:
江西省景德镇珠山区市内中心样集弄

",位于景德镇市区中心，是一条保存较完整的明代巷道，内有明代住宅多处，其中3号、11号两幢民居建于明成化年间（1465－1487年）。住宅的平面布局分上堂与下堂，四正两厢加后房，中有天井，门皆设于侧面。正堂明间作单层处理，堂房显得高大轩昂，梁坊之间的隔断尚存“编竹造”的遗制，构件的装饰均安装在重点部位。柱础地脚饰以精美的石雕，艺术造型均匀合理，装饰纹样丰富多彩，满宅堂皇秀丽，住宅梁柱用材大，前檐柱及前额枋直径达扣厘米，均采用优质樟木等材料制作。     &n...位于景德镇市区中心，是一条保存较完整的明代巷道，内有明代住宅多处，其中3号、11号两幢民居建于明成化年间（1465－1487年）。住宅的平面布局分上堂与下堂，四正两厢加后房，中有天井，门皆设于侧面。正堂明间作单层处理，堂房显得高大轩昂，梁坊之间的隔断尚存“编竹造”的遗制，构件的装饰均安装在重点部位。柱础地脚饰以精美的石雕，艺术造型均匀合理，装饰纹样丰富多彩，满宅堂皇秀丽，住宅梁柱用材大，前檐柱及前额枋直径达扣厘米，均采用优质樟木等材料制作。                    ,全天,https://img1.qunarzz.com/travel/poi/201408/04/ca1c4aede3bf75cfc8d65eac.jpg_480x360x95_942fad20.jpg,3.0,建议游览时间：2小时,春秋季,免费,,2
古代瓷器街,http://travel.qunar.com/p-oi714513-gudaiciqijie,"

地址:
景德镇市昌江区麻石下弄

",景德镇古代瓷器街位于市区麻石下弄，是明末清初景德镇名闻遐尔最为热闹繁华的一条街。现在著名的瓷器街，其一是位于市中心的莲社南路瓷器街；其一是位于瓷都大道上的三河瓷器街。每条街都有国营、集体、个体瓷器商店数百家，各种珍贵名瓷异彩纷呈、琳琅满目。,全天,https://img1.qunarzz.com/travel/d5/1612/e9/bad3c206a6064fb5.jpg_480x360x95_31fceb41.jpg,3.9,建议游览时间：1小时 - 2小时,四季皆宜,,,2
景德镇民窑博物馆Jingdezhen Minyao Museum,http://travel.qunar.com/p-oi7469847-jingdezhenminyaobowuguan,"

地址:
景德镇市珠山区东郊航空路18号


电话:
0798-8481071

",景德镇民窑博物馆设于全国著名的湖田窑古瓷遗址文物保护区内。在四十余万平方米的地下积淀了五代至明朝（公元907年-公元1644年）制瓷历史的丰富文化遗存，它清晰地反映了这七百年间陶瓷工艺史上重大变革和集中国古代制瓷历史之大成的全过程，是全国乃至全世界陶瓷史学研究者、陶瓷工艺美术爱好者和中外广大游客的朝圣之地。民窑博物馆不仅收藏陈列了湖田窑各个历史阶段产生的各类典型标准器物和历史考古发掘出来的珍贵文物及考古标本等，还保护了宋、元、明各个重要历史时期弥足珍贵的窑炉、制瓷作坊等二十余处遗迹，向人们展示了古代制瓷的现场情景，让人们感受和触摸到历史的真实。民窑博物馆周围环绕着十二处二十六万平方米面积尚未发掘的古陶瓷遗存，较完整地保存了历史原貌。这些地下丰富文化遗存与发掘清理出来的遗迹，已成为全国重点文物保护单位，不仅是研究陶瓷史和人类文明史的宝贵资料，更可供人们游览观光。,全年 周二-周日 8:30-16:30,https://tr-osdcp.qunarzz.com/tr-osd-tr-manager/img/d1a5f76f3106a72d60e44f94aded044e.jpg_480x360x95_8e90ef6f.jpg,4.3,建议游览时间：2小时 - 3小时,,"{'景德镇民窑博物馆手机导游(不含门票)手绘地图、路线推荐票大小同价\n\n': ['¥10起'], '【南昌出发】龙虎山+庐山+篁岭+三清山+景德镇+鄱阳湖5日游 含4早餐+7正餐+纯玩无购物\n\n': ['¥1668起'], '【酒店套餐】景德镇陶邑阊阳遇遥酒店1-2晚住宿游御窑厂网红打卡\n\n': ['¥1365起']}",,2
水帘洞Water Curtain Cave,http://travel.qunar.com/p-oi7469844-shuiliandong,"

地址:
景德镇市乐平市众埠镇


电话:
0798-7101666

",水帘洞，原名樟古岩溶洞，距离怪石林景区三公里。是华东地区大的地下河，壮观的溶洞。水帘洞全长7000余米，目前已开放游程为1000米，900米洞内漂流正在开发建设之中。水帘洞——神奇美妙的洞府世界，为游人增添无穷乐趣。洞内河流纵横，钟乳石琳琅满目，有石柱擎天、石幕低垂、石乳高挂、石钟倒悬、石田阡陌纵横、人神兽物栩栩如生。水帘洞，洞外流水潺潺，洞口一股清泉从高达100多米的崖顶倾泻而下，恰似“飞流直下三千尺，疑是银河落九天”，溶洞忽而低矮狭窄，忽而宽广高大。,8:00-18:00,https://img1.qunarzz.com/piao/fusion/1904/25/f7d320ff078ef02.jpg_480x360x95_c367c704.jpg,4.1,建议游览时间：1小时 - 2小时,,"{'水帘洞门票成人票\n\n': ['¥38起'], '水帘洞门票儿童票\n\n': ['¥30起'], '水帘洞门票学生票\n\n': ['¥30起']}",,2
汪湖生态游览区Wanghu Ecology Tourism Area,http://travel.qunar.com/p-oi7588091-wanghushengtaiyoulanqu,"

地址:
景德镇市浮梁县S205


电话:
0798-2601228,0798-2601393

",汪湖生态游览区是瑶里风景区的重要组成部分，也是瑶里自然景色之处，由原始森林、南山瀑布、徽州古道和虎头岗皖赣交界处组成，上与五华山宗教文化旅游区相连，下与梅岭休闲度假区相接。汪湖村海拔一千三百多米，是景德镇地区地势高的山村，冬季有独特的雪景。南山瀑布位于汪湖的高际山下，是一个跌水瀑布，主要由主瀑、石花瀑、飞龙瀑、飘锦瀑组成，四瀑景致瀑不同。瀑布群全长四百多米，主瀑宽逾七十米，落差六十余米。在夏季这里是个避暑圣地。汪湖生态游览区内的原始森林茂密幽静，...汪湖生态游览区是瑶里风景区的重要组成部分，也是瑶里自然景色之处，由原始森林、南山瀑布、徽州古道和虎头岗皖赣交界处组成，上与五华山宗教文化旅游区相连，下与梅岭休闲度假区相接。汪湖村海拔一千三百多米，是景德镇地区地势高的山村，冬季有独特的雪景。南山瀑布位于汪湖的高际山下，是一个跌水瀑布，主要由主瀑、石花瀑、飞龙瀑、飘锦瀑组成，四瀑景致瀑不同。瀑布群全长四百多米，主瀑宽逾七十米，落差六十余米。在夏季这里是个避暑圣地。汪湖生态游览区内的原始森林茂密幽静，物种繁多，林内栖息生长着百余种野生植物，有“植物王国”之美称。共有木本植物95科、256属、648种，胸径50厘米以上树木达600多株，平均树高30余米，大古木胸径可达136厘米，高45厘米。景区内还有一处明朝时期所建造的“复源桥”，是当年从徽州（安徽）至饶州（江西）古道必经之桥。而徽饶古道历来是古徽州通往饶州的交通要道，此古道从梅岭村前的河对岸一直通向贯穿虎头山，连接皖赣两省，全长10公里，宽三尺，进入安徽可到休宁、屯溪，全部由麻石铺砌而成，走在古道上别有一番情趣。,夏季：8:00-18:00，冬季：8:00-17:00,https://img1.qunarzz.com/travel/poi/1412/57/57175575d5a8acb1cdb.jpg_480x360x95_963ec90e.jpg,4.2,建议游览时间：4小时 - 5小时,,"{'【尊享团】婺源篁岭+三清山+景德镇3日游 含2晚商务酒店+行程不匆忙+纯玩无购物\n\n': ['¥1488起'], '【赣东北全景游】篁岭+三清山+东线+北线+景德镇瑶里5日游 连住4晚不挪窝+上门接送+行程不匆忙\n\n': ['¥2066起'], '景德镇瑶里纯玩山水一日游（上门接送，纯玩不购物，好评如潮）\n\n': ['¥198起']}",,2
绕南陶瓷主题园rao nan tao ci zhu ti yuan qu,http://travel.qunar.com/p-oi7587915-raonantaocizhutiyuan,,,,,,,,,,2
怪石林Guaishi Forest,http://travel.qunar.com/p-oi7469843-guaishilin,"

地址:
景德镇市乐平市众埠镇


电话:
0798-7101555


官网:
http://www.jxgsl.com/

",江西怪石林位于乐平、弋阳、万年三县（市）交界的文山一带，与三清山、瓷都景德镇、龟峰、龙虎山等景点处于同一条旅游精品线上，地理位置十分优越。面积达数十个平方，其范围之广，景观之美，在我国石林景观中是极为罕见的，它是目前国内迄今为止发现的面积大、景致集中、景观美丽的石林。走进怪石林，惟妙惟肖的象形石与美丽迷人的地下暗河、形态各异的溶洞、诡异神秘的天坑、鬼斧神工的石峡谷等喀斯特地貌交相辉映，加之绿树掩映、藤萝缭绕，构成了一幅幅动人的生态景观图——或玲珑...江西怪石林位于乐平、弋阳、万年三县（市）交界的文山一带，与三清山、瓷都景德镇、龟峰、龙虎山等景点处于同一条旅游精品线上，地理位置十分优越。面积达数十个平方，其范围之广，景观之美，在我国石林景观中是极为罕见的，它是目前国内迄今为止发现的面积大、景致集中、景观美丽的石林。走进怪石林，惟妙惟肖的象形石与美丽迷人的地下暗河、形态各异的溶洞、诡异神秘的天坑、鬼斧神工的石峡谷等喀斯特地貌交相辉映，加之绿树掩映、藤萝缭绕，构成了一幅幅动人的生态景观图——或玲珑剔透、秀美多姿，或狂野豪放、洒脱不羁，或如雕似琢、精巧细致。怪石林以五怪闻名于世，五怪为：树怪、石怪、水怪、怪坑、气候怪。怪石林风景区由四个景区组成：风景坪景区、风动石景区、园之源、风动口景区。,8:00-18:00,https://img1.qunarzz.com/travel/poi/1408/28/e1ae6b728af9aa8bffffffffc8d65eac.jpg_480x360x95_ee22ffbc.jpg,4.6,建议游览时间：3小时 - 4小时,,"{'怪石林门票成人票\n\n': ['¥39起'], '怪石林门票儿童票\n\n': ['¥30起'], '怪石林门票学生票\n\n': ['¥30起']}",,2
浮梁红塔Hong Tower of Fuliang,http://travel.qunar.com/p-oi708296-fulianghongta,"

地址:
旧城


电话:
+86 798 262 1155

",红塔在景德镇市浮梁县旧城内西面的一个小土堆上，六角七层，每面有二朵铺作，角上有转角铺出，余各层均有平座，每层平座设有三门，各据一面，余三面无门，各据一面，余三面无门，因墙厚度大，故塔内形成一条长巷。,全天,https://img1.qunarzz.com/travel/poi/201211/15/78fa9135eeacc5c7ddb12cfb.jpg_480x360x95_afec835c.jpg,4.4,,春秋季,{'【酒店套餐】景德镇陶邑阊阳遇遥酒店1-2晚住宿游御窑厂网红打卡\n\n': ['¥1365起']},,3
景德镇陶瓷学院,http://travel.qunar.com/p-oi5860023-jingdezhentaocixueyuan,,,,,,,,,,3
国贸美术馆,http://travel.qunar.com/p-oi7526994-guomaomeishuguan,,国贸美术馆成立于2013年5月，由景德镇钟氏瓷业和景德镇紫莲花网络有限公司联合创办，是一家集陶瓷艺术品典藏、陶瓷艺术品展览、陶瓷艺术家笔会交流、陶瓷艺术礼品瓷设计定制及陶瓷艺术家宣传为一体的1200平米景大型综合艺术文化传媒机构。国贸美术馆坚持“弘扬千年瓷都陶瓷文化，典藏现代陶瓷艺术精品”的办馆理念，不断创新营销理念、优化艺术家作品资源、拓展艺术收藏群体、丰富陶瓷艺术文化。国贸美术馆现集合大瓷网、大陶网、《瓷源》陶瓷艺术杂志等互联网媒体及书面媒体资源，且...国贸美术馆成立于2013年5月，由景德镇钟氏瓷业和景德镇紫莲花网络有限公司联合创办，是一家集陶瓷艺术品典藏、陶瓷艺术品展览、陶瓷艺术家笔会交流、陶瓷艺术礼品瓷设计定制及陶瓷艺术家宣传为一体的1200平米景大型综合艺术文化传媒机构。国贸美术馆坚持“弘扬千年瓷都陶瓷文化，典藏现代陶瓷艺术精品”的办馆理念，不断创新营销理念、优化艺术家作品资源、拓展艺术收藏群体、丰富陶瓷艺术文化。国贸美术馆现集合大瓷网、大陶网、《瓷源》陶瓷艺术杂志等互联网媒体及书面媒体资源，且得到广大国家大师、省级大师的深切关怀指导。,,https://img1.qunarzz.com/travel/d3/1507/5d/e36ec3486b051d.jpg_480x360x95_b3f14bfb.jpg,3.0,建议游览时间：0.5小时,,,,3
瓷音水榭,http://travel.qunar.com/p-oi7587843-ciyinshuixie,"

地址:
景德镇市昌江区瓷都大道古窑路1号景德镇陶瓷历史博览区内	


电话:
0798-8534444	


官网:
http://www.chinaguyao.com

",位于景德镇古窑民俗博览区内，景德镇瓷乐团于1985年成功地研制了以瓷盘为主要材料的新型民族打击乐器“瓷瓯”，先后获得国家发明银奖和文化部科技成果奖。这套瓷乐器采用优质瓷土按专业乐器技术要求精致制作，演奏起来清晰悦耳、美妙动听，是景德镇瓷乐器“声如磬”的集中体现，具有音质纯正优美，音域音量适中和音准校定后不受气温影响而较稳定等特点，属于世界首创。瓷乐团第一次在“99”昆明世博会上亮相，立即引起轰动。2000年，时任外交部部长的钱其琛同志听完瓷乐后，欣然题词“...位于景德镇古窑民俗博览区内，景德镇瓷乐团于1985年成功地研制了以瓷盘为主要材料的新型民族打击乐器“瓷瓯”，先后获得国家发明银奖和文化部科技成果奖。这套瓷乐器采用优质瓷土按专业乐器技术要求精致制作，演奏起来清晰悦耳、美妙动听，是景德镇瓷乐器“声如磬”的集中体现，具有音质纯正优美，音域音量适中和音准校定后不受气温影响而较稳定等特点，属于世界首创。瓷乐团第一次在“99”昆明世博会上亮相，立即引起轰动。2000年，时任外交部部长的钱其琛同志听完瓷乐后，欣然题词“奇瓷神韵”。,8:00-17:00,https://img1.qunarzz.com/travel/poi/1412/84/840e14e62e0aba40cdb.jpg_480x360x95_26f0ab91.jpg,3.7,建议游览时间：1小时 - 2小时,四季皆宜,免费,,3
诸仙洞Zhuxiandong,http://travel.qunar.com/p-oi701606-zhuxiandong,"

地址:
浮梁南部寿安镇(近屏山)


电话:
0798-8225015

",位于景德镇市区东南24公里处屏山。相传古代四方神仙聚居于此，潜行修炼，比武道行，故名。诸仙洞周围山峦叠翠，林木葱郁，修竹婆娑，藤萝蔓绕。洞口高大宽敞，洞内钟乳，岩石奇特，千姿百态。“洞宾悬剑”，“铁拐醉酒”，“洞箫横吹”等几十处景观惟妙惟肖。一步一景，奇趣盎然。  洞南6公里处有一“龙池”，呈四方型，纵横数丈，池水碧绿。池周山石嵯峨，流水潺潺，如琴如瑟，令人心旷神怡。池后有一小岩洞，内有一圈井，井泉终年汩汩不息，渗入龙池。龙池常年有水，数十年一涸。旁有碑刻，篆刻了浮梁知县陈安所作的《龙池三竭记》。龙池百米处又有一泉眼，称“龙眼”，又名间歇泉。龙眼约一米方圆，水深一米许，清澈可鉴眉须。龙眼每日早，中，晚分别涌泉一次。此奇特景象盎然意趣。,9:00-18:00,https://img1.qunarzz.com/travel/poi/201407/30/e82644fd0a7c8a13c8d65eac.jpg_480x360x95_a476f3d7.jpg,4.2,建议游览时间：1小时 - 2小时,四季皆宜,具体收费情况以现场公示为主,,3
黄泥头古瓷窑遗址,http://travel.qunar.com/p-oi709656-huangnitouguciyaoyizhi,,景德镇五代至北宋时期最有代表性的古窑址，在市东黄泥头小学后山，该址遗物丰富集中，保存完好，堆积范围约5000平方米，分东西两堆，高十数米。西推以五代遗物为主，产品有灰胎青釉器和白胎白釉器两种，碗盏以钉重合选烧，壶为瓜梭式。东堆以北宋遗物为主，主要为影青瓮，取一器一匣的仰烧法。,,https://img1.qunarzz.com/travel/d8/1507/2d/62526efae5de.jpg_480x360x95_8bab65b9.jpg,4.0,,,,,3
三闾庙古街Sanlumiao Ancient Street,http://travel.qunar.com/p-oi7476170-sanlu:miaogujie,"

地址:
景德镇市昌江区昌江大道226号

",三闾庙古街位于江西省景德镇市区昌江与西河交汇处，昌江河两岸的山嘴上，与镇上“里市渡”隔河相望，整个三闾庙古街分为明街、清街和古码头三部分，是有名的历史文化街区。  三闾庙的明街长84.7米，宽4.5米，为明朝中晚嘉靖年间（1522-1566年）所建，有历时500年仍保存完好的青砖街面，路面呈拱形，两侧有排水明沟，整条街道不如清街保存完整，平时的气氛也比较冷清。三闾庙的清街全长231米，宽约3米，街口有“三闾古栅”的石牌，街面用长石条、青石板铺成，清街两旁为各式商店和民宅，曾是清代时期十分繁华的商贸街，经1998年重新建设后，古朴中透露这一丝现代气息。古码头则是用青石条垒成的，共三层，以适应不同水位的要求，非常科学，在古码头上还建有一座纪念有名诗人屈原的“忠洁侯庙”，即“三闾大夫庙”，三闾大夫庙的北侧就是清街的入口。令人饱眼福的是明街、清街两条古街，分别为明、清两个朝代所建。街道各具特色，充分显示了当时的繁荣景象。 ,全年 1:00-23:00,https://img1.qunarzz.com/travel/poi/1409/19/8b49c1cb075b796dffffffffc8d65eac.jpg_480x360x95_de9c26cd.jpg,4.1,建议游览时间：0.5小时,四季皆宜,具体收费情况以现场公示为主,,3
南山瀑布Nan Mountain Waterfall,http://travel.qunar.com/p-oi7587573-nanshanpubu,"

地址:
瑶里镇瑶里汪湖区


电话:
18999996580

",南山瀑布位于瑶里汪湖的高际山下，是一个跌水瀑布。瀑布全长约四百余米，总落差达到两百米左右，一眼看去气势磅礴。,全天,https://img1.qunarzz.com/travel/poi/1605/55/c26b73427aad4ff7.jpg_480x360x95_0da7b4ad.jpg,4.7,建议游览时间：1小时 - 3小时,,免费,,3
景德镇御窑厂国家考古遗址公园,http://travel.qunar.com/p-oi39564383-jingdezhenyuyaochangguo,,,,,0.0,,,具体收费情况以景区现场公示为准；,,3
陶溪川玻璃工作室,http://travel.qunar.com/p-oi39529164-taoxichuanboligongzuo,,陶溪川玻璃工作室与国内外艺术家联合，聚焦“专业”、“开阔”、“无界”“温暖”为玻璃艺术家、从业者与爱好者提供“无 界”的活动空间邀请国外有特点、有成就及影响力的艺术家教授作为任课教师，以大师班的形式开展课程；时间短、强度大，国际教师与学员面对面帮助他们成为职业艺术家。我们不仅有基础教学、创意技法、思维拓展、跨界融合等学术类课程，也有以趣味性为主的课程，激发学生们的兴趣。,,,0.0,,,,,3
景德镇市科技馆,http://travel.qunar.com/p-oi39409424-jingdezhenshikejiguan,,,,,0.0,,,,,4
邑山窑,http://travel.qunar.com/p-oi39351723-yishanyao,,,,,5.0,,,,,4
东埠村,http://travel.qunar.com/p-oi39160654-dongbucun,,,,,--,,,,,4
双龙瀑布,http://travel.qunar.com/p-oi39036588-shuanglongpubu,,,,,--,,,,,4
景德镇花千谷景区,http://travel.qunar.com/p-oi38913489-jingdezhenhuaqiangujing,,,,,,,,,,4
北安村,http://travel.qunar.com/p-oi38877077-beiancun,,,,,--,,,,,4
琅玕山,http://travel.qunar.com/p-oi38857706-langganshan,,,,,0.0,,,具体收费情况以现场公示为主,,4
大唐茶市,http://travel.qunar.com/p-oi38691897-datangchashi,,大唐茶市位于景德镇市浮梁县，是当地有名的大唐风情街，在这里可以穿上唐人服装买卖物品，热闹非凡。,,,3.7,建议游览时间：2小时 - 4小时,,具体收费情况以现场公示为主,,4
寒溪村,http://travel.qunar.com/p-oi38337026-hanxicun,,,,,0.0,,,,,4
景德镇御窑博物院,http://travel.qunar.com/p-oi38145126-jingdezhenyuyaobowuyuan,,景德镇御窑博物院是奇特的拱形建筑，主要陈列一些陶瓷工艺品。,,,4.7,建议游览时间：1小时 - 2小时,,,,4
景德镇陶溪川大剧院,http://travel.qunar.com/p-oi38042519-jingdezhentaoxichuanda,,陶溪川大剧院由英国建筑设计师大卫奇普菲尔德和上海建筑设计研究院共同设计，以清水红砖铺就，水泥灰的水滴柱支撑的大剧院，保持了和其他景德镇地标建筑物一贯的风格，成为了城市文化新名片。,,,--,建议游览时间：1小时 - 2小时,,具体收费情况以现场公示为主,,5
三宝蓬艺术聚落,http://travel.qunar.com/p-oi38038477-sanbaopengyishujuluo,"

地址:
景德镇市珠山区竟成镇三宝路(三宝村委会附近)

",三宝蓬艺术聚落算是三宝村旅游景区的一个核心景点了，在这里汇聚着一个又一个的工作室，同时还有很多的博物馆，比如与时代相适应而生的5G瓷器在线博物馆。,全年 全天开放,,5.0,建议游览时间：2小时 - 3小时,,具体收费情况以现场公示为主,,5
昌南阁,http://travel.qunar.com/p-oi38035145-changnange,,,,,,,,,,5
昌南美术馆,http://travel.qunar.com/p-oi38035043-changnanmeishuguan,,,,,--,,,具体收费情况以现场公示为主,,5
东河,http://travel.qunar.com/p-oi38034470-donghe,,,,,3.0,,,,,5
高岭中国村,http://travel.qunar.com/p-oi38019497-gaolingzhongguocun,"

地址:
江西省景德镇市浮梁县鹅湖镇高岭中国村


电话:
0798-2768188

",高岭·中国村位于浮梁县鹅湖镇，至瑶里风景区仅10公里，距景德镇市区40公里，距景德镇高铁北站29公里，距景德镇罗家机场37公里。景区占地面积26平方公里，是依托浮梁“瓷之源、茶之乡、林之海”的资源优势，打造特色鲜明、业态丰富的田园综合体。整个景区以发展“生态农业、瓷茶文旅、论坛培训、运动康养、旅居文创”五大业态，重点构建“一环两带，六园一区”的空间布局。“一环”即总长近40公里的旅游环路；“两带”即东西两条兼具防洪、灌溉、赏游功能的滨水风光带；“六园”即“高岭花海、浮梁茶海、香樟林海、村长学院、智慧农园、界田小村”；“一区”即“综合服务区”。,全年 09:00-22:30,,4.6,建议游览时间：12小时 - 3天,,,,5
景德镇三宝国际瓷谷,http://travel.qunar.com/p-oi37805427-jingdezhensanbaoguoji,"

地址:
江西省景德镇市珠山区三宝文创中心

",景德镇三宝国际瓷谷是一条在瓷都景德镇东南山麓的十余公里狭长山谷 。相传，古时这里的瓷石矿每天产出的瓷石值三个元宝，因此被称为“三宝”。有人说，沿着这条山谷的古道走去，就能走进大宋的那一轮皓月……这里的一瓷一罐，一草一物，都充满着原始的味道，在此繁衍演变了上千年的瓷文化，散发出它独特的令人难忘的气息。水碓轰鸣，窑火千年，三宝国际瓷谷进入新千年，焕发青春活力。瓷矿、水碓、作坊、工作室，展示了完备的瓷业生产体系和陶瓷非遗传承脉络，洛客设计谷、文创园区、创客、设计力量汇聚成创新风暴，青山绿水与中医康养，伴随游人度过悠然慢时光。,全年 全天开放,,5.0,建议游览时间：2小时 - 3小时,,,,5
天宝公园,http://travel.qunar.com/p-oi37532591-tianbaogongyuan,,,,,0.0,,,,,5
三贤湖公园,http://travel.qunar.com/p-oi37532569-sanxianhugongyuan,, 三贤湖公园里有沙滩、吊桥、樱花林，人们还可以在此乘坐游船。,,,0.0,建议游览时间：2小时,,,,5
天湖公园,http://travel.qunar.com/p-oi37532399-tianhugongyuan,,,,,0.0,,,,,5
仙人桥,http://travel.qunar.com/p-oi37204146-xianrenqiao,,,,,--,,,具体收费情况以现场公示为主,,6
洪岩仙境景区-洪皓广场,http://travel.qunar.com/p-oi37204129-hongyanxianjingjingqu,,,,,--,,,具体收费情况以现场公示为主,,6
颜山美术馆,http://travel.qunar.com/p-oi37190007-yanshanmeishuguan,,,,,0.0,,,具体收费情况以现场公示为主,,6
景德镇御窑景巷艺术馆,http://travel.qunar.com/p-oi37189882-jingdezhenyuyaojingxiang,,,,,,,,,,6
昌南文化工业旅游示范基地,http://travel.qunar.com/p-oi36716050-changnanwenhuagongyelu:,"

地址:
景德镇市昌南新区陶瓷工业园区安华北路昌南文化股份有限公司

",,全年 08:00-17:00,,5.0,建议游览时间：12小时 - 3天,,园内体验项目单收费,,6
富玉陶瓷文化创意产业园,http://travel.qunar.com/p-oi36377524-fuyutaociwenhuachuang,,,,,--,建议游览时间：1小时 - 2小时,,,,6
缘源陶瓷文化创意园,http://travel.qunar.com/p-oi36376944-yuanyuantaociwenhuachuang,"

地址:
外环南路缘源陶瓷文化创意园


电话:
2722333

",,全年 08:00-17:30,,0.0,,,具体收费情况以现场公示为主,,6
景德镇蔡玲玲陶瓷艺术博物馆,http://travel.qunar.com/p-oi36258848-jingdezhencailingling,,,,,0.0,,,具体收费情况以现场公示为主,,6
人民公园动物园Renmingong Zoo,http://travel.qunar.com/p-oi35832748-renmingongyuandongwuyuan,,"人民公园动物园位于景德镇，公园内生活着很多小动物，有小兔子、毛驴和鹿等，非常可爱，优越的地理位置、优美的环境，使这里成了小朋友周末游的好地方。
",,,1.0,建议游览时间：3小时,,,,6
东湖公园Donghu Park,http://travel.qunar.com/p-oi35748618-donghugongyuan,,东湖公园包括市民广场、中心景观区、健身活动区、娱乐活动区、自然生态区、运动休闲等区块，是集休闲、娱乐、游览、行洪排涝和开展文化健身活动于一体的综合性城市休闲公园。,,,0.0,建议游览时间：3小时,,,,6
流坑坞Liukengwu Village,http://travel.qunar.com/p-oi35678485-liukengwu,,,,,--,,,具体收费情况以现场公示为主,,7
宗流坑,http://travel.qunar.com/p-oi35678329-zongliukeng,,,,,--,,,具体收费情况以现场公示为主,,7
睦乐村Mule Village,http://travel.qunar.com/p-oi35474254-mulecun,,,,,,,,,,7
南源坞Nanyuanwu Village,http://travel.qunar.com/p-oi35317215-nanyuanwu,,,,,--,,,具体收费情况以现场公示为主,,7
南港新农村Nangang New Village,http://travel.qunar.com/p-oi35310724-nangangxinnongcun,,,,,--,,,具体收费情况以现场公示为主,,7
南源坞新村Nanyuanwu New Village,http://travel.qunar.com/p-oi35309819-nanyuanwuxincun,,,,,5.0,,,具体收费情况以现场公示为主,,7
车水林头Cheshui Lintou Village,http://travel.qunar.com/p-oi35306271-cheshuilintou,,,,,--,,,,,7
西源坞Xiyuanwu Village,http://travel.qunar.com/p-oi35306231-xiyuanwu,,,,,--,,,具体收费情况以现场公示为主,,7
茶安岭,http://travel.qunar.com/p-oi35304297-chaanling,,,,,--,,,具体收费情况以现场公示为主,,7
吴花上村Wuhuashang Village,http://travel.qunar.com/p-oi35303280-wuhuashangcun,,,,,--,,,具体收费情况以现场公示为主,,7
吴花下村Lower Wuhua Village,http://travel.qunar.com/p-oi35303211-wuhuaxiacun,,,,,--,,,具体收费情况以现场公示为主,,8
凌门坦,http://travel.qunar.com/p-oi35303076-lingmentan,,,,,--,,,具体收费情况以现场公示为主,,8
舍埠中门Shebuzhongmen Village,http://travel.qunar.com/p-oi35302840-shebuzhongmen,,,,,--,,,具体收费情况以现场公示为主,,8
英花尖,http://travel.qunar.com/p-oi35302629-yinghuajian,,,,,--,,,具体收费情况以现场公示为主,,8
浮梁历史文化长廊Fuliang Historical and Cultural Corridor,http://travel.qunar.com/p-oi35296746-fulianglishiwenhuazhang,,,,,4.5,,,具体收费情况以现场公示为主,,8
油榨包,http://travel.qunar.com/p-oi35292619-youzhabao,,,,,--,,,具体收费情况以现场公示为主,,8
油榨槽Youzhacao Village,http://travel.qunar.com/p-oi35291876-youzhacao,,,,,--,,,具体收费情况以现场公示为主,,8
得雨龙山Deyulong Mountain,http://travel.qunar.com/p-oi35215690-deyulongshan,,得雨龙山生态园群山环抱，是一个集珍稀树木、生态农业、健身休闲、观光旅游、科研开发为一体的综合性生态绿色园区。,,,5.0,建议游览时间：2小时 - 4小时,,具体收费情况以现场公示为主,,8
景德镇景东艺术陶瓷珍品博物馆Jingdezhen Jingdong Yishu Taoci Zhenpin Museum,http://travel.qunar.com/p-oi34274563-jingdezhenjingdongyishu,"

地址:
景德镇市高新区长城创域路11号

",,周二----周日全天开放（9：00-17：00）法定节假日正常开发,,--,,,免费,,8
景德镇人间瓷画当代艺术博物馆Jingdezhen Renjian Cihua Dangdai Art Museum,http://travel.qunar.com/p-oi34273597-jingdezhenrenjiancihua,,,,,0.0,,,免费,,8
蔡玲玲陶瓷艺术博物馆Jingdezhen Cailingling Taoci Art Museum,http://travel.qunar.com/p-oi34273236-cailinglingtaociyishu,,,,,,,,,,9
景德镇陶瓷包装历史博物馆Jingdezhen Taoci Baozhuang Lishi Museum,http://travel.qunar.com/p-oi34271319-jingdezhentaocibaozhuang,"

地址:
景德镇市陶瓷工业园区唐英大道

",,周二——周日（9:00-17:00）法定节假日正常开放,,5.0,,,免费,,9
景德镇精益斋陶瓷博物馆Jingdezhen Jingyizhai Taoci Museum,http://travel.qunar.com/p-oi34271117-jingdezhenjingyizhaitao,"

地址:
浮梁县古县衙内

",,周二----周日全天开放（9：00-17：00）法定节假日正常开发,,3.0,,,免费,,9
景德镇玉瓷博物馆Jingdezhenyu Ci Museum,http://travel.qunar.com/p-oi34271032-jingdezhenyucibowuguan,"

地址:
景德镇市农贸批发市场A7栋19-28店面

",,周一至周五开放（9：00-17：00）,,--,,,免费,,9
景德镇皇窑陶瓷艺术博物馆Jingdezhen Huangyao Taoci Art Museum,http://travel.qunar.com/p-oi34269541-jingdezhenhuangyaotao,,,,,0.0,,,免费,,9
名坊园Mingfang Garden,http://travel.qunar.com/p-oi33084653-mingfangyuan,,景德镇名坊园地处景德镇昌南新区东北角腹地，依山傍水，生态环境秀美，园内园林景观迷人，公共设施配套完善。其亮点是拥有非遗集群式活动课堂。营地现落成30余家非遗基地，借助非遗的力量，纵向演绎活化和重现制瓷72道工序，游客身临其境，72道工序不止是停留在书面和画面上，在名坊园，游客可以完整走一遍72道制瓷工序的工坊，亲身体验从采石到成型，到烧成的传统制瓷工艺全过程，并且看到高级的手工陶瓷作品，很多都是礼送外交瓷，国家元首瓷等。,,,5.0,,,具体收费情况以现场公示为主,,9
景德镇老城博物馆Jingdezhen Laocheng Museum,http://travel.qunar.com/p-oi32749939-jingdezhenlaochengbowu,"

地址:
景德镇市珠山区中山北路御窑景巷

",景德镇老城博物馆是一座集中反映景德镇老城历史、社会文化的主题博物馆，馆内展示与互动、参观与体验为一体，涵盖文物收藏、学术研究、社会教育等功能。展馆以陶阳十三里、工匠八方来、器成天下走、御窑景巷老街区的愿景为脉络，串联起千年古镇的过去、现在和未来，让人们更为清晰地了解千年瓷都的制瓷历史和辉煌，更为清晰的了解瓷都历史背后的城市精神、瓷业发展的内在机制、器行九域的合作动力，乃至种种趣味的使市井风情，是见证景德镇老城历史文化的窗口之一。,全年9:00-21:00,https://tr-osdcp.qunarzz.com/tr-osd-tr-manager/img/0be98999ed74bab56e4704f98c5fe00a.jpg_480x360x95_363dd7b4.jpg,5.0,建议游览时间：1小时 - 2小时,,凭身份证等有效证件免费参观,,9
五王庙古戏台Ancient Stage of Wuwang Temple,http://travel.qunar.com/p-oi32458216-wuwangmiaoguxitai,"

地址:
景德镇市珠山区中山北路御窑景巷

",明末清初，龙船弄有一座颇具影响的庙，供奉着专管镇上烧瓷之事的华光天王，因其全名是“五显灵观大帝华光大王”，又称“五王”，所以供奉他的庙就叫“五王庙”。镇上的人为求烧瓷成功，都要到五王庙华光神像前焚香尚工祈祷。而在景德镇陶瓷的鼎盛时期，窑工大多来自外地，且单身汉居多，为丰富窑工工作之余的文艺生活，于是众多窑户老板出资在龙船弄建造一座古戏台，以供窑工们看戏听曲。五王庙古戏台旧址已废弃，移址新建于此。,全年开放，开放时间：9:00-21:00，演出时间：19:30-21:00。,https://tr-osdcp.qunarzz.com/tr-osd-tr-manager/img/56fe57ed42d854104d336af1835845f7.jpg_480x360x95_586410c0.jpg,4.7,建议游览时间：0.5小时 - 1小时,,"收费标准：38元/位（不含茶点）；58元/位（含茶点,可续杯）",,9
陶溪川美术馆Taoxichuan Galley,http://travel.qunar.com/p-oi29460627-taoxichuanmeishuguan,"

地址:
景德镇市珠山区新厂西路150号文创街区


电话:
18779828656

",陶溪川美术馆坐落于陶溪川文创街区内，是街区内一座标志性建筑。美术馆是在原景德镇市“十大国有瓷厂”的“宇宙瓷厂”原有建筑的风貌上，根据美术馆功能和设置要求，对内部结构进行了科学设计和改造，拥有8个展厅以及一个长达81米的隧道窖装置，全场馆面积约3000平方米，展现总长度达670米。所有展厅部分采用滑轨式活动展板和展墙，使得展览陈列和布置更加灵活，视觉上富有变化。另外展厅内采用先进的专业照明系统，烘托作品并营造出高雅的艺术氛围。自2015年开馆以来，现已承办40余场优质艺术展览、50余场学术讲座以及70多场学术活动，邀请国内外知名艺术家、学者及行业领军人物担任主讲人，包括美、英、法、爱尔兰、瑞士、荷兰、韩、日、泰等国外艺术家，国际化、大视野的讲座，成为大学生和文艺青年的精神天堂。,全年9:30-21:30,https://tr-osdcp.qunarzz.com/tr-osd-tr-space/img/1711567962d9489784cc6b3600d6c07c.jpeg_480x360x95_191e570a.jpeg,4.4,建议游览时间：1小时 - 2小时,,40元,,9
御窑景巷Yuyaojing Alley,http://travel.qunar.com/p-oi29460540-yuyaojingxiang,"

地址:
景德镇市珠山区中山北路御窑景巷


电话:
0798-8259901

",御窑景巷是景德镇老城保护与利用项目，地处景德镇昌江沿岸老城区北部，毗邻御窑厂国家考古遗址公园，南起中渡口，北至瓷都大桥，全长1.1公里，占地约3.1公顷，现为国家3A级景区。这里，至今还保留着宋代以后形成的23条里弄，以及码头、商铺、民居、戏台、会馆、教堂等大量历史建（构）筑物等物质文化遗产，并活态传承着制瓷工艺、民俗风情等非物质文化遗产，较为集中地反映了景德镇老城区漫长历史时期陶瓷生产、商业贸易、市井生活、社会治理、文化交融等遗迹形态，是景德镇文化遗产的...御窑景巷是景德镇老城保护与利用项目，地处景德镇昌江沿岸老城区北部，毗邻御窑厂国家考古遗址公园，南起中渡口，北至瓷都大桥，全长1.1公里，占地约3.1公顷，现为国家3A级景区。这里，至今还保留着宋代以后形成的23条里弄，以及码头、商铺、民居、戏台、会馆、教堂等大量历史建（构）筑物等物质文化遗产，并活态传承着制瓷工艺、民俗风情等非物质文化遗产，较为集中地反映了景德镇老城区漫长历史时期陶瓷生产、商业贸易、市井生活、社会治理、文化交融等遗迹形态，是景德镇文化遗产的重要组成部分，具有非常重要的历史和文学艺术价值。游览其中，犹如穿行于时空隧道里，可以体验到古老街区的历史风貌，感受这旖旎多姿的古镇风情和心醉神迷的昌江美景，尽情享受这慢生活时尚老城。景德镇老城博物馆：集中反映景德镇老城历史、社会文化的主题博物馆。馆内展示与互动、参观与体验为一体，涵盖文物收藏、学术研究、社会教育等功能。展馆以陶阳十三里、工匠八方来、器成天下走、御窑景巷老街区的愿景为脉络，串联起千年古镇的过去、现在和未来，让人们更为清晰地了解千年瓷都的制瓷历史和辉煌，更为清晰的了解瓷都历史背后的城市精神、瓷业发展的内在机制、器行九域的合作动力，乃至种种趣味的使市井风情，是见证景德镇老城历史文化的窗口之一。五王庙古戏台:明末清初，龙船弄有一座颇具影响的庙，供奉着专管镇上烧瓷之事的华光天王，因其全名是“五显灵观大帝华光大王”，又称“五王”，所以供奉他的庙就叫“五王庙”。镇上的人为求烧瓷成功，都要到五王庙华光神像前焚香尚工祈祷。而在景德镇陶瓷的鼎盛时期，要攻打多来自外地，且单身汉居多，为丰富窑工工作之余的文艺生活，于是众多窑户老板出资在龙船弄建造一座古戏台，以供窑工们看戏听曲。五王庙古戏台旧址已废弃，移址新建于此。水龙会展陈馆:水龙会是古代的消防组织，多设于寺庙、祠堂或空旷处，由自愿参与的男丁充任。水龙会展陈馆是御窑景巷传统文化展示的特色载体，该馆兼具两大功能，一是讲述老城水龙会至现代消防的演变，传播消防文化；二是服务老城微型消防站，承担着消防安全巡查及出现火情紧急扑救的使命。徽州会馆:建于明清，面朝三闾庙码头，传说此处风水特好。临街是由余姓商人经营树木、木材的店铺，生意火爆，财源广进。后面有住宅、庭院、阳台。余氏家族在此居住后，不但生意越做越大，而且文曲星也特别眷顾，他的后代有一人考上榜眼。民国时期，扩建为徽州会馆，成为徽州商人集会议事所在地。大顺布号:“大顺布号”的前身为“元成永”，坐落在中上北路，老门牌为977号。20年代中期至30年代“元成永”已为主营批发绸布的大型二十一家之一。40年代以后改为“大顺”布号，主要经营各种绸缎、呢绒和各色机制棉布，据悉，在店主多年良好的经营下，布店终年生意兴隆。解放后，“大顺布号”先经“重估财产”以及“公私合营”后并入华昌总店，后并入百货大楼。现保存较好的特色里弄民居玉字巷二号便是“大顺布号”老板所住，其后人仍然居住于此。御窑景巷艺术馆:该馆集展示宣传、保护传承、研究交流等功能于一体的公益性艺术馆。在这里，为艺术家和艺术爱好者提供研究、交流的平台，广泛开展艺术交流活动，从而积极促进景德镇文化艺术与国际艺术交流、展示、和研究。天主教堂：圣安多尼教堂是景德镇市现仅存的一座天主教教堂，此堂于清代戊戌变法后，法籍传教士田烈诺神父在景德镇传教时所建。目前的景德镇天主教圣安多尼堂内的建筑分两部分：即建成于1906年的圣安多尼教堂和建成于1903年的神官厅。民俗展览馆：一座典型的徽派建筑物，正厅堂的陈设延续了古黟县居民中独有特色的陈设格局和格调。正厅中堂挂的是一幅保存完好的古代山水画卷，两边挂着一副对联：几百年人家无非积善，第一等好事只是读书。横匾为“承德堂”，中堂画之下设有条案，条案的正中摆着自鸣座钟，两边分别放置花瓶，紧靠右边花瓶的还有一面精致木雕底座的镜子，取终身平静之意。到如今，大顺布号的后人仍居于此处。老码头沿江步道：位于景德镇母亲河昌江沿岸，昌江河，也叫昌江，由北向南贯穿景德镇市全境，是流经安徽、江西两省的一条河流。昌江岸边大大小小的老码头以找寻不到它的痕迹，却由这亲水平台串联在一起，让你感受它昔日的繁忙场景。,9:00-21:00（周一闭馆，国家法定节假日除外）,,4.2,建议游览时间：3天 - 6天,,园内部分子景点需单收费,,9
西河湾沙滩公园Xihewan Shatan Park,http://travel.qunar.com/p-oi26960262-xihewanshatangongyuan,,西河湾沙滩公园集生态、游憩、观赏为一体，为游客提供了沙滩嬉戏和湿地观赏的生态亲水景观，这里空气清新、古树密布、植被环绕，就像一个天然氧吧，让人心旷神怡。,,,4.5,建议游览时间：2小时 - 3小时,,具体收费情况以现场公示为主,,10
葛家寨Gejiazhai Village,http://travel.qunar.com/p-oi26959079-gejiazhai,,,,,--,,,具体收费情况以现场公示为主,,10
五王庙古戏台,http://travel.qunar.com/p-oi25401169-wuwangmiaoguxitai,,,,,--,,,,,10
金地美景步行街JinDi MeiJing BuXingJie,http://travel.qunar.com/p-oi24442088-jindimeijingbuxingjie,,,,,--,,,具体收费情况以现场公示为主,,10
群英商业街QunYing ShangYeJie (BeiMen),http://travel.qunar.com/p-oi24440913-qunyingshangyejie,,,,https://tr-osdcp.qunarzz.com/tr-osd-tr-manager/img/d2b1a254314e7753bbd3ab793ac4a417.jpg_480x360x95_00368d73.jpg,4.8,,,具体收费情况以现场公示为主,,10
香江美食街XiangJiang MeiShiJie,http://travel.qunar.com/p-oi24440498-xiangjiangmeishijie,,,,,--,,,具体收费情况以现场公示为主,,10
玉石产业一条街YuShi ChanYe YiTiao Jie,http://travel.qunar.com/p-oi24440496-yushichanyeyitiaojie,,,,,--,,,具体收费情况以现场公示为主,,10
景德镇陶瓷民俗博览馆Ancient Kiln Folk Customs Museum - Gu Yao,http://travel.qunar.com/p-oi24440494-jingdezhentaociminsubo,,,,,4.5,,,具体收费情况以现场公示为主,,10
景德镇市红店创业示范街JingDeZhenShi Hong Dian ChuangYe ShiFan Jie,http://travel.qunar.com/p-oi24440491-jingdezhenshihongdian,,,,,--,,,具体收费情况以现场公示为主,,10
景德镇温州商业街Jingdezhen WenZhou ShangYeJie,http://travel.qunar.com/p-oi24439570-jingdezhenwenzhoushang,,,,,--,,,,,10
