名字,链接,地址,介绍,开放时间,图片链接,评分,建议游玩时间,建议季节,门票,小贴士,Page
上川岛飞沙滩旅游度假区Shangchuan Island Feisha Beach Resort,http://travel.qunar.com/p-oi711957-shangchuandaofeishatan,"

地址:
江门市台山市川岛镇


电话:
0750-5381881,0750-5381022

",上川岛飞沙滩旅游度假区拥有绵长海岸线，沙质细腻、海水清澈，可以踏浪戏沙，探访人文景点，也可品味鲜美海鲜。这里曾是“海上丝绸之路”的必经之地，西方第一位传教士圣方济各·沙勿略来华就是从这里登的岛，如今岛上仍保留有他的墓园、石像、纪念碑等，还有着一座教堂。位于飞沙滩与金沙滩之间的乐川大佛十分引人注目，同时还有妈祖阁、宝鸭女神等人文景观。岛上森林茂密，在沙螺湾原始次生林内栖息着众多活泼可爱的猕猴。这里还有众多海鲜餐厅与度假酒店，每天中午时分也有一班前往下川岛的船只。晃晃悠悠地走过历史的涛声，来去匆匆穿过时空的隧道，山川依旧，历史长存。不管当年的海盗还是他所藏留的财宝，实实虚虚，都依然与这山海礁石相存相生。,旺季（4月16日-9月10日）8:00-18:30；淡季（9月11日-次年4月15日）8:00-17:30。,https://img1.qunarzz.com/travel/d5/1408/28/1f7150883c9cc5dcffffffffc8d65eac.jpg_480x360x95_9f7e7d43.jpg,4.4,建议游览时间：3天,,"{'上川岛飞沙滩旅游度假区+往返船票+车票成人票\n\n': ['¥144起'], '下川岛+往返船票+车票成人票\n\n': ['¥165起'], '下川岛+往返船票+车票优待票\n\n': ['¥108起']}",上川岛是观看日出日落的好地方。,1
三十三墟街33 Historical Street,http://travel.qunar.com/p-oi35913911-sanshisanxujie,,,,,4.7,建议游览时间：2小时 - 3小时,,具体收费情况以现场公示为主,,1
赤坎古镇Chikan Ancient Town,http://travel.qunar.com/p-oi718911-chikanguzhen,"

地址:
广东省江门市开平市东和路


电话:
0750-2178888

",广东赤坎古镇侨乡国际旅游度假区，位于广东省开平市中部潭江河畔。已有370年开埠建墟历史的赤坎古镇，由上埠关族、下埠司徒氏在古镇东西两端聚居发展而成，拥有600多座骑楼，于2007年被评为中国历史文化名镇。数百年来，在关族和司徒氏良性竞争下，赤坎古镇的建筑风格和民风生活融汇中西，凭借独特的华侨文化和家族管理体系发展成岭南独树一炽的商贸重埠。随着时代的发展，古镇历经兴衰，为了整体保护和利用，复兴华侨文化，开平市政府携手中信产业基金和乌镇团队，以历史骑楼街区作为宏大背景资源，打造集观光游览、休闲度假、商务会展、文化创意和古镇体验功能为一体的综合休闲旅游度假区。度假区包括 8家精品型酒店、4家主题型酒店、14家不同特色的民宿客栈，13间餐厅以及238间商铺，9个文化展示点（省文保单位）及完善的配套服务设施。广东赤坎古镇侨乡国际旅游度假区，将会是集岭南文化、华侨文化、乡村文化、休闲文化于一体的展示平台，成为广东乃至全国有重大影响力的文旅新地标、全省文化产业赋能乡村振兴的重点项目和典型范例、传播中华传统文化的新载体。,全年 全天开放,https://img1.qunarzz.com/travel/d4/1505/bf/8a21f9f365c0d6.jpg_480x360x95_c353d896.jpg,4.3,建议游览时间：12小时 - 3天,最佳旅游时间为春秋两季。春、秋两季气温适宜，景色宜人；每年4-9月是汛期，7-9月是台风活动的频发期。,,,1
江门古劳水乡旅游区White Pagoda Park,http://travel.qunar.com/p-oi704348-jiangmengulaoshuixiang,"

地址:
广东省江门市鹤山市古劳镇华侨城古劳水乡接驾花园停车场


电话:
4009300033

",华侨城古劳水乡旅游区，整体规划占地10平方公里，其中主景区3平方公里包括十大度假主题场景：“横海游梦”游船、古劳圩滨水商业街、童梦村乐园、乡野时光、农业公园、赤脚公园、湿地公园、康养十三坊、纯水岸、生态酒店，以及由农业文化遗产活化区、咏春文化遗产活化区所组合的“一座没有围墙的博物馆”，以“自由流淌的水乡生活”为主题，将古劳水乡打造成为中国岭南水乡和粤港澳大湾区文化生态旅游度假标杆。其中一期项目宾客中心、“横海游梦”游船、上古劳圩滨水商业街、童梦村乐园、乡野时光已对外开放游玩。横海游梦-做一天水乡人“横海游梦”游船融入蓑衣、纱帘、围栏、竹编器等水乡生活元素，围绕“去赶圩”、“去渔耕”、“去展艺”三大核销场景，还原水乡历史上的“书上赶集、塘基农耕、茶亭对饮、荷丛起舞”的惬意生活状态。6公里航线，漫游水乡，泛舟移景，感受鲜活流淌的岭南水乡。上古劳圩滨水商业街-浮岛上的700年水乡渔商盛景，再现古劳“趁圩”旧时光融合传统岭南建筑和南洋建筑特色，由茶行街、咏春街、渔市街和榕树广场、三角市、鱼市广场、蝴蝶广场等主题街区广场组成，设有咏春会馆，王老吉凉茶文化体验官，耳朵里的展览馆，供销社等特色项目，集“景”“展”“演”“游”“购”“居”于一体，沉浸式感受水乡人家“趁圩”乡趣。童梦村乐园-中国水乡童年游戏生态乐园，玩泥巴捕鱼抓虾蟹，体验千塘渔家乡趣童梦村乐园，项目规划占地5万平方米，以“乡趣、水趣、渔趣”为核心，区别于以大型机动游乐设备为核心的主题公园，创新呈现超30项以“溯溪、玩泥、捕鱼、捉虾蟹”等水乡童年游戏为特色的生态乐园，设有龙溪村落、泥巴岛、渔鱼岛、渔蔬农场四大主题区以及“小鱼仙”、“泥巴怪”和“小飞鱼”原创主题IP，让大人孩子释放天性，捡拾原野乡趣时光，自由流淌在古劳原汁原味的童年生活。乡野时光-乡野户外休旅目的地，露营野餐放风筝享闲趣乡野时光，项目规划占地3万平方米，设有乡野时光草坪、乡野时光营地、水上娱乐中心、纸鸢舞台、芳草溪地等多个主题区，其中上万平方米的大草坪，可以进行各类户外活动，是天然的游乐场，游客将在乡野中放飞自我。,7/15-9/30 09:30-18:00;11/1-12/31 周一-周五 10:00-17:30;11/1-12/31 周六-周日 09:30-17:30;10/1-10/7 09:00-18:30;10/8-10/31 09:30-18:00,https://img1.qunarzz.com/travel/d0/1606/4a/70ffdc431f9e6d9a.jpg_480x360x95_a59942da.jpg,4.0,建议游览时间：4小时 - 5小时,,"{'华侨城古劳水乡文化生态旅游度假区童梦村年卡成人票\n\n': ['¥169起'], '华侨城古劳水乡文化生态旅游度假区童梦村年卡亲子票(1大1小)\n\n': ['¥299起'], '华侨城古劳水乡文化生态旅游度假区童梦村年卡家庭票(2大1小)\n\n': ['¥439起']}",大家如果有机会的话，可以赶在端午期间游古劳水乡。每年龙舟竞渡的时候，这里到处是人山人海，锣鼓喧天，鞭炮齐鸣的热闹场面。河涌里桨影翻飞，喊声阵阵。届时，更有华侨、港澳同胞不远千里回乡观赏盛典，或亲身参赛，以洗一身吉祥的“龙舟水”为幸福乐事。,1
东南亚风情园Southeast Asian Folklore Garden of Overseas Chinese,http://travel.qunar.com/p-oi708239-dongnanyafengqingyuan,"

地址:
海宴镇华侨农场五丰村


电话:
13726169093

",是一个聚居了来自印尼、越南、泰国、马来西亚、缅甸、新加坡、印度、柬埔寨、老挝、文莱等13个国家和地区归侨的村落，园内居民穿戴东南亚各国不同的民族服饰，各自沿用着各自不同的风俗习惯和饮食文化，是一个未经琢磨、原汁原味的“小小联合国”，在这里，还可欣赏到别具风情的东南亚歌舞和美食。,全年 9:00-17:00,https://tr-osdcp.qunarzz.com/tr-osd-tr-manager/img/055ddf89c4993ff70281b0156bef7e5e.jpg_480x360x95_21f7225a.jpg,3.6,建议游览时间：1小时,,具体收费情况以现场公示为主,,1
石板沙村Shibanshacun,http://travel.qunar.com/p-oi18703181-shibanshacun,,,,,,,,,,1
下川岛王府洲旅游度假区Xiachuan Island Wangfuzhou Tourist Area,http://travel.qunar.com/p-oi703099-xiachuandaowangfuzhou,,,,,,,,,,1
开平碉楼文化旅游区Kaiping Diaolou,http://travel.qunar.com/p-oi711355-kaipingdiaolouwenhualu:,"

地址:
江门市开平市塘口立园旅游区


电话:
0750-2678888

","开平碉楼文化旅游区位于广东省珠江三角洲西南部，华侨之乡、建筑之乡、艺术之乡和碉楼之乡--开平市，总面积为1438亩，主要包括：世界文化遗产地自力村碉楼群、马降龙古村落和中国华侨园林一绝立园。它既有村落、碉楼、洋庐、民居、花园、别墅等古建筑，又有河流、山丘、田野、荷塘、竹林、树木等自然景观;文物古迹和古树名木琳琅满目，田园、小桥、 流水、人家美景如画，旅游资源非常丰富。传统碉楼与当地特有村居环境自然融合，形成了各自原生特色。开平碉楼历史文化悠久，文化底蕴深厚，被誉为""华侨文化的典范之作”、“令人震撼的建筑艺术长廊”。",8:30-17:30,https://img1.qunarzz.com/travel/d4/1502/bf/1cd774612491e3.jpg_480x360x95_21d22f7e.jpg,4.4,建议游览时间：3天 - 6天,春季，秋季为旅游最佳时期。春季油菜花盛开，正是赏花观景好时光；秋天碉楼周围的水稻成熟，金黄色一片，不管在站在楼上还是在田野，景色都是美不胜收。,"{'开平碉楼文化旅游区立园景区门票成人票\n\n': ['¥100起'], '开平碉楼文化旅游区立园景区门票优待票\n\n': ['¥50起'], '开平碉楼文化旅游区自力村景区门票成人票\n\n': ['¥78起']}",鱼干在当地比较有名，这里人做鱼干也是一绝，纯手工制作，来这里购买鱼干是非常不错的选择。,1
自力村碉楼群Watchtower Group of Zili Village,http://travel.qunar.com/p-oi720725-zilicundiaolouqun,"

地址:
江门市开平市塘口镇东距开平市区25公里


电话:
0750-2679078,0750-2679788,0750-2629078

",自力村碉楼群位于开平市塘口镇，是世界文化遗产地之一。该村自然环境优美，水塘、荷塘、稻田、草地散落其间，与众多的碉楼、居庐相映成趣，美不胜收，形成一幅阳春烟景田园诗意般的农耕水墨画，独具岭南乡村气息的洋式城堡村落。自力村有15座风格各异、造型精美、内涵丰富的碉楼，是开平碉楼兴盛时期的杰出代表。自力村碉楼多建于20世纪二三十年代，是当地侨胞为保护家乡亲人的生命财产安全而兴建的。自力村碉楼将中国传统乡村建筑文化与西方建筑文化巧妙地融合在一起，罕有地体现了近代中西文化在中国乡村的广泛交流，成为中国华侨文化的纪念丰碑和独特的世界建筑艺术景观。楼内保存着完整的家具、生活设施、生产用具和日常生活用品，丰富而有趣，是当时华侨文化与生活的见证。该村隶属于塘口镇强亚村委会，有农户63户，村民175人，侨胞248人。侨汇是村民生活来源之一。鸦片战争后，人民生活困苦，加上西方国家来华招募劳工，一批批自力村村民开始旅居海外。,01/01-12/31 08:40-17:15,https://img1.qunarzz.com/travel/d6/1702/57/3fc977f15d17bbb5.jpg_480x360x95_fefd7214.jpg,4.4,建议游览时间：2小时,春季，秋季为旅游最佳时期。春季油菜花盛开，正是赏花观景好时光；秋天碉楼周围的水稻成熟，金黄色一片，不管在站在楼上还是在田野，景色都是美不胜收。,"{'开平碉楼文化旅游区自力村景区门票成人票\n\n': ['¥78起'], '开平碉楼文化旅游区自力村景区门票优待票\n\n': ['¥39起'], '开平碉楼文化旅游区套票成人票\n\n': ['¥170起']}",建议可以购买180元的套票，套票中包括了立园、自力村、马降龙碉楼群、锦江里碉楼群（不含登瑞石楼费用）、赤坎古镇（含赤坎影视城、景辉楼）、南楼六大景点，基本可以看遍开平碉楼与村落的精华，同时也比较省钱。,1
立园Liyuan,http://travel.qunar.com/p-oi706590-liyuan,"

地址:
江门市开平市塘口镇北义乡赓华村


电话:
0750-2678888,0750-2679788

",立园是国家AAAAA级旅游景区，是旅美华侨谢维立先生始建于20世纪初的花园别墅，以《红楼梦》描绘的大观园为依托，巧妙地将古典园林韵味与欧美当代流行的别墅建筑特色融会贯通，呈现出一种独特的建筑艺术之美，在中国华侨私人建造的园林中堪称一流。立园有“小观园”的美誉，它的意境是“小桥、流水、人家”，园内布局分为大花园、小花园和别墅区三个区域，自成一体，以人工河或围墙相隔，又用桥亭或通天回廊相连，可谓园中有园，景中有景，耐人寻味。而镶刻其间的名家书法楹联，又使立园平添了浓郁的文化内涵；大量富于浪漫传奇色彩的精美灰塑、壁画，又使人恍如置身仙境。,8:30-17:30,https://img1.qunarzz.com/travel/d5/1802/51/2c8e35a6008defb5.jpg_480x360x95_a4978aea.jpg,4.3,建议游览时间：2小时 - 3小时,春季为最佳旅游季节。期间立园的格桑花相继开放，与园内的小桥流水相辉映，美不胜收。,"{'开平碉楼文化旅游区立园景区门票成人票\n\n': ['¥100起'], '开平碉楼文化旅游区立园景区门票优待票\n\n': ['¥50起'], '开平碉楼文化旅游区套票成人票\n\n': ['¥170起']}",碉楼景区有套票，有时间的小伙伴买套票比较划算。,1
赤坎南楼Chikan Building,http://travel.qunar.com/p-oi709152-chikannanlou,"

地址:
广东省开平市赤坎镇窖堤洲藤蚊村 529300


电话:
0750-2679788,0750-2678888

",位于开平市赤坎镇腾蛟村，南临潭江，北靠东 龙公路，扼三埠至赤坎水陆交通之要冲，地势险要。1912年，司徒氏人为防盗贼而建此楼。楼高7层19米，占地面积29平方米，钢筋混凝土结构，每层设有长方形枪眼，第六层为瞭望台，设有机枪和探照灯。,8:00-17:00,https://img1.qunarzz.com/travel/d7/1702/da/4252141eefb541b5.jpg_480x360x95_960b2e55.jpg,4.0,建议游览时间：1小时 - 2小时,四季皆宜。,成人10元，无学生票。,,2
马降龙碉楼群,http://travel.qunar.com/p-oi719249-majianglongdiaolouqun,"

地址:
广东省江门市开平市百合镇百合墟东南


电话:
0750-2511688

",马降龙碉楼群是一处充满岭南风情的古老村落，这里山水环绕，背靠气势磅礴的百足山，与清澈如镜的潭江相毗邻，翠竹茂密，景色十分优美，保存完好的古碉楼掩映于山林之间，错落有致，风景独特。碉楼风格多为中西合璧，不同碉楼所处的位置较为分散，其间的通道多为清幽的竹林小径，其中最具代表性的是天禄楼，由永安村和南安村29名黄姓村民集资兴建，气势巍峨挺拔，与竹林叠嶂而立，颇受游人青睐。其中“骏庐”和“林庐”两座碉楼对外开放，可入内进行登楼望远，将这美丽古...马降龙碉楼群是一处充满岭南风情的古老村落，这里山水环绕，背靠气势磅礴的百足山，与清澈如镜的潭江相毗邻，翠竹茂密，景色十分优美，保存完好的古碉楼掩映于山林之间，错落有致，风景独特。碉楼风格多为中西合璧，不同碉楼所处的位置较为分散，其间的通道多为清幽的竹林小径，其中最具代表性的是天禄楼，由永安村和南安村29名黄姓村民集资兴建，气势巍峨挺拔，与竹林叠嶂而立，颇受游人青睐。其中“骏庐”和“林庐”两座碉楼对外开放，可入内进行登楼望远，将这美丽古村落的风景尽收眼底。,全年8:30-17:30。,https://img1.qunarzz.com/travel/d3/1602/f7/a3e9334dee8c56f7.jpg_480x360x95_caa3c6bd.jpg,4.4,建议游览时间：2小时 - 4小时,夏季为最佳旅游时机。期间翠竹茂密，景色十分优美。,成人票60元优待政策优惠票：票价30元，优惠对象为身高1.2米（含）-1.5米（含）儿童；本科及以下在校学生；60周岁（含）-69周岁（含）老人；开平本地市民免票：身高1.2米（不含）以下儿童；70周岁（含）以上老人；残疾人；记者 ,立园、自力村、马降龙每一个景点讲解费50元/次。,2
锦江里碉楼群Jinjiangli Towers Group,http://travel.qunar.com/p-oi717763-jinjianglidiaolouqun,"

地址:
江门市开平市蚬冈镇，东北距开平市区22公里


电话:
0750-2522588,0750-2678888,0750-2329818,0750-2679788

",锦江里碉楼群有三座具吸引力的碉楼，分别是升峰楼、锦江楼和有“开平第一楼”之称的瑞石楼。瑞石楼大约建于公元1923年，高9层25米，是开平现存碉楼中的第一高度，也是一座典型的可居可守的碉楼。瑞石楼集开平碉楼建筑工艺之大成，无论整体造型还是楼内细节的雕琢都极为考究，其楼宇内部装修秉承岭南建筑风格，得益于开平华侨的雄厚财力，家私均采用酸枝木等当时的材料打造，历经岭南百余年湿热的气候考验，却保存完好，几乎从未经历修葺，实在是一件不可多得的建筑遗产。,9:00-17:00，详情以景区公示为准。,https://img1.qunarzz.com/travel/d2/1802/cf/6f1e8d2412c7ebb5.jpg_480x360x95_9b159c8e.jpg,4.1,建议游览时间：1小时 - 2小时,四季皆宜。锦江村落掩映在竹林之中，环境自然和谐。村外稻田环绕，阡陌纵横，无论哪个季节都有独特的风韵。,"{'锦江里碉楼群电子导览服务大小同价\n\n': ['¥7起'], '【酒店套餐】江门恩平锦江温泉度假村1晚+双人无限次温泉+双早\n\n': ['¥445起']}",,2
圭峰山国家森林公园Guifengshan National Forest Park,http://travel.qunar.com/p-oi702191-guifengshanguojiasenlin,"

地址:
江门市新会区圭峰山


电话:
0750-6173361,0750-6180696

",圭峰山山势雄伟，秀峰挺拔，因形似圭璧而得名，这里翠峰连绵，高低起伏，是江门的天然氧吧。不论是登高望远、环湖骑行、拜佛祈福，还是纯粹来这里享受一下大自然的清新空气，都是非常不错的选择。森林公园内景观多样，圭峰山的层峦叠翠、玉湖的美不胜收，都让人沉醉。游玩圭峰山国家森林公园，可以沿着山脚下的玉湖进行环湖骑行之旅。景区内设有缆车，可以乘坐缆车上山，在半山腰处的玉台寺，香火鼎盛，可以前去祈福。,全年 全天开放,https://img1.qunarzz.com/travel/d7/1605/5b/5499f412ec2148f7.jpg_480x360x95_e1631d1d.jpg,4.5,建议游览时间：12小时 - 3天,,"{'葵博园门票成人票\n\n': ['¥8起'], '葵博园门票优待票\n\n': ['¥5起'], '江门非凡丛林越野俱乐部【专业教练带队越野车驾驶体验】\n\n': ['¥198起']}",住宿：圭峰山在城郊，离城区中心不远，可在新会内住宿。首家五星级的江门逸豪酒店价格在300元左右，一般酒店宾馆价格约为80—200元。美食：当地著名的“鳙鱼三味”最受推崇，把鳙鱼的各个部位分别用三种不同的方法烹调，鱼头用姜葱和豉汁蒸煮，味道鲜美；鱼骨和鱼腩用姜蒜煮，原汁原味；其它鱼肉就做成鱼羹，当地人称鱼蓉粥，口感香滑。一般的特色美食还有：古井烧鹅、花生焖鹅掌翼、卤水鹅杂、姜丝蒸生晒鱼干、五花肉莲藕、腊味香芋煲、鹅汁蒸滑蛋等。购物：新会柑制成的新会陈皮十分著名，炖鸭、煲汤、煲粥、煲糖水、入酒都可以用到。而虫草、凉果、正宗大红柑和怀旧风情的新会葵扇也可以带回做手信。,2
黑沙滩,http://travel.qunar.com/p-oi7469609-heishatan,"

地址:
广东省江门台山市赤溪半岛铜鼓湾


电话:
0750-5277025

",黑沙湾是世界罕有的黑色沙质海滩，是台山人心中的璞玉。每逢周末和节假日，黑沙湾总有很多人来此游玩，无论是沙滩排球还是入海游泳，无论是海边烧烤还是海上冲浪，黑沙湾总会带给人一段难忘的欢乐时光。黑沙湾已初具规模，设有标准双人房120多间，食肆3间，附有超市、泳衣店、淡水淋浴、保管柜泳具出租、烧烤场、沙滩车、骑马、沙滩排球、冲浪等服务项目。沙滩边种满了椰子树、大叶榕树、木麻黄、树菠萝。小鸟在林间嘻戏，夏蝉在枝头上鸣叫，早看日出，夜...黑沙湾是世界罕有的黑色沙质海滩，是台山人心中的璞玉。每逢周末和节假日，黑沙湾总有很多人来此游玩，无论是沙滩排球还是入海游泳，无论是海边烧烤还是海上冲浪，黑沙湾总会带给人一段难忘的欢乐时光。黑沙湾已初具规模，设有标准双人房120多间，食肆3间，附有超市、泳衣店、淡水淋浴、保管柜泳具出租、烧烤场、沙滩车、骑马、沙滩排球、冲浪等服务项目。沙滩边种满了椰子树、大叶榕树、木麻黄、树菠萝。小鸟在林间嘻戏，夏蝉在枝头上鸣叫，早看日出，夜听涛声，日间品尝生猛的游水海鲜，傍晚迎着轻柔的海风，赤脚漫步在天鹅绒般的黑沙滩上远望，渔灯闪烁，波光鳞鳞，近看国华台电璀璨的灯饰， 是每个都市人梦寐以求的神仙美景。,全年08:00-18:30,https://img1.qunarzz.com/travel/poi/1408/27/d56ade929d346ed4ffffffffc8d65eac.jpg_480x360x95_2e715c08.jpg,4.3,建议游览时间：4小时,春秋最宜，受海洋性季风影响，气候特征是温暖多雨，终年无雪，年平均气温在22℃左右，夏季台风频发。,普通票20元/人优惠政策身高1.3米以下儿童半价。,沙滩附近停车费10元，若住在景区内可凭房卡无限次出入。,2
马降龙碉楼群Ma-Xianglong Towers Group,http://travel.qunar.com/p-oi702960-majianglongdiaolouqun,"

地址:
江门市开平市百合镇百合墟东南


电话:
0750-2511338,0750-2511688

","位于开平市百合镇东南面，东北距开平市区20公里，是由永安、南安、河东、庆临、龙江5条自然村组成，为黄、关两姓家族于清朝末年和民国初年兴建。现有村民171户、506人，80%为侨户。海外侨胞主要分布在美国、加拿大、澳大利亚等国。马降龙村落背靠气势磅礴的百足山，面临清澈如镜的潭江水，5条自然村像一条珠链，错落有致地分布在青山绿水之间。身临其境，翠竹扶疏，绿树成荫，鸟语花香，宛如世外桃源。人们辛勤劳作，安居乐业，生态环境十分优美。该村有13座造型别致、保存完好的碉楼掩映在茂密的翠竹丛中，与周围民居、自然环境融为一体，登高远眺近观，疑为天上人间，有如翠竹绿浪丛中""海市蜃楼""惊现古城堡之感。马降龙碉楼群的兴建完全是由于当时土匪猖獗，洪涝频繁的特定社会背景和地域环境所致，建于二十世纪二、三十年代，多为2—7层建筑物，本土传统的人居环境融洽了西方先进的建筑工艺和文化内涵，有中国硬山顶式，英、德古堡式和欧美别墅式等模式；墙体结构有泥木结构、砖木结构、混凝土钢筋结构；门窗钢板厚实，十分坚固。有私楼和众楼之分，由华侨、港澳同胞或乡民独资兴建的属私楼，集资建造的是众楼。马降龙碉楼在保护当地村民的生命财产安全方面起了积极的作用。据记载，1963、1965、1968年开平发生3次大水灾，洪水漫过民居屋顶，村民登上碉楼得以避难。马降龙碉楼群于2001年6月被国务院公布为全国重点文物保护单位；2006年4月荣获""中国最值得外国人去的50个地方""金奖；2007年6月28日被第31届世界遗产大会列入《世界遗产名录》。",8:30-17:30,https://img1.qunarzz.com/travel/d3/1804/33/58f62e2cf7e26ab5.jpg_480x360x95_f1de1e50.jpg,4.4,建议游览时间：2小时 - 3小时,,"{'开平碉楼文化旅游区马降龙景区门票成人票\n\n': ['¥50起'], '开平碉楼文化旅游区马降龙景区门票优待票\n\n': ['¥30起'], '开平碉楼文化旅游区套票成人票\n\n': ['¥170起']}",,2
昌记自摘葡萄园,http://travel.qunar.com/p-oi722964-changjizizhaiputaoyuan,"

地址:
江海区礼乐大桥与东海路交口东200米

",园区种植面积达1400多亩，可以亲手体验到摘葡萄，体验农庄生活。葡萄具有补气益血，滋阴生津，强筋健骨，通利小便。园内果子令人垂延欲滴，游客可尽情地任摘任食。香港的电视台还专门来这里拍过旅游特辑。这里是珠三角种植最早、规模最大的南亚热带地区葡萄生产基地，被旅游局定为生态旅游接待基地。,全天,,4.0,,,葡萄外卖按时价,,2
赤坎影视城Chikan Ancient Town Movie & Television Town,http://travel.qunar.com/p-oi7647638-chikanyingshicheng,"

地址:
开平市赤坎镇上埠赤坎影视城旅游区


电话:
0750-2679788

",赤坎影视城位于广东省开平市赤坎镇上埠，建于2004年，面积6000多平方米，整体建筑按照电视剧《三家巷》的剧情、场景进行设计和兴建，主要建筑包括“洋买办”的陈家洋楼、封建地主何家的大宅和小市民阶层的周家民宅，完全按照上世纪20年代的建筑风格兴建。影视城与东边古负成名的骑楼式古建筑群巧妙地融合成一体，丰富了“欧陆风情街”的建筑文化和历史内涵，使这座古城更具有迷人的风采。,全年 8:30-17:30,https://img1.qunarzz.com/p/tts1/1801/4d/1140a76252a69902.jpg_480x360x95_27a30a12.jpg,4.3,建议游览时间：1小时 - 3小时,最佳旅游时间为春秋两季。春、秋两季气温适宜，景色宜人，最宜游赤坎；每年4-9月是汛期，7-9月是台风活动的频发期。,具体收费情况以现场公示为主,,2
小鸟天堂Bird Paradise,http://travel.qunar.com/p-oi706128-xiaoniaotiantang,"

地址:
江门市新会区会城银湖大道中22号


电话:
0750-6300783


官网:
http://www.birds-paradise.com/

",小鸟天堂是一座湖心小岛，因岛上有一棵历史悠久的大榕树，它独木成林，林中栖息着成千上万只鸟雀而闻名。巴金先生《鸟的天堂》所描述的正是这里，百鸟出巢、百鸟归巢之景壮观迷人。岛上的鸟儿以白鹭和灰鹭较多，白鹭朝出晚归，灰鹭暮出晨归，一早一晚，相互交替，盘旋飞翔，嘎嘎而鸣，非常壮观。比较推荐傍晚时分来此观赏。游玩小鸟天堂，可以漫步观鸟长廊，登上观鸟楼远望这湖心小岛，也可以乘船近距离感受小鸟天堂的壮观。1933年，有名作家巴金先生便是在乘船游览后对其叹为观止，写下了有名散文《鸟的天堂》，使其名闻遐迩。,8:00-17:30,https://img1.qunarzz.com/travel/d8/1511/77/65285bcf5fd64bf7.jpg_480x360x95_2ecdca67.jpg,4.0,建议游览时间：2小时 - 4小时,春秋两季最佳，期间景区内花朵盛开，鸟类品种繁多。,"{'小鸟天堂陆路观赏+游船套票成人票\n\n': ['¥45起'], '小鸟天堂陆路观赏+游船套票优待票\n\n': ['¥40起'], '小鸟天堂陆路观赏+游船套票亲子票(1大1小)\n\n': ['¥85起']}",1. 最佳看鸟时间：早上、傍晚。 观鸟首先要熟悉每种鸟的习性，其次还要有耐心。鸟是善飞的动物，不同于观察静物。所以一定要有充分的时间和耐心来等候，不能走马观花。此外，鸟类警惕性很强，不能到近处观察，所以观鸟时最好携带低倍望远镜。2. 每年5月至9月，是鸟类繁殖季节，所以这时观鸟一定不要惊扰鸟类，更不要擅自改变鸟巢周围环境，不可采集鸟蛋和捕捉幼鸟，以免影响当年度鸟的繁殖。,2
迎龙楼,http://travel.qunar.com/p-oi718436-yinglonglou,"

地址:
广东省江门市开平市赤坎镇三门里村迎龙楼

",迎龙楼坐落在开平市赤坎镇三门里村，东距开平市区6公里，是开平市现存最早的碉楼，为关氏家族所建。三门里村建于明朝正统年间（公元1436-1449年），地处潭江下游冲积平原，是一片芦苇丛生、水鸟群集的低洼之地，洪涝不时地威胁着村民的生命财产安全。明朝嘉靖年间（公元1522-1566年），关氏十七世祖关圣徒夫妇献出家庭积蓄，建起了迎龙楼。迎龙楼坐西北向东南，占地面积152平方米，建筑面积456平方米，砖木结构，楼高3层11.4米，为全村制高点。第1、2层为明朝大型红泥砖砌筑，红砖规格...迎龙楼坐落在开平市赤坎镇三门里村，东距开平市区6公里，是开平市现存最早的碉楼，为关氏家族所建。三门里村建于明朝正统年间（公元1436-1449年），地处潭江下游冲积平原，是一片芦苇丛生、水鸟群集的低洼之地，洪涝不时地威胁着村民的生命财产安全。明朝嘉靖年间（公元1522-1566年），关氏十七世祖关圣徒夫妇献出家庭积蓄，建起了迎龙楼。迎龙楼坐西北向东南，占地面积152平方米，建筑面积456平方米，砖木结构，楼高3层11.4米，为全村制高点。第1、2层为明朝大型红泥砖砌筑，红砖规格为33×15×8厘米，墙厚93厘米，为明代原构。民国九年（公元1920年）用青砖加建了第3层，开窗比第2层大，楼面为木梁板结构。楼的四角各有一个落地式塔楼，塔楼的第2、3层开设了射击孔，楼顶为传统硬山顶式，风格拙朴，造型简洁。 在中国，龙是吉祥的象征，楼名为“迎龙”是期望它给村民带来平安、好运、幸福。迎龙楼建成后，在保护民众避免了洪涝和盗匪的侵袭起了其应用的作用。迎龙楼方形的建筑形体没有受到外来因素的影响，是开平碉楼传统最原始的模式。,全天,https://img1.qunarzz.com/travel/poi/1409/09/884bd6e23bb8facfffffffffc8d65eac.jpg_480x360x95_4728d059.jpg,5.0,建议游览时间：0.5小时,四季皆宜。,,,2
方氏灯楼Lighthouse of Family Fang,http://travel.qunar.com/p-oi720948-fangshidenglou,"

地址:
开平市塘口镇塘口墟北面的山坡自力村

",,全天,https://img1.qunarzz.com/travel/poi/1409/09/c1608dbbea04a715ffffffffc8d65eac.jpg_480x360x95_2c6ab8d2.jpg,4.3,,四季皆宜。,具体收费情况以现场公示为主,,3
加拿大村Canadian Village,http://travel.qunar.com/p-oi718546-jianadacun,,加拿大村位于开平赤坎镇，原名“耀华坊”，始建于1923年，村内由十一座建筑构成，其中有五座庐，四座楼，一座碉楼，一座会所。五座庐分别是：俊庐、安庐、耀东居庐、春庐、郁庐；四座楼分别是：华德楼、国豪楼、国根楼、春如楼；一座碉楼是：四豪楼。加拿大村原名叫耀华坊，全是旅居加拿大的华侨建造，后期被人称为加拿大村。早期由于生活所迫，加拿大村很多村民跟随早期旅居加拿大的华侨关国暖先生到加国谋生。 赚钱后，由于落叶归根的思想影响，很多华侨纷纷回乡建屋，早前建有：俊庐、华德楼、安庐、国豪楼、四豪楼；后期相继在1933至1936年间建有：耀东居庐、国根楼、春庐、郁庐、春如楼和会所。村中的标志性建筑是四豪楼。四豪楼楼高五层，一层共用，二至四楼分别属于四户人家，每层有两个房，没有厨房。据了解，该楼的建造目的是用于避难和防洪，故整座楼房的结构较为坚固，在楼顶设有四个碉堡，每个碉堡都有枪眼，可以从高处俯视整个村庄，如有入侵者可给予还击。整座村庄现在有人居住的只有俊庐。俊庐楼高三层，整座楼的外墙是青砖结构，一层设有两间房，一个大厅，厨房在厅后，楼梯在厨房侧，二楼有一半是用木铺设，一半是用混凝土建造，整座楼坚固实用，屋中的家具保存完好，是加拿大村现在较为完整的一座。,,https://img1.qunarzz.com/travel/poi/1708/9e/8d2cc27656560737.jpg_480x360x95_ef9249f0.jpg,4.5,建议游览时间：1小时,,具体收费情况以现场公示为主,,3
白水带风景名胜区Baishuidai Scenic Area,http://travel.qunar.com/p-oi715447-baishuidaifengjingming,"

地址:
江门市江海区金星路


电话:
0750-3863786

","白水带景区内古木参天，浓荫蔽日，溪水清泉长流不息，群峰竞秀，很是迷人。白水带有一溪、三泉、天山环抱。一溪即麻溪，三泉即红桃泉、龙口泉、涤净泉。五山即大华山、锄头山、松仔山、红桃山、葫芦山。山泉涌出的流水清凉洁净，带有甜味、乡人称为“仙水”。数百年来人们誉称该处为龙脉圣地，争相前来游览朝拜。白水带风景区内建有茶庵寺、采莲船遗址之仰贤亭、青云桥等名胜古迹, 明代所建的茶庵寺是为纪念唐代高僧一行禅师曾在此结庵小住而得名。其独特优美的自然景观和人文景观与悠久灿烂的历史文化交相辉映，相得益彰，旅游资源得天独厚，是人们愉悦身心，休闲观光的好去处。大华山山水缓缓流经锄头山与松仔山之间流向麻园，远远望去形似一条白色缎带 ，故曰“白水带”。",全年 8:00-17:00,,4.5,建议游览时间：1小时,,具体收费情况以现场公示为主,,3
瑞石楼Ruishi Mansion,http://travel.qunar.com/p-oi7588612-ruishilou,"

地址:
开平市蚬冈镇锦江里村(锦江楼东侧)

",瑞石楼位于广东省开平市，历史悠久，是典型的居楼式碉楼。楼上雕刻着篆、隶、楷、行、草各种字体书写的对联，建造精美。,全天,https://img1.qunarzz.com/travel/poi/1501/44/44ad6900442f4c47cdb.jpg_480x360x95_ecb6ce81.jpg,4.4,建议游览时间：1小时 - 2小时,,具体收费情况以现场公示为主,,3
赤坎欧陆风情街Chikan Oulu Fengqing Street,http://travel.qunar.com/p-oi7588370-chikanoulufengqingjie,"

地址:
江门市开平市赤坎鎮堤西路


电话:
0750-2678888,0750-2679788

",　　赤坎素以中西合璧的古建筑、淳朴的民情民风而闻名远近，其中尤以堤西路风格独特的古建筑较为出名。这条近400米长的楼房，是中西合璧的建筑风格，由早年欧洲和美洲等地的赤坎华侨，从国外带回建筑图纸，结合开平本地的建筑艺术，在这里建成的。这些建筑不仅重视造型的美观，而且考虑到楼房的坚固与实用，因此大量的建筑材料全是进口回来的，在保存当地传统建筑风格的同时，又将西欧式建筑移植在家乡的土地上，形成了风格独特的、富有文化韵味的中西合璧建筑群，因此这一带又叫“欧陆风情街”。       　　欧陆风情街较具特色是楼顶建筑。有的楼顶是尖顶塔形，有的在正面墙挑出拱形雨篷，造型丰富。墙面装饰也多种多样，有浮雕图案、窗洞形式、线脚、阳台铸铁栏杆等，有的结合了巴洛克或洛可可建筑装饰风格，有的是岭南特色的佳果与吉祥纹饰以及具有中国古典卷草图案。,全年 全天开放,https://img1.qunarzz.com/travel/d5/1510/e5/89e596db449778f7.jpg_480x360x95_389c8f92.jpg,4.0,建议游览时间：1小时,最佳旅游时间为春秋两季。春、秋两季气温适宜，景色宜人，最宜游赤坎；每年4-9月是汛期，7-9月是台风活动的频发期。,具体收费情况以现场公示为主,,3
恩平歇马举人村Enping Xiema Graduate Village,http://travel.qunar.com/p-oi712297-enpingxiemajurencun,"

地址:
江门市恩平市圣堂镇的歇马村


电话:
0750-7513888,0750-7510138

","如果你是一名学生，想拥有好成绩，或者你的家中有正在求学的孩子，歇马第一举人村绝对值得去一次！歇马举人村物华天宝，人杰地灵。明清时期考取科举的功名人士670多位，其中监生、贡生和举人级有285人，九品至二品官有430多人，其中二品2人，从二品4人，三品至五品50多人。文有进士梁元桂官至二品，武有武解元梁开弟官至五品，文武双全，享誉四方。现代也培育出有200多名博士、硕士、大学生在国内外工作、求学。歇马著名风水村：“门环秀蔚，地毓灵奇”，歇马地形地势特别，背靠三嶂，前展四台，锦水环绕，腰缠“玉带”，风水称“双龙结聚”之福地。村场布局似“歇马饮泉”之状，巷道扇形展开，巧藏“雄马”之形神内涵。百年老宅鳞次栉比，强调“四水归堂”的格局，处处透着神秘色彩。歇马位于中国温泉之乡恩平市中部的锦江河畔，自元朝至正年间立村至今,已有700多年历史。它以八个响噹噹的名称而闻名遐迩，成为旅游教育胜地。",9:00-17:30,https://mp-commentcp.qunarzz.com/mp_comment_mp_comment/1552599207248100h12000000s1pvv08D8_D_640_10000.jpg_480x360x95_21403010.jpg,4.2,建议游览时间：1小时,,"{'恩平歇马举人村门票成人票\n\n': ['¥38起'], '恩平歇马举人村门票老人票\n\n': ['¥25起'], '恩平歇马举人村门票双人票\n\n': ['¥75起']}",,3
日升楼与翼云楼,http://travel.qunar.com/p-oi718580-rishenglouyuyiyunlou,,日升楼与翼云楼位于赤水镇大同村村口，始建于1926年，属于私人建造的用于防匪、居住的碉楼。两楼并排而立、相互依偎，数十载的风雨侵蚀使之留下斑斑痕迹。该楼为保护村民生命财产安全起到了积极的作用。,,,--,,,,,3
北峰山国家森林公园,http://travel.qunar.com/p-oi712002-beifengshanguojiasenlin,,北峰山国家森林公园位于中国第一侨乡台山市的东北部，古兜山的崇山峻岭之中，紧连古兜山省级自然保护区。距广州市130公里、江门市58公里、台山市区12公里。与有着“东方夏威夷”之称的上川飞沙滩省级旅游区合称为台山地区“一山一水”著名风景名胜区。主峰瓶身峰海拔高度922米，外貌酷似日本富士山，被誉为“台山富士山”。公园内保存着大量的南亚热带季风常绿阔叶林，是珠江三角洲最南端不可多得的一片绿洲。这里旅游资源丰富，珍稀动植物种类繁多，山青水秀，层林叠翠，山环水抱。...北峰山国家森林公园位于中国第一侨乡台山市的东北部，古兜山的崇山峻岭之中，紧连古兜山省级自然保护区。距广州市130公里、江门市58公里、台山市区12公里。与有着“东方夏威夷”之称的上川飞沙滩省级旅游区合称为台山地区“一山一水”著名风景名胜区。主峰瓶身峰海拔高度922米，外貌酷似日本富士山，被誉为“台山富士山”。公园内保存着大量的南亚热带季风常绿阔叶林，是珠江三角洲最南端不可多得的一片绿洲。这里旅游资源丰富，珍稀动植物种类繁多，山青水秀，层林叠翠，山环水抱。幽深的峡谷山涧，溪中流水奇石千姿百态。山涧瀑布飞溅，鸟飞婵鸣，花色满园。登上台山富士山--瓶尖峰，五邑秀丽景色，辽阔的南中国海尽收眼底。走进大森林，南亚热带常绿阔叶林和沟谷雨中的板根、藤本、绞杀、附生和茎花茎果等现象无不给人以生命的启示。花、果、山、林、石、溪、藤、瀑形成八大特色，那“世外桃源”般的仙境令人回归自然，返璞归真，留连忘返，是都市人远离喧闹与嘈杂的城市，开展科普教育、漂流探险、旅游观光、疗养避暑、休闲度假和投资不可多得的宝地。,,,5.0,,,,,3
风采堂Fengcai Hall,http://travel.qunar.com/p-oi721229-fengcaitang,"

地址:
江门市开平市太平路风采中学内


电话:
0750-2369588

",开平较有名的古祠堂，是中国的建筑工匠参照西洋建筑的式样自行设计建造的，中西方建筑文化交流的产物。又名名贤余忠襄公祠，始建于清光绪32年(1906年)，1914年竣工.是开平、台山两地余姓族人纪念他们的祖先北宋名臣余靖而修建的，由风采堂和风采楼两个主体建筑物组成，拥有三进六院十五厅堂，总面积5364平方米。它的结构形式既继承了中国古代建筑的民族风格，又吸取了西洋建筑的艺术特色，结构严谨，瑰丽宏伟，在侨乡建筑里别具一格。此后，海内外的余氏后代均以“风采”、“武溪”命名建筑物或组织，以纪念其祖先。,平时不对外开放，只在寒暑假期间对游客开放，详情请电话咨询。,,4.3,建议游览时间：1小时,,具体收费情况以现场公示为主,,3
崖门胜景Yamen Scenic Spot,http://travel.qunar.com/p-oi716459-yamenshengjing,"

地址:
江门市崖门胜景


电话:
0750-6290288

", 东有崖山，西有瓶山，两山之脉向南延伸入海，如门束住水口，故称崖门。崖门口阔仅一里多，门外有一条长逾百丈的石矾，叫门限石。海潮初涨，巨浪汹涌奔向崖门，为门限石所阻，激起浪花飞溅高达数丈。崖门胜景（崖门古战场、崖门炮台、崖门大桥），是南宋灭亡所在地，曾发生历史上为悲壮、有名的“崖门海战”史事；崖门炮台紧扼崖门海口，形势险峻，每当春浪乍起，惊涛拍岸如排山倒海。崖门，银洲湖水由此出海，也是潮汐涨退的出入口。,9:00-17:30，17:00停止入场。,https://tr-osdcp.qunarzz.com/tr-osd-tr-manager/img/1b83ea41aa69d17b04fb1f4ca1525138.jpg_480x360x95_782cca80.jpg,4.5,建议游览时间：1小时,,具体收费情况以现场公示为主,,3
大雁山Dayan Mountain,http://travel.qunar.com/p-oi705491-dayanshan,"

地址:
江门市鹤山市沙坪街道大雁山风景区


电话:
0750-8978980


官网:
http://www.hsdys.com/

",大雁山景区面积300公顷，主峰海拔310米，它与南海西樵山互称“姐妹山”，山与水结合，且峰峦起伏，奇石竞秀，山林葱郁，清溪潺潺，泉水哗哗，配与庙宇、亭台、景物万千。大雁山正进行“一轴四板块”美化改造，一轴为“旅游观光轴”，四板块为“宗教历史文化板块”、“快乐成长体验板块”、“生态森林公园板块”、“户外运动拓展板块”。从山脚至峰顶，有寺前广场、雁山门、半山阁、海会寺、狮子峰、雁山平湖、游客服务中心、日月峰、海元洞、许愿树、陆佑亭、纪元塔、状元坊、烧烤村、禾雀花、清沽潭、贵人峰等景点。风景如画，至极顶望到六市、县（即鹤山、高明、新会、中山、顺德、南海），领略珠江三角洲田园风光。大雁山濒临西江，因其山形酷似舒展双翼的大雁而得名。大雁山峰峦起伏，奇石竞秀，山林葱郁，配与庙宇亭台，泉潭平湖，自然景观多姿多彩，是一处难得的旅游观光胜地。,全年 7:00-22:00,https://img1.qunarzz.com/travel/d6/1606/ab/8f2afb202ed16a9a.jpg_480x360x95_7eba56b4.jpg,4.4,建议游览时间：1小时,夏秋季节最佳，期间气候宜人，景区内风景秀丽。,"{'大雁山电子讲解票大小同价\n\n': ['¥8起'], '江门非凡丛林越野俱乐部【专业教练带队越野车驾驶体验】\n\n': ['¥198起'], '江门环宇奢野星空露营地\n\n': ['¥288起']}",纪元塔登塔三元一人，九层高，塔上风景挺不错，可以看到整个鹤山。,4
梁启超故居纪念馆Liangqichao Former Residence Memorial Hall,http://travel.qunar.com/p-oi715916-liangqichaogujujinian,"

地址:
江门市新会区会城镇茶坑村


电话:
0750-6390437,0750-6390768

",梁启超故居为一幢风格独特的岭南民居，青砖土瓦，古香古色，这里是梁启超先生出生和少年时期生活、学习的地方。故居目前主要分为两部分，一部分是纪念馆，一部分是旧居。纪念大院中央树立着梁启超先生的铜像，纪念馆内展示了梁启超先生的生平成就与贡献，及其对子女的教导事迹。怡堂书室是梁启超曾祖父所建，是梁启超少年时期读书和接受儒家传统思想的地方。故居正厅的左右两侧各有一耳房，是梁启超父母和少年梁启超的卧室，别具晚清岭南侨乡建筑的艺术风格。,全年 周二-周日 09:00-17:00,https://flight-feed.qunarzz.com/as3/288/image/poi_vishnu/f88b814c-9c44-419c-8971-8bed5fdf6552.jpg,4.4,建议游览时间：1小时 - 2小时,夏秋季节最佳，期间气候宜人，景区内风景秀丽。,具体收费情况以现场公示为主,适合亲子游，了解梁启超的生平事迹，学习先生伟大的爱国主义精神和思想体系。,4
江门陈白沙祠Memorial Temple of Chen Baisha in Jiangmen,http://travel.qunar.com/p-oi713774-jiangmenchenbaishaci,,陈白沙祠位于江门市郊白沙村，始建于明万历12年（1584年），是江门市首屈一指的历史文化品牌。1985年，江门市政府拨款大修陈白沙祠并辟为陈白沙纪念馆，现成为知名的旅游景点。,,https://tr-osdcp.qunarzz.com/tr-osd-tr-manager/img/63b7cb234060c3bffb85a88fca7662d3.jpg_480x360x95_7aebe7b5.jpg,4.5,建议游览时间：1小时 - 2小时,,,,4
仙鹤湖度假山庄,http://travel.qunar.com/p-oi703562-xianhehudujiashanzhuang,,仙鹤湖，一颗西江之畔的璀灿明珠！她是广东艾琳集团下属的一个集三星级宾馆、半山豪华别墅、桑拿、卡拉O K、全循环游泳池、大型园林垂钓场、烧烤场、康体城、美容美发中心、登山野营等于一体的大型综合旅游度假山庄，享有“一派湖光山色，万种人间风情”的美誉。来到仙鹤湖，你会感到她的静，没有一点声响，宛若出浴少女，一脸羞涩、清纯、温柔、秀色可餐。令你情不自禁掬起一捧，吻到脸上，体验她的清纯。 连绵起伏的青山，云雾潦绕，隐隐透过些蓝天来――似梦。湖面雾气氤氲，万物都...仙鹤湖，一颗西江之畔的璀灿明珠！她是广东艾琳集团下属的一个集三星级宾馆、半山豪华别墅、桑拿、卡拉O K、全循环游泳池、大型园林垂钓场、烧烤场、康体城、美容美发中心、登山野营等于一体的大型综合旅游度假山庄，享有“一派湖光山色，万种人间风情”的美誉。来到仙鹤湖，你会感到她的静，没有一点声响，宛若出浴少女，一脸羞涩、清纯、温柔、秀色可餐。令你情不自禁掬起一捧，吻到脸上，体验她的清纯。 连绵起伏的青山，云雾潦绕，隐隐透过些蓝天来――似梦。湖面雾气氤氲，万物都被那温润的柔情浸润得柔软了。仿佛连人站着的石头，身边的草和运山的树进取可以像水一样任人揉捏，远远望去，湖心的小岛林木茂盛，如同浮在水面的一方地毯，显得厚实而柔软。“美丽总是惹人的”，自然之美同样也是惹人的。一只蝴蝶、一抹晚霞、一叶小舟、一行白鹭，都会令人感动无语。 倚湖而建的人仙鹤山庄：绿荫掩映、鸟语花香、小桥流水、锦鲤腾欢；绿茵草地、古榕婆娑；山泉泳池、泉水潺潺.这里没有都市灰蒙蒙的天空、川流不息的车流、脚步匆匆的路人。抛开忙碌的工作、烦心的锁事、甩开城市繁嚣，与蓝天白云对话、与风拥抱，携妻带子、呼朋唤友，在山水田园之中自由自在享天伦之乐。投身碧波荡漾的游泳池畅游，细细品尝美味佳肴，使全身的每一寸肌肤都完全放松，与家人和朋友共享美好时光。 有空和朋友外出游玩、散心，可千万别错过鹤山仙鹤湖山庄这个独特的度假胜地,,,5.0,,,,,4
龙冈古庙Longgang Ancient Temple,http://travel.qunar.com/p-oi707344-longganggumiao,,龙冈古庙建于清朝康熙年间，是集宗祠、庙宇于一身的三进古庙，庙内供奉刘备、关羽、张飞、赵云神像，供刘、关、张、赵四姓人士祭祀。据考证，目前国内外许多该四姓人士聚居地都成立有龙冈古庙，而开平龙冈古庙则为鼻祖。,,,4.0,建议游览时间：1小时,,具体收费情况以现场公示为主,,4
陈少白故居Chenshaobai Former Residence,http://travel.qunar.com/p-oi713919-chenshaobaiguju,,"故居分两处，隔河相望，以自桥连为一体。桥的一边是""白园""，另一边是一座""三合院""式的居所。由陈少白自行设计。始建于1929年，1931年落成，占地面积两亩许。自少白逝世后，其家居多旅居外地，楼宇日久失修，渐显颓败。1991年春，外海镇政府拨出巨款对""白园""和园内的""莎萝坪""、""粥锅亭""、""瞻云台""等建筑，以及""三合院""和院内的""亚字楼""等都一一进行了修复，并在故居内设立""陈少白事迹陈列馆""，陈列大量名人字画及历史文物。使故居还其原貌，焕发青春。",,https://flight-feed.qunarzz.com/as3/288/image/poi_vishnu/e4645e08-e670-4ccd-99e1-f94360064470.jpg,4.5,建议游览时间：1小时,,具体收费情况以现场公示为主,,4
茶庵公园Cha'an Park,http://travel.qunar.com/p-oi706661-chaangongyuan,,"茶庵寺寺内四季如春，古木苍翠，花香鸟语，环境清幽，曲径亭台，四通八达，清泉涤俗，净土消烦。游人到此，如入蓬莱仙境。相传唐朝天文学家、高僧一行禅师游岭南一带时，来到此地观察天象，绘制星图，在此结一小茅庐居住，以种茶度日，草庐名为""茶庵""。 上世纪八十年代初期，江门市政府把茶庵风景区命名为“茶庵公园”，列为江门市风景区之一。近年来，原有的古迹已修葺一新，且还新建了一批亭台楼阁，开设了茶厅餐馆，又开辟了一个可供划船玩乐的人工湖。",,https://flight-feed.qunarzz.com/as3/180/image/poi_vishnu/6d610140-8b90-4d4e-97a4-a7371d5eb78c.jpg,4.4,建议游览时间：1小时,,具体收费情况以现场公示为主,,4
岳王庙,http://travel.qunar.com/p-oi722966-yuewangmiao,,是历代纪念民族英雄岳飞的场所。是中国现存仅有的四大岳王庙之一。岳飞是南宋初抗击金兵的主要将领， 但被秦桧、张俊等人以“莫须有”罪名诬陷为反叛朝廷，陷害至死。此庙是中国仅存的四座岳王庙之一，游人进岳庙参观，头门是一座二层重檐建筑，巍峨庄严，正中悬挂“宋忠武庙”四字竖匾，两旁古木参天。大殿正中是彩色3．5米的岳飞塑像，身着紫色蟒袍，臂露金甲，显示了武将的英雄气概。殿两面壁上写的“精忠报国”四个大字。入庭园，南北各有吕祖殿、观音殿。庙前有一个石铸人像，反...是历代纪念民族英雄岳飞的场所。是中国现存仅有的四大岳王庙之一。岳飞是南宋初抗击金兵的主要将领， 但被秦桧、张俊等人以“莫须有”罪名诬陷为反叛朝廷，陷害至死。此庙是中国仅存的四座岳王庙之一，游人进岳庙参观，头门是一座二层重檐建筑，巍峨庄严，正中悬挂“宋忠武庙”四字竖匾，两旁古木参天。大殿正中是彩色3．5米的岳飞塑像，身着紫色蟒袍，臂露金甲，显示了武将的英雄气概。殿两面壁上写的“精忠报国”四个大字。入庭园，南北各有吕祖殿、观音殿。庙前有一个石铸人像，反剪双手，面墓而跪，即陷害岳飞的主某秦桧，村里人说“不打秦桧、拜岳不灵”。,,,5.0,,,,,4
洪圣公园Hongsheng Park,http://travel.qunar.com/p-oi708536-hongshenggongyuan,"

地址:
环岛北路


电话:
3728527

",洪圣公园位于潮连镇的北面，临西江，公园是于1984年在原洪圣殿的基础上扩建而成。面积为一万五千余平方米，公园设计雅致，造型美观。人工湖面广阔，湖心亭通连两岸，栏杆曲径，岸边垂柳，桃红李白，亭台阁榭，相映成趣。古树常青，绿草如茵，时花满园。公园内主要历史景点有洪圣殿、慈母亭、四眼井等。,全年 6:00-17:30,https://flight-feed.qunarzz.com/as3/288/image/poi_vishnu/dbac7a82-8f93-449f-ba56-5baaf3d0c7c2.jpg,4.3,建议游览时间：1小时,,具体收费情况以现场公示为主,,4
新会博物馆Xinhui Confucian Temple,http://travel.qunar.com/p-oi713801-xinhuibowuguan,"

地址:
江门市新会区公园路12号


电话:
0750-6665906

",新会学宫现为新会博物馆，馆内收藏有各类藏品5000余件，有名字名画、古铜器、古陶瓷等，是江门地区乃至省内规模较大、藏品丰富、展出水平较高的县市级博物馆，被定为新会市爱国主义教育基地。馆中展览以馆藏文物展览为主，同时开辟其它专题展览，先后举办《北京故宫博物院清宫御物展览》、《会城振兴三路出土古钱币展览》、《馆藏书画、陶瓷精品展览》以及美术、摄影、书法、家具、学生小制作等门类的展览。新会学宫又名孔庙，始建于北宋庆历四年，元朝初毁于兵火，现存建筑在1956年依山东曲阜孔庙为蓝本重建。,周二-周日9:00-17:00，逢周一闭馆（法定节假日和特殊情况除外）。,https://flight-feed.qunarzz.com/as3/288/image/poi_vishnu/ec77ae5d-9bf9-4745-841e-63b1ea38d1b1.jpg,4.5,建议游览时间：1小时,,{'【酒店套餐】江门新会碧桂园酒店2大2小酒店美食套餐，含舒适度假房+自助早餐+晚餐\n\n': ['¥499起']},,4
鳌峰山Aofeng Mountain,http://travel.qunar.com/p-oi705042-aofengshan,,"峰顶建有冯如纪念馆、恩平市历史博物馆，还有宾馆、酒家、商场十天松古寺及其他亭台楼阁。在这里可以环视整个恩平市区及其周围的景色。在鳌峰山南边有一条尤廊，从远处眺望，象一条黄龙从山顶顺势而下，片片黄色的琉璃屁活象龙的鳞甲。龙尾在山顶翘起，那是六层高的追月楼。龙头是一座两层高的亭子，名叫龙亭，游客可在此欣赏各种美景。整条龙廊九曲七十七卡相连，廊内檐上绘有《西游记》、《水浒传》、《三国演义》、《红楼梦》四大古典皂著工笔画308幅。龙头的前方，建有日晷仪一座，可以凭日照来看时辰。日晷仪是圆形的，远远看上去象是黄龙戏珠，气势磅磁，仪态万千。在鳌峰公园东侧，建有一座规模宏大的""百兽园""。全部是用紫铜铸成的，与动物的原体一样大。园中的环境设计，有山有水有坡地，各种树木的栽植也别出心裁。鳌峰公园的北边还兴建有一座""石雕园""。包括古罗马女神维纳斯和中国著名历史人物等，选用汉白玉和花岗岩等材料，名师雕琢，惟妙惟肖。",,https://tr-osdcp.qunarzz.com/tr-osd-tr-manager/img/23c2e3ce6a88ad06fd881d08c944d9d8.jpg_480x360x95_e532cfd7.jpg,4.5,建议游览时间：1小时,,,,5
紫云观Ziyun Taoist Temple,http://travel.qunar.com/p-oi702950-ziyunguan,,"远望这座仿古建筑群,流光溢彩,气势非凡。进入山门后,两边分别是钟楼和鼓楼,中间有一座汉白玉石雕砌的会仙桥。各建筑物的梁柱和走廊间绘制了许多花鸟、山水、人物图画,体现了浓厚的文化品味。紫云道观依山而建，气势雄伟，是广东著名的道教胜地。紫云观建主要建筑有三清殿、太殿、灵官殿、南北庑殿、钟鼓楼、放生池、窝凤桥、山门、六十甲子殿、祖先殿、祖先堂、善长芳名碑等。宫观内各殿堂安坐的神像有灵官护法、玉皇大帝、三清道祖、吕洞宾仙师、黄大仙、斗姆、六十太岁、关圣帝君、北帝、李涵虚祖师、观音大士、天后、龙母等九十多尊。神像雕塑，道骨清相,神态逼真,形象慈祥、威严、端庄。",,https://img1.qunarzz.com/travel/poi/1803/d3/e463068b92635c37.jpg_480x360x95_442a9d69.jpg,4.3,建议游览时间：1小时,,具体收费情况以现场公示为主,,5
云礼石头村,http://travel.qunar.com/p-oi710979-yunlishitoucun,,那吉石头村（原名云礼村）位于恩平市那吉镇的西部，东距325国道（广湛公路）11公里，距金山温泉度假村3公里，从市区恩城向西南驱车25公里即可抵达。该村占地约200亩，它与众不同，别具一格的石头古建筑著称，房子是用石头建的，路是用石头铺的，塘基是用石头砌的，村边的水渠是用石头筑成的，村子围墙、菜园地也是用石头垒成的，这些石头建筑，巧夺天工，独具一格，成为恩平市独一无二的、地地道道的石头村石头村历史悠久。这里曾发现4500多年前人类所使用的生产工具的石器，也发现100...那吉石头村（原名云礼村）位于恩平市那吉镇的西部，东距325国道（广湛公路）11公里，距金山温泉度假村3公里，从市区恩城向西南驱车25公里即可抵达。该村占地约200亩，它与众不同，别具一格的石头古建筑著称，房子是用石头建的，路是用石头铺的，塘基是用石头砌的，村边的水渠是用石头筑成的，村子围墙、菜园地也是用石头垒成的，这些石头建筑，巧夺天工，独具一格，成为恩平市独一无二的、地地道道的石头村石头村历史悠久。这里曾发现4500多年前人类所使用的生产工具的石器，也发现1000多年前的唐代中期少数民族曾活动过的遗迹。石头村是条充满神奇色彩的古村，据黎氏族谱记载，从黎思文翁，第八代至二十代，人的寿命平均为77岁，最高黎思文翁95岁。村中溪水相距150米，但上游的水比重比下游的轻。这些至今还是一个谜。传说黎氏第十世祖黎源广葬于鹅山，因其家人不按照风水先生的吩咐，要等到黄茅高过耳的时候才下葬，提前时辱下葬，结果那山穴周边的黄茅象箭射到皇帝的琴台上，皇帝认为是大贼作反，十分惊慌，而派兵南下到那吉进行镇压，并误杀那吉平地园村的村民，黎氏也遭受了一场较大劫难，源广所生的八子中仅第八子振胜被阳江来村的马氏表姑婆用麻裙罩住才免一死，后来用狗乳汁喂大成人，并取小名贱。所以至今，那吉姓黎的人都不食狗肉。明末清初，云礼村出了一名武艺高强的草寇王黎毛爪，他不满清延的腐败反动统治，劫富济贫，投奔抗清英雄王兴的义军队伍进行反清斗争，深受当地群众传颂,,https://img1.qunarzz.com/piao/fusion/1705/67/0a03abb676468102.jpg_480x360x95_4e4e8169.jpg,--,,,,,5
江门渔家风情园Jiangmen Fishermen's Garden,http://travel.qunar.com/p-oi708114-jiangmenyujiafengqing,"

地址:
新会区围垦银湖湾三龙桥

",,全年 全天开放,https://img1.qunarzz.com/travel/poi/1604/89/adb9e770f5b533f7.jpg_480x360x95_66292a92.jpg,5.0,,,具体收费情况以现场公示为主,,5
雁平楼,http://travel.qunar.com/p-oi719403-yanpinglou,,位于百合镇齐塘村委会河带村，1912年旅居加拿大华侨为防止匪盗而兴建，耗资三万双毫。因其是当地最高的建筑，号称与天际飞雁齐平，故名“雁平楼”。,,,--,,,,,5
河东名人山庄Hedong Celebrity Villa,http://travel.qunar.com/p-oi715870-hedongmingrenshanzhuang,"

地址:
江门市恩平市牛江镇西坑水库湖畔


电话:
0750-7633038

",河东名人山庄，位于广东著名的侨乡恩平市的东北郊，坐落在风景秀丽的恩平牛江镇西坑水库湖畔。河东名人山庄是一处优雅浪漫的度假山庄，四周群山环绕，鸟语花香，河东名人山庄是企业高层活动和商务会议的接待基地，也是高级员工及私人休闲度假、旅游的理想场所。,8:00—17:00,https://img1.qunarzz.com/travel/poi/1803/99/fa7fec21740d4237.jpg_480x360x95_735acf03.jpg,4.6,,,具体收费情况以现场公示为主,,5
五邑华侨博物馆Jiangmen Wuyi Museum of Overseas Chinese,http://travel.qunar.com/p-oi3746840-wuyihuaqiaobowuguan,"

地址:
广东省江门市蓬江区五邑华侨广场


电话:
0750-3936219


官网:
http://www.jmbwg.com/

",五邑华侨博物馆筹建于2002年，2005年举办了馆藏文物汇报展，2010年全面落成开放。该馆建筑面积约九千平方米，由三个馆舍——台山会馆、恩平会馆、鹤山会馆组成，整个展馆分为金山寻梦、海外创业、碧血丹心、侨乡崛起、侨乡新篇、华人之光六个部分，全面展现了五邑籍华侨华人在海外创业的艰辛，以及回报家乡的感人故事。博物馆共征集到华侨实物3.9万余件，馆藏文物之多、内容之丰富、价值之高居全国同类博物馆前列。,周二-周日9:00-17:00，逢周一闭馆（法定节假日和特殊情况除外）。,https://img1.qunarzz.com/travel/d2/1605/6e/c1dcc989a7c1b7f7.jpg_480x360x95_490021ae.jpg,4.6,建议游览时间：2小时 - 3小时,,,,5
大隆洞,http://travel.qunar.com/p-oi7469616-dalongdong,"

地址:
广东省江门市台山端芬镇西部山区 

",,09:00-17:30,https://img1.qunarzz.com/travel/poi/1408/27/8318f262732b9a32ffffffffc8d65eac.jpg_480x360x95_db8f5dc3.jpg,--,,,68元,,5
侨乡关帝庙,http://travel.qunar.com/p-oi705217-qiaoxiangguandimiao,,“侨乡关帝庙”是广东保留较完整的历史最长的“关帝庙”，是一座综合岭南天地灵气的千年古庙。始建于明初，乾隆期间曾经多次重修，有功德牌流传至今，刻有各省各界人士捐款芳名。“武财神”关公是天下做生意人必定供奉的守护神，也能保佑各位善信人士心想事成。老人求寿、生意人求财、病人求药、妇人求子，都可以去关帝庙进香。,,,--,,,10元,,5
江门梦主题儿童乐园,http://travel.qunar.com/p-oi40015116-jiangmenmengzhutiertong,,梦主题乐园为室内乐园，面积较大；园内有城堡、波波池、沙池、角色扮演、卡丁车、喂鱼、恐龙化石、挖宝石等项目,,,0.0,建议游览时间：1小时 - 2小时,,,,5
水禾田四季农园,http://travel.qunar.com/p-oi40011049-shuihetiansijinongyuan,,水禾田四季农园是一家集餐饮、休闲娱乐于一体的综合性景区，首期开放项目有：网红小火车、围炉煮茶、焗窑、抓泥鳅、逗兔撸猫、喂孔雀、赏花、餐饮等,,,0.0,建议游览时间：1小时 - 2小时,,,,6
恒大五国温泉小镇,http://travel.qunar.com/p-oi39722265-hengdawuguowenquanxiao,,,,,0.0,,,,,6
鹤城公园,http://travel.qunar.com/p-oi39720551-hechenggongyuan,,,,,0.0,,,,,6
学宫,http://travel.qunar.com/p-oi39720461-xuegong,,,,,0.0,,,具体收费情况以景区现场公示为主,,6
熙春塔Xichun Tower,http://travel.qunar.com/p-oi39640445-xichunta,,,,,0.0,,,,,6
陈白沙纪念馆,http://travel.qunar.com/p-oi39640391-chenbaishajinianguan,,,,,0.0,,,,,6
霄南村,http://travel.qunar.com/p-oi39610803-xiaonancun,,,,,0.0,,,,,6
东凌影院(双水镇店),http://travel.qunar.com/p-oi39571555-donglingyingyuan,,,,,0.0,,,,,6
邑涧0750房车营地,http://travel.qunar.com/p-oi39559111-yijian0750fangcheying,,,,,0.0,,,,,6
西严寺,http://travel.qunar.com/p-oi39559105-xiyansi,,,,,0.0,,,,,6
响水龙潭森林公园,http://travel.qunar.com/p-oi39514576-xiangshuilongtansenlin,,,,,0.0,,,,,7
凉帽顶,http://travel.qunar.com/p-oi39438524-liangmaoding,,,,,0.0,,,,,7
广东人民抗日解放军司令部旧址,http://travel.qunar.com/p-oi39366341-guangdongrenminkangri,,,,,0.0,,,,,7
六座民居,http://travel.qunar.com/p-oi39365856-liuzuominju,,,,,0.0,,,,,7
上泽圩,http://travel.qunar.com/p-oi39365816-shangzewei,,,,,4.0,,,,,7
鹤山雅瑶德明祖祠,http://travel.qunar.com/p-oi39362177-heshanyayaodemingzuci,,,,,,,,,,7
鹤山雅瑶节孝流芳牌坊,http://travel.qunar.com/p-oi39345676-heshanyayaojiexiaoliu,,,,,0.0,,,,,7
立轩宋公祠,http://travel.qunar.com/p-oi39319139-lixuansonggongci,,,,,0.0,,,,,7
罗贵墓,http://travel.qunar.com/p-oi39318538-luoguimu,,,,,0.0,,,,,7
良溪罗氏大宗祠,http://travel.qunar.com/p-oi39317798-liangxiluoshidazongci,,,,,0.0,,,,,7
禾谷田心村,http://travel.qunar.com/p-oi39317743-hegutianxincun,,,,,0.0,,,,,8
大凹村,http://travel.qunar.com/p-oi39316140-daaocun,,,,,,,,,,8
大沙里·欢茶谷,http://travel.qunar.com/p-oi38948328-dashalihuanchagu,,,,,0.0,,,,,8
纪念周恩来总理视察新会图片展,http://travel.qunar.com/p-oi38941986-jinianzhouenlaizongli,,,,,0.0,,,,,8
钧明欢乐世界,http://travel.qunar.com/p-oi38932755-junminghuanleshijie,,,,,--,,,,,8
粤海滨江艺术公园,http://travel.qunar.com/p-oi38923204-yuehaibinjiangyishugong,,,,,0.0,,,,,8
台山市华侨文化广场,http://travel.qunar.com/p-oi38859344-taishanshihuaqiaowenhua,,,,,0.0,,,,,8
乐崎恐龙园,http://travel.qunar.com/p-oi38854152-leqikonglongyuan,,,,,0.0,,,,,8
江门儿童公园-梦主题游乐区,http://travel.qunar.com/p-oi38807415-jiangmenertonggongyuan,,江门儿童公园-梦主题游乐区内的游乐项目很多，有丛林穿梭、勇者之坡、丛林探险、秋千群岛、漫步云端和天空之城等，非常适合带孩子来玩。,,,5.0,建议游览时间：1小时 - 2小时,,具体收费情况以现场公示为主,,8
祖宅村,http://travel.qunar.com/p-oi38798057-zuzhaicun,,,,,0.0,,,,,8
特成沙公园,http://travel.qunar.com/p-oi38674524-techengshagongyuan,,特成沙公园是一个天然的湿地公园，公园的小道两旁种植有杉树，绿树成荫，非常有意境，很适合打卡拍照。,,,0.0,建议游览时间：1小时 - 2小时,,具体收费情况以现场公示为主,,9
凹口村,http://travel.qunar.com/p-oi38667286-aokoucun,,凹口村历史悠久，内有冯识广民居、冯锦广民居、冯国芬民居和荫诒学校碉楼等有名景点，环境清幽，景色优美。,,,--,建议游览时间：2小时 - 4小时,,具体收费情况以现场公示为主,,9
黎塘村,http://travel.qunar.com/p-oi38666901-litangcun,,黎塘村历史文化氛围十分浓厚。村内设有规模较大的文化广场以及女飞行家张瑞芬的铜像。村内随处可见碉楼、洋楼，十分的典雅气派。,,,0.0,建议游览时间：1小时 - 2小时,,具体收费情况以现场公示为主,,9
江门植物园,http://travel.qunar.com/p-oi38616198-jiangmenzhiwuyuan,,,,,0.0,,,,,9
泉林黄金小镇,http://travel.qunar.com/p-oi38614898-quanlinhuangjinxiaozhen,,恩平泉林黄金小镇是特色文旅温泉小镇，不仅自然环境优美，而且拥有酒店、温泉、美食、模拟滑雪馆、飞行主题馆等配套设施，是休闲玩乐的好去处。,,,4.0,建议游览时间：3天 - 6天,,具体收费情况以现场公示为主,,9
东仓里文化创意园,http://travel.qunar.com/p-oi38609511-dongcangliwenhuachuang,,,,,,,,,,9
陈皮古道,http://travel.qunar.com/p-oi38607420-chenpigudao,,,,,5.0,,,具体收费情况以现场公示为主,,9
大西坑保护区,http://travel.qunar.com/p-oi38600924-daxikengbaohuqu,,,,,--,,,具体收费情况以现场公示为主,,9
青山咀,http://travel.qunar.com/p-oi38344192-qingshanju,,,,,5.0,,,,,9
陈少白广场,http://travel.qunar.com/p-oi38340799-chenshaobaiguangchang,,,,,--,,,具体收费情况以现场公示为主,,9
蔡李佛始祖馆,http://travel.qunar.com/p-oi38340467-cailifoshizuguan,,,,,--,,,具体收费情况以现场公示为主,,10
彩虹村,http://travel.qunar.com/p-oi38337287-caihongcun,,,,,5.0,,,具体收费情况以现场公示为主,,10
金山公园,http://travel.qunar.com/p-oi38337059-jinshangongyuan,,金山公园位于开平市，公园内有滑梯等游乐设施，山顶有开萃塔，树木成荫，景色优美，是人们爬山赏景的好地方。,,,4.0,建议游览时间：1小时 - 2小时,,具体收费情况以现场公示为主,,10
五丰村,http://travel.qunar.com/p-oi38337025-wufengcun,,,,,--,,,具体收费情况以现场公示为主,,10
甫草村,http://travel.qunar.com/p-oi38336248-fucaocun,,,,,0.0,,,具体收费情况以现场公示为主,,10
黎塘碉楼文化广场,http://travel.qunar.com/p-oi38335853-litangdiaolouwenhuaguang,,藜塘碉楼文化广场位于江门市恩平市。广场上屹立着特技女飞行家张瑞芬的铜像，周围还有碉楼可以观看。,,,0.0,建议游览时间：1小时 - 2小时,,具体收费情况以现场公示为主,,10
佛恩寺,http://travel.qunar.com/p-oi38335724-foensi,,佛恩寺是新修扩建的寺庙，占地面积大，背面都是山，环境清幽。,,,5.0,建议游览时间：0.5小时 - 1小时,,具体收费情况以现场公示为主,,10
鳌峰公园,http://travel.qunar.com/p-oi38335538-aofenggongyuan,,,,,4.0,,,具体收费情况以现场公示为主,,10
汶秧村,http://travel.qunar.com/p-oi38334638-wenyangcun,,,,,--,,,具体收费情况以现场公示为主,,10
水中碉楼,http://travel.qunar.com/p-oi38161694-shuizhongdiaolou,,,,,--,,,具体收费情况以现场公示为主,,10
