名字,链接,地址,介绍,开放时间,图片链接,评分,建议游玩时间,建议季节,门票,小贴士,Page
佳木斯乌苏里江Jiamusi Ussuri River,http://travel.qunar.com/p-oi715014-jiamusiwusulijiang,"

地址:
黑龙江省抚远县境内

",乌苏里江是中国黑龙江支流，中国与俄罗斯的界河。满语中“乌苏里江”被意为“水里的江”和“东方日出之江”。乌苏里江的上游由乌拉河和道比河汇合而成。两河都发源于锡霍特山脉的西南坡，东北流到哈巴罗夫斯克（伯力）和黑龙江汇合。长约909公里（565英里），流域面积约187000平方公里（72200平方英里）。 江面很是宽阔，水流也很缓慢。主要支流有松阿察河、穆稜河和挠力河等。乌苏里江有5个月左右封冻期。乌拉河口以下可通航。乌苏里江鱼产丰富，而且因江面宽阔，水流平稳，便于航运，是中国仅有的几条未被污染的江河之一，也是消夏避暑、江畔垂钓、旅游观光的胜地。,全年 全天开放,https://img1.qunarzz.com/travel/d2/1701/4c/a829e248866581b5.jpg_480x360x95_d5131e44.jpg,4.5,建议游览时间：1小时 - 3小时,,"{'边境东极宝塔+黑瞎子岛+淡水鱼馆2-6人拼车纯玩小团一日游\n\n': ['¥399起'], '【东极打卡】抚远黑瞎子岛+淡水鱼博物馆2-6人小团纯玩一日游\n\n': ['¥399起'], '漠河中国醉北点+北极村小众纯玩+大环线2-6人小团三日游\n\n': ['¥650起']}",,1
五顶山国家森林公园,http://travel.qunar.com/p-oi722426-wudingshanguojiasenlin,"

地址:
黑龙江佳木斯市富锦市富锦镇

",国家AA级旅游风景区五顶山森林公园由卧虎力山和乌尔古力山两条山脉组成，位于富锦城东南11公里处，为西北东南走向，总面积3806公顷，乌尔古力山主峰海拔543米。　　五顶山国家森林公园有10多个景区，整个五顶山上有108座碉堡。1958年花果山园艺场在这里种植了大面积的果树，1966年石砬山林场开始在山上造林绿化，以落叶松、樟子松为主，共造人工林15900亩。1982年富锦广播电视局在主峰建起40米高发射天线铁塔，1985年又建起600平方米电视机房楼。乌尔古力山一改荒山秃岭、满目疮痍的...国家AA级旅游风景区五顶山森林公园由卧虎力山和乌尔古力山两条山脉组成，位于富锦城东南11公里处，为西北东南走向，总面积3806公顷，乌尔古力山主峰海拔543米。　　五顶山国家森林公园有10多个景区，整个五顶山上有108座碉堡。1958年花果山园艺场在这里种植了大面积的果树，1966年石砬山林场开始在山上造林绿化，以落叶松、樟子松为主，共造人工林15900亩。1982年富锦广播电视局在主峰建起40米高发射天线铁塔，1985年又建起600平方米电视机房楼。乌尔古力山一改荒山秃岭、满目疮痍的旧貌，呈现出山峦叠翠、花果飘香、景色宜人的新姿　　五顶山军事遗址　富锦是中国东北门户，军事要塞。伪满时期，日本帝国主义为了实现其扩张计划，把富锦列为“第二国境防线”，派重兵把守。日伪军在富锦城周围修筑了日伪军大营共八处，其中五顶山大营一处，修筑五顶山发电厂一处，专供日伪军必要时军事用电。日军把五顶山划为军事禁区，驻扎军队，抓大批劳工修筑碉堡、暗道、山洞（藏军用物资，至今尚未发现）等。为严守军事秘密，工程竣工后劳工都被处死，死亡约二万余人。五顶山大营，位置在富锦县城东偏南11公里，主峰是乌尔古力山，海拔545米，是完达山的余脉。富锦人习惯叫它东山，日本人把满洲作为生命线，把五顶山大营看作是陆地上的航空母舰，有盘山路直达山顶，松花江和现在的哈同路在它的监视之下。战略地位非常重要，当过日本首相的田中角荣就在此服过役。据史料记载，当时日本在富锦修筑了四个飞机场，141个碉堡，山上就有90个，据说，山上有山洞，因日本为了杀人灭口，凡是在此干过活的劳工全部都杀了，山洞在哪，有多大，至今还是谜。　　1942年春，日本帝国主义侵略者将此山划为军事禁区，驻扎军队，并强迫从外地抓来的中国劳工修筑碉堡、暗道和盘山道等大规模、永固性的军事工程。为严守军事秘密，工程竣工后劳工均被处死，死亡约二万余人。劳工马夫“马铁脖子”在这里被日寇用军刀砍伤脖子后死里逃生。,8:00----18:00,,3.0,,,20元,,1
街津口赫哲族民族村,http://travel.qunar.com/p-oi704095-jiejinkouhezhezuminzu,"

地址:
黑龙江省佳木斯市同江市

",赫哲族是我国人口最少的民族，街津口是赫哲族集居地，总面积160平方公里，其中村寨建筑面积3500平方米。村寨布局基本为正方形，建筑多为汉族式瓦房。赫哲族素以三江为家，渔猎为主，形成了独特的生活方式和风俗习惯。民间文学为依玛坎、说胡力．民歌有嫁阔令、赫尼娜；乐器有口弦琴、单面手鼓；有各种民间舞蹈。民族体育项目主要有插草球、骑马等。民族喜食品种有杀生鱼、烧塔拉哈。炒鱼毛(鱼松)。有民间喜庆大会乌日贡。手工艺品有色骨制品、木刻、桦树皮缝制品等。村里有民族博物馆...赫哲族是我国人口最少的民族，街津口是赫哲族集居地，总面积160平方公里，其中村寨建筑面积3500平方米。村寨布局基本为正方形，建筑多为汉族式瓦房。赫哲族素以三江为家，渔猎为主，形成了独特的生活方式和风俗习惯。民间文学为依玛坎、说胡力．民歌有嫁阔令、赫尼娜；乐器有口弦琴、单面手鼓；有各种民间舞蹈。民族体育项目主要有插草球、骑马等。民族喜食品种有杀生鱼、烧塔拉哈。炒鱼毛(鱼松)。有民间喜庆大会乌日贡。手工艺品有色骨制品、木刻、桦树皮缝制品等。村里有民族博物馆，收藏赫哲族历代出土文物、手工制品和生产工具等。,8：00-16：00,https://img1.qunarzz.com/travel/d7/1602/99/fae62039db0230f7.jpg_480x360x95_ca933afc.jpg,3.3,,,8元,,1
三江自然保护区,http://travel.qunar.com/p-oi711715-sanjiangziranbaohuqu,,,,,,,,,,1
三江口Sanjiangkou,http://travel.qunar.com/p-oi711968-sanjiangkou,"

地址:
佳木斯市同江市新发村防巡逻路与三江口大街交叉路口北侧

",松花江与黑龙江在同江城东北4公里处的同江汇合，汇合后俗称“混同江”，故名为“三江口”。三江口以“江汇于此、路始于此、海通于此”而闻名。来到三江口有两个必看：一是欣赏同三公路零公里标志塔的壮美，经过同江市政府的独具匠心建设，这里已成为风景独特的旅游观光宝地；二则是“泾渭分明”的两江奇观。黑龙江水色呈墨绿色，平缓而坦荡；松花江泥沙较多呈黄色，黄色的松花江与墨绿色的黑龙江汇合后的江水汹涌澎湃，水色分明，东流数十里不混。2米高的标志塔巍峨耸立，直上云霄。标志塔造型别致，寓意深刻。博物馆陈列着赫哲族各个历史时期的生产生活实物，记载着改革开放以来赫哲族生产生活发生的巨大变化。别具一格的水上餐厅可以品尝特色美味，避雨长廊则可以远眺异国风情。同时由于景区内绿化面积大，也被称为“天然氧吧”。,全年 全天开放,https://img1.qunarzz.com/travel/d3/1703/b6/592cf12b595abdb5.jpg_480x360x95_4b1a02e8.jpg,4.6,建议游览时间：2小时,,具体收费情况以现场公示为主,,1
大亮子河国家森林公园Daliangzihe National Forest Park,http://travel.qunar.com/p-oi722609-daliangziheguojiasenlin,"

地址:
佳木斯市汤原县大亮子河红松母树林场境内


电话:
0454-7362266

",大亮子河国家森林公园位于黑龙江省佳木斯市汤原县大亮子河红松母树林场境内，分为六大板块，分别是以接待中心为主的接待服务区，以红松母树林为主的绿色生态休闲区，以抗联密营为主的红色抗联文化区，以愿海寺为主的金色佛教观光区，以鹰山攀岩为主的山地运动区，以大亮河漂流为主的激情漂流娱乐区。这六大景区沿园内环形公路两侧错落分布。,5月20日-10月31日8:00-16:00。,https://img1.qunarzz.com/p/tts5/1712/39/3014afc18a081802.jpg_480x360x95_894931f3.jpg,4.6,建议游览时间：12小时 - 3天,,具体收费情况以现场公示为主,大亮子河国家森林公园虽地处寒冷地带，但是寒冷的程度并没有想象中可怕，同时适当注意保暖是必须的。1、游客可在当地购买羽绒衣裤、羊毛衣裤，价格便宜不说，且厚实耐寒，此外，带上一套帽子、围巾加手套即可万无一失。2、东北地区室内外温差很大，冷热交替，极易感冒，所以最好带上感冒药之类的药品。3、在气候严寒、干燥的地方，手容易起刺，嘴唇易干裂，带上润唇膏或润肤品，总不会有错。4、在零下几十度的东北，专业相机的快门会冻得开不了，所以，如果带上专业相机，一定要注意机器的保暖。5、有幸到当地人家中做客，可以试着在炕上用餐，非常有意思，如果睡在炕上的话，很容易“上火”，起床后应多喝开水，多吃水果。,1
佳木斯市水源山公园Shuiyuanshan Park (North Gate),http://travel.qunar.com/p-oi722611-jiamusishishuiyuanshan,"

地址:
佳木斯市前进区胜利路光华路267号


电话:
0454-8782813

",水源山公园位于市区东南部，距市中心广场约3公里，占地面积64公顷。园内布局分为八大部分，包括面积达4.6万平方米，集休闲、娱乐、观赏为一体的门前广场区。,景区暂时停业，详情请以景区公示为准；原开放时间夏令6:00-18:00，冬令7:30-16:00。,https://mp-commentcp.qunarzz.com/mp_comment_mp_comment/1562527006675100315000000xkxez565A_D_640_10000.jpg_480x360x95_1bb71b0b.jpg,4.5,建议游览时间：3天 - 26.4小时,,免费,,1
向阳湖,http://travel.qunar.com/p-oi708124-xiangyanghu,,,,,,,,,,1
黑瞎子岛Heixiazi Island,http://travel.qunar.com/p-oi7587393-heixiazidao,"

地址:
佳木斯市抚远县地处黑龙江、乌苏里江交汇的三角地带


电话:
0454-2170013

",黑瞎子岛学名叫做抚远三角洲，满语说“摩林乌珠”翻译过来是“马头”的意思。俄罗斯称它叫大乌苏里岛(островБольшойуссурийский)。是位于黑龙江与乌苏里江交汇处的一个岛系，现在是两国一岛，全岛总面积335平方公里（中171，俄164），是香港的1/3、澳门的12倍，珍宝岛的500倍。黑瞎子岛是由3个大岛和90多个岛屿沙洲组成，三大岛分别是银龙岛、明月岛和黑瞎子岛，其中中方占银龙岛和一大部分黑瞎子岛，俄方占明月岛和一小部分黑瞎子岛。岛屿形似三角形，横向长度约58.8公里，纵向宽处约14.4公里，经调查黑瞎子岛是我国淡水流域较大的岛屿。那么为什么叫黑瞎子岛呢？大家可能都知道在东北我们管黑熊叫黑瞎子，岛上因为水系发达，鱼类资源比较丰富，几乎没有居民生活，所以吸引好多黑熊在岛上定居，早些年，当地渔民因为经常看见岛上有黑熊出没，时间长了就叫出了黑瞎子岛这个名字。,全年 08:00-18:00,https://img1.qunarzz.com/travel/d1/1708/b1/3cc2a7ed71c84eb5.jpg_480x360x95_d9e5f9ea.jpg,4.6,建议游览时间：2小时 - 4小时,冬季此地关闭，夏季很容易进入雨季，导致售票点总是更换，最佳季节为春季。,"{'【东极打卡】抚远黑瞎子岛+淡水鱼博物馆2-6人小团纯玩一日游\n\n': ['¥399起'], '边境东极宝塔+黑瞎子岛+淡水鱼馆2-6人拼车纯玩小团一日游\n\n': ['¥399起']}",这里是军事管辖区，随身携带身份证。,1
中大村,http://travel.qunar.com/p-oi39316138-zhongdacun,,,,,0.0,,,,,1
喷砂刻碑,http://travel.qunar.com/p-oi35678712-penshakebei,,,,,--,,,具体收费情况以现场公示为主,,3
八五九农场二十六队859 Farm Team 26 Village,http://travel.qunar.com/p-oi35474466-bawujiunongchangershi,,,,,5.0,,,具体收费情况以现场公示为主,,3
八五九农场二十二队859 Farm Team 22 Village,http://travel.qunar.com/p-oi35474444-bawujiunongchangershi,,,,,,,,,,3
佳木斯市养路段农场,http://travel.qunar.com/p-oi35385332-jiamusishiyangluduannong,,,,,--,,,具体收费情况以现场公示为主,,3
刘皮铺南分屯Liupipu Nanfentun Village,http://travel.qunar.com/p-oi35312010-liupipunanfentun,,,,,5.0,,,具体收费情况以现场公示为主,,3
团结南分屯Tuanjie Nanfentun Village,http://travel.qunar.com/p-oi35309393-tuanjienanfentun,,,,,--,,,具体收费情况以现场公示为主,,3
前进农场一队Team 1 of Qianjin Farm,http://travel.qunar.com/p-oi35301115-qianjinnongchangyidui,,,,,--,,,具体收费情况以现场公示为主,,3
前进农场十六队Team 16 of Qianjin Farm,http://travel.qunar.com/p-oi35301047-qianjinnongchangshiliu,,,,,--,,,具体收费情况以现场公示为主,,3
前进农场十一队,http://travel.qunar.com/p-oi35300972-qianjinnongchangshiyi,,,,,5.0,,,具体收费情况以现场公示为主,,3
前进农场十四队Qianjin Farm Team XIV Village,http://travel.qunar.com/p-oi35300920-qianjinnongchangshisi,,,,,,,,,,3
前进农场十八队Qianjin Team XVIII of Farm,http://travel.qunar.com/p-oi35300781-qianjinnongchangshiba,,,,,--,,,具体收费情况以现场公示为主,,4
前进农场十五队Team 15 of Qianjin Farm,http://travel.qunar.com/p-oi35300436-qianjinnongchangshiwu,,,,,4.5,,,具体收费情况以现场公示为主,,4
前进农场十队Team 10 of Qianjin Farm,http://travel.qunar.com/p-oi35300275-qianjinnongchangshidui,,,,,--,,,具体收费情况以现场公示为主,,4
石头河镇Shitouhe Town,http://travel.qunar.com/p-oi35300262-shitouhezhen,,,,,--,,,具体收费情况以现场公示为主,,4
前进农场十九队Qianjin Team XIX of Farm,http://travel.qunar.com/p-oi35300188-qianjinnongchangshijiu,,,,,--,,,具体收费情况以现场公示为主,,4
前进镇丰收广场Harvest Square in Qianjin Town,http://travel.qunar.com/p-oi35300011-qianjinzhenfengshouguang,,,,,--,,,具体收费情况以现场公示为主,,4
"桦南县双龙林场Shuanglong Forest Farm, Huanan County",http://travel.qunar.com/p-oi35290959-huananxianshuanglonglin,,,,,5.0,,,具体收费情况以现场公示为主,,4
黑龙江省曙光农场第二生产队,http://travel.qunar.com/p-oi35287061-heilongjiangshengshuguang,,,,,--,,,具体收费情况以现场公示为主,,4
前哨农场二十一队Team 21 of Qianshao Farm,http://travel.qunar.com/p-oi35279655-qianshaonongchangershi,,,,,4.0,,,具体收费情况以现场公示为主,,4
前锋农场场直社区,http://travel.qunar.com/p-oi35263681-qianfengnongchangchang,,,,,--,,,具体收费情况以现场公示为主,,4
赫哲雪村Hezhe Snow Village,http://travel.qunar.com/p-oi35213538-hezhexuecun,,,,,5.0,,,,,5
佳木斯市郊区赫哲族博物馆Jiamusi Shijiaoqu Hezhezu Museum,http://travel.qunar.com/p-oi34274331-jiamusishijiaoquhezhe,"

地址:
郊区敖其镇旅游风景区

",,年久失修，存在安全隐患，暂时闭馆，等待上级拨款进行维修。,,--,,,免费,,5
桦川县博物馆Huachuanxian Museum,http://travel.qunar.com/p-oi34274330-huachuanxianbowuguan,"

地址:
桦川县中兴路北段

",,不开放,,--,,,免费,,5
同江市赫哲族博物馆Tongjiangshi Hezhezu Museum,http://travel.qunar.com/p-oi34274300-tongjiangshihezhezubo,"

地址:
同江市三江口广场东侧

",,上午8:00-11:30下午1:30-17:00,,4.9,,,免费,,5
佳木斯中俄文化艺术收藏馆Jiamusi Sino-Russian Culture and Art Collection,http://travel.qunar.com/p-oi34273817-jiamusizhongewenhuayi,,,,,--,,,免费,,5
黑龙江佳艺鱼皮文化博物馆Heilongjiang Jiayi Yupi Culture Museum,http://travel.qunar.com/p-oi34271685-heilongjiangjiayiyupi,"

地址:
佳木斯市郊区佳西街12号

",,8:00--17:00（周日闭馆）,,--,,,免费,,5
梧桐河抗联纪念馆Wutonghe Kanglian Memorial Hall,http://travel.qunar.com/p-oi34271054-wutonghekanglianjinian,,,,,0.0,,,免费,,5
人民广场Renmin Square,http://travel.qunar.com/p-oi32889209-renminguangchang,,,,,,,,,,5
南山Nan Mountain,http://travel.qunar.com/p-oi32808961-nanshan,"

地址:
佳木斯市抚远市

",南山茂林修竹，古木参天，树木茂盛，郁郁葱葱。这里也是欣赏日出日落的好地方。,全年 全天开放,https://tr-osdcp.qunarzz.com/tr-osd-tr-manager/img/241be4f6d1720a91a157adb61e1f6b5f.jpg_480x360x95_76a2034d.jpg,5.0,建议游览时间：3天,,,,5
"乌苏镇东方第一哨First Outpost of the East, Wusu Town",http://travel.qunar.com/p-oi31815060-wusuzhendongfangdiyishao,,,,,,,,,,5
乌苏大桥Wusu Bridge,http://travel.qunar.com/p-oi31784307-wusudaqiao,"

地址:
佳木斯市抚远市

",乌苏大桥历经数年得以完工，全长一千多米，由主桥、桥塔、斜拉索、桥墩、两岸引桥及各立交匝道组成。其中主桥主塔以及主桥钢梁颜色为中国红，代表着吉祥、富贵、庄重和威严。,全年 全天开放,https://tr-osdcp.qunarzz.com/tr-osd-tr-manager/img/d7939bc0fc99847d3ac310726055ab38.jpg_480x360x95_b339d45a.jpg,5.0,建议游览时间：0.5小时 - 1小时,,,,6
抚远规划展示馆Fuyuan Planning Exhibition Hall,http://travel.qunar.com/p-oi29812419-fuyuanguihuazhanshiguan,"

地址:
佳木斯市抚远市抚远镇迎宾路政府西北200米

",,全年 周二-周日 9:00-17:00,https://tr-osdcp.qunarzz.com/tr-osd-tr-manager/img/af3abc1e23ac27561420ba502bbc4583.jpg_480x360x95_a98cc466.jpg,5.0,,,具体收费情况以现场公示为主,,6
西山公园Xi Mountain Park,http://travel.qunar.com/p-oi29810852-xishangongyuan,"

地址:
友谊路


电话:
13559059143

",西山公园是为了纪念苏联红军牺牲的战士而建立的。也是一座烈士陵园。,全年 全天开放,https://tr-osdcp.qunarzz.com/tr-osd-tr-manager/img/cab0d8b756575728e9dc8c7f81697da3.jpg_480x360x95_64ba6e1a.jpg,5.0,建议游览时间：2小时 - 3小时,,具体收费情况以现场公示为主,,6
佳木斯抖拍星空艺术馆Jiamusi Doupai Xingkong Art Museum,http://travel.qunar.com/p-oi29482745-jiamusidoupaixingkong,"

地址:
佳木斯市佳大尚都负一层世纪华联超市旁


电话:
13045346170

",佳木斯抖拍星空艺术馆用科幻光影效果打破传统的艺术展形式，加入音乐灯光秀，呈现从未体验的梦幻星空。仰望星辰感受太空奥妙，遥看大海感受惬意心情，在光影迷离中寻找真实的自我。,9:00-20:00，最晚入园20:00。,,0.0,建议游览时间：1小时 - 3小时,,具体收费情况以景区现场公示为主。,,6
佳木斯失恋博物馆Jiamusi Shilian Museum,http://travel.qunar.com/p-oi29481120-jiamusishilianbowuguan,"

地址:
佳木斯市向阳区佳大尚都负一层世纪联华超市旁


电话:
13045346170

",佳木斯失恋博物馆中展出的展品是情侣们分手后的遗存，但它们留下了我们生命的印迹，收藏起来是对美好感情的回味，分享经历是走出伤情的一种方式。因此，我们可以称它为爱情博物馆，只是表达的方式不同而已。,全年9:00-20:00,,3.8,建议游览时间：1小时 - 3小时,,29元,,6
宇盈海洋馆Yuying Aquarium,http://travel.qunar.com/p-oi27338040-yuyinghaiyangguan,"

地址:
佳木斯市向阳区永安社区中山街119号（中国银行旁）

",宇盈海洋馆位于黑龙江省佳木斯市，景区设有潜水馆，可以亲身感受海底潜泳，并有多场精彩演绎，适合家庭、情侣、亲子聚会游玩。,全年9:00-17:00,,--,建议游览时间：2小时 - 3小时,,98元,,6
南化猪场,http://travel.qunar.com/p-oi26961098-nanhuazhuchang,,,,,--,,,,,6
富锦万亩水稻公园,http://travel.qunar.com/p-oi26958991-fujinwanmushuidaogong,,,,,--,,,,,6
桦南县云峰苗木种植有限公司,http://travel.qunar.com/p-oi26958569-huananxianyunfengmiao,,,,,--,,,,,6
乡村獒园,http://travel.qunar.com/p-oi26663236-xiangcunaoyuan,,,,,--,,,,,6
横头河马种畜场,http://travel.qunar.com/p-oi26650610-hengtouhemazhongchuchang,,,,,--,,,,,7
横头山林场,http://travel.qunar.com/p-oi26650202-hengtoushanlinchang,,,,,--,,,,,7
二建农场,http://travel.qunar.com/p-oi26646605-erjiannongchang,,,,,--,,,,,7
黑龙江省建三江农垦洪河农场第四管理区,http://travel.qunar.com/p-oi26643666-heilongjiangshengjian,,,,,--,,,,,7
樊梨花通,http://travel.qunar.com/p-oi26643657-fanlihuatong,,,,,--,,,,,7
桦南国有林场公司向阳林场,http://travel.qunar.com/p-oi26639891-huananguoyoulinchanggong,,,,,--,,,,,7
桦南县向春生猪养殖专业合作社,http://travel.qunar.com/p-oi26639705-huananxianxiangchunsheng,,,,,--,,,,,7
大亮子河林场,http://travel.qunar.com/p-oi26639625-daliangzihelinchang,,,,,--,,,,,7
富锦市步行街FuJinShi BuXingJie,http://travel.qunar.com/p-oi24441421-fujinshibuxingjie,,步行街广场上铺满花岗岩道板和广场砖，欧陆风情的景观灯及广告灯箱、休闲坐椅、可移动的绿化设施，把步行街变成了休闲、观赏、居住、购物的天堂。,,https://flight-feed.qunarzz.com/as3/376/image/poi_vishnu/29bd1beb-a3e4-467b-a2bc-559d14102064.jpg,3.0,建议游览时间：3小时,,,,7
广场商业街GuangChang ShangYeJie,http://travel.qunar.com/p-oi24439418-guangchangshangyejie,,,,,--,,,具体收费情况以现场公示为主,,7
汇鑫源商业街HuiXinYuan ShangYeJie,http://travel.qunar.com/p-oi24436943-huixinyuanshangyejie,,,,,--,,,,,8
松花江Songhua River,http://travel.qunar.com/p-oi24409973-songhuajiang,"

地址:
伊春区辖区

",,全年 全天开放,https://flight-feed.qunarzz.com/as3/376/image/poi_vishnu/2e253032-7aaa-4395-8279-d2fbb4a278f7.jpg,--,,,具体收费情况以现场公示为主,,8
八岔岛Bacha Island,http://travel.qunar.com/p-oi24409961-bachadao,"

地址:
黑龙江省同江市八岔乡

",,全年 8:00-18:00,,0.0,,,具体收费情况以现场公示为主,,8
杏林路,http://travel.qunar.com/p-oi23343546-xinglinlu,,,,,--,,,具体收费情况以现场公示为主,,8
同三公路起点,http://travel.qunar.com/p-oi23343096-tongsangongluqidian,,同三公路是一条从同江到三亚的公路，在起点处有一座标志碑，上面写着“起点广场”，公路的全程很长，很令人震撼。,,https://tr-osdcp.qunarzz.com/tr-osd-tr-manager/img/11a6e15530b030e66a5e487dd99c936b.jpg_480x360x95_208dd919.jpg,4.0,建议游览时间：3天,,,,8
晨星岛风景区Chenxing Island,http://travel.qunar.com/p-oi23342764-chenxingdaofengjingqu,,,,,0.0,,,具体收费情况以现场公示为主,,8
赫哲民族文化村Hezhen Ethnic Minority Culture Village,http://travel.qunar.com/p-oi23341900-hezheminzuwenhuacun,,赫哲民族文化村展示了赫哲族的生产生活、宗教仪式、民风民俗等方面，村内还有雕像、展览馆、特色民居等，是了解赫哲族历史文化的好去处。,,https://tr-osdcp.qunarzz.com/tr-osd-tr-manager/img/685daad9cd6760c2587f49a48f858932.jpg_480x360x95_6ae8c904.jpg,3.3,建议游览时间：12小时 - 3天,,具体收费情况以现场公示为主,,8
东安村Dong'an Village,http://travel.qunar.com/p-oi23341897-dongancun,,,,,,,,,,8
杏林湖公园Xinglinhu Park,http://travel.qunar.com/p-oi23341894-xinglinhugongyuan,,,,https://tr-osdcp.qunarzz.com/tr-osd-tr-manager/img/f56b0c8494d6da57dc23aff4eb0932cb.jpg_480x360x95_5571eccf.jpg,0.0,建议游览时间：2小时 - 3小时,,,,8
抗日英雄纪念塔Kangri Yingxiong Memorial Tower,http://travel.qunar.com/p-oi23341891-kangriyingxiongjinian,,,,https://tr-osdcp.qunarzz.com/tr-osd-tr-manager/img/f08f322cca70ef7ff7f85537a8d11a5a.jpg_480x360x95_39eb09ef.jpg,--,,,具体收费情况以现场公示为主,,8
西林公园Xilin Park,http://travel.qunar.com/p-oi23341823-xilingongyuan,,,,,4.8,,,具体收费情况以现场公示为主,,9
抚远鱼文化体验馆Fuyuanyu Culture Experience Hall,http://travel.qunar.com/p-oi22945173-fuyuanyuwenhuatiyanguan,"

地址:
佳木斯市抚远市佛山路与沿江路交叉口（气象局斜对面）


电话:
0454-2126206

","抚远鱼文化体验馆位于风光无限的黑龙江畔，紧邻抚远景色优美的滨江公园，是国内具地方特色，以展示黑龙江、乌苏里江流域水生物、生态为主题的淡水鱼博馆，占地总面积10000多平方米，建筑面积4000多平方米。抚远鱼文化体验馆主要由两部分组成：一层为水族馆，主题为“鱼行两江”，馆内主要以活鱼再现形式游览，拥有新奇独特、美轮美奂、自然欢快的水底世界，让您尽情欣赏""水中大熊猫”淡水鱼王鲟-鳇-鱼的风姿，追寻他们水中欢畅游动的轨迹，“窥视”他们静谧多彩的江底生活习性，探寻黑、乌两江水生物世界的生态曼妙，以及人与自然的和谐共生。二层一侧为标本馆，主题为“鱼聚抚远”，主要展示黑龙江、乌苏里江流域21科74种鱼类，以抚远渔业资源为主题，以黑龙江、乌苏里江水系为依托，以鱼类标本、实物、文字、电视影像等形式，向人们宣传和普及相关鱼文化知识。另一侧为赫哲民俗展示区，主题为“鱼艺溯源”，主要展示祖国最东方的赫哲部落世代繁衍，生生不息，身着传统服装，唱着依玛堪，跳着鹿神舞，膜拜万物灵性，崇拜着最原始的信仰。在抚远这片丰饶的土地上征服大自然、改造大自然，并在生产生活的过程中创造了具有鲜明特色的鱼文化。",全年 08:00-17:00,,4.9,建议游览时间：2小时 - 3小时,,具体收费情况以现场公示为主,,9
黑瞎子岛植物园Heixiazi Island Botanical Garden,http://travel.qunar.com/p-oi20975461-heixiazidaozhiwuyuan,,这里拥有丰富的自然资源，植被繁茂、气候宜人，除了观赏种类丰富的植被外，游客还可以了解当地的风土人情。,,https://tr-osdcp.qunarzz.com/tr-osd-tr-manager/img/d17ab004608694439cfee08f604e4a1a.jpg_480x360x95_4f2766ef.jpg,4.7,建议游览时间：2小时 - 4小时,,具体收费情况以现场公示为主,,9
桃温万户府古城Taowen Wanhufu Old City,http://travel.qunar.com/p-oi20931390-taowenwanhufugucheng,"

地址:
黑龙江省汤原县香兰镇

",桃温万户府古城又称双河古城。此古城被多个朝代沿用过。因此在当地具有很大的考古价值和较高的旅游开发价值。,全年 8:00-17:00,https://tr-osdcp.qunarzz.com/tr-osd-tr-manager/img/d8e906b2299cbbd1e290b6d5dd75d20c.jpg_480x360x95_a1682594.jpg,--,建议游览时间：1小时 - 2小时,,具体收费情况以现场公示为主,,9
圈河岛Huanhe Island,http://travel.qunar.com/p-oi19990424-quanhedao,,,,,--,,,具体收费情况以现场公示为主,,9
天主教Catholic Church,http://travel.qunar.com/p-oi19990374-tianzhujiao,,,,,--,,,,,9
郊区北义兴社区吉运基督教会Jiaoqu Beiyixing Shequ Jiyun Christ Church,http://travel.qunar.com/p-oi19990368-jiaoqubeiyixingshequji,,,,,--,,,具体收费情况以现场公示为主,,9
苏联海军英雄烈士纪念碑Soviet Naval Hero Martyr's Monument,http://travel.qunar.com/p-oi19990365-sulianhaijunyingxiong,,苏联海军英雄烈士纪念碑位于抚远，这是一座花岗石碑，高约为三十米，主碑两侧各有一座约十米高的陪塔，四周为宽敞的石铺平台，石碑上刻有“苏联海军英雄烈士纪念碑”十一个金色大字。,,https://tr-osdcp.qunarzz.com/tr-osd-tr-manager/img/7ce857cb9af394ae2e87be93c3f02dce.jpg_480x360x95_3bd39a34.jpg,5.0,建议游览时间：1小时,,,,9
前进广场Qianjin Square,http://travel.qunar.com/p-oi19989494-qianjinguangchang,,广场很开阔，有很多人在这里运动放松，还能品尝到美味的小吃，晚上广场上五颜六色的彩灯就像星星一样，夜景很美。,,https://tr-osdcp.qunarzz.com/tr-osd-tr-manager/img/37aed40f7a8474e082deef8caf211082.jpg_480x360x95_52a9c64a.jpg,4.0,建议游览时间：2小时,,,,9
鹤林公园Helin Park,http://travel.qunar.com/p-oi19989054-helingongyuan,,,,https://tr-osdcp.qunarzz.com/tr-osd-tr-manager/img/d2cf5cb73177a98105ddee08d9d7bb7a.jpg_480x360x95_09dc4f5b.jpg,5.0,,,具体收费情况以现场公示为主,,9
三江口古战场遗址Sanjiangkou Ancient Battlefield Relic Site,http://travel.qunar.com/p-oi19988763-sanjiangkouguzhanchang,,,,,0.0,,,,,10
亿隆啤酒广场Yilong Beer Square,http://travel.qunar.com/p-oi19988580-yilongpijiuguangchang,,,,,--,,,,,10
幸福啤酒广场Xingfupijiu Square,http://travel.qunar.com/p-oi19988579-xingfupijiuguangchang,,,,,--,,,,,10
"佳木斯市基督教永安礼拜堂Christian Yongan Chapel, Jiamusi City",http://travel.qunar.com/p-oi19988577-jiamusishijidujiaoyong,,,,,--,,,具体收费情况以现场公示为主,,10
金麦子啤酒广场Jinmaizi Pijiu Square,http://travel.qunar.com/p-oi19988432-jinmaizipijiuguangchang,,,,,,,,,,10
富哥啤酒广场Fugepijiu Square,http://travel.qunar.com/p-oi19988410-fugepijiuguangchang,,,,,,,,,,10
朋友圈啤酒广场Pengyouquan Pijiu Square,http://travel.qunar.com/p-oi19988312-pengyouquanpijiuguang,,,,,--,,,,,10
沿江啤酒广场Yanjiangpijiu Square,http://travel.qunar.com/p-oi19988310-yanjiangpijiuguangchang,,,,https://tr-osdcp.qunarzz.com/tr-osd-tr-manager/img/105d40f23f35e53575594ee4f8a26400.jpg_480x360x95_35f8d214.jpg,--,,,,,10
公园壹号,http://travel.qunar.com/p-oi19984467-gongyuanyihao,,,,,--,,,,,10
佳木斯市郊区基督教荣歌教会Jiamusi Shijiaoqu Jidu Jiaorong Ge Church,http://travel.qunar.com/p-oi19984382-jiamusishijiaoqujidujiao,,,,,--,,,具体收费情况以现场公示为主,,10
