名字,链接,地址,介绍,开放时间,图片链接,评分,建议游玩时间,建议季节,门票,小贴士,Page
荔波小七孔景区Libo Seven Small Arches (Xiaoqikong) Scenic Area,http://travel.qunar.com/p-oi3864545-liboxiaoqikongjingqu,"

地址:
黔南州荔波县孟柳风情小镇旁


电话:
0854 3516116

",荔波小七孔景区位于荔波县城南部的群峰之中，景区响水河上横跨着一座青石砌成的七孔拱桥，故而得名。景区融山、水、林、洞、湖泊和瀑布为一体，秀美幽静，加上浓郁的土家和瑶族风情，使得小七孔景区声名大噪，是避暑胜地。从景区东大门进入后，就可以乘坐景区电瓶车逐个景点游玩。游览小七孔景区的标志——小七孔古桥，再看看68级跌水大瀑布。然后欣赏小七孔特有的景观——水上森林，这里是拍摄风景大片的好地方。继续向前来到卧龙潭，这个地方很像九寨沟，宛若人间仙境。然后就来到了景区压轴景点——鸳鸯湖，鸳鸯湖湖水碧绿凝重，因湖中有两棵并排参天的大树而得名，景色十分迷人。景区游玩一圈大约4-6小时，每个景点旁都有商贩售卖烤玉米、炸小鱼和茶叶蛋等小食，走累了，可以随便找一家坐下，休息一下顺便填饱肚子，再继续上车前往下一个点。游玩结束，可以原路返回，或者直接从西大门出景区。 ,7:00-17:30,https://tr-osdcp.qunarzz.com/tr-osd-tr-space/img/0fed9bd1dc4d44a03c73e1eeff655479.jpg_480x360x95_eb28b34e.jpg,4.6,建议游览时间：4小时 - 6小时,,"{'小七孔景区门票+观光车票成人票\n\n': ['¥50起'], '小七孔景区门票+观光车票儿童票\n\n': ['¥50起'], '小七孔景区门票+观光车票老人票\n\n': ['¥50起']}",1、天气：由于贵州素有“天无三日晴”之称 ，雨季来玩，请带好雨具。 2、药品：当地由于是山区，多弯路，行车路程远，要常备晕车药品 。3、衣着：当地由于是山区，早晚温差较大，早晚较凉，要备外套；景区内山路较多，请穿便于行走的鞋子。 4、注意卫生与健康：品尝当地菜及夜市小吃时要注意餐具的洁净，尽量避免吃生冷食品。5、注意旅途安全：在一些陡坡密林，急流深洞等危险区域，要尽量随团而行，避免脱团单独前往。6、警惕上当受骗：晚上出行，注意人身安全及财务保管，尽量结伴而行。 7、爱好摄影、登山的朋友，请带好有关器材，注意户外保暖。人物摄影时尽量取得对方的同意，有些地方需准备些零钱。 8、尊重当地习俗：俗话说入乡随俗，在少数民族地区，应尊重当地的民族传统习俗和生活中的禁忌，以免造成不良后果；请尊重当地少数民族的生活和信仰，避免与当地居民发生冲突。,1
金海雪山Jinhai Snow Mountain,http://travel.qunar.com/p-oi7647004-jinhaixueshan,"

地址:
贵州省黔南州贵定县盘江镇


电话:
400-969-1088,0854-5131116

",阳春三月，在贵州省贵定县盘江镇音寨村，万亩金黄的油菜花和千顷雪白的李子花交相辉映，被人们誉为“金海雪山”。音寨家家户户都在自己的房前屋后山坡上种植李树，每至春分，从音寨极目四望，远山近峦，到处绽开雪白纯洁的李花，这就是远近闻名的盘江酥李之花，恰与音寨河两岸满田满坝盛开的金黄色油菜花形成鲜明对比，白色、黄色交相辉映，粉红色的桃花点缀其间，翠绿色的树丛衬托其底，布依山寨隐约其中，绚烂的色彩，旖旎的景致，华丽的气质，万亩油菜花和千顷李花构织成了“金海雪山”之奇景。,全年 全天开放,https://img1.qunarzz.com/travel/d6/1505/a6/0a19484345d627.jpg_480x360x95_14f8ad48.jpg,4.4,建议游览时间：1小时 - 2小时,,景区免费进入，景区内部分景点另收费,免票入园，景区内有其他消费项目需购买。,1
荔波茂兰自然保护区Libo Maolan National Nature Reserve,http://travel.qunar.com/p-oi8677722-libomaolanziranbaohuqu,"

地址:
黔南州荔波县城南部30余公里


电话:
0854-3615855,0854-3618881


官网:
http://www.gzmaolan.cn/

",茂兰自然保护区位于贵州省荔波县境内，区内商业化程度很低，原生森林茂密，喀斯特地貌形成的山、水、林、洞、瀑、石融为一体，是观赏原生态大自然的好地方，也是户外运动爱好者的天堂。茂兰自然保护区区内分布着许多景点，以地质地貌为主。螃蟹沟是一个拍照的好地方，中间有一段小石墩桥，站在上面回头看镜头拍照是不错的选择。运气好的话你真的可以发现沟中的螃蟹。然后可以去青龙瀑感受壮观的瀑布，游客可以站在瀑布下体会湿身的感觉，比较刺激。,全年 08:00-18:00,https://flight-feed.qunarzz.com/as3/180/image/poi_vishnu/9934cba5-f018-4178-8bfd-9cea62eb16c9.jpg,4.4,建议游览时间：3天,最佳时间为夏季。,"{'荔波茂兰自然保护区门票成人票\n\n': ['¥50起'], '茂兰自然保护区电子导览服务大小同价\n\n': ['¥9起'], '小七孔景区门票+观光车+荔波茂兰自然保护区门票成人票\n\n': ['¥220起']}",建议与熟悉景区地形有经验的导游一同前往。,1
都匀茶文化博览园Duyun Tea Culture Expo Park,http://travel.qunar.com/p-oi24393123-douyunchawenhuabolanyuan,"

地址:
黔南布依族苗族自治州都匀市匀东镇


电话:
13158341419

",都匀茶文化博览园拥有气势恢宏的仿古建筑群，走进这里，仿佛回到了百年前的巴拿马盛会。都匀毛尖茶历史悠久，品味独特，1915年，都匀毛尖茶就代表中国国茶走出大山，漂洋过海，亮相美国旧金山巴拿马万国博览会并获金奖，还早被评为“中国十大名茶”。,9:00-22:00,https://img1.qunarzz.com/piao/fusion/1707/aa/7ab9ab61d2546002.jpg_480x360x95_01f2fb2b.jpg,2.0,建议游览时间：3小时 - 4小时,,具体收费情况以景区现场公示为主。,,1
茂兰喀斯特森林保护区Maolan Karst Forest Reserve,http://travel.qunar.com/p-oi23343908-maolankasitesenlinbao,"

地址:
黔南布依族苗族自治州荔波县贵州茂兰自然保护区内


电话:
0854 639 4928

",茂兰的喀斯特景观超脱了喀斯特风景的固定程式，改变了喀斯特荒芜的情调，把千姿百态的山光水景、地下溶洞与碧绿的森林景色糅合在一起，呈现出一幅优美的自然景色。茂兰自然保护区内，自然生长着2万多亩梅林，是我国较大的野生梅基地，每年元月初到2月底，当暮冬时节、万木萧疏的时候，这里却是满山遍野、争相万亩梅原辉映的梅花，千树万树野梅凌寒弄影，使原始森林里暗香疏影，含春闺中，把绿色的喀斯特原始森林装点成“南国雪原”真可谓.飞雪入林枝上白，飘花沁鼻暗香风。,全年 7:30-18:00,https://tr-osdcp.qunarzz.com/tr-osd-tr-manager/img/ac70f76afaddb60f5144e616af813022.jpg_480x360x95_7e47d09d.jpg,4.4,,,具体收费情况以现场公示为主,,1
神泉谷景区Shenquan Valley Leisure Tourism Resort,http://travel.qunar.com/p-oi23031803-shenquangujingqu,"

地址:
黔南布依族苗族自治州长顺县威远社区永增村


电话:
0854-6921116

",神泉谷休闲旅游度假区距离长顺县城仅11公里，一条乌麻河从上游贯穿威远古镇。景区主要是以典型喀斯特地貌自然风光为主，有玻璃滑道漂流、神泉驿站、自然漂流、西谷区等景点。景区山清水秀、空气清新，奇峰独秀，集山、水、园、林、花、草、清泉、幽谷、瀑布和挑战性项目于一体，有春日桃花开满山，夏有荷花出水鲜，秋赏粉黛乱子草，冬有雏菊耐岁寒的四季花谷美誉。粉黛草观赏区每年的8月下旬到11月中旬，是粉黛乱子草盛开的季节，花穗呈云雾状，远看如红色云雾，十分梦幻，简直是少女心爆棚的地方。神泉驿站神泉驿站主要由潮井湿地公园、葫芦湖、潮井神泉、瀑布等景观组成，有亭台水榭、品茗茶室、特色商铺、餐饮等配套设施，集吃喝玩乐于一体。玻璃滑道漂流玻璃滑道漂流位于西谷区粉黛乱子草观赏区与卷云驿站之间，滑道全长800米，落差约50米，傍山而下，有惊无险，颇具惊险刺激，适合喜爱冒险的游客体验。自然漂流自然漂流位于西谷区，自飞花驿站起漂，穿越整个粉黛草观赏区，水流平缓安全，适合各个不同年龄段的游客体验，全长约1.2公里。西谷区西谷区由湿地公园、水上乐园、婚庆主题公园、飞花驿站、粉黛草原等景观组成，是景区一大亮点，更是观花赏草的好去处。,8:00-18:00,https://tr-osdcp.qunarzz.com/tr-osd-tr-touch/img/1ab342a212a4bd3a3d555ed3ea2a3771.jpeg_480x360x95_1e1c6702.jpeg,3.2,建议游览时间：4小时 - 6小时,,"{'神泉谷休闲旅游度假区门票+观光车票成人票\n\n': ['¥128起'], '神泉谷休闲旅游度假区门票+观光车+玻璃漂流票成人票\n\n': ['¥248起']}",,1
都匀秦汉影视城Duyun Qin and Han Studio City,http://travel.qunar.com/p-oi19969647-douyunqinhanyingshicheng,"

地址:
黔南布依族苗族自治州都匀市都凯大道


电话:
0854-8810313

",都匀秦汉影城占地900亩，由230多栋秦汉时期为主的古建筑组成，包括内城主体“两宫殿一祭坛”和外城的“四区五府”，其中一条长280米的长安街充分展示了秦汉街市风貌。《霍去病》、《斗破苍穹》等剧组曾进驻拍摄。,4/1-10/31(旺季) 09:00-19:00;11/1-3/31(淡季) 09:00-18:30,https://img1.qunarzz.com/piao/fusion/2112/52/10d83f6835018f02.jpg_480x360x95_24233147.jpg,4.1,建议游览时间：12小时 - 3天,,"{'都匀秦汉影视城门票成人票\n\n': ['¥60起'], '都匀秦汉影视城门票学生票\n\n': ['¥30起'], '都匀秦汉影视城秦汉夜游怪诞奇遇夜不限次数门票成人票\n\n': ['¥39.9起']}",,1
平塘风景区Pingtang Scenic Area,http://travel.qunar.com/p-oi10001812-pingtangfengjingqu,,位于贵州南部的平塘县，距贵阳200公里。,,https://tr-osdcp.qunarzz.com/tr-osd-tr-manager/img/8d9cb351d71dcd33ec439c63b9af40bd.jpg_480x360x95_e1c2aaf3.jpg,4.4,建议游览时间：1小时,,具体收费情况以现场公示为主,,1
荔波樟江风景名胜区Libo Zhangjiang Scenic Area,http://travel.qunar.com/p-oi10001810-libozhangjiangfengjing,"

地址:
贵州省黔南州荔波县城南部


电话:
0854-3619810,0854-3516116

",荔波樟江风景区主要由小七孔景区、大七孔景区、水春河景区和樟江风光带组成，在此一边赏景的同时也可一边进行各种户外运动。小七孔景区是荔波樟江风景区的核心景区，游客可以去小七孔鸳鸯湖坐船，湖面很大像迷宫一般，四周被浓密的植被包围，游览途中会感觉很惊险。水春河漂流是比较有名的项目，游客从小七孔去大七孔之后即可来一次刺激的漂流。,全天开放,https://img1.qunarzz.com/piao/fusion/2110/7b/d1f5f417d312e302.jpg_480x360x95_4ce5c44a.jpg,4.6,建议游览时间：3天 - 6天,,,,1
荔波古镇Libo Ancient Town,http://travel.qunar.com/p-oi9777216-liboguzhen,"

地址:
黔南布依族苗族自治州荔波县玉屏镇南门坝上菜园


电话:
0854-3789888

",荔波古镇是在荔波石城的旧址上恢复重建而成，结合了荔波当地布依、水、苗、瑶四大少数民族的文化特色，辅以明清徽派的建筑风格、江南水乡式的小桥流水，以及园林艺术结合而成。项目总占地1099亩，建筑面积约为100万平方米。,全年 全天开放,https://tr-osdcp.qunarzz.com/tr-osd-tr-space/img/5df4bbab1c3d5184a53b685c3e56c53c.gif_480x360x95_97f289fe.gif,4.8,建议游览时间：4小时 - 5小时,,具体收费情况以现场公示为主,,1
荔波大七孔景区Da Qikong Scenic Area,http://travel.qunar.com/p-oi3864546-libodaqikongjingqu,"

地址:
贵州省黔南州荔波县境内


电话:
0854-3610651,0854-3561256

",大七孔景区位于荔波风景区内，以峡谷为奇，因孟塘河上有一座七个孔大桥而得名。大七孔主要看点是喀斯特峡谷和天生桥，它比小七孔小很多，与开发成熟的小七孔相比，大七孔则带有更多探险的乐趣。游客在大七孔桥旁坐船漂流，可以欣赏到两岸峭壁耸立、危崖层叠。绝壁上附着朵朵钟乳、层层翠林，宛若一幅色彩斑斓的油画，一边观赏一边拍照很是不错。天生桥也是不可错过的景点，原来的地下暗河在地壳运动中不断抬升，形成巨大的天然拱桥，不得不惊叹大自然的鬼斧神工。,全年 07:30-16:00,https://img1.qunarzz.com/travel/d7/1411/af/af005768622ffc17cdb.jpg_480x360x95_f06a8bbe.jpg,4.5,建议游览时间：2小时 - 3小时,,"{'小七孔景区门票+观光车票成人票\n\n': ['¥50起'], '小七孔景区门票+观光车票儿童票\n\n': ['¥50起'], '小七孔景区门票+观光车票老人票\n\n': ['¥50起']}",1、天气：由于贵州素有“天无三日晴”之称 ，雨季来玩，请带好雨具。 2、药品：当地由于是山区，多弯路，行车路程远，要常备晕车药品 。3、衣着：当地由于是山区，早晚温差较大，早晚较凉，要备外套；景区内山路较多，请穿便于行走的鞋子。 4、注意卫生与健康：品尝当地菜及夜市小吃时要注意餐具的洁净，尽量避免吃生冷食品。5、注意旅途安全：在一些陡坡密林，急流深洞等危险区域，要尽量随团而行，避免脱团单独前往。6、警惕上当受骗：晚上出行，注意人身安全及财务保管，尽量结伴而行。 7、爱好摄影、登山的朋友，请带好有关器材，注意户外保暖。人物摄影时尽量取得对方的同意，有些地方需准备些零钱。 8、尊重当地习俗：俗话说入乡随俗，在少数民族地区，应尊重当地的民族传统习俗和生活中的禁忌，以免造成不良后果；请尊重当地少数民族的生活和信仰，避免与当地居民发生冲突。9、在高海拔地区，不宜剧烈运动，不可急速行走，更不能跑步，更不能做体力劳动，宜少饮酒，多食蔬菜、水果，以防发生高山反应。年老体弱者，应备好常用药品，最好能配备小型氧气瓶。,2
茂兰喀斯特森林,http://travel.qunar.com/p-oi3864538-maolankasitesenlin,,,,,,,,,,2
水上森林Water Forest,http://travel.qunar.com/p-oi3864544-shuishangsenlin,"

地址:
黔南布依族苗族自治州荔波县玉屏镇漳江东路33号


电话:
0854-3615228

",水上森林是荔波小七孔的一个景观，是属于罕见的岩溶地貌水上森林区。这里的千百株树木，包括珍奇树木数十种，全都植根于水中的顽石上，又透过顽石扎根于河床，造就了这幅水中有石，石上有树，树植水中，水、石、树相偎相依的奇景。,全年 全天开放,https://img1.qunarzz.com/travel/d8/1508/b7/76136a24d006c2.jpg_480x360x95_3d53883a.jpg,4.5,,荔波主要是玩水，所以最佳季节是4月份至8月。那时水上森林的水要大些，鸳鸯湖水位要高一点，要去漂流的话水春河是不错的选择。河道水大、比较惊险，漂流前记着带兵器，水瓢比较好用，水枪中看不中用，一旦发生战乱效率太低。,免费,1、天气：由于贵州素有“天无三日晴”之称 ，雨季来玩，请带好雨具。 2、药品：当地由于是山区，多弯路，行车路程远，要常备晕车药品 。3、衣着：当地由于是山区，早晚温差较大，早晚较凉，要备外套；景区内山路较多，请穿便于行走的鞋子。4、进入景区的大门口有几家旅馆，比景区内的便宜，可以考虑住在景区门口。但是如果要入住此处，必须用门票在小七孔出口处进行登记，第二天进入景区时才不再重复购票。,2
荔波樟江景区,http://travel.qunar.com/p-oi3864525-libozhangjiangjingqu,"

地址:
黔南布依族苗族自治州荔波县


电话:
0854-3516116、0854-3610651


官网:
http://www.lbzjjq.cn

",荔波漳江位于荔波县南部，由小七孔鸳鸯湖景区、大七孔地峨宫景区、水春河峡谷景区及樟江沿江风光带等构成。小七孔鸳鸯湖景区为世界同一纬度地区绝无仅有的岩溶地貌水上森林区，有珍奇树木 10多种。仅2公里的河段，就有70多级大大小小的跌水和瀑布。河的南侧群山起伏的原始森林中 ，生长着一种龟背竹，龟背山由此得名。与龟背山相连的野猪林，人迹罕至，林木遮荫蔽日，实为清凉世界。林中藤缠树树，树缠藤，是迄今发现的全国最大的野藤景观，其间石包木 、木包石，令人叹为观止。附近有...荔波漳江位于荔波县南部，由小七孔鸳鸯湖景区、大七孔地峨宫景区、水春河峡谷景区及樟江沿江风光带等构成。小七孔鸳鸯湖景区为世界同一纬度地区绝无仅有的岩溶地貌水上森林区，有珍奇树木 10多种。仅2公里的河段，就有70多级大大小小的跌水和瀑布。河的南侧群山起伏的原始森林中 ，生长着一种龟背竹，龟背山由此得名。与龟背山相连的野猪林，人迹罕至，林木遮荫蔽日，实为清凉世界。林中藤缠树树，树缠藤，是迄今发现的全国最大的野藤景观，其间石包木 、木包石，令人叹为观止。附近有两潭，人称鸳鸯湖，两湖相连，湖水面积约 13 公倾，水深40余米，荡舟湖上，别有情趣。 ,7:30-16:30,https://img1.qunarzz.com/travel/d6/201404/23/ad3c757907123d34ddb12cfb.jpg_480x360x95_3fff144a.jpg,4.3,建议游览时间：2小时 - 3小时,黔南气候宜人，冬无严寒，夏无酷暑，年平均气温为14一16℃，夏季最高月平均气温26℃，冬季月平均气温4℃，四季皆宜旅游，是避寒避暑胜地。不过，樟江风景区最美的水似乎是应该在6-9月份旺水期看着更过瘾，但真正美的地方是不需要任何修饰的，樟江就是这样的地方，即使枯水期，那瀑布、河流、湖泊却有着别样景致。,票价小七孔景区：旺季门票（3月1日——次年11月30日）110元，淡季门票（12月1日——次年2月底）90元，观光车票40元；大七孔景区：旺季门票（3月1日——次年11月30日）55元，淡季门票（12月1日——次年2月底）45元，观光船票20元。优惠政策1、14—18岁未成年人、18岁以上的学生、60—70岁以内的老年人、航空游客（乘飞机飞抵荔波旅游的游客）等凭有效证件实行半票优惠；2、对现役军人、残疾人、儿童（14周岁以下）、70岁以上老年人、荔波籍游客实行免票。注：不含景区观光车、游船等服务性收费,1、天气：由于贵州素有“天无三日晴”之称 ，雨季来玩，请带好雨具。 2、药品：当地由于是山区，多弯路，行车路程远，要常备晕车药品 。3、衣着：当地由于是山区，早晚温差较大，早晚较凉，要备外套；景区内山路较多，请穿便于行走的鞋子。,2
卧龙潭Wolong Pond,http://travel.qunar.com/p-oi7475776-wolongtan,"

地址:
黔南布依族苗族自治州荔波县206省道附近


电话:
0854-3561176

",卧龙潭原名翁龙潭，是喀斯特暗河卧龙河的出口处，也是小七孔景区一个经典景观，因拦河坝形成的绿水深潭、滚水瀑布及传说的卧龙而得名。从地表看它只是卧龙河的源头，之后因为筑坝发电引入响水河，成为了两河的总水源。暗河从崖底涌出，由于潭边向下处有一道弧弓向内的挡水坝把水拦住，所以潭面犹如镜子般平静，只有坝上的滚水瀑布和潭外川流不息的渠水，才能让人感受到卧龙河在潭底的翻动。潭边怪石奇树林立，潭外水声轰鸣，四周高山紧锁。水潭犹如地底深渊，水面湛蓝清澈，岸上的峰峦、绿树、竹林倒映潭中，色彩斑斓绚丽，置身其间，宛若画中游。卧龙潭源源不断的绿水从坝上滚下，形成规模庞大的特色瀑布，瀑布如丝，月牙的形状犹如一把仙人梳。站在坝侧岸头，卧龙潭的美景一览无余，薄雾蒙蒙，尤入仙境，让人震撼不已。,全年 7:00-17:30,https://tr-osdcp.qunarzz.com/tr-osd-tr-mapi/img/d58a13fc777cae22425b431801574d9f.jpg_480x360x95_45e00340.jpg,4.5,建议游览时间：1小时 - 2小时,如果想亲自下水蹚过水上森林，或是观68级瀑布、拉雅瀑布等，肯定是夏季最好，这时候水量大，而水的清凉也能让人舒爽不已。但如果想看小七孔的水，特别是卧龙潭的水诡秘的颜色，秋冬比较好，因为夏季水太大会变浑浊，秋冬季则色彩斑斓，极为好看。另外春天是茂兰等地看油菜花的好时间。所以一年四季荔波都有不一样的美景等待你。,包含在小七孔景区内，通用于小七孔景区门票。,,2
荔波水春河漂流Libo Shuichun River Rafting,http://travel.qunar.com/p-oi3864537-liboshuichunhepiaoliu,"

地址:
黔南州荔波县荔波智慧旅游集散中心（新车站旁边）


电话:
0854-3613222,0854-3775777

","水春河风景区全长13km，是樟江风景名胜区的一部分，是樟江风光为秀丽的一段，以布依族古寨水春寨而得名。源起月亮山原始森林,向西流经荔波县城。水春河由险峰、峭壁、洞穴、沙滩、急流、缓滩、密林组成了二十九道独具一格的峡谷景观。两岸峭峰挺秀，纤巧玲珑。岸间古树密布，杂花纷呈。小春河段首至段尾，落差约100余米。清澈江水沿峡谷流淌，时而柔若轻纱，静若平潭，时而奔如射箭，跌宕如瀑。乘船漂流，有惊无险。河的上游水平如镜，宁静而清幽，荡舟河中，似在画中游。河的下游，一...水春河风景区全长13km，是樟江风景名胜区的一部分，是樟江风光为秀丽的一段，以布依族古寨水春寨而得名。源起月亮山原始森林,向西流经荔波县城。水春河由险峰、峭壁、洞穴、沙滩、急流、缓滩、密林组成了二十九道独具一格的峡谷景观。两岸峭峰挺秀，纤巧玲珑。岸间古树密布，杂花纷呈。小春河段首至段尾，落差约100余米。清澈江水沿峡谷流淌，时而柔若轻纱，静若平潭，时而奔如射箭，跌宕如瀑。乘船漂流，有惊无险。河的上游水平如镜，宁静而清幽，荡舟河中，似在画中游。河的下游，一改平静的面孔，像一头狂怒的猛兽在高山峡谷间横冲直闯，橡皮舟在水春河的九滩十八浪中闯过喧闹、惊险、刺激的梅滩、白石滩、姊妹滩奔流而下。",04/30-10/15 08:00-17:00,https://img1.qunarzz.com/travel/poi/1408/28/e04d952a11393040ffffffffc8d65eac.jpg_480x360x95_d4a2d975.jpg,4.6,建议游览时间：3小时 - 4小时,黔南气候宜人，冬无严寒，夏无酷暑，年平均气温为14一16℃，夏季最高月平均气温26℃，冬季月平均气温4℃，四季皆宜旅游，是避寒避暑胜地。四季皆宜。,220元,1、天气：由于贵州素有“天无三日晴”之称 ，雨季来玩，请带好雨具。 2、药品：当地由于是山区，多弯路，行车路程远，要常备晕车药品 。3、衣着：当地由于是山区，早晚温差较大，早晚较凉，要备外套；景区内山路较多，请穿便于行走的鞋子。,2
鸳鸯湖Yuanyang Lake,http://travel.qunar.com/p-oi7475804-yuanyanghu,"

地址:
黔南州荔波县孟柳风情小镇旁荔波小七孔景区内


电话:
0854-3516116

",荔波小七孔鸳鸯湖景区为世界同一纬度地区罕见的岩溶地貌水上森林区，由两个大湖、四个小湖串联成一个奇妙水网。鸳鸯湖是一个天然的喀斯特高原湖，划船入内仔细观察，这里的树木植根于水中的石头，又透过石头扎根于河床。由于地形、水深和光线的变化，可以看到五颜六色的景色。,全年 7:30-17:30,https://img1.qunarzz.com/piao/fusion/2112/36/b8fb0f61fe571002.png_480x360x95_2628d17a.png,4.5,建议游览时间：3小时 - 4小时,四季皆宜,"{'【贵阳心脏】100%真纯玩●西江+小七孔+黄果树+梵净山4日\n\n': ['¥1298起'], '可29人保姆车●西江千户苗寨+小七孔●苗服旅拍+住景区夜景\n\n': ['¥300起'], '纯玩无购物·贵州荔波小七孔一日游赠午餐 可选市区酒店接早服务\n\n': ['¥229起']}",,2
小七孔古桥,http://travel.qunar.com/p-oi7527007-xiaoqikongguqiao,,,,,,,,,,2
68级跌水瀑布68Ji Dieshui Waterfall,http://travel.qunar.com/p-oi7475801-68jidieshuipubu,"

地址:
黔南布依族苗族自治州荔波县荔波风景区小七孔景区内


电话:
0854-3610651,0854-3561256

",68级跌水瀑布位于荔波县小七孔景区内，毗邻小七孔桥，源头就在拉雅瀑布前。68级跌水瀑布的形状，是沿喀斯特地形，由若干瀑布组成，层层叠叠的瀑布淙淙哗哗倾泻而下。因为河床和两岸景色千变万化，所以每级瀑布都呈现出不同的风貌，颇为壮观。,具体开放时间请咨询景区,https://img1.qunarzz.com/travel/d3/1802/c5/608b5ae9e3d708b5.jpg_480x360x95_949feb4d.jpg,4.4,建议游览时间：0.5小时 - 1小时,,110元,,2
野梅岭森林公园Yemeiling Forest Park,http://travel.qunar.com/p-oi3864529-yemeilingsenlingongyuan,,野梅岭省级森林公园位于惠水县西北烂坝林场内，距县城6公里、规划范围为：东经106°37′—106°40′，北纬26°9′—26°12′。,,https://img1.qunarzz.com/travel/poi/1408/28/cb236c8708a033f2ffffffffc8d65eac.jpg_480x360x95_48295fab.jpg,3.0,建议游览时间：12小时 - 3天,四季皆宜。,具体收费情况以现场公示为主,,2
贵州龙里大草原景区Longli Prairie,http://travel.qunar.com/p-oi714749-guizhoulonglidacaoyuan,"

地址:
贵州省黔南布依族苗族自治州龙里县龙山镇中排村


电话:
18786732100


官网:
http://www.lldcy.cn/

",龙里玛格诺吉草原距龙里县城25公里。这里既有蒙古草原的辽阔宽广，又有云贵高原的山峦叠障，错落起伏，形成了独一无二的高山平台大草原，是著名风景区猴子沟的必经之路。这里拥有美丽的草原自然风光，古朴的蒙古族风情以及独特的生活方式、悠久的历史文化和宜人的避暑气候，这里既有一望无际、空阔幽深的壮阔美，也有风吹草底见牛羊的动态美；又有蓝天白云、绿草入茵、牧人策马的人与自然的和谐美。草原地势平坦，天际线分明，海拔高度在1500—1700米之间，年均气温13℃，气候爽爽宜人，喀斯特台地草原的独特性和唯一性，使她成为龙里自然景观中一道亮丽的风景线。在这里，既有贵州高原的山峦叠峰，更有内蒙古草原的悠远宽广。极目远眺，群山环抱，草宇无限，山花烂漫，牛羊成群，让您身处贵州，却能体验到异样的蒙古风情！,9:00-18:00,https://img1.qunarzz.com/travel/d2/1509/3f/ace4c99e7b913e.jpg_480x360x95_a1d7860b.jpg,3.3,建议游览时间：2小时 - 3小时,,"{'龙里大草原门票成人票\n\n': ['¥28起'], '龙里大草原门票+卡丁车+海盗船+太空飞车+碰碰车套票大小同价\n\n': ['¥118起'], '龙里大草原门票+高空漂流滑水+往返高空步步惊心等套票大小同价\n\n': ['¥145起']}",草原温差大，记得带厚外套，注意保暖。,3
拉雅瀑布Laya Waterfall,http://travel.qunar.com/p-oi7527001-layapubu,"

地址:
黔南布依族苗族自治州荔波县荔波风景区小七孔景区内


电话:
0854-3610651,

",拉雅瀑布因其婀娜多姿的景色而被视为女性，被认为是黄果树的爱人。拉雅瀑布瀑宽十余米，落差约三十米，瀑势如山倒，声响似雷，颇为壮观，与响水河纵向错落的68级瀑布构成一幅美妙的瀑布群景观。拉雅瀑布溅喷的水雾飘飘洒洒，纷纷扬扬。当你站在瀑布下，扑面而来的凉爽感受，让人倍觉畅酣和亲切。,具体开放时间请咨询景区,https://tr-osdcp.qunarzz.com/tr-osd-tr-mapi/img/e64ade0fc011daead07e9a5de00b9d95.jpg_480x360x95_a4da0d6c.jpg,4.3,建议游览时间：0.5小时 - 1小时,,包含在小七孔景区门票内，通用于小七孔景区门票。,,3
斗篷山景区Doupeng Hill,http://travel.qunar.com/p-oi3864533-doupengshanjingqu,"

地址:
黔南布依族苗族自治州都匀市茶园路


电话:
0854-8227807

",斗篷山景区位于都匀市西北部，距市区22公里，雄踞于苗岭山脉中段，是国内距离城市较近的原始林区。斗篷山与梵净山、雷公山齐名，为贵州三大名山之一。山上有峰峦、峡谷、溶洞、溪流及瀑布等景观，原始森林覆盖率高达百分之九十，其中海拔1800米的高山台地上，有原始古林近百公顷，林木根部全部长在石头缝隙之中，随处可见树抱石、石抱树、树搭桥的奇异景观。,全年 09:00-16:00,https://img1.qunarzz.com/travel/d7/1605/f3/82514dd1227a2df7.jpg_480x360x95_cd65d5da.jpg,4.4,建议游览时间：2小时 - 4小时,四季皆宜。,{'斗篷山景区门票成人票\n\n': ['¥40起']},,3
翠谷瀑布,http://travel.qunar.com/p-oi7526999-cuigupubu,"

地址:
黔南布依族苗族自治州荔波县荔波风景区小七孔景区内	

",翠谷瀑布 这里群峰紧锁，群山苍翠欲滴，故名“翠谷”。翠谷瀑布悬于群山之腰，是小七孔景区落差最大的瀑布，瀑高60多米，远看似条玉带悬于山间，近探水顺山势倾泻而下，浪花飞溅，水雾蒙蒙，犹如群龙下山，清新悦目,7:30-17:00,https://tr-osdcp.qunarzz.com/tr-osd-tr-space/img/7748d345e396b61a4b71ac503f578f7d.jpg_480x360x95_86f8a98f.jpg,4.2,建议游览时间：0.5小时,,包含在小七孔景区门票内，旺季110元（4月1日-12月31日），淡季90元（1月1日-3月31日）；景区电瓶车40元。,,3
西山公园Xishan Forest Park,http://travel.qunar.com/p-oi3864535-xishangongyuan,"

地址:
黔南布依族苗族自治州都匀市民族路89号


电话:
0854-8223413

",西山公园占地26.63公顷，由4座自然岩石组成。山石嶙峋，奇异多资，岩石峰上生长各类树木及藤本植物，树木葱茏，藤萝密挂，树根或环抱山石，或穿插于石缝间，如虬龙怪蟒令人叹为观止。园内峰銮竞秀、错落有致、树木繁茂、曲径通幽，是我国罕见的城区喀斯特园林，因其较为小巧，又被称为袖珍喀斯特公园。园内有松石亭、望江亭、晨曦亭、半山亭和后山九龙寺等景点，园内动物园具有各种不同种类的动物37种，儿童乐园功能齐全。,全年 全天开放,https://img1.qunarzz.com/travel/poi/1408/28/1290ddc3597becbffffffffc8d65eac.jpg_480x360x95_cc01f47b.jpg,4.4,建议游览时间：2小时 - 3小时,每年的四月初十去西山公园的最佳时机。这个时候贵州的天气普遍比较好，不冷也不热，经常是阳光普照。西山公园里的松树比较多，这个时间处于开花状态，非常的壮观。而且整个公园的气息都非常的欣欣向荣。如果选择这个时间来西山公园来玩，将给你带来完美的享受。,具体收费情况以现场公示为主,都匀西山公园珍稀白孔雀开屏曾有记者在都匀西山公园看到，几只白色孔雀争相开屏比美近20分钟，使广大游客大饱眼福，据悉，像如此精彩的比美镜头每年中都很难见到几次据了解，孔雀是颜色多变的珍稀鸟类脊椎动物，目前世界上已定名的孔雀仅有两种：即印度孔雀（亦称蓝孔雀）、爪哇孔雀（亦称绿孔雀）。白孔雀是印度蓝孔雀的变异白化种，祖籍是印度和斯里兰卡，在雌孔雀眼里，白色的雄孔雀色彩单调，不及蓝孔雀和绿孔雀的五彩斑斓更具有吸引力，繁殖率低，极为珍贵。,3
剑江风光Jianjiang River Scenery,http://travel.qunar.com/p-oi3864532-jianjiangfengguang,"

地址:
都匀市文明路63号

",剑江是都匀的母亲河，它由北至南穿过都匀市区，流程91.2公里。百子桥、高峰桥等百余座不同造型的古今桥梁纵横交错，使都匀成为别具特色的“高原桥城”。,全年 全天开放,https://img1.qunarzz.com/travel/poi/1712/cb/3b8ffb6ef4880b37.jpg_480x360x95_feb0a095.jpg,4.5,建议游览时间：1小时,最佳旅游时间为6~8月。,具体收费情况以现场公示为主,,3
铜鼓桥Tonggu Bridge,http://travel.qunar.com/p-oi7475806-tongguqiao,"

地址:
黔东南荔波小七孔景区

",铜鼓桥位于小七孔景区东大门处，横跨樟江河，具有浓郁的地方民族特色。,7:00-19:00,https://tr-osdcp.qunarzz.com/tr-osd-tr-manager/img/d26d8d51b4e41922c9ca1a8d98f30380.jpg_480x360x95_bcc486b6.jpg,4.3,建议游览时间：0.5小时 - 1小时,四季皆宜,,,3
拉滩瀑布,http://travel.qunar.com/p-oi7587476-latanpubu,"

地址:
黔南布依族苗族自治州荔波县贵州茂兰国家级自然保护区内

",拉滩瀑布位于尧所河上，是黄杨沟下游一个峡谷的出水口，谷中之水由此跌入了落差几十米的螃蟹沟，经由此处形成的瀑布就是拉滩瀑布。落差近70米，宽近20米，是保护区内最大的瀑布。,7:00—19:00,https://img1.qunarzz.com/travel/poi/1412/a2/a2892c99744b7dbdcdb.jpg_480x360x95_af1adcda.jpg,0.0,建议游览时间：1小时 - 2小时,四季皆宜,"包含在景区门票内
 优惠政策
 儿童身高1.2米以下免票
 学生票、60-69岁老年票须凭证购买半票，残疾人、70以上老人、现役士兵免票",,3
穿洞抗战遗址,http://travel.qunar.com/p-oi7475781-chuandongkangzhanyizhi,"

地址:
贵州省黔南布依族苗族自治州荔波县茂兰景区

",荔波穿洞记录了这里就是当年荔波军民抗击日寇、阻击日军进犯荔波，威胁都匀、贵阳的主战场。1944年12月2日-3日，在永康乡的穿洞附近，毙敌100多人。穿洞在抗战期间是进入县城的必经之地，现在还可以在内看到当年留下的军事堡垒，从洞中穿越，可直达山后，现在也是当地村民步行的必经之地。穿过这里便是一片田园风光。　,7:00-19:00,https://img1.qunarzz.com/travel/poi/1409/16/b62bde92558af437ffffffffc8d65eac.jpg_480x360x95_a5a77e12.jpg,0.0,建议游览时间：2小时,四季皆宜,免费,,3
永济泉Yongji Spring,http://travel.qunar.com/p-oi7335860-yongjiquan,"

地址:
荔波县玉屏镇繁荣路东段

",永济泉于清明治年间挖掘，泉井位于地下，整体呈圆桶形，井口前有三道石拱门，泉水清澈甘甜。,全天,https://tr-osdcp.qunarzz.com/tr-osd-tr-manager/img/df64cdce04057fad15077cd5bead407f.jpg_480x360x95_0668bfca.jpg,4.2,,四季皆宜。,具体收费情况以现场公示为主,,3
金钟洞,http://travel.qunar.com/p-oi7527326-jinzhongdong,"

地址:
黔南布依族苗族自治州 荔波县小七孔桥风景区内


电话:
0854-3615228

",由山下攀到百米多高的山崖上，过南天门入洞，游人惊叹，金钟洞洞美景宛若仙宫。洞内有很多厅，蟠桃厅中有蟠桃宴景观，第二厅有金钟洞徽，是一颗巨型的钟乳石钟，高达9米。其后一路游去，还可见到石狮把道、玉女拂尘、瑶池等等钟乳石景观。,7:30-17:00,https://img1.qunarzz.com/travel/poi/1411/e0/e072c7b690d70c82213a9cdb.jpg_480x360x95_f263a7e6.jpg,4.0,建议游览时间：0.5小时,,"票价
 旺季110元（4月1日-12月31日）
 淡季90元（1月1日-3月31日）
 景区电瓶车40元。",,4
邓恩铭烈士故居Deng Enming Martyr's Former Residence,http://travel.qunar.com/p-oi7335857-dengenminglieshiguju,,邓恩铭烈士故居位于荔波县，平面呈长方形，馆舍由正房，豆腐房，天井，陈列室和游客服务中心组成。室内陈列着烈士少年时代用过的笔、墨、砚台、墨盒、家信等实物，还有介绍烈士生平事迹的图片、资料等。,,https://tr-osdcp.qunarzz.com/tr-osd-tr-space/img/992e188093d5d1c99abe70b51c1db83e.jpg_480x360x95_cbd4df39.jpg,4.1,建议游览时间：1小时 - 2小时,四季皆宜。,具体收费情况以现场公示为主,,4
翠谷湿地,http://travel.qunar.com/p-oi7527004-cuigushidi,"

地址:
黔南布依族苗族自治州荔波县荔波风景区小七孔景区翠谷瀑布内	

",荔波风景区小七孔景区翠谷瀑布内,7:30-17:00,https://tr-osdcp.qunarzz.com/tr-osd-tr-space/img/c7b7d3f057e21412f2986f12d81ed54b.jpg_480x360x95_20fc4133.jpg,4.0,建议游览时间：0.5小时,,包含在小七孔景区门票内，旺季110元（4月1日-12月31日），淡季90元（1月1日-3月31日）；景区电瓶车40元。,,4
仙桥石林,http://travel.qunar.com/p-oi3864531-xianqiaoshilin,,仙桥石林在福泉县，是一处有待开发的新游览胜地。那里的山势和石林的形态，像古战场上一支正追歼败敌的大军，摇旗呐喊地向前飞奔。游仙桥石林先要听“石王点兵过仙桥”的民间故事：许久以前，官府为了镇压苗族起义军，派数万兵马到平越（今福泉）大肆烧杀抢掠。苗族起义军抵敌不住，退到仙桥，死伤无数。血从岩壁上流淌到河里，事情惊动了到此云游的神仙张三丰，他腾空而起，站在一朵白云上挥动手中的赶山鞭。顿时天昏地暗，飞沙走石，百万雄兵浩浩荡荡杀下山来，击退了官兵。苗民得...仙桥石林在福泉县，是一处有待开发的新游览胜地。那里的山势和石林的形态，像古战场上一支正追歼败敌的大军，摇旗呐喊地向前飞奔。游仙桥石林先要听“石王点兵过仙桥”的民间故事：许久以前，官府为了镇压苗族起义军，派数万兵马到平越（今福泉）大肆烧杀抢掠。苗族起义军抵敌不住，退到仙桥，死伤无数。血从岩壁上流淌到河里，事情惊动了到此云游的神仙张三丰，他腾空而起，站在一朵白云上挥动手中的赶山鞭。顿时天昏地暗，飞沙走石，百万雄兵浩浩荡荡杀下山来，击退了官兵。苗民得救了，他们煮好米酒，上山去感谢救命大军，但山上一个人影也看不见，只见一座座石头组成的营垒。他们于是在山上四处寻找，发现后山坪有一根巨大石柱，高两丈余，顶端很像一个人头，有眉、有眼、有嘴，大家认为它是救命的神仙张三丰。石王的皇宫玉帐府在桥子山上。仿佛石王在里边睡觉。走下长坡，就是石王点兵过仙桥的总兵兵营了。这里的石林群，千姿百态，石人、石马、石狮、石虎，形象逼真。一根高高的巨大石柱，是石王的总兵都督――石将军，它统帅着上下左右十八个山头的石林兵马，在听候桥子山顶的命令。在凹部斜坡处，还有一根巨大石笋，长势很像古代穿袍服的人，据说是石王的军师，它在默默沉思，谋定良策。仙桥石林，但愿你早日得到开发，给游人以神奇优美的感受。,,,--,,,,,4
瑶山古寨Yaoshan Ancient Village,http://travel.qunar.com/p-oi7469622-yaoshanguzhai,,,,,,,,,,4
龙里猴子沟,http://travel.qunar.com/p-oi3864539-longlihouzigou,"

地址:
贵州省黔南布依族苗族自治州龙里县


电话:
0854-5633184

",龙里县猴子沟风景名胜区总面积200平方公里，分为山顶草原与山下峡谷两大片区，有五个景区六个独立景点。主要包括台地和峡谷两类地貌形态。台地统称麻若平台，为一喀斯特断块台地，地面开阔平坦，起伏和缓，地势多在海拔1500-1600m之间。由于河流切割，台地又分割成几个小平台，如马郎坪、五里坪、王寨坪、亮山坪、谷郎坪等。台面上常发育为深邃的竖井、漏斗、落水洞等。景区内峡谷众多，峡谷深切成廊道式，主要是因地壳抬升，河流强烈下切而成。在台地与峡谷之间，常形成许多长大的岩...龙里县猴子沟风景名胜区总面积200平方公里，分为山顶草原与山下峡谷两大片区，有五个景区六个独立景点。主要包括台地和峡谷两类地貌形态。台地统称麻若平台，为一喀斯特断块台地，地面开阔平坦，起伏和缓，地势多在海拔1500-1600m之间。由于河流切割，台地又分割成几个小平台，如马郎坪、五里坪、王寨坪、亮山坪、谷郎坪等。台面上常发育为深邃的竖井、漏斗、落水洞等。景区内峡谷众多，峡谷深切成廊道式，主要是因地壳抬升，河流强烈下切而成。在台地与峡谷之间，常形成许多长大的岩溶洞穴，洞穴内多地下暗河，暗河出口形成众多流泉飞瀑。龙里县猴子沟风景名胜区除草原和峡谷之外，还有飞龙洞、冠山果里洞棺葬、莲花洞等几个独立景点，都有较大的游览价值和一定的科研、考古等价值。,全天,https://img1.qunarzz.com/travel/poi/1408/28/b21bcfbef8e9ed43ffffffffc8d65eac.jpg_480x360x95_304ebe52.jpg,--,建议游览时间：2小时 - 4小时,,免费,雨季最好不要进入沟内，以免山洪来时不能出沟，给你的生命安全带来危险。穿徒步鞋最适合龙里猴子沟，最好带些干粮和饮用水。,4
漏斗森林,http://travel.qunar.com/p-oi7527318-loudousenlin,"

地址:
黔南州 荔波县城南部30余公里	

",黔南茂兰喀斯特森林，是我国亚热带乃至世界上喀斯特地区残存下来的一片面积最大、分布集中、原生性强、相对稳定的喀斯特森林生态系统，是在地带性生物气候条件背景下，在喀斯特地貌、石灰土等特殊生境下形成的非地带性植被，是一种特殊的森林生态系统，是亚热带森林的精粹。在漏斗森林，徒步穿越客将会观赏到非常典型的喀斯特森林植被和动物体系。,全天,https://img1.qunarzz.com/travel/poi/1411/5f/5f7fd306db3df098213a9cdb.jpg_480x360x95_b45d9d9f.jpg,0.0,建议游览时间：4小时 - 6小时,,"
票价
 成人票价：50元

优惠政策
 1、1.2米—1.4米儿童、60-69岁老年票凭身份证或老年证、军官凭军官证都是享受半价优惠  25元/人。 
 2、儿童身高1.2米以下免票。

",,4
尧古布依村寨,http://travel.qunar.com/p-oi7475784-yaogubuyicunzhai,"

地址:
荔波县永康水族乡尧古村

",布依族是荔波人数最多的少数民族。尧古布依寨保留了原汁原味的布依族建筑，在寨内仍然可以看到布依族老人纺线酿酒，过着传统的生活。 在尧古布依寨中，有一座上百年的造纸作坊，至今保留着以山竹为原料的原始造纸技术。尧古布依族古法造纸，传承千年，至今仍为当地村民副业收入来源。,7:00-17:00,https://img1.qunarzz.com/travel/poi/1409/16/9ffb8885812f6aa5ffffffffc8d65eac.jpg_480x360x95_0c3c01e6.jpg,0.0,建议游览时间：4小时,四季皆宜,"门票
 50元，保险5元（整个茂兰景区，学生半价，包括尧古布依寨、石上森林、黄杨沟、拉滩瀑布、水中林、青龙涧、青龙潭等）",,4
瑶人山,http://travel.qunar.com/p-oi3864542-yaorenshan,,"瑶人山位于贵州省三都水族自治县城东南约10公里，对于外界人来说尚属陌生，然而她却是三都人民心目中的神，是顶天立地的象征，是个广袤无边，扑朔迷离的地方。当地水语称瑶人山为""怒瑶""，称瑶人山原始森林为“弄台兰”。据说在很早以前，瑶人山上居住着一瑶族村落，瑶胞靠山高林密的有利环境，以狩猎、采药为生。后来因猛兽太多，瑶人常常受到伤害，只好迁往他处。水族歌谣中常常引用瑶人山名来寓意事物的神秘莫测，高不可攀。从河谷坝子仰望瑶人山，显得陡峻挺拔，气势磅礴。阴雨...瑶人山位于贵州省三都水族自治县城东南约10公里，对于外界人来说尚属陌生，然而她却是三都人民心目中的神，是顶天立地的象征，是个广袤无边，扑朔迷离的地方。当地水语称瑶人山为""怒瑶""，称瑶人山原始森林为“弄台兰”。据说在很早以前，瑶人山上居住着一瑶族村落，瑶胞靠山高林密的有利环境，以狩猎、采药为生。后来因猛兽太多，瑶人常常受到伤害，只好迁往他处。水族歌谣中常常引用瑶人山名来寓意事物的神秘莫测，高不可攀。从河谷坝子仰望瑶人山，显得陡峻挺拔，气势磅礴。阴雨天，山巅完全隐入云霄，即使在大晴天，正午之前半山上也常常云遮雾绕。整个山区峰岭连绵，幽谷叠翠，山高谷深，悬崖处处。山间清流潺潺，常年不断，迭水瀑布很多。 #其中巫检沟的龙塘瀑布最为壮观：其瀑高80多米，宽约40多米，溪水把岩冲击成一个天然的大石桶，宛若人工凿成。每当开春后，溪水上涨，瀑布倾泻而下如白练悬壁，声如闷雷。瀑布两侧林木葱茏，景色迷人，沿龙塘瀑布逆流而上还出现三处飞瀑。",,,--,,,,,4
古城垣,http://travel.qunar.com/p-oi3864527-guchengyuan,,福泉古城垣，始建于明洪武十四年（公元1381），距今六百多年。初建时为土城。建文三年（1401），平越卫指挥李福又将土城改建为石城，成为重要军事设施。古城垣依山而建，城墙为青条石建筑，工艺讲究，周长 4700米，高7米，宽3米。明正统十四年(1449)，苗民起义，围攻城池，城内仅靠一口小小的福泉井取水，不能解决城内百姓及牲畜的饮水问题，众多的兵士、百姓，以及战马和其他牲畜都被渴死，城池不攻自破。如何解决战争时期城内百姓、兵士、牲畜饮水的问题摆在了平越指挥的面前，到成...福泉古城垣，始建于明洪武十四年（公元1381），距今六百多年。初建时为土城。建文三年（1401），平越卫指挥李福又将土城改建为石城，成为重要军事设施。古城垣依山而建，城墙为青条石建筑，工艺讲究，周长 4700米，高7米，宽3米。明正统十四年(1449)，苗民起义，围攻城池，城内仅靠一口小小的福泉井取水，不能解决城内百姓及牲畜的饮水问题，众多的兵士、百姓，以及战马和其他牲畜都被渴死，城池不攻自破。如何解决战争时期城内百姓、兵士、牲畜饮水的问题摆在了平越指挥的面前，到成化年间(1465—1487)，指挥张能在西门外的沙河边建一城墙，从河中引水进城并建一井口，以便战时城内得到供水。但是随着人口的增加，饮水问题仍然没有得到解决。1603年，贵州总兵平越人安大朝、指挥奚国柱、知府杨可陶在水城外又筑外城墙183米，招募能工巧匠，集思广益，精确设计，最终决定在拦截河流的城墙上建上下两座三孔石拱桥，这样，把河流直接包在城内，即使战争爆发，也能确保城内军民的用水之需。新中国成立后，劳动人民当家作了主人，城垣已失去了它原有的意义。但是，福泉的古城垣，不仅保存完好，而且还有“里三层，外三层，石墙围水小西门”的水城奇观。它由内城、水城、外城三部分组成一座瓮城；举目眺望，三重城环抱，形成梯级防线；它依山傍水，上下贯通，气势磅礴，雄伟壮观；设计者匠心独运，建造工艺精湛。因此，福泉古城垣，在军事、建筑、地质、水文等多方面蕴含着多层次的科研价值和丰富的历史文化内涵，被誉为“中国古代防御的绝妙之作”。,,https://img1.qunarzz.com/piao/fusion/1805/e0/63b95b880c8feb02.jpg_480x360x95_8aa9a189.jpg,5.0,,,,,4
黔南蛤蚌河Qiannan Clam River,http://travel.qunar.com/p-oi3864534-qiannanhabanghe,,,,,,,,,,5
平塘国家地质公园Pingtang National Geological Park,http://travel.qunar.com/p-oi3864543-pingtangguojiadizhigong,"

地址:
贵州省黔南布依族苗族自治州平塘县掌布镇掌布村桃坡组


电话:
0854-7478298

",平塘国家地质公园位于贵州省，园内可溶碳酸盐岩分布广泛，岩溶地貌占全区总面积的80%，主要有峰林盆地，峰丛洼地，峰林洼地及峰丛漏斗4种地貌地形地貌，并形成多处颇具价值的地质景观。这些地质的形成，是不同时期构造运动在变质岩中遗留的形迹，对研究区内地质发展历史具有重要的科研价值。,全年 全天开放,https://img1.qunarzz.com/piao/fusion/2010/24/ef7d13484428e202.jpg_480x360x95_420dac88.jpg,4.0,建议游览时间：2小时 - 3小时,,{'【尖端科技天文馆】平塘天眼自营直通车1日●全程纯玩●天象影院\n\n': ['¥265起']},,5
江界河,http://travel.qunar.com/p-oi3864524-jiangjiehe,"

地址:
贵州黔东南苗族侗族自治州瓮安县城西42公里处

",位于瓮安县城西42公里处，融自然山水、峡谷风光、革命历史纪念遗址、原始森林、喀斯特溶洞和现代桥梁建筑于一体，有红军强渡乌江天险的战斗遗址和目前世界悬臂跨径最大的桁式拱桥――江界河大桥。江界河风景名胜区地貌复杂多样，山地、丘陵、盆地相间分面。贯穿于风景区内的江界河，其水清流通澈，“震天动”景点，江中激浪排空，吼声如雷震耳，景观层次丰富。,8:00-18:00,https://img1.qunarzz.com/travel/poi/1408/29/dcfb5b859b423efdffffffffc8d65eac.jpg_480x360x95_807e5368.jpg,--,,,10元,,5
都匀东山公园Dongshan Park,http://travel.qunar.com/p-oi3864528-douyundongshangongyuan,"

地址:
城东


电话:
0854-8224695,0854-4353

",东山公园，为AA级旅游景区，位于贵州省都匀市东，占地20公顷，是一个集花圃、园林、楼阁、摩崖、古遗址为一体的综合性公园。《都匀县志稿》称：“东山巍峨矗立，气象端严，剑河前绕，诸山罗列，为府治镇山。”,全年 7:30-17:30,https://tr-osdcp.qunarzz.com/tr-osd-tr-manager/img/5c16a391a315dfd98616555fdc97f820.jpg_480x360x95_6b138b8a.jpg,4.5,建议游览时间：1小时 - 2小时,,具体收费情况以现场公示为主,,5
长顺杜鹃湖风景区Zhangshundujuanhu Sceneic Area,http://travel.qunar.com/p-oi703536-zhangshundujuanhufeng,"

地址:
黔南布依族苗族自治州长顺县新寨乡杜鹃湖(长顺)


电话:
13618509169

",位于距贵阳105公里的长顺县，每年2至5月，花漫山遍野盛开，是很好的旅游季节。此外还有600年前的珍贵古银杏、付家院古崖画群、翰林墓、徐霞客亭遗址等可供游览。,全年 8:00-18:00,https://img1.qunarzz.com/travel/d3/1602/9f/bf7854cb8a38aaf7.jpg_480x360x95_e71efcfb.jpg,4.4,建议游览时间：1小时,,具体收费情况以现场公示为主,,5
后岩观,http://travel.qunar.com/p-oi3864541-houyanguan,,后岩观位于翁安县城东北21公里的下司街乡。平地突起一小山，高约30米，面积5亩左右，四面怪石嶙峋，山顶奇石屹立，有的如笔、如笋、如柱、如屏、如钟、如鼓，有的恰似龇牙猛兽，赳赳武夫，并有前人题名的笔架峰、天外峰、铁剪峰、五老峰、巨灵掌、蓬莱石、角端石、玲珑石等。岩壁上有“何异蓬莱”，“天然钟鼓”等石刻和其他碑文。岩上藤萝牵丝挂网，悬绿吊翠。岩间棕树高矮错落，四季常青。山顶稍平处，明代建有真武殿、文昌阁、三清殿、三元阁，总名后岩观。山脚有一洞，东西相通，...后岩观位于翁安县城东北21公里的下司街乡。平地突起一小山，高约30米，面积5亩左右，四面怪石嶙峋，山顶奇石屹立，有的如笔、如笋、如柱、如屏、如钟、如鼓，有的恰似龇牙猛兽，赳赳武夫，并有前人题名的笔架峰、天外峰、铁剪峰、五老峰、巨灵掌、蓬莱石、角端石、玲珑石等。岩壁上有“何异蓬莱”，“天然钟鼓”等石刻和其他碑文。岩上藤萝牵丝挂网，悬绿吊翠。岩间棕树高矮错落，四季常青。山顶稍平处，明代建有真武殿、文昌阁、三清殿、三元阁，总名后岩观。山脚有一洞，东西相通，宽可容人，有石如鳞。传说曾有龙潜伏其间后破石远飞，故名“飞龙洞”。原以洞为路曲转攀登上山，后于山北辟路拾级而上，小路两侧奇石林立，仿佛夹道欢迎。后岩观东有三百闹万亩大田坝；南有草塘、松坪、金星三条小河交汇西奔；西南有低矮如林的怪石，重重叠叠，形似莲花；四周村落棋布，竹林瓦舍，景色别致。明末巡按监军御史钱邦芑，弃官为僧，寓居于此，多有题韵。所撰《草塘后岩记》对此极为推崇。清乾隆进士文宣诗《后岩十四韵》赞道：“境固呈天巧，人还赞鬼工”。后岩观南面2公里处的宋家湾和1公里处的下司街，有红军长征途中，中共中央政治局“猴场会议”遗址和毛泽东住处（傅家祠堂）遗址。,,,5.0,,,,,5
福泉山,http://travel.qunar.com/p-oi3864530-fuquanshan,,福泉山位于贵州省黔南州福泉市。福泉山因山上有泉名“福”，故而得山名——福泉山，因山名而得城名——福泉市。“山不在高，有仙则名”。当一代宗师张三丰到此修炼得道成仙后，这里便成了一代道教圣地，名声大振。流传在洪武二十五年，张三丰从云南看望弟子沈万山返回武当山途中，见福泉山林木葱郁，山形奇绝，气灵境幽，站到山顶，只见群山环抱而来，山下的小河与平地形成一副天然的“太极图”，是道家修炼的绝佳之地。遂在高贞观后空地结茅为庐，建礼斗亭，朝拜北斗，候诏飞升。,,https://tr-osdcp.qunarzz.com/tr-osd-tr-touch/img/e1d577d64d083650837166456fc2ea93.jpeg_480x360x95_527fa3f6.jpeg,3.0,,,,,5
风动石,http://travel.qunar.com/p-oi3864547-fengdongshi,,久闻斗篷山上有一块风动石，自然要先一睹为快，登上一个不是太高的小山头，果然看到山顶之上有一块巨大的蘑菇石，底下细，顶上大，弱不禁风，摇摇欲坠。据说风吹的时候，顶上的巨石会随风而动，故名风动石。又有人说，只要用手去推，也能将巨石推动，因为周围砌有护栏，没有能够亲手一试。,,,--,,,60元,,5
洒金谷景区Sajin Valley Scenic Area,http://travel.qunar.com/p-oi3864522-sajingujingqu,,洒金谷的中心景区位于福泉市城郊，为三江汇合之处，这里山谷幽深，碧波荡漾，景致颇佳。江心挺立着一块巨石，高约数十米，人称“将军过河”。,,https://img1.qunarzz.com/travel/poi/1408/29/8a149ea79927235fffffffffc8d65eac.jpg_480x360x95_81ce7763.jpg,4.3,建议游览时间：1小时,最佳旅游时间为6~8月。,"{'福泉洒金谷栈道+玻璃栈道+景区车票老人票\n\n': ['¥48起'], '福泉洒金谷栈道票成人票\n\n': ['¥80起'], '福泉洒金谷电子导览票大小同价\n\n': ['¥9起']}",,5
穿洞瀑布,http://travel.qunar.com/p-oi3864540-chuandongpubu,,穿洞瀑布是国内十大天然水帘洞之一。在翁安县城北13公里银盏乡与新华乡交界的瓮安河上。此处河宽50多米，河床落差10多米，河水随河床陡然跌落，形如一幅宽大的白绢横挂河中，声似汹涌波涛咆哮。夏季水涨流急，瀑布更宽，水雾在阳光之中映出霓虹，异彩纷繁。,,,0.0,,,,,5
福泉藜山,http://travel.qunar.com/p-oi39604294-fuquanlishan,,,,,0.0,,,,,6
月亮湖湿地公园,http://travel.qunar.com/p-oi39601816-yuelianghushidigongyuan,,,,,0.0,,,,,6
小七孔景区-双龙瀑布,http://travel.qunar.com/p-oi39456689-xiaoqikongjingqu_shuang,,,,,5.0,,,,,6
荔波县红船广场,http://travel.qunar.com/p-oi39365833-liboxianhongchuanguang,,,,,0.0,,,,,6
天硐,http://travel.qunar.com/p-oi39316146-tiandong,,天硐距离天眼20分钟左右的路程，于天眼形成观天探地路线。天硐更深入了解贵州喀斯特地貌形成历史。洞穴探险不同于常规的观光旅游，因为我们将会进入原生态的自然溶洞。所以在开始探索之前我们需要在大本营完成必须的行前培训。在行前培训中我们将学会如何穿戴个人安全装备，包括头盔，头灯，探洞服，安全带等。并且领队会介绍我们此行的教练团队，讲解必要的安全知识。所以行前培训非常重要，认真参加行前培训可以让我们的探险之旅更加得心应手。完成行前培训以后，我们就正式开始了探险的旅程，从大本营出发，需要徒步大约10-20分钟即可到达洞口。这一段路是我们探险行程的一个热身，大家可以通过一小段徒步充分激活身体，为后面洞穴中的穿行做足准备。平塘天硐独特的构造让他拥有众多的探险体验，我们在洞穴内将使用乔木探游自主研发的洞穴不间断保护系统，在黑暗湿滑的洞穴里也不会发生迷路或者滑坠的风险。洞穴里的海洋生物化石，石柱，石笋等各种各样各样的洞穴沉积物是天然的地质课堂，乔木探游的教练将会在真实环境下带来一堂生动的地质课堂。当然还有更多的体验项目需要保密，如果提前知道了一切就没用了探索未知的乐趣。完成黑暗洞道的穿行后，我们将会来到一个天硐的出口，一个宛若世外桃源的天坑。在这里乔木探游的教练给大家准备了补充能量的洞穴下午茶，可以让自己放松下来，同行的伙伴聊一聊刚才发生在洞穴里的趣事。,,,5.0,,,,,6
胜利村,http://travel.qunar.com/p-oi39314431-shenglicun,,,,,--,,,,,6
果水村,http://travel.qunar.com/p-oi38944585-guoshuicun,,,,,--,,,,,6
桔香花海景区,http://travel.qunar.com/p-oi38941933-jiexianghuahaijingqu,,,,,--,,,,,6
爱禽公社多肉花园,http://travel.qunar.com/p-oi38941849-aiqingongsheduorouhua,,,,,--,,,,,6
翁金村,http://travel.qunar.com/p-oi38932818-wengjincun,,,,,0.0,,,,,6
腊利寨,http://travel.qunar.com/p-oi38918070-lalizhai,,,,,0.0,,,,,7
清水河大桥,http://travel.qunar.com/p-oi38853828-qingshuihedaqiao,,,,,--,,,具体收费情况以现场公示为主,,7
朵花特大桥,http://travel.qunar.com/p-oi38818243-duohuatedaqiao,,,,,0.0,,,,,7
马滩瀑布,http://travel.qunar.com/p-oi38676147-matanpubu,,,,,,,,,,7
姊妹湖,http://travel.qunar.com/p-oi38676043-zimeihu,,,,,--,,,具体收费情况以现场公示为主,,7
怎雷村,http://travel.qunar.com/p-oi38632052-zenleicun,,,,,0.0,,,具体收费情况以现场公示为主,,7
平塘风景名胜区,http://travel.qunar.com/p-oi38616367-pingtangfengjingmingsheng,,,,,--,,,具体收费情况以现场公示为主,,7
董岛部落,http://travel.qunar.com/p-oi38340950-dongdaobuluo,,,,,,,,,,7
天生桥,http://travel.qunar.com/p-oi38336025-tianshengqiao,,,,,4.0,,,,,7
仙桥山,http://travel.qunar.com/p-oi38334752-xianqiaoshan,,"仙桥山位于瓮安，山顶有一处穿洞，形似一座石桥，该桥高约三十多米，周围林木繁茂、景色秀丽，犹如仙境。
",,,--,建议游览时间：1小时 - 2小时,,具体收费情况以现场公示为主,,7
福泉山,http://travel.qunar.com/p-oi38135738-fuquanshan,,,,,,,,,,8
飞练湖湿地公园,http://travel.qunar.com/p-oi38134849-feilianhushidigongyuan,,,,,,,,,,8
王乃屯大山,http://travel.qunar.com/p-oi38034549-wangnaitundashan,,,,,--,,,具体收费情况以现场公示为主,,8
谷冰村,http://travel.qunar.com/p-oi38033327-gubingcun,,谷冰村依山傍水，柳绿花红，青墙黛瓦，景色十分秀丽。村子以发展蔬菜、生态畜禽为主，还有冷水鱼、石蛙等产业体系。,,,--,建议游览时间：2小时 - 3小时,,具体收费情况以现场公示为主,,8
百鸟河数字小镇,http://travel.qunar.com/p-oi37807060-bainiaoheshuzixiaozhen,,,,,--,,,具体收费情况以现场公示为主,,8
响水飞瀑,http://travel.qunar.com/p-oi37806956-xiangshuifeipu,,,,,--,,,具体收费情况以现场公示为主,,8
龙吐水景区,http://travel.qunar.com/p-oi37806346-longtushuijingqu,,龙吐水景区位于龙里县，景区内在悬崖峭壁之上有一个金龙头，清澈的泉水从龙口中不停向外喷出，落差较大，非常壮观。,,,--,建议游览时间：1小时 - 2小时,,具体收费情况以现场公示为主,,8
龙里水乡旅游生态城,http://travel.qunar.com/p-oi37806220-longlishuixianglu:you,,龙里水乡旅游生态城周围山峦叠翠，风景秀丽，以水筑城，打造特色滨水体验。龙里水乡旅游生态城以“龙行天下 · 龙里驿”为主题，融入多个故事线索，展现了贵州历史、民俗、艺术、商贸、物产、多民族文化的多个方面。,,,5.0,建议游览时间：2小时 - 4小时,,具体收费情况以现场公示为主,,8
三都县水族文化博物馆,http://travel.qunar.com/p-oi37806174-sandouxianshuizuwenhua,,,,,0.0,,,具体收费情况以现场公示为主,,8
云从朵花温泉度假中心,http://travel.qunar.com/p-oi37805993-yuncongduohuawenquandu,,一、景区配套设施完备：云从朵花温泉度假中心是一家黔中一站式围绕青山、峡谷，集客房、餐饮、会议、休闲娱乐、温泉、旅游为一体的综合型山地温泉度假中心。也是黔中地区目前规模较大、配套设施较完备的度假中心。项目建设占地面积约200亩，总建筑面积约3.53万平方米，公区有篮球场和网球场各1个，设有停车位510余个。高级客房和豪华客房99间，悬崖景观别墅25栋。室外温泉区日接待能力超1600人。二、交通区位优越：入黔第一站，贵阳都市圈近郊微度假目的地，地处龙里县龙溪先导区，紧邻高速、毗邻省会贵阳，半小时内可达贵阳市中心、龙里县城、贵州省内主要机场和高铁站，通达性极强，便于省内省外贵宾安排游览。三、景观资源优美：云从朵花温泉度假中心拥有高山峡谷景观，远离城市喧露，周边自然风景秀丽，并紧邻高山峡谷景观斜拉桥朵花特大桥一龙里河大桥，客房直面大桥景观。酒店网红打卡区:享受属于自己独有的悬崖落日景观。四、气候温润:属于亚热带温润季风气候，温和舒适，日照充沛，冬无严寒，夏无酷暑。五、森林康养·稀缺汤泉资源:汤泉区总面积约2.7万平方米，设计结合了汤泉泉质和现场地形地貌，打造以“漫步云雾之境，涤尘山水之间”为核心理念的云端仙境温泉。山地森林地形，总计48个汤池，涵盖6个张拉膜泡池区，7个温泉泡池，30个山顶风景泡池，5个竹林秘境泡池。,,,4.8,,,,,8
水葩水寨,http://travel.qunar.com/p-oi37802365-shuipashuizhai,,,,,--,,,具体收费情况以现场公示为主,,9
者吕布依古寨,http://travel.qunar.com/p-oi37786946-zhelu:buyiguzhai,"

地址:
贵州省荔波县甲良镇丙花村者吕组

",者吕布依古寨位于荔波县西北部，甲良镇东南部，距县城33公里，距镇政府驻地4公里，交通便利，资源丰富，幽深清澈的方村河绕寨而过，村落选址依山傍水，古老民居坐落在山丘之上，新增建筑沿河而建。从者吕古寨对面隔河眺望，但见一条巨龙般的山脉从天边逶迤而下到者吕的寨中，整个寨子的中央恰似巨龙骤然高昂的龙头，腾空的龙体傍山如悬空一般。者吕寨就依着这具悬空的龙体山势而建。寨子周围林木茂密，古树葱郁。寨脚一条幽深的小河环绕着，水质清澈，缓缓南流，小河下游是有名的小七孔景区。到过者吕的外地游客不得不对古寨的石砌工艺点赞，从寨脚顺着石板铺就的石梯往寨上走，但见那由一块块厚薄相差不大，长短却参差不齐的石块经过垒砌而成的屋基便依次进入你的眼帘。屋基上那一棵棵裸露无遗，撑起整栋房子的柱头，还有那泥土涂料涂在屋外板壁上那或深红色或淡红色或因褪色留下的斑点，让你更加明白了典型的布依族杆栏式建筑。石头垒砌而成的屋基，加上柱头下垫的石墩，整个房屋远离地面，通风良好，采光合理，有日晒无雨淋，加之红色泥土涂料具有防虫防水功效，任凭岁月风霜雨雪的侵蚀，依然无动于衷地传承着这里的历史，续写着石磊的文明。来到者吕，与村民种地、收割、晒辣椒、做酿豆腐、酿酒…，体验地道的农耕文化和传统民风，吃一餐美味的者吕黄豆焖鸡，这将刷新您过往的认知！,全年 全天开放,,0.0,建议游览时间：12小时 - 3天,,,,9
穿洞河瀑布,http://travel.qunar.com/p-oi37677114-chuandonghepubu,,穿洞瀑布是国内十大天然水帘洞之一。在翁安县城北13公里银盏乡与新华乡交界的瓮安河上。此处河宽50多米，河床落差10多米，河水随河床陡然跌落，形如一幅宽大的白绢横挂河中，声似汹涌波涛咆哮。夏季水涨流急，瀑布更宽，水雾在阳光之中映出霓虹，异彩纷繁。,,,0.0,,,具体收费情况以现场公示为主,,9
龙湖花海生态观光园,http://travel.qunar.com/p-oi36458265-longhuhuahaishengtaiguan,"

地址:
贵州省黔南州龙里县醒狮镇大岩村


电话:
18985522697

",,全年 09:00-18:00,,1.0,建议游览时间：2小时 - 3小时,,,,9
梦柳布依风情小镇,http://travel.qunar.com/p-oi36394719-mengliubuyifengqingxiao,,梦柳布依风情小镇位于荔波大小七孔景区边，是特意建造的集住宿、餐饮为一体的小镇，小镇建筑上还点缀有各式各样的壁画，介绍当地少数民族-布衣族的一些风情和由来，小桥流水、广场开阔，极具当地民俗特色。,,https://tr-osdcp.qunarzz.com/tr-osd-tr-mapi/img/ade672559a1816a3f2396263c5f1febf.jpg_480x360x95_0df468f6.jpg,4.0,建议游览时间：12小时 - 3天,,具体收费情况以现场公示为主,,9
小七孔景区-古莱里民族风情谷,http://travel.qunar.com/p-oi36317418-xiaoqikongjingqu_gulai,"

地址:
黔南布依族苗族自治州荔波县小七孔镇小七孔风景区内

",古莱里民族风情谷集山、水、洞、林、湖、瀑布等为一体，喀斯特森林系统原生性和生物多样，古莱里民族风情谷就是凭着自然环境与民族风情高度融合，形成集民族风情表演、四季花海、水上迷宫、竹林迷宫、跑马场、自行车场、滑草场、水上拓展、鱼疗、蛇馆、热气球为一体的原生态休闲娱乐旅游地.,8:00-18:00,,4.0,建议游览时间：2小时 - 3小时,,包含在小七孔景区内，通用小七孔景区门票,,9
天空之桥,http://travel.qunar.com/p-oi36315061-tiankongzhiqiao,,,,,,,,,,9
凤凰艺术公园,http://travel.qunar.com/p-oi36256186-fenghuangyishugongyuan,,凤凰艺术公园内有超大草坪，可以野炊，还可以体验皮划艇，有属于超好拍的欧洲草坪风，还有专门摆设的桌椅 ，可以拍照打卡。,,,--,建议游览时间：1小时 - 2小时,,,,9
都匀绿博园,http://travel.qunar.com/p-oi36213838-douyunlu:boyuan,"

地址:
黔南布依族苗族自治州都匀市青云湖大道东山公园东侧


电话:
0854-8336939,0854-8335810

",第四届绿博会在贵州省黔南州都匀市举办。这是绿博会第一次在中国西部、第一次在少数民族地区、第一次在地州级城市和第一次在高原山地举办。绿博会的永久主题是“以人为本，共建绿色家园”，本届绿博会围绕“绿圆中国梦，携手进小康”主题，以“贵山贵水、绿博黔南”为形象口号，着力打造一个在新时代背景下的生态文明建设与绿化成就展示的示范地。全园设招展展园56个，总面积220747平方米。景观湖区由一岛两湖组成，设4处滨湖生态湿地，湖上设7座景观桥，其中6座为环湖桥，1座为跨湖桥，沿湖岸设多个亭、廊、榭、码头等滨水景观建筑。绿化规划以“绿色+多彩”为原则，通过补绿、更新、增色等措施，实现园区季季有花、四季有景。,全年 09:00-18:00,https://tr-osdcp.qunarzz.com/tr-osd-vs-dapp-ugc/img/500b5a100a6c2988fb61e84d959f5e2a.jpg_480x360x95_3543455f.jpg,4.1,建议游览时间：1小时 - 2小时,,"{'都匀绿博园门票成人票\n\n': ['¥20起'], '贵州绿博园精灵萌宠乐园门票大小同价\n\n': ['¥39起'], '贵州绿博园精灵萌宠乐园门票亲子票(1大1小)\n\n': ['¥69起']}",,9
将军谷,http://travel.qunar.com/p-oi36179576-jiangjungu,"

地址:
黔南布依族苗族自治州福泉市马场坪办事处安谷村

",福泉将军谷包含项目有：“网红桥”、“步步惊心”、“七彩滑道”、“丛林穿越”等户外活动。将军谷“丛林穿越”设置的秋千桥、平衡木、吊桩、蜘蛛攀爬网、摇晃梯等难度不一。除此之外，“喊泉”“水上秋千桥”“自助烧烤”“专门的鱼塘”“飓风飞椅”“碰碰车”“蹦蹦床”“卡丁车”“智控飞机”“旋转木马”等玩乐项目。,全年 09:00-18:00,,--,建议游览时间：1小时 - 3小时,,15元,,9
龙里水乡Longli Water Town,http://travel.qunar.com/p-oi36177831-longlishuixiang,"

地址:
黔南布依族苗族自治州龙里县龙山大道


电话:
0854-4979888

",贵州龙里水乡旅游生态城以“国际休闲水驿贵州旅游前客厅”为主题，以水筑城，依山傍水、交辉相映、美不胜收。寻访了若干贵州传统院落建筑及名人故居，追溯其深厚的历史风貌和人文底蕴，力求将这些历史建筑的活性与现代元素相结合，呈现于复兴贵州建筑风格的人文精神，项目从调研到规划到计划再到建设，可谓是独具匠心。期望来到这里的每一位游客，都能感受到这里的非凡品位和独特人文。作为旅游东门户，贵州龙里水乡旅游生态城四周青山环绕，朵花河环绕其中，以水筑城，打造特色的滨水体验；因地制宜，形成丰富的贵州独有山地特色；集合地域，融入时尚，形成特色；业态丰富，文化为魂，可谓别具一格，独树一帜。《龙乡水里· 贵秀》是龙里水乡旅游生态城携手有着二十余年丰富经验的文旅导演团队，精心打造的一场大型演艺秀。该剧目运用先进的创编理念，以现代舞美高科技的表现手段，融入生命起源、地域风貌、历史传奇、民风民俗等具贵州代表性的文化符号，以出其不意的呈现方式注入：“序《文明曙光》、《山水传奇》、《奢香夫人》、《铁血忠魂》、《云顶霓裳》、《盛世贵州》“六幕场景，旨在成为一张代表贵州演艺市场的文化新名片。《龙乡水里· 贵秀》剧场总体设计取“蛟龙出水”之意向，结合龙里现有“龙头”景点作为入口象征，以“龙鳞”作为剧院的主体立面设计，既生动活拨又具有一定的文脉意向；同时主体下部采用“斗拱”作为主要设计元素呼应周边商业街的中式建筑风格，斗拱顶端雕刻古体字，形成具有强烈秩序感的光影效果。剧场以“镜”、“花”、“水”、“月”为理念，延续建筑之意向，形成入境— 花戏— 水乡— 月苑四重空间体验。剧场内选用了著名品牌LACOUSTICS扬声器音响系统，配合剧情场景声音需有走心感的原则，让观演者体会到还原现场身临其境的效果。团队设计采用多声道沉浸式环绕扩声系统， 多声道环绕扩声系统，让剧目增加拓展了听觉知维度和表现空间，给观演者带来从面到点更强的空间感、层次感、穿越感及融合度。“龙乡水里看《贵秀》一眼千年大贵州”将为你揭开夜郎故土的神秘面纱，领略贵黔大地波澜壮阔而又瑰丽多姿的山水与人文传奇。,全年 10:00-19:00,https://tr-osdcp.qunarzz.com/tr-osd-tr-space/img/a68a0b72795408a46e90a56c46420181.jpg_480x360x95_f7fd8428.jpg,3.7,建议游览时间：12小时 - 3天,,"{'龙里水乡门票+贵秀演出观演门票\n\n': ['¥188起'], '龙里水乡飞越丛林门票成人票\n\n': ['¥78起'], '龙里水乡飞越丛林多线路门票成人票\n\n': ['¥138起']}",,10
古风乐殿博物馆,http://travel.qunar.com/p-oi36004764-gufengledianbowuguan,,乐殿博物馆共三层，展区分布于二、三层。以汉、唐时期的陶、金、银制作的乐舞佣和乐器为主。乐殿博物馆馆藏汉代乐舞俑基本为陶制，其艺术特征为取大势、去繁缛以及高度概括的表现手法，整体古朴淳厚、雄浑大气。经历沧桑岁月，依然挥洒着蓬勃的生命力。唐金乐舞俑则是唐代乐舞与金银器制作工艺结合的艺术高峰。其中一座金制反弹琵琶，生动刻划出唐代乐舞的高超水平，具有极高的历史、艺术和科学价值。这些珍贵的艺术藏品，将汉唐乐舞盛世浓缩于乐殿博物馆中，辅以现代科技和多媒体演示，重现一个中国古代音乐殿堂。,,,4.9,建议游览时间：2小时 - 3小时,,具体收费情况以现场公示为主,,10
天眼航天探索中心No. 9 Universe Sky Eye Museum,http://travel.qunar.com/p-oi35896348-tianyanhangtiantansuo,"

地址:
黔南州平塘县克度镇天文小镇九号宇宙馆


电话:
19185385007,15802395632

",九号宇宙位于中国天眼科普基地天文小镇内，场馆融合了航天博物展示、航天文化体验及创新的科技主题互动项目，将航天文化与科技娱乐体验相结合，让游客体会到航天与科学的趣味性。九号宇宙以人类探索地外文明为主线，场馆内设有赛博城市、未来科技、火星文明等3大主题区，包含30+互动体验项目及展项。在这里，游客可以发现更多可能：体验航天训练、感受当前人类航天技术，畅想火星移民、探索人类寻找地外生命的“中继站”，穿越未来城市街区、与全新生命体和谐共处，探寻宇宙奥秘。在各主题展区，游客可通过太空环、舱外任务、火星探秘、城市玩家等项目，发挥创意和想象力，接受不同的训练挑战，完成预先设定的任务，体验一场精彩刺激的太空之旅。先驱者中国航天事业的发展离不开先辈们的艰苦探索，正是他们一步一个脚印，才让中国在短短几十年内获得了长足的进步与成就：九号宇宙特以“先驱者”来向几十年来不断奋斗的先驱者们致敬。“先驱者”半身像高达6米，形象伟岸，其航天头盔为球形LED屏幕，效果炫酷；而“先驱者”内部则为镜面五维空间，进入其中，就能体验到时空交错一般的光怪陆离。一、赛博城市区视听+触觉的奇幻盛宴，穿越百年直抵未来世界赛博城市是一座未来之城，突破时空边界，体验三百年后的数字街区城市，欣赏高度发达的人类文明与城市景色，参与未来世界的建造，打卡属于未来的星球奇境。用指尖触摸流动的数据信息、与机器人在大街小巷上擦肩而过，让游客穿梭未来世界，感受置身科幻大片现场般的奇妙与震撼。二、火星文明区畅想火星移民，探索人类的第二家园人类一直对火星充满了遐想。在火星文明区，游客可以亲临这颗红色星球，观看波澜诡谲的壮丽风光，感受火星上出人意料的环境气候，探索未知的地带，一起揭开火星神秘面纱的一角。三、未来科技区体验航天训练，感受航天科技的魅力未来科技从航天出发，将航天技术转化为刺激的游乐项目，体验真实航天员训练设备、无人机驾驶、智能机器人等多项“专业”航天主题娱乐项目，让游客亲身体验、亲手操作，感受航天科技的魅力。 ,淡季（11月1日-3月31日） 周一至周四：10:00-17:30 周五至周日及节假日：10:00-20:00  旺季（4月1日-10月31日） 周一至周四：9:30-18:00 周五至周日及节假日：9:30-22:00,,3.0,建议游览时间：1小时 - 2小时,,"{'九号宇宙天眼馆参观票大小同价\n\n': ['¥80起'], '天眼航天探索中心全程体验票大小同价\n\n': ['¥140起']}",,10
"龙里湾滩河镇孔雀寨旅游景点Peacock Village Scenic Spot, Tanhe Town, Longli Bay",http://travel.qunar.com/p-oi35832233-longliwantanhezhenkong,,"龙里湾滩河镇孔雀寨旅游景点非常美，这里的知名建筑为布依风情园牌楼，上面有孔雀、莲花和祥云的图案，另外，孔雀寨还会举办一系列的文化活动，布依花灯节上会展出造型各异的花灯作品。
",,,0.0,建议游览时间：4小时,,,,10
龙里县谷脚十里刺梨沟景区Longlixian Gujiaoshi Li Ciligou Sceneic Area,http://travel.qunar.com/p-oi35832186-longlixiangujiaoshili,,十里刺梨沟景区位于贵州省黔南州龙里县。上万亩的刺梨连绵十余里，每年端午节前后，刺梨花漫山遍野，竞相怒放，鲜艳夺目，蔚为壮观。一条长达13里鲜花长廊，与两边郁郁葱葱的天然林交相辉映。,,,--,建议游览时间：2小时 - 4小时,,具体收费情况以现场公示为主,,10
都匀市西山动物园Douyunshixi Mountain Zoo,http://travel.qunar.com/p-oi35832148-douyunshixishandongwu,,,,,--,建议游览时间：2小时 - 3小时,,具体收费情况以现场公示为主,,10
高尖桥Gaojianqiao Village,http://travel.qunar.com/p-oi35641845-gaojianqiao,,,,,--,,,具体收费情况以现场公示为主,,10
内尾寨Neiweizhai Village,http://travel.qunar.com/p-oi35559755-neiweizhai,,,,,--,,,具体收费情况以现场公示为主,,10
内董涉,http://travel.qunar.com/p-oi35558969-neidongshe,,,,,--,,,具体收费情况以现场公示为主,,10
中院寨Zhongyuanzhai Village,http://travel.qunar.com/p-oi35474542-zhongyuanzhai,,,,,--,,,具体收费情况以现场公示为主,,10
