名字,链接,地址,介绍,开放时间,图片链接,评分,建议游玩时间,建议季节,门票,小贴士,Page
北戴河Beidaihe,http://travel.qunar.com/p-oi722948-beidaihe,"

地址:
秦皇岛市北戴河区东部沿海区域


电话:
4009900954

",北戴河地处秦皇岛市北戴河区东部沿海，东北至鸽子窝公园，一路都是沿海风光，温柔的海浪拍打着细软的沙滩，空气清新，树木苍翠，沿街两边都是2到3层楼的小洋房，游客冲着它的海景蜂拥而来；西南至戴河入海的戴河口，因为海景的出名，景区名称的来源戴河和戴河口反倒被人们淡忘了。北戴河沿海约有30多个海水浴场，比较出名的有老虎石海上公园，在这你可以玩沙子、晒日光浴、海中游泳，也可以玩海上飞伞、摩托艇等水上项目，当然这些水上项目，包括老虎石海上公园冲凉、换衣服都是要钱的。鸽子窝公园几乎是每个去北戴河的游客必去的景点。必去的原因之一是在鹰角亭看“浴日”（海上日出）。虽然北戴河拥有观日胜地，可日出也不是想看就能看到的，清晨海面能见度不高，有时会起雾，9月后看到日出的概率比较大。必去的原因之二是在浅滩观鸟，中国有1200多种鸟，在北戴河就发现了416种，每年的春季（3月中旬-5月下旬）和秋季（9月上旬-11月中旬）数以万计的候鸟迁徙，停留在这，是观鸟的好时候。鸽子窝公园不是海水浴场，不能下海游泳，但能赤脚踩踩海水，并有免费冲脚的地方。北戴河景点不少，你还可以去怪楼奇园看看造型奇怪长得略萌的城堡；去联峰山公园爬爬山，山不高只有153米，从高处往下能看到疗养用的别墅群；联峰山脚有免费的碣石园，“碣石”二字沉淀着秦皇岛古老的历史，园中巨石的背后刻着“东临碣石，以观沧海”的诗句。沿海骑行也是个不错的选择，一般景点边和旅馆里都能租借到自行车，借的时间长可以还价。如果有兴趣，可以一路骑到南戴河，同样是海滩，比北戴河清静很多。北戴河有时候会交通管制，有些路段不让自行车过，需绕路。来海边当然要吃海鲜，怪楼奇园西南边的石塘路步行街海鲜品种齐全；东边的红石路夜市（包括边上的黑石路，黑石支路）不只有海鲜大排档还有卖贝壳、珍珠等海边特产工艺品，沿着红石路往南可以一直走到海边，晚上吃完海鲜，到海边看看冉冉升起的明月很不错。当然夜市只是习惯叫法，白天也营业，只是晚上有更多的地摊摆出来。你也可以去石塘路步行街上的石塘路市场买新鲜的海鲜，育花路靠近北京理工大学秦皇岛分校有个春花路农贸市场也可以买到海鲜，品种没石塘路多，但是当地人去买菜的地方，比较靠谱。买回来的海鲜可以带回旅馆叫老板做，也可以给饭店做，不过要注意店家使“调包计”。北戴河特色海鲜有扇贝、梭子蟹、皮皮虾等（又叫濑尿虾，皮皮虾发烧友可以一早到戴河口附近的海鲜卖场，有刚打捞上来的皮皮虾批发）。除了海鲜，北戴河其他好吃的有烧烤、羊肉汤、杨肠子（北戴河特产，推荐，一种特别好吃的火腿肠）。北戴河的夜生活除了吃海鲜大排档、逛夜市，还可以到碧螺塔酒吧公园坐坐，每天晚上都有泰国人妖表演，到了每年的7月份还有“海上生明月”主题演出。住宿点在北戴河相当多，从几十元的家庭旅馆到几百元的宾馆都有，旅游旺季价钱会翻倍，而且需要提前预定，住宿多，来北戴河的游客更多！遇到拉客去住宿处的，要小心住宿点是不是离海滩很远。,全天开放,https://tr-osdcp.qunarzz.com/tr-osd-tr-manager/img/c5c854b25d2f865e9e70cc04bda93c22.jpg_480x360x95_7431f4c6.jpg,4.6,建议游览时间：6天,5-10月最佳。此时是北戴河旅游旺季，气候宜人，天气凉爽，适合避暑。但旺季人较多，尤其是7、8月份。淡季游人较少，消费更低。此外，3月中旬-5月下旬，9月上旬-11月中旬是观鸟的最佳季节。观鸟：3-10月。观鸟专项游的最佳时段是春、秋候鸟迁徙季节。避暑：6-8月。北戴河的旅游旺季，也是避暑的最佳时间。这段时间适合下海游泳，沙滩游玩。海鲜：春秋。春秋两季是吃海鲜的最佳时机。放松：四季。海子说，面对大海，春暖花开。只要有海的地方，都会让人心情愉悦。如果你厌倦了职场紧张，疲倦了学习枯燥，来到这里休息思考。6-8月。作为海滨城市还是避暑的功能最讨人喜爱。日最高气温超过30℃的天数，平均只有7.6天，再加上阵阵海风吹拂，就更显得凉爽宜人了。,"{'新澳海底世界主馆门票成人票\n\n': ['¥49起'], '新澳海底世界主馆门票双人票\n\n': ['¥79起'], '鸽子窝公园门票成人票\n\n': ['¥23起']}",1、旅游季节基本上为5-10月。7-8月是旅游高峰，除了放暑假的师生外，各地各部门组织的培训、疗休养也多集中在7-8月份。中央机关的领导(包括很多退下来的老领导)也会在这个时段去避暑休养。从7月1日起，海滨的部分路段要戒严封行，所以要提前查好路段信息。2、旺季来北戴河一定要提前预定好宾馆，家庭宾馆在北戴河很发达，网上预订很方便。3、推荐去市场买海鲜，新鲜好吃，自己做便宜，景区餐很贵。而且有些商家给的分量不足。4、吃饭最好能去居民区，不要去旅游区，特别贵。5、天气不好时尽量不要坐邮轮。6、不打黑车，不去黑车司机带去的景点。7、夏天去海边带防晒产品很重要，小心皮肤晒伤。8、在沙滩里走，鞋子里会满是沙子，光着脚又会被大点的石头硌着，而且中午的时候沙子很烫。穿双棉棉的袜子是很舒服的。9、在北戴河不要相信天气预报。 天气预报对于北戴河是不准的。如果要看日出，还是以实际天气为主要参考。▼海域注意事项1、海滨城市紫外线较强，带齐防晒的装备，像墨镜、防晒霜、遮阳伞或遮阳帽等。2、去海边旅游的人最好带上自己游泳的设备，也带上一些防水创可贴，以备不时之需。3、不要过于相信自己的游泳技术，海里和游泳馆完全不同，不经意的一个涌浪就可能呛到你。4、不要酒后下水游泳，每年发生的淹亡事故中80%都是酒后下水，非常危险。5、游泳前适当活动身体，防止在水下抽筋。6、小孩子需在成人的陪同下才能下水。7、夏季海水中会有海蜇，小的不具危险性，但个头超过锅盖大的，特别是中间红色的麻蛰毒性剧强，发现后一定要远离。,1
阿那亚Aranya,http://travel.qunar.com/p-oi9560561-aneiya,,,,,,,,,,1
碧螺塔海上酒吧公园Biluota Sea Bar Park,http://travel.qunar.com/p-oi719952-biluotahaishangjiubagong,"

地址:
秦皇岛市北戴河区海滨东海滩路中段


电话:
0335-4041798,0335-4034566,4006715550

",碧螺塔海上酒吧公园位于北戴河海滨的东端，是一个以夜文化、海文化、演艺文化、美食文化于一体的海上休闲酒吧主题公园。公园三面环海，形似半岛，园内绿树成荫，沙软潮平，曾被评为“秦皇岛十大美景”之首。该公园因主建筑碧螺塔而得名，碧螺塔建于上世纪八十年代，塔高约21米，共7层。它是迄今为止世界上沿海地区少有的仿生海螺型观光塔，登塔远眺，将“秦皇岛外打渔船”的美景尽收眼底。公园进门左侧有一个蓝色二层小楼，很有圣托里尼的感觉，在其附近有多处布景，许多新人会来此拍摄婚纱照。到了晚上，这里更有好玩的篝火晚会、大型演艺表演等活动，十分有趣，可以参与体验一番。,10/21-10/31 05:40-17:30,https://tr-osdcp.qunarzz.com/tr-osd-tr-manager/img/9d4ceb5e2553d267afa99ce7cdf3bfe5.jpg_480x360x95_d11093ea.jpg,4.3,建议游览时间：3小时 - 4小时,在夏日的夜晚到访酒吧公园是再合适不过的选择了。,100元,1、碧螺塔酒吧公园常年设有演出，可在行前访问官网了解活动详情 。2、公园不定期会有门票打折等优惠活动，具体可关注官方公告。,1
鸽子窝公园Pigeon Nest Park,http://travel.qunar.com/p-oi715693-geziwogongyuan,"

地址:
秦皇岛市北戴河东山鸽赤路


电话:
0335-4041774

",鸽子窝公园又称鹰角公园，位于北戴河海滨的东北角，是北戴河有名的景点之一。公园内看海的视野极好，在此看日出是大部分前来北戴河旅游的游客不可错过的活动。每年春秋两季的候鸟迁徙时，这里也是摄影家们观鸟拍照的胜地。鸽子窝公园的面积不大，是一个沿着海滩大约500米长、200米宽的小公园。公园内大概有一山、一湖、一滩三个部分，山是指海边俏丽的岩壁小山鹰角石，湖是指公园中心的鸳鸯湖、滩便是沿海的沙滩湿地。除此之外还有观海长廊、鹰角亭、雕像等人工建筑，在公园内步行一一游玩即可，大约2-3小时为宜。园内湖泊周围有一些简单的游乐项目，湖上可以泛舟划船，感兴趣的游客可以前去体验。在鸽子窝公园游玩，必须体验的活动便是观看日出，这里是全国十大观日出点之一。鸽子窝公园正面对着浩瀚的渤海，视野开阔，清晨一轮红日从海上升出，也被称为“浴日”，十分壮观。不过美丽日出也不是每天都能看到，阴雨天或清晨海上起雾都会影响日出，一般来讲9月份看到漂亮的日出几率较大。观看日出的地点位于鹰角石上，这里地势较高，看到的景观比较开阔。若论白天游玩，夏季是比较合适的季节，此时海水清凉十分舒适。公园内海边的滩涂虽然不能下海游泳，但是在这里光脚踩踩沙子，感受清凉海水还是非常不错的，还有很多游客会在这里捉滩涂里的小螃蟹，十分有趣。春秋两季是观鸟的季节，大约每年的3-5月和9-11月鸟类很多，前来拍照也十分不错。在其他季节内公园里会有饲养的几百只鸽子供游客拍照，不过景观会比较一般。冬天时游玩则比较寒冷，海滨可玩的较少，主要是观看日出，但一定要备好御寒衣物。,全年 05:40-18:30,https://img1.qunarzz.com/travel/d8/1803/37/d978b1fd324bf7b5.jpg_480x360x95_3f83d422.jpg,4.5,建议游览时间：2小时 - 3小时,每年4月左右至十月是这里的旺季，也是在此观看日出的最佳季节。除此之外，根据不同鸟类的迁徙时间，春秋两季是在此观鸟的最佳时节。,"{'鸽子窝公园门票成人票\n\n': ['¥23起'], '鸽子窝公园导览服务大小同价\n\n': ['¥0.5起'], '【北戴河全景一日游】鸽子窝公园+怪楼景区+中海滩+秦行宫遗址\n\n': ['¥128起']}",观日出：很多资料说鸽子窝公园是北戴河看日出最好的地方，实际上北戴河沿东山海边一线都是看日出的好地方，随便找一处看日出都很美。拍日出：拍摄海上日出不会去鸽子窝，而是到滨海大道上的赤土山大桥或旁边鸽子窝湿地的栈道上，以鸽子窝公园为前景拍日出。推荐夏天拍日落的好去处：①鸽子窝公园内的鹰角亭；②海天一色酒店的停车场附近。,1
南戴河仙螺岛South Daihe Xianluodao,http://travel.qunar.com/p-oi704365-nandaihexianluodao,"

地址:
秦皇岛市南戴河旅游度假区环海路1号


电话:
0335-4053896,0335-4052858


官网:
http://www.ndhxld.com/

",南戴河仙螺岛依托蓝天碧海的自然优势，缘引美丽动人的海螺仙子的传说建成的，是一个涵盖娱乐、观光、健身、休闲、餐饮等诸多功能的综合性海上游乐场所，被称为“海上童话”。该岛依民间传说，海螺仙子与渔民小伙海娃喜结良缘的爱情故事构思创意，仿神话故事造型制景，古朴典雅颇颇具韵味，不啻海中瑶池，涛中乐园。有幸登游此岛，领略海中观海之情趣，实乃人生一大快事。岛上海螺仙子、三道关、七星石、石猴观海、风车群、巨龙出海等景点，无不充满神奇色彩。岛中之仙螺阁与岸边之聚仙阁相映成趣，游人登阁远眺，顿觉海阔天低、心旷神怡，波光、帆影、白云、鸥群尽陈眼底。两阁之间，一条千米海上索道，有如经天长虹，将其紧紧联为一体，始令“天堑”变通途。岛西侧，一座约七十米高的观光塔气势雄浑，冲天而起。以其为载体，设有蹦极、跳伞、漂流、观光等海上游乐项目，新颖、刺激，有惊无险。岛西南处，经人工围埝填沙，筑成七千平方米海中浴场，供勇敢者尽情嬉戏弄潮。沙岸与海岛之间专设海上缆车，为双向索道，将陆地与海岛有机地连为一体，号称千米索道，是游人登岛观光的主要交通工具。索道上配置双人半封闭式缆车百余部，从起点聚仙阁到岛上仙螺阁，历时约15分钟，运行平稳。 游客靠坐于缆车上，极目远眺，近处的南戴河与远处的北戴河一衣带水，绿树掩红墙，碧水拥金沙，海鸥涛尖舞，海风怡人拂面来，给人带来无穷惬意与遐想。,全年 08:00-17:30,https://img1.qunarzz.com/travel/d1/1507/bb/a0b68f5e2b86f6.jpg_480x360x95_7619873a.jpg,4.1,建议游览时间：3小时 - 5小时,5-10月最佳。南戴河一带夏季较为凉爽，是绝佳的避暑胜地。,45元,,1
天下第一关The First Pass Under Heaven,http://travel.qunar.com/p-oi714638-tianxiadiyiguan,"

地址:
秦皇岛市山海关区东大街1号


电话:
0335-5258000,0335-5259000,4006033566

",天下第一关是世界文化遗产、全国重点文物保护单位、全国首批5A级旅游景区、创建全国文明风景旅游区工作先进单位。“茫茫碣石东，此关自天作。粤惟中山王，经营始开拓！”“天下第一关”为长城东部起点的第一座关隘，是关内关外的分界线，是明朝京师——北京的重要屏障。这里依山襟海，雄关锁隘，易守难攻。关城建于公元1381年，由关城、瓮城、罗城、翼城、哨城及星罗棋步的烽火台、墩台共同组成的一座科学、完整、严密的军事防御体系，因其建置独特，所以在明代长城的众多险关要隘中脱颖而出。,全年 08:00-17:00,https://img1.qunarzz.com/travel/d9/1508/18/02ab0ed060eb7f.jpg_480x360x95_d74c8a9f.jpg,4.5,建议游览时间：2小时 - 3小时,"气候宜人，四季皆可。以5月-10月为最佳。 
夏无酷热，适合避暑；春秋凉爽，花鸟绚烂；冬无严寒，可赏雪景。","{'天下第一关（山海关）门票成人票\n\n': ['¥200起'], '闯关东主题文化体验馆门票\n\n': ['¥30起'], '老龙头门票\n\n': ['¥50起']}",1、夏天到秦皇岛玩儿，建议尽量避开周末。周末的景点游客非常多，酒店房间价格会比平时高出很多，公共汽车也比较挤。2、如果是一家人去，最好在去之前提前预定出租车，包车游览，不仅自由方便而且省钱（1天大概100元）。,1
新澳海底世界Xin'ao Marine World,http://travel.qunar.com/p-oi704797-xinaohaidishijie,"

地址:
秦皇岛市海港区河滨路81号


电话:
0335-7826666

",秦皇岛新澳海底世界位于秦皇岛市市区南侧河滨路的海边区域，是秦皇岛市老牌的海洋水族馆。海底世界内有众多的海洋动物，可以观看动物表演，还能够在沿海的景观餐厅内观景用餐，是很多游客来到秦皇岛游玩的去处之一。海底世界景区分为海底世界主馆和海豚表演馆两处。海洋世界主馆内，分为小池区、企鹅馆、海豹馆、触摸池、海龟池、海底隧道、表演休息、科普教室以及海洋精品店、观海餐厅等基础展馆。在馆内可以看到企鹅、海豹等海洋动物，可以体验用手触摸小鱼小贝的感觉，还可以在海底隧道观光，在沿海餐厅用餐，适合带小朋友前来娱乐游玩。在馆内还可以观看海豹表演、美人鱼剧目表演。海豚表演馆是一处剧场，主要是以海豚为主的动物表演，也是馆内较为精彩的表演。,全年 09:10-16:30,https://img1.qunarzz.com/travel/d3/201407/28/21cae20c816c682fc8d65eac.jpg_480x360x95_d7b83a3d.jpg,3.7,建议游览时间：2小时 - 4小时,,"{'新澳海底世界主馆门票成人票\n\n': ['¥49起'], '新澳海底世界主馆门票双人票\n\n': ['¥79起'], '新澳海底世界电子导览服务大小同价\n\n': ['¥6起']}",海底世界还有美人鱼表演、装备表演、海豹表演、喂鱼表演等免费表演，海豚馆也有独特的海豚表演，演出会于每天9点、11点、14点、15点左右开始，因季节变化演出时间不同。具体以官方公告为准。,1
西港花园Xigang Garden,http://travel.qunar.com/p-oi32796290-xiganghuayuan,,西港花园曾经是秦皇岛人熟悉的老港口，现在“变身”成旅游休闲的好去处。西港花园是由秦皇岛港西港区部分区域改建而成，花园主要景观皆由港口废弃的设备设施重新加以设计和改造而来，既不乏独有的工业氛围和深厚底蕴，又充满海港味道时尚气息。,,https://tr-osdcp.qunarzz.com/tr-osd-tr-space/img/d094c02098cfafa0971d5435b91c85b5.jpg_480x360x95_05869c08.jpg,4.2,建议游览时间：1小时,,具体收费情况以现场公示为主,,1
秦皇岛野生动物园Qinhuangdao Wildlife Park,http://travel.qunar.com/p-oi713771-qinhuangdaoyeshengdong,"

地址:
秦皇岛市北戴河区滨海大道62号


电话:
0335-4182205,0335-4182208


官网:
http://www.qhdzoo.com/

", 秦皇岛野生动物园位于举世闻名的旅游胜地北戴河风景区，东邻浩瀚的渤海湾，南连北戴河著名景点鸽子窝，西倚京山铁路，北靠亚运村，是秦皇岛南北旅游线路的必经之地。 秦皇岛野生动物园始建于1995年，座落于绿树金沙环碧海的北戴河海滨国家森林公园内，与浅水湾浴场隔路相望，步行2分钟即可到达，占地面积5000余亩，是目前我国城市规划中，占地面积大、森林覆盖率高、自然环境优美的野生动物园。园区放养着120余种4000余头（只）来自世界各地的珍禽名兽以及我们国家一、二级保护动物。野生动物园分为笼养区、猛兽区，非洲风情园，中心广场萌宠乐园、草食动物区和步行游览区六个动物展区，可自驾或乘坐园区内观光车参观游览。动物园充分利用这里的林海、绿地，模仿各种动物的原生环境将动物分区隔离散养，营造了返璞归真、回归自然的氛围，形成人与自然和谐相融的旅游特色。 秦皇岛野生动物园2002年底取得首批“国家4A级旅游景区”称号，先后被评为“河北省旅游行业十佳旅游景区”，“河北省文明风景区示范点”，“2017年度最.具人气景区”，“2021年度全省智慧景区示范点”，“河北省科普教育基地”，“文明旅游风景示范点”等多项殊荣。,全年 08:30-16:30,https://img1.qunarzz.com/travel/d3/1508/3a/8638111d623f32.jpg_480x360x95_792dc0c8.jpg,4.4,建议游览时间：4小时 - 6小时,四季皆宜，9月初-10月中旬之间秦皇岛气候宜人。,"{'秦皇岛野生动物园门票成人票\n\n': ['¥45起'], '秦皇岛野生动物园小型车车票大小同价\n\n': ['¥50起'], '秦皇岛野生动物园电子导览（不含门票）门票大小同价\n\n': ['¥2.8起']}",,1
碧螺塔Biluo Tower,http://travel.qunar.com/p-oi10066700-biluota,"

地址:
秦皇岛市北戴河区东海滩路中段


电话:
0335-4041798,0335-4034566,4006715550

",碧螺塔位于北戴河海滨鹰角石南，是一个仿海螺形状而建造的螺旋观光塔，造型新颖别致。塔高约21米，共七层，由下而上分为海、陆、天构思装饰，各种海藻、珊瑚、鱼类、动物、云彩、彩霞、鸟类飞禽等图案妙趣横生。碧螺塔是公园内的主建筑，塔内有十余幅大型壁画，还有很多木雕比如碧螺仙子、海蛙姑娘等，做工都非常精细，造型古朴典雅。站在碧螺塔上眺望远方，能将海滨风光尽收眼底，令人心旷神怡。这里的灯光夜景更是迷人。夜晚，碧螺塔下各色灯光亮起，各种灯饰闪烁，在篝火晚会中可以尽情舞动，还能看到海上轮船的灯光，景色很富有诗意。,全年 04:00-00:00,https://img1.qunarzz.com/travel/d2/1807/48/39e1d83fefa6d5b5.jpg_480x360x95_49cf2ac0.jpg,4.3,建议游览时间：1小时 - 2小时,,30元,,1
南戴河Nandaihe,http://travel.qunar.com/p-oi722945-nandaihe,"

地址:
秦皇岛市抚宁区环海路与云海道交汇处附近


电话:
4009900954

","南戴河海滨旅游区位于河北省抚宁县，避暑胜地北戴河海滨毗邻相望，一桥相连。南戴河水温适度；海滩沙细柔软，无污泥烂草，海水清澈透明，水底无礁石碎块。书法家张仲愈先生来畅游时曾挥毫写下""天下第 一浴""五个大字，是进行海浴、沙浴、日光浴的理想佳所。来南戴河，游客可以赏美景，品尝海鲜，尽享水上游乐项目。无论是春夏秋冬，如果天气晴朗，都可以站在海滩观日出、赏日落。除了海滨浴场，在南戴河游客还可以选择前往仙螺岛、海上乐园等地游玩。南戴河海滨靠近沙滩便是茂密葱郁的树林，绿树沿海岸绵延曲折几十里，形成一道自然的屏障。这里的树林，由于枝叶特别繁茂，走进几步就淹没在郁郁葱葱之中，让人产生一种进入原始森林的感觉。树林下绿草如茵，似锦毯铺地，树阴下，或乘凉，或小憩，或野餐，都倍感惬意。",全年 全天开放,https://img1.qunarzz.com/travel/d5/1611/4b/07337aff19431eb5.jpg_480x360x95_97c48f7b.jpg,4.5,建议游览时间：3天 - 6天,南戴河地区属于海洋气候，干湿相宜，四季分明，夏无酷暑，冬无严寒。春秋两季气候相对温和。夏季的气温最高可达35℃，7、8月份是南戴河最热的季节，但是这里海风习习，凉爽宜人。12月-2月天气比较冷，平均最低温度为-6℃，再加上风比较大，所以体感温度会特别冷。5月-10月为最佳时节。除冬季外，去北戴河游玩都是可以的，6月底至8月初时南戴河旅游的最佳时机，这段时间海水温度较高，非常适合下海游泳，也是一年中观海景、看日出的最佳时机。,具体收费情况以现场公示为主,1、南戴河旅游需穿旅游鞋，最好再带上拖鞋和泳裤，方便在海滩边游玩。2、需带防晒用品，其中墨镜、阳伞、防晒霜是必需的，尤其是伞，海边气候时晴时雨，晴需遮阳雨时挡雨。  3、靠海吃海，海鲜当然是首选食品，但切不可过量食用，为防不测，需带消化药及消炎药。如果没有可吃些蒜或醋，小摊上的东西，如果没有当地朋友带领，最好不要吃。   4、海边特产贝雕、珊瑚盆景、珍珠、水晶，购买时一定要仔细鉴别真伪（尽量少购物），价格也要讨价还价。5、在海边沙滩上游玩，注意不要让细沙或海水进入照相、摄像设备。   6、不要随意扔废弃物或破坏植物和文物，注意保护环境。,2
浅水湾,http://travel.qunar.com/p-oi5943162-qianshuiwan,,,,,,,,,,2
阿那亚礼堂Anaya Church,http://travel.qunar.com/p-oi20963147-aneiyalitang,"

地址:
秦皇岛市昌黎县大蒲河镇黄金海岸工业园区金海南路7号


电话:
4001155500

",阿那亚教堂位于北戴河黄金海岸阿那亚度假村的海滩，是一座设计风格独特的教堂，白色的教堂矗立在大海和沙滩之间。这片海滩的生态环境很好，海水很清澈，沙子很细，景色非常美丽。,全年 周二-周日 9:00-17:30,https://img1.qunarzz.com/travel/d7/1811/84/8ec9724fe65f8db5.jpg_480x360x95_78fc9cef.jpg,4.5,建议游览时间：0.5小时 - 1小时,,教堂不单独对外开放，入住酒店或民宿可免费参观。,,2
老虎石海上公园Tiger Stone Marine Park,http://travel.qunar.com/p-oi720892-laohushihaishanggongyuan,"

地址:
秦皇岛市北戴河区保二路南口


电话:
0335-4033301,0335-4044470

",老虎石海上公园位于北戴河风景区中心一占地面积3.3万平方米。这里，巨石延伸入海，形如群虎盘踞，故名老虎石。老虎石浴场是北戴河海滨的中心浴场，一个有着100多年历史的久负盛名的海水浴场。这里滩宽海阔，入海坡度平缓，水质良好，因而成为暑期海浴人数较多的浴场。这里还有大型的娱乐公园，园内设有海上飞伞、帆板、冲浪板、儿童乐园等，是目前国内较大的海上综合性公园。公园内分布有形态不一的礁石，状似群虎，有的散落在晶莹的沙滩里，有的雄踞在密林中老虎石海上公园，有的在巨浪拍击的海岸上淋浴，有的在阳光下酣睡。每当潮水上涨，搏击海涛，卷起雪浪千重。风平浪静时，石前波光潋滟，鸥鸟飞翔。澄碧空明，海天一色。站在石上，可倾听大海呼吸，可观赏渔船风帆，可垂竿而钓，回首北望，山峰耸峙。碧海、金沙、碣石，吸引着国内外游客到此消夏观光，玩水嬉戏，洗海水澡，沐日光浴让旅游者及赋诗作画的文人墨客流连忘返。老虎石西，有一个小码头，可停泊小型游艇、游船，是观景、垂钓的理想之地。小码头西有“望龟亭”一座，小巧玲珑，颇具情趣。景区周围还有各具特色的休养疗养单位的建筑群体。,11月-次年3月8:00-18:00，4月-10月7:00-22:00。,https://img1.qunarzz.com/travel/d9/1707/3c/c525fd50710ee9b5.jpg_480x360x95_89fde0dd.jpg,4.4,建议游览时间：3小时,夏季最佳。夏季适宜下水嬉戏、玩帆板、享受阳光浴等。,{'【北戴河全景一日游】鸽子窝公园+怪楼景区+中海滩+秦行宫遗址\n\n': ['¥128起']},1、这里紧邻北戴河旅游商业街保二路——北戴河最热闹的地方，周边卖东西的店铺多，各种中小宾馆多，海鲜餐馆也多。2、老虎石海上公园在夏季会迎来众多游客，请提前做好心理准备。3、最佳拍照处：①老虎石公园西侧望龟亭，可以拍晚霞。②老虎石公园东侧题刻“北戴河”大字的一段。③再往东大概五百米海边的一片礁石处。④继续往东走东二路宾馆门前的一片礁石处。⑤再往前海边的婚纱摄影基地。,2
北戴河西海水浴场,http://travel.qunar.com/p-oi7475836-beidaihexihaishuiyuchang,"

地址:
河北省秦皇岛市北戴河区 

",在北戴河东起浅水湾，一直到最西边的西海水浴场，一共分布着浅水湾、北海水浴场、碧螺塔酒吧公园、老虎石公园、中海水浴场、西海水浴场等13个沙滩海水浴场。北戴河西海水浴场沙质比较好，坡度也比较平缓，是一个优良的天然海水浴场。在长达22.5公里的海岸线上，沙滩和礁石相互交错，海湾和岬角依次排开，沙滩松软洁净，堪称北方第一。是外出游玩、休闲度假的好去处。,全天,https://img1.qunarzz.com/travel/d3/1511/1d/5fdc402b41869ef7.jpg_480x360x95_66bc4569.jpg,5.0,建议游览时间：1小时,北戴河旅游主要分为三个季节: 1、旅游旺季，6月至8月底，这时可以下海游泳、吃海鲜，但缺点是这段时间游客也最多，当地的酒店等价格也是最贵的时候。2、观鸟旺季：3月至10月，春秋季候鸟迁徙，适合观鸟。3、淡季：11月至翌年2月，天气较冷，但住宿和海鲜较为便宜。,免费,,2
港口博物馆Port Museum,http://travel.qunar.com/p-oi7588514-gangkoubowuguan,"

地址:
秦皇岛市海港区南山街13号


电话:
0335-3093953

",港口博物馆位于秦皇岛海港区，占地3000余平方米，环境幽雅宁静。在博物馆，人们可以通过听、看、和讲解员详细的介绍了解秦皇岛百年大港悠久的历史文化以及它一路走来的风雨路程。博物馆储存着一座城市的记忆，通过它可以看到一个城市文化发展的脉络。秦皇岛港口博物馆在保持原建筑风格和格局的同时，因地制宜、化繁为简，将秦皇岛港百年发展历程浓缩于此，展现了秦皇岛港悠久的历史和深厚的文化底蕴。,"全年 周一-周五 08:30-11:00,14:30-17:00;全年 周六-周日 全天不开放",https://img1.qunarzz.com/travel/poi/1501/fe/fe3ecee3234a415dcdb.jpg_480x360x95_2386305e.jpg,4.3,建议游览时间：1小时,,免费,,2
金梦海湾浴场,http://travel.qunar.com/p-oi38674567-jinmenghaiwanyuchang,,金梦海湾浴场位于秦皇岛市海港区，交通便利，面积辽阔，可以放风筝、晒日光浴、冲浪等。,,,5.0,建议游览时间：2小时 - 3小时,,具体收费情况以现场公示为主,,2
圣蓝海洋公园Blue Ocean Park,http://travel.qunar.com/p-oi8604780-shenglanhaiyanggongyuan,"

地址:
秦皇岛市昌黎县大蒲河镇昌海大道3号


电话:
0335-7526666


官网:
http://www.slhygy.com/

",圣蓝海洋公园是北戴河新区圣蓝大型海洋文化旅游科普综合区项目的一期项目，总投资额约14.5亿元。项目的建成将全方位带动周边经济发展，提升北戴河新区的城市功能，改善秦皇岛乃至河北省的旅游品质。海洋公园项目由小鲸迎宾池、圣蓝小镇商业街、中华国鱼馆等30余个分项目组成。中华国鱼馆将金鱼作为展示主题，以国鱼及我国园林建筑的特有元素及文化向世人充分展示中华文化的博大精深，馆内预计展出黑龙睛、鹤顶红、望天眼等200余种金鱼。此外，海洋动物表演场分为冬夏两馆，其中夏季馆可容纳近5000人同时观看节目。场馆专门设计有冬季馆，填补了我市冬季无海豚表演的空白。同时，馆内设计了一条“地下观景通道”，可使游客在“水下”观看海豚的曼妙身姿。,9:00-18:00,https://img1.qunarzz.com/travel/d4/1706/4f/7fdac910175707b5.jpg_480x360x95_5a82789b.jpg,4.0,建议游览时间：3小时 - 4小时,推荐夏季、秋季前去游玩，水上项目可以让你在炎炎夏日感受到一丝清凉,"{'圣蓝海洋公园电子导览服务大小同价\n\n': ['¥6起'], '【北戴河圣蓝海洋公园一日游】赠价值200元海滩帐篷免租使用\n\n': ['¥108起']}",,2
秦皇岛市玻璃博物馆Glass Museum,http://travel.qunar.com/p-oi8445121-qinhuangdaoshibolibowu,"

地址:
秦皇岛市海港区文化路44号


电话:
0335-3369007

",秦皇岛市玻璃博物馆是我的一个家国有玻璃专题博物馆，位于秦皇岛市海港区文化路44号。博物馆由展览区、遗址公园、主题餐厅和办公区四部分组成，是集收藏、研究、教育、展示、休闲功能于一体的公共文化设施。博物馆展览的主题展示为“天地凝光”，分为“古代玻璃及发展”，“中国玻璃工业摇篮”，“中国当代玻璃工业”，“璀璨神奇的玻璃世界”四个展示区域。博物馆的展品，品类繁盛、传承明晰，既包含我国玻璃文化开端，又涵盖我国历代玻璃工艺的演变，更有玻璃工业辉煌鼎盛时期的生产...秦皇岛市玻璃博物馆是我的一个家国有玻璃专题博物馆，位于秦皇岛市海港区文化路44号。博物馆由展览区、遗址公园、主题餐厅和办公区四部分组成，是集收藏、研究、教育、展示、休闲功能于一体的公共文化设施。博物馆展览的主题展示为“天地凝光”，分为“古代玻璃及发展”，“中国玻璃工业摇篮”，“中国当代玻璃工业”，“璀璨神奇的玻璃世界”四个展示区域。博物馆的展品，品类繁盛、传承明晰，既包含我国玻璃文化开端，又涵盖我国历代玻璃工艺的演变，更有玻璃工业辉煌鼎盛时期的生产状态。即有反映民俗文化的琉璃饰品，又有体现当代艺术的玻璃艺术珍品，更有汇聚异国风情的舶来异宝，充分显现了玻璃在民众生活中的重要作用与独特的文化艺术魅力。,全年 周二-周日 09:00-16:00,https://img1.qunarzz.com/piao/fusion/1509/34/5c7f066ffcfa5c.jpg_480x360x95_74dd18e4.jpg,4.6,建议游览时间：1小时 - 2小时,,需持有效身份证件获取免费门票,,2
老龙头Lao Longtou,http://travel.qunar.com/p-oi705447-laolongtou,"

地址:
秦皇岛市山海关城南5公里处


电话:
0335-5152996

",老龙头位于山海关东南部渤海之滨，距离山海关景区4公里，是明长城的东起点。长城像一条巨龙，横亘在华夏大地之上，东端在山海关城南直插入海，犹如龙头高昂，因此称之为“老龙头”。老龙头由入海石城、海神庙、靖卤台、南海口关、宁海城和澄海楼组成，由明代抗倭英雄带兵修建而成。老龙头深入海中，空气清新，沙软潮平，是海上观日出的好去处。老龙头伸入渤海中约20余米，以巨石垒成，一半位于海平面之上，一半在水下。据说初建时，曾在海平面下埋了很多铁锅，以减少海水对建筑的冲击，独特的建筑方法曾被载入建筑史册。澄海楼高踞于老龙头之上，是老龙头的制高点。澄海楼建于明代，清代重修。楼壁镶嵌有数块历史名人手书的卧碑，楼内陈列着老龙头附近出土的文物。自澄海楼南下3层城台有一独耸的石碑，镌刻着“天开海岳”四个苍劲有力的大字。站在楼上，南可望浩瀚大海，北可望雄关漫道烽台林立。宁海城是老龙头军事防御体系的重要组成部分，是我国现存完整、规模宏大的明代军营。,全年 08:00-17:00,https://img1.qunarzz.com/travel/d4/1609/67/23b64b3ab1a9d2b5.jpg_480x360x95_396bb90d.jpg,4.6,建议游览时间：2小时 - 3小时,四季皆宜。,"{'老龙头门票\n\n': ['¥50起'], '老龙头门票优待票\n\n': ['¥25起'], '孟姜女庙门票\n\n': ['¥24.3起']}",,2
奥林匹克大道公园Olympic Avenue Park,http://travel.qunar.com/p-oi719494-aolinpikedadaogongyuan,"

地址:
秦皇岛市北戴河区奥林匹克大道


电话:
0335-4033791

",奥林匹克大道公园位于秦皇岛北戴河区奥林匹克大道，公园以休闲健身、旅游观光为特色，主要景观有主题雕像、音乐喷泉、单体雕像、奥林匹克浮雕墙以及30位历届奥运会获得冠军的中国运动员掌印、足印及签名等组成，生动地展示了奥林匹克发展史，弘扬了奥林匹克精神。,全年 全天开放,https://img1.qunarzz.com/travel/poi/1509/58/870233d1ff209a.jpg_480x360x95_e5708fe7.jpg,4.5,建议游览时间：1小时,,免费,,3
黄金海岸Gold Coast,http://travel.qunar.com/p-oi707688-huangjinhaian,"

地址:
秦皇岛市北戴河新区一经路


电话:
15233578898

",美丽的秦皇岛黄金海岸位于渤海岸边，海岸线全长52.1公里，具有沙细，滩软，水清，潮平的特点，是进行海水浴、阳光浴、沙浴、森林浴、空气浴的理想地点。黄金海岸比较吸引人的运动就是滑沙了，你可先乘坐索道缆车直达沙顶，沿途只见一道道沙山连绵不断，风光独特，坐在竹木制成的滑沙板上，从几十米高的沙山上呼啸而下，速度也越来越快，冲到平地后由于惯性的作用，还会继续向前滑出几十米远，感觉既新鲜刺激又安全可靠。1990年9月30日，国家将昌黎黄金海岸列为中国首批五个国家海洋自然保护区之一。大自然的鬼斧神工，造就了昌黎黄金海岸由黄沙、绿林、碧海、蓝天构成的奇特景观。有机会去北戴河海滨一游的人，不妨顺路去一趟昌黎黄金海岸。领略了这里的奇特的融大海与大漠风光于一体的迷人景色，你一定会得到极大的满足，一定会感到不虚此行。,全年 全天开放,https://img1.qunarzz.com/travel/d9/1711/3b/bf018645b49ccbb5.jpg_480x360x95_bc9bd246.jpg,4.3,建议游览时间：4小时,5月-10月是最佳旅游时机，适宜到海边玩耍。,"{'【北戴河圣蓝海洋公园一日游】赠价值200元海滩帐篷免租使用\n\n': ['¥108起'], '【北戴河渔岛海洋景区一日游】赠价值200元海滩帐篷免租使用\n\n': ['¥108起'], '【秦皇岛全景2日游】北戴河山海关黄金海岸全景之旅\n\n': ['¥468起']}",,3
怪楼奇园Guai Lou Park,http://travel.qunar.com/p-oi722393-guailouqiyuan,"

地址:
秦皇岛市北戴河区联峰路与百花路交叉口向西180米


电话:
0335-4042960,0335-4685717

",怪楼奇园位于海滨中心，由怪楼和奇园两部分组成。占地99亩，其中奇妙怪景99处，是北戴河老二十四景之一， 1991年北戴河区政府兴建怪楼，并增辟奇园。1992年，一期工程完成，于当年5月正式开放。1994年春，又扩建奇园，使之更添色增辉。北戴河原有一座怪楼，是北戴河二十四景之一，但此楼毁于“文革”。如今我们看到的怪楼是以原怪楼和休闲娱乐设施结合于一体的古堡式建筑，是由沈阳美术学院设计装修，它由怪楼和奇园两部分组成，楼里楼外暗道相通。怪楼奇园为典型的人造景观型景区，景观标新立异，让人叹为观止。它是结合上世纪的怪楼原型复建而成，整个景观在现代化和科学化的基础上，结合了历史、建筑、人文、科技等领域的知识，形成了一个多姿多彩的世界。景区突出奇与怪，给游客无以伦比的新奇感和吸引力。怪楼奇园充分利用原有的自然地貌，承继历史之精华，兼具园内外景观之长，在总体构思和艺术设计上，力求新、奇、特，充分体现了现代的观赏意识和别具一格的独特魅力。利用声、光、电配合技术使夜幕下的怪楼更加美丽多姿，园中小憩比比皆是，冷饮清茶随时会消除你的疲劳与酷热，同时还可以为游客提供多方位的服务。,5/1-12/31 08:00-17:30,https://img1.qunarzz.com/travel/d7/1507/f4/434b278d76d161.jpg_480x360x95_bafa5ba8.jpg,4.0,建议游览时间：2小时,5~10月份，公园景色特别美。,成人65元；儿童30元,,3
秦皇求仙入海处Site Emperor Qing Begging Immortality,http://travel.qunar.com/p-oi706147-qinhuangqiuxianruhaichu,"

地址:
秦皇岛市海港区南山街56号(近港口医院)


电话:
0335-3410300

",秦皇求仙入海处位于秦皇岛市区东南侧的海边，相传是历史上秦始皇派遣方士徐福等人出海的地方。如今的秦皇求仙入海处是一处以秦皇求仙入海和战国文化为主题的文化旅游区，景区内修建了大量的仿古建筑，还有众多雕像、碑文等，很多秦皇岛的旅游团均会来到这里。秦皇求仙入海处景区的面积较大，景区沿海而建，长约有600米左右，进入景区后步行游玩一圈大约需要3小时左右。景区内的主要景观有阙门区域，战国风情区、求仙区域、沿海区域四部分。阙门区域是景区的入口，有西周形式的大门，有广场上的壮观群雕。战国风情区分为几个小园子，每个园内都有反应战国时各国著名人物、事件的雕塑等。求仙区域则有求仙殿、求仙牌坊和巨大的秦始皇雕像等，可以一一步行参观游览。在景区沿海区域，是一些儿童游艺项目、4D影院等，还可以乘船出海游览，适合休闲娱乐（若要乘坐游船，可以购买游船与门票的联票）。,7:30-17:30。,https://img1.qunarzz.com/travel/d6/1412/25/251f77726fdae629cdb.jpg_480x360x95_9ad2072f.jpg,4.4,建议游览时间：2小时 - 3小时,四季皆宜。,"{'秦皇求仙入海处门票成人票\n\n': ['¥33起'], '秦皇求仙入海处门票双人票\n\n': ['¥69起'], '求仙入海处手机智能导游3D地图，语音讲解，必玩清单门票成人票\n\n': ['¥0.5起']}",,3
北戴河集发梦想王国Jifa Agricultural Demonstration Tourist Park,http://travel.qunar.com/p-oi707334-beidaihejifamengxiang,"

地址:
秦皇岛市北戴河区海北路27号


电话:
4006033588

",集发农业梦想王国（原集发生态农业观光园），于2018年按照国家5A级景区标准启动升级改造工程。新集发聚焦定位在“2至14岁小朋友的家庭游”，传递的核心价值是：陪伴.快乐.成长，是集农业高科技展示、农耕文化体验、自然亲子娱乐、研学科普教育于一体的综合性主题乐园。景区占地面积800，按功能可划分为入口服务区、亲子游乐区、自然休闲区、农科体验区、主题乐园区、绿色餐饮区六大主题区域。这里拥有全国数一数二大小的南瓜，4.55米长度的丝瓜，海南的椰子、槟榔在北方开花结果。今年，景区升级农业高科技项目，重点打造了活菜工厂、果蔬农科馆、奇花馆、异果馆等高科技农业展馆，新引进上百种新奇特的热带、亚热带果树，以及利用200余种叶菜、果菜打造的蔬果景观，大大满足了游客的四季观光、采摘需求。新集发还新建成了不同主题的儿童乐园，有华北地区规模化无动力主题乐园探险部落，泰傣风情、阿拉伯沙漠风情的热带风情馆，集娱乐性和趣味性于一体的大型室外亲子戏水乐园。好莱坞导演打造的具有版权的DT儿童舞台剧《绿野仙踪》，亲近萌宠、活动演出的萌宠乐园等带给小朋友们全方位、多元化的游玩盛宴。景区曾先后荣获中国农业公园、全国农业旅游示范点、全国首批休闲农业与乡村游企业等百余项荣誉称号。改造提升后的新集发将为游客带来愉悦甜蜜的亲子时光和多样化的互动体验，已成为农业科技展示、农业科普教育、娱乐体验互动等多功能于一体综合性旅游AAAA级景区。,11/23-3/31 09:00-16:30,https://img1.qunarzz.com/piao/fusion/2108/f9/a2d39df0cd682402.jpg_480x360x95_f9dc7266.jpg,4.3,建议游览时间：6小时 - 1天,四季皆宜。,"{'北戴河集发梦想王国门票成人票\n\n': ['¥58起'], '北戴河集发梦想王国门票儿童票\n\n': ['¥50起'], '北戴河集发梦想王国门票双人票\n\n': ['¥120起']}",,3
孟姜女庙Meng Jiangnu Temple,http://travel.qunar.com/p-oi703607-mengjiangnu:miao,"

地址:
秦皇岛市山海关区城东6.5公里的凤凰山


电话:
0335-5051359

",孟姜女庙又称贞女祠，位于山海关城东约6公里的望夫石村后山岗上。孟姜女庙的修建，是民间故事“孟姜女哭长城”的产物。庙内有前后两殿，前殿有孟姜女像，左右侍有童男童女，两侧壁上镶有碑刻，其中有乾隆、嘉庆、道光题词。后殿原供观音，殿后有“望夫石”，石上有坑，传为孟姜女望夫足迹。旁有石台，台后有振衣亭，为孟姜女梳妆更衣处。庙东南4公里渤海中有两块礁石，传为孟姜女坟。孟姜女庙是长城文化衍生出的民间民俗文化产物。初临孟姜女庙的人，常常会感慨于108级石阶深深的寓意，更感叹这小小庙宇历经千年的顽强“生命力”。庙内前殿供有孟姜女的塑像，陇上横额“万古流芳”，真实地反映了人们对孟姜女、秦始皇的喜恶之情。奇联“海水朝朝朝朝朝朝朝落；浮云长长长长长长长消”（hǎi shuǐ cháo ，zhāo zhāo cháo，zhāo cháo zhāo luò；fú yún zhǎng，cháng cháng zhǎng，cháng zhǎng cháng xiāo。）表面看虽是文字游戏，却包含着人生哲理，让后人产生无限遐想，从中可见中国文化的深厚底蕴和内涵。,营业时间 07:30-18:00 18:00停止售检票,https://mp-piao-admincp.qunarzz.com/mp_piao_admin_mp_piao_admin/fusion/201910/8f96349973ccd53138c1b019cb415bc5.jpg_480x360x95_4818aedc.jpg,4.2,建议游览时间：1小时 - 2小时,,"{'孟姜女庙门票\n\n': ['¥24.3起'], '孟姜女庙门票老人票\n\n': ['¥12起'], '孟姜女庙门票优待票\n\n': ['¥12起']}",,3
燕塞湖鸟语林Yansai Lake,http://travel.qunar.com/p-oi716038-yansaihuniaoyulin,,,,,,,,,,3
角山长城Cape Mountain,http://travel.qunar.com/p-oi716443-jiaoshanzhangcheng,"

地址:
秦皇岛市山海关城北3公里


电话:
0335-8352639,0335-5152916

",角山位于距山海关城北约3公里处，是关城北山峦屏障的高峰，海拔519米。其峰为平项，可坐数百人，有巨石嵯峨，好似龙首戴角而名。其主要景点有角山长城、旱门关、栖贤寺等。角山长城包括了角山的主峰大平顶，登临角山长城，远山近海尽收眼底，长城内外的美景可一览无遗。旱门关是角山南部的一座关隘，由城楼、城台两部分组成，地理位置非常险要，是山海关十大关隘之一。栖贤寺在角山长城内侧，是一座砖木结构的建筑，寺中有一大奇景，名为山寺雨晴，是角山夏季特有的景观，山下细雨绵绵...角山位于距山海关城北约3公里处，是关城北山峦屏障的高峰，海拔519米。其峰为平项，可坐数百人，有巨石嵯峨，好似龙首戴角而名。其主要景点有角山长城、旱门关、栖贤寺等。角山长城包括了角山的主峰大平顶，登临角山长城，远山近海尽收眼底，长城内外的美景可一览无遗。旱门关是角山南部的一座关隘，由城楼、城台两部分组成，地理位置非常险要，是山海关十大关隘之一。栖贤寺在角山长城内侧，是一座砖木结构的建筑，寺中有一大奇景，名为山寺雨晴，是角山夏季特有的景观，山下细雨绵绵，寺中却是天清气朗，红日高悬；有时，寺中大雨滂沱，山下却又是日上三竿，两处距离相近而景色殊异，令人叫绝。角山景区集山、城、寺为一体。大门是仿明代城堡建筑形式设计的。其造型像个“山字”。背额“碧海峰”匾为当代诗人贺敬之的手笔。有诗云：“自古尽道关城险，天险要隘在角山，长城倒挂高峰上，俯瞰关城在眼前。”足以证明角山的险要。角山深谧之处有一座古朴雅致的古寺——栖贤寺。明代书法家萧显、兵部左侍朗詹荣、监察御史郑已等都寄居于此，潜心求学，因而这里被誉为“山海关文化的摇篮”，并修建了魁星阁。喜好古典文学的人，可以到这里感觉一下萧显等当年寒窗苦读的情景。夏秋雨季浏览栖贤寺，也许会遇到“山寺巍峨逼太清，下方阴雨上方睛。阶前俯视蛟龙斗，槛外高悬日月明”的奇景。,全年 08:00-16:30,https://img1.qunarzz.com/travel/d3/1511/82/0a186ff4b6bfbf7.jpg_480x360x95_802086df.jpg,4.7,建议游览时间：4小时 - 6小时,,30元,,3
金山嘴,http://travel.qunar.com/p-oi721563-jinshanzui,"

地址:
河北省秦皇岛市北戴河区

",,全天,https://img1.qunarzz.com/travel/d2/201212/12/8819c6c1d3cae5dbddb12cfb.jpg_480x360x95_2869ec6a.jpg,5.0,建议游览时间：2小时,最佳季节为5一10月，此时的北戴河是理想的避暑胜地。,免费,,3
山海关王家大院Wang Courtyard,http://travel.qunar.com/p-oi711768-shanhaiguanwangjiadayuan,"

地址:
秦皇岛市山海关区山海关古城东三条二十九号


电话:
0335-5067700,0335-5067755


官网:
http://www.shgwjdy.cn/

",王家大院，又叫山海关民俗博物馆，位于山海关东三条，是长城起点的第一家。王家大院是一个民俗类专题博物馆，占地十余亩，建筑面积2000多平方米，共分三个套院，18个展厅，是一个典型明清四合庭院。大院始建于明末清初，建筑布局非常严谨，风格典雅别致。“清砖铺地叠瓦房，花格窗户映回廊，翠竹摇曳青草绿，燕语蝶舞花凝香。”王家兴盛于咸丰年间，到了光绪年间已成为富商巨贾，占据了山海关的“半壁江山”。王家大院的建筑风格与山海关民俗博物馆的展品，真实再现了古城文化发展的美丽画卷，是滔滔历史长河形成的宝贵财富。,营业时间 07:30-18:00 18:00停止售检票,https://img1.qunarzz.com/piao/fusion/1808/49/3b0618b7e787702.jpg_480x360x95_68130ca2.jpg,4.5,建议游览时间：2小时 - 3小时,,"{'老龙头门票+天下第一关门票+迎恩楼+钟鼓楼+望洋楼+王家大院+观光车套票成人票\n\n': ['¥120起'], '王家大院1小时人工讲解票大小同价\n\n': ['¥200起'], '王家大院电子导览票大小同价\n\n': ['¥9起']}",,3
秦行宫遗址Qin Palace Site,http://travel.qunar.com/p-oi719219-qinxinggongyizhi,"

地址:
秦皇岛市北戴河区金山嘴路8号


电话:
0335-4042327

",秦行宫遗址（金山嘴古城遗址），位于秦皇岛市北戴河区金山嘴及其附近，面积6万平方米。1987-1991年进行挖掘。遗迹有建筑基址、窖穴、井、水管道、灶等。遗物有瓦当、水管、井圈、盆、鉴、甑、瓮、豆、罐、釜等。遗迹遗物都表明当年此曾有大型建筑群。据推测这里是公元前215年秦始皇东临“碣石”所在地，与绥中墙子里（即石碑地）同类遗存一样，为秦始皇东巡的行宫遗址。,全年 周二-周日 09:00-16:00,https://img1.qunarzz.com/travel/d4/1506/a6/32bfb2574f8172.jpg_480x360x95_84c8fc52.jpg,4.0,建议游览时间：2小时,最佳季节为5一10月，此时的北戴河是理想的避暑胜地。,免费,,4
联峰山Lianfeng Mountain,http://travel.qunar.com/p-oi712326-lianfengshan,"

地址:
秦皇岛市北戴河区联峰路与剑秋路交叉口处


电话:
0335-4041591

",联峰山又称莲蓬山，位于北戴河南侧海边，是一座山林相间的美丽公园。公园内有秀美的小山，山间有怪石、奇松和茂密的树木，环境非常优美。到联峰山公园可以登山锻炼、放松散步，观赏秀美的石景、林景等，登到主峰山顶处，还可以俯瞰浩瀚的渤海海湾，视野开阔壮观。联峰山公园的面积不大，直径大约2-3公里左右，进园后步行登山，沿途游览即可。说是登山，其实山并不高，海拔仅有一百多米，一般步行不到1小时即可到达山顶，所以这里也成了周围居民晨练的好场所。一般游客游玩联峰山公园大约3小时左右即可。公园山间有多处景点，当地流传的“北戴河二十四景”中有大半都在公园内。园内主要的景点有望海亭、神山、百福苑等，另外还有观音寺、如来寺、试剑石、福饮泉等多个小景点，都可以一一步行参观游览。望海亭位于主峰山顶，在这里极目远眺，视野极为开阔。眼前有蔚蓝浩瀚的渤海湾，海滨沙滩还有山下的整个北戴河区域全部映入眼底，景色非常漂亮。这里还有刻石，可以合影留念。神山位于望海亭西侧，神山的路陡峭俊秀，山上有一处巨大的“神”字摩崖石刻，山间还有三十多处名人的题字石刻，都可以一一参观。百福苑处则有漂亮的石林景观，在石林间有历代书法家书写的“福”字，数量上百，传说摸摸便可以为自己和亲人祈福。游遍这几大景点和山间众多的小景点后从原路返回离开即可，联峰山公园附近还有老虎石海上公园、怪楼奇园等景点（可以乘坐5路、15路等公交车可以前往几个景点），都可以一并游览。,全年 05:30-17:00,https://img1.qunarzz.com/travel/d2/201212/12/dd1b8ddc76e34596ddb12cfb.jpg_480x360x95_c279e61e.jpg,4.6,建议游览时间：3小时,最佳季节为5一10月，此时的北戴河是理想的避暑胜地。,25元,,4
山海关长城博物馆Shanhaiguan Great Wall Museum,http://travel.qunar.com/p-oi714782-shanhaiguanzhangcheng,"

地址:
秦皇岛市山海关区第一关路中段


电话:
0335-5051313

",山海关长城博物馆位于河北省秦皇岛市山海关区，建筑面积2600平方米，为一处精致的仿古建筑群。博物馆分设序厅、长城历史厅、长城军事厅、长城文化厅、山海关长城厅等6个展厅。馆内陈列内容集中展示了我国“上下两千多年，纵横十万余里”的长城历史渊源、形式建制、人文风物、军事烽烟，特别是长城精华地段——山海关长城的古代军事作用和宏伟壮观的建筑艺术。其大量珍贵的长城文物和精美的模型、雕塑、图片及大型声光电为一体的“山海关文物沙盘”，全面而生动地展示了山海关的历史魅力和现代风采，是我国以长城为主题的博物馆中之较具规模者。,周二-周日9:00-16:00，15:30停止入场；周一闭馆。,https://img1.qunarzz.com/travel/d2/201212/12/74a913a1ce3bf97dddb12cfb.jpg_480x360x95_661c54fd.jpg,4.4,建议游览时间：1小时,,凭有效证件进入,,4
滑沙场,http://travel.qunar.com/p-oi713589-huashachang,"

地址:
河北秦皇岛昌黎县黄金海岸沿海路15号


电话:
0335-7800011

",滑沙场坐落在黄金海岸的中部。5000多公顷苍翠的林带衬托着连绵40多公里的沙丘，与大海奇妙地组合在一起，构成一幅美丽的、自然的海洋大漠风光。 滑沙场的开发面积为10平方公里。来到这里，便见一道道并列的沙山，一直延伸到海滩。这些沙山，高达2040米，连绵不断，陡缓起伏。乘坐索道缆车，可直达沙顶。沿途还可以铡览一望无垠的沙海，观赏黄金海岸独有的沙漠风光。滑沙运动便由这里开始。 滑沙的主要工具是滑沙板，它用竹木制成、轻巧又快速，可进行单板单滑和单板双滑。,8:00—16:00,https://img1.qunarzz.com/travel/d2/201212/12/bc415568a7bbf86cddb12cfb.jpg_480x360x95_5a85b41d.jpg,0.0,建议游览时间：2小时 - 3小时,,成人票：80元； 老人/儿童票：50元,,4
海滨休疗旅游区,http://travel.qunar.com/p-oi712594-haibinxiuliaolu:youqu,"

地址:
秦皇岛市

",,8:00-20:00,https://img1.qunarzz.com/travel/poi/201408/04/f55166af1aca72dcc8d65eac.jpg_480x360x95_6ad2ae5e.jpg,5.0,建议游览时间：1小时 - 2小时,四季皆宜，尤其是盛夏时节，酷热难当，这里却是海风习习，凉爽宜人，对人体十分有益。,,,4
祖山风景区Zushan Scenic Area,http://travel.qunar.com/p-oi713874-zushanfengjingqu,"

地址:
秦皇岛市青龙满族自治县京省高速秦皇岛北出口青龙方向25公里处


电话:
0335-7750556,0335-3661111

",祖山位于秦皇岛青龙县境内，其最高峰为少女峰。祖山有奇险的山景和明秀的水景，春天可以看到满山鲜花；夏天有潺潺的泉水；秋天则看满山红叶，景色非常绚丽；而冬天这里一片银装素裹的景色。这里山势非常雄伟，有很多奇石都形态各异，姿态万千。祖山有东门、北门和西门三个门，东门是距秦皇岛最近的一个门。进门便是风景最美的十里画廊，这里两旁的山势峥嵘，奇峰迭出，这也是去祖山的游客首选的山门。北门的景色相对东门逊色一些，从北门上去可直达景区中心望海寺景区。由于山路比较险，所以不允许自驾车进山，而且沿途景色平平。进北门后，景区内有观光车接送至北天门，游客可从此开始爬王母峰、天女峰。而祖山的西门，即花果山景区，虽然为祖山的一个分景区，但是单独售票。此处目前处于开发的初始阶段，游客较少。景区内的景点很多，主要景点有十里画廊、天女木兰谷、情人谷、望海寺、天女云床、空中草原等。而游玩祖山有一日游和二日游两种。一日游可从东门开始玩起，景区内有观光车，可以步行，也可以坐观光车游览。一路可以看苇子峪长城、地质植物科普基地。之后从山下至山下一路的景色被誉为“十里画廊”，体力有限的游客可以在十里画廊坐缆车上下山，如果不愿坐缆车的，步行上山约3个多小时。到达山上可在山上的祖山宾馆用餐，也可自带食物。午餐后，前往情人谷观八戒岩，之后一路可看万寿山、迎客松和无字碑，然后返程。如果是二日游，从东门进入后的游玩线路与一日游上午是一样的，同样在位于祖山宾馆处用餐，午餐后，按照景区内指示牌前往仙女云床，它位于一个山坡上，是由两个连体冰臼组成，像美女睡卧之迹。之后前往空中草原，这是位于上山的一处草原，这里也是看日出的好地方。之后返回到祖山宾馆，住宿这里。第二天早晨有宾馆出发前往天女峰登顶，在天女峰上可以西望长城，北看群山，天气好的时候还可以看到云海。之后前往五人岭平台观景，随后返回宾馆用午餐及退房。下午前往情人谷观八戒岩，之后一路可看万寿山、迎客松和无字碑，最后返程。住宿及餐饮整个景区中正规、较好的宾馆有3处，祖山假日酒店、祖山宾馆和腾信酒店。三处宾馆都位于望海寺景区内，价格约200-300元不等。宾馆中的餐饮菜品的种类比较多。,全年 08:00-21:30,https://img1.qunarzz.com/piao/fusion/2110/16/66e9673bc8a87102.jpg_480x360x95_c517bf78.jpg,4.6,建议游览时间：3天 - 6天,,"{'祖山风景区门票+全程观光车+双程索道票成人票\n\n': ['¥117起'], '祖山风景区门票+全程观光车+双程索道票优待票\n\n': ['¥70起'], '祖山风景区门票+创世谷+鹿食票大小同价\n\n': ['¥49起']}",,4
东山浴场Dongshan Bathing Beach,http://travel.qunar.com/p-oi3757145-dongshanyuchang,"

地址:
秦皇岛市海港区东港路12号

",秦皇岛东山浴场是一个免费的浴场。传说公元前215年秦始皇东巡曾在此拜海求仙，就是从这里出发的。这里是秦始皇求仙入海处，不仅是古老的祈福之地，也是中国乃至全世界有名的祈福之地。,全年 全天开放,https://tr-osdcp.qunarzz.com/tr-osd-tr-manager/img/1995e66c6ac263ce84b749207fc25f02.jpg_480x360x95_b3e6f509.jpg,4.7,建议游览时间：2小时 - 3小时,,免费,,4
山海关海洋水族馆,http://travel.qunar.com/p-oi711915-shanhaiguanhaiyangshui,,山海关海洋水族馆座落在驰名中外的万里长城起点老龙头风景区西侧，是首家由中国人自己设计建造的大型海底隧道型水旅馆。这里是一片神奇的海底世界，再现了热带海洋深处的迷人景象。,,,--,,,,,4
老虎石浴场,http://travel.qunar.com/p-oi5248513-laohushiyuchang,"

地址:
北戴河区东三路

",沙子较其他沙滩细，人比较多，尤其是天气好的时候，晒太阳或者下水都是比较好的选择。有不少老外在沙滩上享受日光浴，这里有游泳区、快艇、海上脚踏船，也会有叫你去出海打渔的人，还有不少人在热衷推销各种海产品。,全天,https://mp-commentcp.qunarzz.com/mp_comment_mp_comment/1563130820192100116000000znpja3C80_D_640_10000.jpg_480x360x95_f06586f9.jpg,4.3,建议游览时间：4小时,盛夏时节，游客来到北戴河便会陶醉在迷人的海滨风光之中，清晨看日出，午间海水浴，傍晚观海潮，待到明月高悬，漫步在沙滩上，欣赏那松涛海涛汇成的美妙交响乐，令人心旷神怡。,{'【北戴河全景一日游】鸽子窝公园+怪楼景区+中海滩+秦行宫遗址\n\n': ['¥128起']},因为是免费的海水浴场所以人会特别多，旺季几乎到处都是人，海水也比较黄。,4
长寿山Changshou Mountain,http://travel.qunar.com/p-oi712707-zhangshoushan,"

地址:
秦皇岛市山海关城东北约9公里处


电话:
0335-8352639,0335-5176633

",长寿山景区位于山海关城东北约9公里处，是一座景色清秀的小山，山间有怪石、树木和水流，环境非常优美，在山里漫步感觉清新舒畅，是当地人休闲度假的好去处。长寿山景区内共有两条登山路，一条是主要的观光路线，需要徒步石台阶等，大约3小时，另一条是公路，大约1小时即可上山。一般游客都会选择是台阶路观景锻炼，在山间有悬阳洞、神医石窟、寿字碑林等景观。悬阳洞是一处天然山洞，洞内高十几米，进入洞后可以看到历代的文人游士在这里留下的石刻，还有释迦摩尼佛祖和罗汉的塑像等。神医石窟则是在山体间开凿的雕像，有李时珍和张仲景像。寿字碑林是在石头上刻画了各种字体的“寿”字，可以在这里为亲人许愿祈福。,全年 08:00-16:30,https://img1.qunarzz.com/travel/d2/201212/12/58db7513743aa9b3ddb12cfb.jpg_480x360x95_e367436a.jpg,4.6,建议游览时间：2小时 - 3小时,,110元,,4
海豚表演馆,http://travel.qunar.com/p-oi716286-haitunbiaoyanguan,,海豚表演馆 位于海底世界东侧，总贮水量两千余吨。聪明可爱的海豚与滑稽可笑的海狮联袂上演精彩纷呈的各项表演。,,https://img1.qunarzz.com/travel/d5/1509/18/8b8a2f7536adb7.jpg_480x360x95_b9527608.jpg,4.5,,,40元,,5
北戴河东海水浴场Beidaihe West Bathing Beach,http://travel.qunar.com/p-oi7647810-beidaihedonghaishuiyu,"

地址:
秦皇岛市北戴河区西海滩路与西六路交叉路口往东约140米

",·西起戴河口，东至鹰角石，是我国一处规模较大、风景优美、设施比较齐全的海滨避暑胜地。 ·青山和大海相映，别墅与林海交融。海岸漫长曲折，滩面平缓，海水清澈。 ·南面是悠缓漫长的海岸线，沙软质细，水质良好，开辟了多个专用和公共海水浴场。 ·可以随渔民出海撒网打鱼，体味乘风破浪，月夜泛舟的渔家生活。,全年 全天开放,https://img1.qunarzz.com/travel/d1/1607/cd/512a1afa4b0677a7.jpg_480x360x95_27f3f9ee.jpg,4.3,建议游览时间：2小时 - 3小时,,免费,,5
北戴河湿地公园Beidaihe Wetland Park,http://travel.qunar.com/p-oi5191121-beidaiheshidigongyuan,"

地址:
秦皇岛市北戴河区赤土山（鸽子窝公园的西北方向）


官网:
http://www.bdhgjsd.com/

",河北北戴河国家湿地公园位于河北省秦皇岛市北戴河区中部沿海区域，是依托北戴河湿地大潮坪和新河水系及1.5万亩沿海防护林形成的湿地生态系统。主要由浅海水域、潮间沙石海滩、河口水域、永久性河流、坑塘湖泊和沼泽洼地等湿地类型构成。公园总面积为306.7公顷，其中湿地面积165.67公顷，主要有近海与海岸湿地、河流湿地、沼泽湿地及人工湿地等多种湿地类型，其独特的地理位置和丰富的湿地及森林资源，成为多种珍稀鸟类栖息的天堂和城市生态环境的绿色屏障。,全年 全天开放,https://img1.qunarzz.com/travel/d1/1609/2a/3668717b3d6f4ab5.jpg_480x360x95_d9147c7f.jpg,4.7,建议游览时间：2小时 - 3小时,春夏是观赏鸟类的好时机，此时天气渐暖，鸟类活动频繁。,免费,,5
秦皇岛鸟类博物馆Qinhuangdao Bird Museum,http://travel.qunar.com/p-oi5943163-qinhuangdaoniaoleibowu,"

地址:
秦皇岛市北戴河区鸽赤路


电话:
0335-4181608

",秦皇岛鸟类博物馆座落于北戴河海滨鸽赤路，是一家以收藏鸟类标本，多媒体展示鸟类起源、进化、发展，集知识性、趣味性于一体的专题科普博物馆。博物馆建筑是一组“秦皇岛外打渔船”泊于海湾的意象，源于对场地海风的利用和诗情的表达；重视体现建筑的文化性格，整体造型纯净、雅致。秦皇岛鸟类博物馆共分为三大展区：鸟的世界展区450平方米，湿地与水鸟展区900平方米，4D动感电影体验区100平方米。馆内收藏鸟类标本88种，恐龙骨架化石1个，恐龙蛋化石3组。,8:30-11:30，14:00-17:00。,https://img1.qunarzz.com/travel/poi/201406/23/f532cabd63d15f72ddb12cfb.jpg_480x360x95_b9f18d3c.jpg,4.2,建议游览时间：1小时,每年3-5，9-10月都有大批候鸟迁徙至此，十分壮观。,免费,候鸟湿地游客无法进入，若从浅水湾——鸽子窝公园步行可以经过湿地。,5
源影寺塔Yuanying Pagoda,http://travel.qunar.com/p-oi702461-yuanyingsita,"

地址:
城西北隅古塔寺街


电话:
0335-5152996

",源影寺塔，位于河北昌黎县城内西北隅，因塔所在地有一“源影寺”而得名。同始建于上千年前的昌黎县城一样历史久远。它是典型的辽金时代的佛塔建筑，高12丈有余，十三层八面密檐实心砖塔。与不知何年何月开凿的泉井紧邻的塔基，筑有以须弥座承托着的雕饰秀美的平座，平座上有仰莲两层，托起用青砖雕刻的天宫楼阁；天宫楼阁直至塔顶，各层斗檐卷刹飞扬，显得异常古朴、秀美。塔尖为凌空傲立的风磨铜顶，远远望去，分外耀眼夺目。源影寺塔为八角十三层实心密檐，其建筑结构精细，造型优美，古朴壮观。远望古塔，雄伟壮观，特别是在晚霞辉映时，更显得瑰丽多姿。源影寺塔以在夕阳西下时有如彤笔书空的壮美景色，被列为碣石古十景之一。,白天开放,,4.6,建议游览时间：1小时,春夏两季最佳。,具体收费情况以现场公示为主,,5
东北大学秦皇岛分校Northeastern University at Qinhuangdao (East Gate 1),http://travel.qunar.com/p-oi7527106-dongbeidaxueqinhuangdao,,,,,,,,,,5
柳江国家地质公园Liujiang Guojia Dizhi Park,http://travel.qunar.com/p-oi703198-liujiangguojiadizhigong,,柳江国家地质公园是坐落在河北省秦皇岛市，南临渤海，北依燕山。在2002年2月国土资源部批准为第二批国家地质公园。以古生物化石、地层剖面、岩溶地貌和花岗岩地貌为特色。地层剖面界限清楚，化石十分丰富，沉积构造发育。且其他地质遗迹也很丰富，包括三大岩类、不同级别的断裂以及揉皱、牵引等，还有河流阶地、海蚀海积等地质遗迹。此公园是适合高校地质实习和向公众普及地球科学知识的良好场所。,,https://img1.qunarzz.com/travel/poi/201303/13/8e2e76697d4b9c04ddb12cfb.jpg_480x360x95_ce3703f9.jpg,4.2,建议游览时间：2小时 - 3小时,,具体收费情况以现场公示为主,,5
碣石山景区Jieshi Mountain,http://travel.qunar.com/p-oi710443-jieshishanjingqu,"

地址:
秦皇岛市昌黎县碣阳路


电话:
0335-5961177,0335-2866587

",碣石山位于秦皇岛昌黎县，海拔695米，是久负盛名的名山，曹操的一首“东临碣石，以观沧海”更使此山名声远播。两千多年来，秦皇、汉武、唐宗、魏武等七代帝王都曾登山观海，刻石记功，现山上还保存有一些历史悠久的古建筑。碣石山主峰为仙台顶，海拔695米。山中有名刹“水岩寺”。悬崖上留存古人所刻“碣石”二字。登临仙台顶（距海15公里），俯瞰大海，从滦河口到秦皇岛港，西起滦河入海口，东至山海关秦皇岛港。大海茫茫无边，天海一体，确是“碣石观海”的好地方。前人列有碣石山十景，其中 “碣石观海”较为壮观。其他九个分别是天柱凌云、水岩春晓、石洞秋风、西嶂排青、东峰耸翠、龙蟠灵壑、凤翥祥峦、霞晖卒堵、仙影沧浪。因主峰险峻，且濒临大海，位置重要，远古时即载入地理名著《山海经》和《尚书·禹贡》。碣石山属于古代名山，虽在五岳之外，但有“神岳”之美誉。碣石山有东、西五峰山。东五峰山位于仙台顶东侧，由东往西五峰分别是望海、锦绣、平斗、飞来、挂月。西五峰山在仙台顶以西，南侧山腰平台建有“韩文公祠”，纪念唐朝文学家韩愈。他祖籍河北昌黎，死后被追封昌黎伯，因此又称韩昌黎。1908年到1924年，他7次到避难于韩文公祠，并著书立说。他在《游碣石山杂记》中用“天外桃源”形容碣石山。现在，这里是省级爱国主义教育基地，韩公祠南面界石岭上立有5米高的李大钊全身汉白玉雕像。,出行前开放时间请咨询景区,https://img1.qunarzz.com/piao/fusion/1807/a8/654015e371b6ac02.jpg_480x360x95_3c814878.jpg,4.5,建议游览时间：1小时 - 3小时,春秋最佳，遇见最美的碣石山景色。,具体收费情况以现场公示为主,,5
北戴河欢乐湾,http://travel.qunar.com/p-oi8305161-beidaihehuanlewan,"

地址:
河北省秦皇岛市北戴河区东沙滩路8-1号


电话:
0335-4042225

",东山旅游码头游船为北戴河风景名胜区域的旅游观光码头，在码头上远眺，可览半壁北戴河海岸大好风光，鸽子窝、碧螺塔等尽收眼底。观沧海主题的2480平米游客中心、双层现代停车场、多艘船舶停靠，如此完备游客服务设施，带给你畅快的游玩体验、超凡的美食享受、难忘的海上时光，使您临海听风，流连忘返。,5/1-10/8 05:00-19:30,https://img1.qunarzz.com/travel/d1/1807/69/1b7f8625a3da5fb5.jpg_480x360x95_7be53115.jpg,4.4,建议游览时间：1小时 - 3小时,,65元,,5
天马山Tianma Mountain,http://travel.qunar.com/p-oi713880-tianmashan,"

地址:
秦皇岛市抚宁区城北10公里处


电话:
0335-6682398

",秦皇岛天马山旅游景区原名“马头涯”位于秦皇岛市抚宁县城北10公里处，因顶峰巨石层叠，险峻挺拔，似云中奔马，故名天马山。海拨293.5米。自然景观秀丽多姿，湖光山色，交相辉映。整个山系高耸险峻，气势雄伟，怪石林立，属旅游、怀古之胜地。天马山景区巨石叠砌、洞穴众多，有“猴儿望海”、“旱海”、“晾甲山”、“拴马桩”、“仙居洞府”、“燕子翻身”等景观，此外还有庙宇“玄真观”，巧夺天工的“钟架”，神密莫测的“铜井”，飘渺云端的“点将台”，令人神驰遐想的“戚公亭”，威武的戚继光塑像，形如飘带的588级台阶，苍松翠柏相连的“天马山山门”与自然景观融为一体。,8:00-16:00；现暂停营业，具体开放时间以景区公告为准或电话咨询景区。,https://img1.qunarzz.com/p/tts4/1808/ee/a08b3f4708164a02.jpg_480x360x95_094d1734.jpg,4.7,建议游览时间：2小时,,现暂停营业，具体开放时间以景区公告为准或电话咨询景区。,,5
老岭,http://travel.qunar.com/p-oi716420-laoling,,座落于秦皇岛市区西北，青龙县东南部，系古永平府内名山，主要景点有：窟窿山、棋盘山、响山、七龙潭、白蛇吐布、水帘洞、乌龟探海、神女卧、醉卧刘伶、铁瓦乌龙殿。窟窿山 位于老岭最高峰黑尖顶北侧，山势陡峭险峻，不可攀登。山的顶部更有一个巨大的透天孔，远看，好似一轮明月挂在山中，如从另一个角度去看，又恰似一弯新月上眉梢。如遇到浓云密雾，洞光时有时无，又似明月在云海中忽行忽止。相传窟窿山，是神话里“二郎担山赶太阳”所担之山，透天孔是二朗用扁担穿的窟窿。扁担...座落于秦皇岛市区西北，青龙县东南部，系古永平府内名山，主要景点有：窟窿山、棋盘山、响山、七龙潭、白蛇吐布、水帘洞、乌龟探海、神女卧、醉卧刘伶、铁瓦乌龙殿。窟窿山 位于老岭最高峰黑尖顶北侧，山势陡峭险峻，不可攀登。山的顶部更有一个巨大的透天孔，远看，好似一轮明月挂在山中，如从另一个角度去看，又恰似一弯新月上眉梢。如遇到浓云密雾，洞光时有时无，又似明月在云海中忽行忽止。相传窟窿山，是神话里“二郎担山赶太阳”所担之山，透天孔是二朗用扁担穿的窟窿。扁担的另一头，则是老岭北部的锥子山。,,,--,,,,,6
南戴河西浴场Nandai River West Bathing Spot,http://travel.qunar.com/p-oi7475867-nandaihexiyuchang,"

地址:
南戴河


电话:
0335-4082333

",南戴河海滨旅游区是一个进行海浴、沙浴、日光浴的理想的天然佳境，这里滩宽和缓，潮汐平稳，水温适度；海底沙细柔软，无礁石碎块，无污泥烂草；海水清澈透明，无污染。在此人们可以观赏到日出奇观，领略海滩夜色的浪漫之美。南戴河海滨旅游区是一个进行海浴、沙浴、日光浴的理想的天然佳境。,全年 全天开放,https://img1.qunarzz.com/travel/poi/1409/17/913325712644c2f0ffffffffc8d65eac.jpg_480x360x95_ebdf78ec.jpg,4.0,建议游览时间：2小时 - 3小时,6月—8月，水温适宜，天气凉爽。,具体收费情况以现场公示为主,,6
天马浴场Tianma Bathing Beach,http://travel.qunar.com/p-oi7475868-tianmayuchang,"

地址:
秦皇岛市抚宁县南戴河光明路23号


电话:
0335-4050728

",南戴河天马浴场1988年，著名书法家张仲愈先生专此题写“天下第一浴”五个大字。浴场本着“安全第一、服务第一、争创一流”的宗旨，精心为广大游人营造洁净、舒适、安全的泳浴环境，使之成为国家海洋局首批认定的国家健康海水浴场。,全年 全天开放,https://tr-osdcp.qunarzz.com/tr-osd-tr-manager/img/926fe0877b4ca4d0e879acfae7c8f9a8.jpg_480x360x95_bb60de36.jpg,4.4,建议游览时间：3小时,6月—8月，水温适宜，天气凉爽。,具体收费情况以现场公示为主,,6
"天马山摩崖石刻Cliff Carvings, Tianma Mountain",http://travel.qunar.com/p-oi705011-tianmashanmoyashike,"

地址:
秦皇岛市抚宁县白家堡子天马山绝顶


电话:
0335-6033388

",天马山摩崖石刻在抚宁县白家堡子天马山绝顶。天马山西临洋河水库，高耸挺拔，风景秀丽。现存5幅题刻，有“天马行空”、“山河一览”、“海天在目”、“带砺山河”等大字，皆出自明代将领之手，字体工整，笔迹秀劲。主峰的石门右侧，镌刻着“天马山”3个苍劲有力的大字，长宽1米有余，落款是“定远戚继光题范阳张爵刻”。主峰上部西南的两块巨石上，镌刻着两行大字：右为“山河一览”，上款“万历十一年冬十一月上浣诘”，下款“分守副总兵睢阳黄孝感书”；左为“天马行空”，上款“万历十四年冬十月”，下款“聊城傅光宅书”。主峰旁有丈余平台，平台东面，在十分险峻的横空巨石下石屏上，镌刻着“带砺山河”4个大字，落款为“万历辛卯游击将军云中孙仁提兵入关共副总兵官山西林桐闲暇共登临天马山眺览胜景慢（漫）评古今题此。”绕道北上，穿过“剑洞”，在一块屏带般的高4丈、宽1.4丈的岩石上，镌刻着楷体大字“海天在目”，上款“万历十四年冬十月”，下款“关中张臣书，上谷解一清刻”。,全年 8:00-17:00,https://tr-osdcp.qunarzz.com/tr-osd-tr-manager/img/87ca16e18c19ecf707facff0482cc54e.jpg_480x360x95_ecb32e0b.jpg,4.6,建议游览时间：1小时 - 2小时,,,,6
水岩寺,http://travel.qunar.com/p-oi3757149-shuiyansi,"

地址:
昌黎褐石山景区

",水岩寺，位于碣石山景区的宝峰台上，又名“宝峰寺”。其北依碣石山的主峰仙台顶；东有一座海拔241米的山峰，挺拔峭秀，怪岩耸立，酷似香炉，名“香山”；西连一道通往仙台顶西部峭壁的坡岭，坡领以顶部山势如冠，名“纱帽山”，宝峰台与香山之间有一道源自仙台顶东部绝壁高处的龙潭洞的涧流潺潺穿过，其地可谓山环水抱，景色异常幽雅、清秀。,全天,https://img1.qunarzz.com/travel/poi/201407/07/f3431397144aad42ddb12cfb.jpg_480x360x95_30a9e776.jpg,4.7,建议游览时间：3小时,,,,6
黄金海岸高尔夫球会Qinhuangdao Huangjin Haian Haibin Golf Association,http://travel.qunar.com/p-oi7647788-huangjinhaiangaoerfuqiu,"

地址:
秦皇岛市昌黎县黄金海岸海滨球会


电话:
0335-2020666

",秦皇岛黄金海岸海滨高尔夫球会是由河北盛泰集团投资兴建、世界有名的球场设计大师Scott Miller按照美国PGA的标准设计，集球场、酒店、餐饮、专卖店、康体等多功能于一体，具有Links风格的海滨度假球会。球会位于中国有名的旅游度假区—黄金海岸旅游区，这里的四季气候以平均气温高于20℃为夏季，低于5℃为冬季，介于两者之间为春、秋季来划分。球场占地面积1800亩，拥有自属的海岸线达2000米长，是国际标准的72杆18洞球场。球场有12个球道可以看到大海，其中有4个球道设在海滩边，球道全长6954码，场内分布着63个巨大沙坑，其中具有中国高尔夫球场中较大的沙坑面积达2万平方米，人工湖面积达26000平。特色练习场真草打位面积1500平方米。整个球场被浩瀚澎湃的大海、恬静幽雅的秀水、自然挺拔的沙山所拥抱。轻轻绿草起伏柔和，群树倒映赏心悦目，海浪壮丽心潮澎湃，河畔障碍挑战惊人，细腻柔沙亲情似水，给您打造一个具有特色的海沙林于一体的概念球场。,具体营业时间详情可电话咨询。,https://tr-osdcp.qunarzz.com/tr-osd-tr-manager/img/1c84b988f7c99a7a52f543afac4ca841.jpg_480x360x95_d6d8c56c.jpg,4.9,建议游览时间：4小时,,具体收费情况以现场公示为主,,6
五峰山李大钊革命活动旧址Wufeng Shan Lidazhao Geming Huodong Site,http://travel.qunar.com/p-oi7336082-wufengshanlidazhaogeming,"

地址:
秦皇岛市昌黎县五峰山韩文公祠

",李大钊革命活动旧址坐落在昌黎县城北的五峰山半山腰平台上的韩文公祠，是革命先驱李大钊生前喜爱、多次游览、山居，并进行过重大革命活动的地方，是李大钊的主要纪念地之一。现旧址已被定名“五峰山李大钊革命活动旧址”，相继被确定为昌黎县、秦皇岛市和河北省的爱国主义教育基地，与1958年7月在乐亭县大黑坨村辟出的李大钊故居纪念馆和1997年8月在乐亭县城建成的李大钊纪念馆，一同成为李大钊家乡一带的李大钊重要纪念地。,全天,https://tr-osdcp.qunarzz.com/tr-osd-tr-manager/img/429264720f5cde054b733554bbb4f4ab.jpg_480x360x95_c4bb6c3e.jpg,4.4,建议游览时间：1小时 - 2小时,四季皆宜。,具体收费情况以现场公示为主,,6
平水桥公园Pingshuiqiao Park,http://travel.qunar.com/p-oi7475831-pingshuiqiaogongyuan,"

地址:
秦皇岛市北戴河区西经路11号

",平水桥公园是紧挨着平水桥浴场的一片“川”字形绿地，公园的中间和两边镶嵌了三条道路。北边的一条是车来车往的马路，当中的一条是红色塑胶路，随意地曲折，傍着海滩的一条是棕色木板铺就的栈桥，自东蜿蜒而来，向西蜿蜒而去。公园内繁花似锦，绿草如茵，有合欢、紫薇、月季、玉簪等花卉，也有松树、柳树和杨树，那姿态都显得十分率性和自由。傍晚有不少市民会来这里欢快地跳广场舞，是个休闲散步的好去处。,全天,https://img1.qunarzz.com/travel/poi/1409/17/fda2dc074e0817e1ffffffffc8d65eac.jpg_480x360x95_85ee2e41.jpg,4.6,建议游览时间：0.3小时 - 0.7小时,北戴河旅游主要分为三个季节: 1、旅游旺季，6月至8月底，这时可以下海游泳、吃海鲜，享受习习海风，缺点是这段时间游客最多，当地的酒店等价格也是最贵的时候。2、观鸟旺季：3月至10月，春秋季候鸟迁徙，适合观鸟。3、淡季：11月至翌年2月，天气较冷，但住宿和海鲜较为便宜。,免费,,6
刘庄夜市,http://travel.qunar.com/p-oi40005096-liuzhuangyeshi,,刘庄夜市位于皇岛市北戴河区，这里有海鲜、烧烤等各种各样的美食，人潮涌动，热闹非凡。,,,0.0,,,,,6
秦皇岛海港区,http://travel.qunar.com/p-oi39604399-qinhuangdaohaigangqu,,,,,0.0,,,,,6
柴禾市,http://travel.qunar.com/p-oi39602137-chaiheshi,,,,,0.0,,,,,7
圆明山旅游度假区,http://travel.qunar.com/p-oi39600124-yuanmingshanlu:youdujia,,,,,0.0,,,,,7
界岭口村,http://travel.qunar.com/p-oi39577315-jielingkoucun,,,,,0.0,,,,,7
抚宁滑石后村,http://travel.qunar.com/p-oi39540554-funinghuashihoucun,,,,,0.0,,,,,7
孤石峪村,http://travel.qunar.com/p-oi39319236-gushiyucun,,,,,0.0,,,,,7
圣托里尼·蓝顶海景温泉,http://travel.qunar.com/p-oi39318463-shengtuolinilandinghai,,圣托里尼·蓝顶海景温泉位于菲拉休闲旅游度假区内，紧邻繁华闹市，泡着温泉看大海 ，是市民休闲放松，游客惬意游乐的不二选择。,,,4.3,,,,,7
柴禾市民俗街,http://travel.qunar.com/p-oi38950670-chaiheshiminsujie,,,,,--,,,,,7
牧营楼,http://travel.qunar.com/p-oi38950633-muyinglou,,,,,--,,,,,7
山海关保卫战纪念厅,http://travel.qunar.com/p-oi38950417-shanhaiguanbaoweizhan,,,,,,,,,,7
瑞莲阁,http://travel.qunar.com/p-oi38950377-ruiliange,,,,,--,,,,,7
靖边楼,http://travel.qunar.com/p-oi38950370-jingbianlou,,,,,--,,,,,8
慈愍寺,http://travel.qunar.com/p-oi38948703-ciminsi,,,,,--,,,,,8
山海关古城田公馆,http://travel.qunar.com/p-oi38948669-shanhaiguanguchengtian,,,,,--,,,,,8
渔田七里海度假区,http://travel.qunar.com/p-oi38948333-yutianqilihaidujiaqu,,《渔田·拾光》是渔田大型未来戏剧《渔人世界》十大演艺的序篇，2022年7月中下旬试演，该剧由渔田七里海度假区携手国内艺术家团队，打造较具创新精神的原创之作，开启未来渔田小镇全时盛大夜游演艺序章，为游客呈现精彩绝伦视觉享受。及至2023年《渔人世界》，将为全国游客正式呈现一场恢弘的视听盛宴。2022年渔田·拾光---鲜活人生｜渔乐自由，在为游客呈现精致丰富有品质的夜游夜生活的同时，开放多种游玩项目，品类丰富，绚烂多彩，满足全龄化出行需求，是暑期旅游打卡、亲子度假、研...《渔田·拾光》是渔田大型未来戏剧《渔人世界》十大演艺的序篇，2022年7月中下旬试演，该剧由渔田七里海度假区携手国内艺术家团队，打造较具创新精神的原创之作，开启未来渔田小镇全时盛大夜游演艺序章，为游客呈现精彩绝伦视觉享受。及至2023年《渔人世界》，将为全国游客正式呈现一场恢弘的视听盛宴。2022年渔田·拾光---鲜活人生｜渔乐自由，在为游客呈现精致丰富有品质的夜游夜生活的同时，开放多种游玩项目，品类丰富，绚烂多彩，满足全龄化出行需求，是暑期旅游打卡、亲子度假、研学拓展的优质度假地。《渔田·拾光》是渔田大型未来戏剧《渔人世界》十大演艺的序篇，2022年7月中下旬试演，该剧由渔田七里海度假区携手国内艺术家团队，打造较具创新精神的原创之作，开启未来渔田小镇全时盛大夜游演艺序章，为游客呈现精彩绝伦视觉享受。及至2023年《渔人世界》，将为全国游客正式呈现一场恢弘的视听盛宴。序篇《渔田·拾光》25分钟，从寻找渔人世界的海上时空之门开始，打开一个奇幻的渔人世界。一束光，就是一个时空，一个梦，就是渔人世界。拾光，拾起过去，拾起未来，行走在渔人之梦…随着月光女神的指引，清晨寻找到大海深处的时光之门，在那里她遇到《渔人日记》里记载的稻草人、雨人、云人，在他们的帮助下清晨终于见到了梦中的英雄渔人少年。清晨告诉渔人少年她要穿过时光之门进入渔田理想国，成为和爸爸一样勇敢的渔人。渔人少年被清晨的信念和勇敢所感动，引领清晨到了自己船上，手持灯火，乘船穿过光门。                  勇敢的心，在七里海，清晨，在渔田的理想国中，渔人世界永远存在。,,,4.5,,,,,8
榆关抗战纪念碑,http://travel.qunar.com/p-oi38948296-yuguankangzhanjinianbei,,,,,--,,,,,8
山海关老龙头景区-龙武营,http://travel.qunar.com/p-oi38948253-shanhaiguanlaolongtou,,,,,0.0,,,,,8
双文井,http://travel.qunar.com/p-oi38948210-shuangwenjing,,,,,0.0,,,,,8
碣石山风景区-五峰山,http://travel.qunar.com/p-oi38941945-jieshishanfengjingqu_,,,,,,,,,,8
花西兔窝窝亲子乐园,http://travel.qunar.com/p-oi38854171-huaxituwowoqinzileyuan,,花西兔窝窝是秦皇岛首家户外无动力·主题亲子乐园，位于秦皇岛市海港区花西小镇。园区环境优美，绿植环抱，空气清新，交通便利，占地约50亩，西邻百亩花海，北依千顷果园。园区分为花西岛、欢乐丛林、采摘梨园、农耕研学农场和露营基地五大版块，其中包含了兔子城堡、网红蹦蹦云、丛林魔网、浑水摸鱼、旋转木马、脚踏卡丁车、亲子过山车、碰碰船、滑索等几十种无动力明星游乐项目，还有森林大舞台和儿童过家家等拓展活动区域，孩子不仅可以在这里展示自己的特长还可以体验升级版的“过家家”，园区拥有专业的拓展老师带领小朋友们进行游戏互动和研学学习，培养孩子的沟通社交能力，拓展孩子的课外知识。,,,5.0,,,,,8
观海栈桥,http://travel.qunar.com/p-oi38803671-guanhaizhanqiao,,,,,--,,,具体收费情况以现场公示为主,,8
山海关石河古渡,http://travel.qunar.com/p-oi38798023-shanhaiguanshihegudu,,"石河古渡：一船观山海,百将巡险关，以亲子互动、休闲度假、乘船出海为理念，打造唯一的戚家军少年军训练营亲子无动力乐园、古风市井和入海夜市；内设有换装帐篷、沙池、摸鱼池、儿童城堡、萌宠乐园、蹦床、娃娃机、怀旧年代玩具，大人和小孩尽情玩乐尽情撒欢；古风市井布设万胜兵器铺、青云画坊、弄竹乐坊、白龙书院、如意赌坊、乾坤一卦、鸿雁信局、悦来茶馆，带您追溯明朝；入海夜市，在游览海上风光的同时享受360°观海全景烧烤，吃着美味的食物，身心惬意；更推出国内现今最豪华游轮主题游船-寻仙2号，游轮内部设有环幕影投，七修互动，多功能厅，VR主题包房、观光甲板，为您带来极尽奢华的游轮之旅。",,,0.0,,,,,9
拓园,http://travel.qunar.com/p-oi38797974-tuoyuan,,,,,--,,,具体收费情况以现场公示为主,,9
一杯澜浴场游艇俱乐部,http://travel.qunar.com/p-oi38674550-yibeilanyuchangyouting,,,,,--,,,具体收费情况以现场公示为主,,9
秦旅奥体雪世界,http://travel.qunar.com/p-oi38590684-qinlu:aotixueshijie,,雪世界娱雪项目丰富，有多种专门供小朋友玩耍的娱乐活动，既可以增强儿童身体素质，也可以让小朋友们的这个冬季在欢声笑语中度过。乐游秦皇，您家门口的戏雪乐园，是市民休闲、娱乐、亲近冰雪的理想去处。,,,--,,,,,9
平水桥浴场,http://travel.qunar.com/p-oi38340787-pingshuiqiaoyuchang,,,,,--,,,具体收费情况以现场公示为主,,9
华辰寺,http://travel.qunar.com/p-oi38340493-huachensi,,,,,0.0,,,具体收费情况以现场公示为主,,9
汇文公园(北入口),http://travel.qunar.com/p-oi38337446-huiwengongyuan,,,,,,,,,,9
我的星辰大海艺术展,http://travel.qunar.com/p-oi38337235-wodexingchendahaiyishu,,,,,--,,,具体收费情况以现场公示为主,,9
开滦路风情街,http://travel.qunar.com/p-oi38336240-kailuanlufengqingjie,,,,,0.0,,,具体收费情况以现场公示为主,,9
九道缸瀑布,http://travel.qunar.com/p-oi38336238-jiudaogangpubu,,,,,0.0,,,具体收费情况以现场公示为主,,9
探秦皇潮活文旅街区,http://travel.qunar.com/p-oi38336150-tanqinhuangchaohuowen,,"探秦皇潮活文旅街区位于秦皇岛，街上仿造了很多老式建筑，非常漂亮，到了晚上，这里还有舞台秀，特别精彩。
",,,5.0,建议游览时间：2小时 - 3小时,,具体收费情况以现场公示为主,,10
镇远镖局,http://travel.qunar.com/p-oi38335218-zhenyuanbiaoju,,,,,--,,,具体收费情况以现场公示为主,,10
镇东楼,http://travel.qunar.com/p-oi38034686-zhendonglou,,,,,--,,,具体收费情况以现场公示为主,,10
秦皇小巷美食文化旅游街区,http://travel.qunar.com/p-oi37807202-qinhuangxiaoxiangmeishi,,,,,4.0,,,具体收费情况以现场公示为主,,10
燕山小吃夜市,http://travel.qunar.com/p-oi37806851-yanshanxiaochiyeshi,,,,,--,,,具体收费情况以现场公示为主,,10
抚宁夜市小吃街,http://travel.qunar.com/p-oi37806567-funingyeshixiaochijie,,,,,,,,,,10
三丰浴场,http://travel.qunar.com/p-oi37806373-sanfengyuchang,,,,,--,,,具体收费情况以现场公示为主,,10
万物有声湿地公园,http://travel.qunar.com/p-oi37532546-wanwuyoushengshidigong,"

地址:
华贸一路

",,全年 全天开放,,0.0,,,具体收费情况以现场公示为主,,10
东山公园,http://travel.qunar.com/p-oi37532222-dongshangongyuan,,,,,0.0,,,,,10
左右佳园,http://travel.qunar.com/p-oi37204394-zuoyoujiayuan,,,,,0.0,,,具体收费情况以现场公示为主,,10
