名字,链接,地址,介绍,开放时间,图片链接,评分,建议游玩时间,建议季节,门票,小贴士,Page
泰山风景区Mount Tai Scenic Area,http://travel.qunar.com/p-oi712332-taishanfengjingqu,"

地址:
泰安市泰山区红门路


电话:
0538-96008888


官网:
http://www.mount-tai.com.cn/

",泰山风景区位于泰安市泰山区。泰山自古以来便是我国有名的山峰之一，有五岳之首的美誉。泰山风景区以壮丽著称，山峰陡峭高耸，十分壮观，在山顶观看日出、晚霞等也十分绮丽。山间经常有云海出现，而冬天则有雾凇奇观，非常漂亮。除了自然风光外，山上还有众多的古迹、石刻、宗教庙宇等人文景观。春天可以看到山间的桃花和梨花，夏天山顶翠绿，而且由于山顶凉爽，所以这里还是有名的避暑胜地，而秋天山间的树叶红黄相间层林尽染，十分漂亮。泰山风景区面积很大，纵深约有几十公里。上山有几条登山步道，还有公路和索道纵横其间，可以结合徒步、乘坐旅游车、乘索道等方式游览。泰山风景区共有四个入口，分别为红门、天外村、天烛峰和桃花峪，每个入口均有一条路线通往山顶区域的岱顶旅游区。红门、天外村位于前山，一般常规的游览路线为红门或天外村上山，当天或第二天再从其他路线下山，为了不走回头路，大多游客会从桃花峪处下山，天烛峰因距离远且道路难行，多为户外背包客路线。红门入口的登山步道是秦始皇封禅时开通的步道。这条路线主要是石阶路，需要步行从红门到中天门，一路经过万仙楼、斗母宫、四槐树、回马岭、壶天阁等众多景点，也是泰山上众多石刻较为集中的地带。到达中天门后可以选择乘坐缆车或步行前往南天门及山顶区域，一路可以看到十八盘、升仙坊、对松山、朝阳洞、五大夫松等多个景点。天外村游览路线则是一条从天外村通往中天门的公路，可以乘坐旅游车前往，途径黑龙潭、扇子崖、冯玉祥墓等景点，到达中天门后路线即与红门路线后半段相同，不想步行或爬山的游客可选择这条线路。天烛峰路线是泰山较为险峻的登山步道，游人很少，是户外爱好者们经常徒步的地带，爬山大约需要半天。这条路线山色俏丽，有鲤鱼背等景点，起点处还有《中华泰山·封禅大典》的表演。桃花峪路线是很多游客下山时的选择，从山顶的天街有索道到达半山腰的桃花源索道起点，然后旅游车从索道起点到山下的桃花峪。这条路线主要的景致便是桃花峪彩石溪景区，石块多有彩色纹路十分神奇，有兴趣的可以前去参观。这四条路线通向的都是山顶的岱顶旅游区。岱顶上有泰山的主峰玉皇顶以及神奇的天上街道天街景区，还有日观峰、月观峰、大观峰、瞻鲁台、碧霞祠、孔子庙等多个景点，可以步行慢慢参观。山顶可以远眺黄河，看“黄河金带”奇观，山后的后石坞景区也可以前去观看，内有索道可从后石坞通向北天门。住宿信息一般游览泰山的时间多为1-2天，期间可以在山上住宿一晚。在天街和南天门附近有多家客栈宾馆可以住宿，在此看日出、晚霞和山顶的星空较为方便，天气好的夜晚在山上还可以看到市区的灯光，拍出星空与城市灯火并存的照片。山顶还可以露营，夏季时会比较合适。另外山下的入口处也有很多住宿地点。夜爬泰山很多观看日出的游客会选择夜爬泰山，晚上十一点左右出发为宜。夜爬泰山一般选择红门路线，这条路上晚上会有很多人，而且一路都会有灯光。大约早上日出前刚好可以到达山顶的日观台或玉皇顶，在这里观看日出较为合适。,全天开放,https://img1.qunarzz.com/travel/d1/1510/cc/66808f35a17b8ff7.jpg_480x360x95_01eaf81c.jpg,4.7,建议游览时间：3天 - 6天,春季：泰山上下一片葱郁，适宜登高踏青。5月是观日出的黄金时期，易看到“云海玉盘”这一奇观。这个季节时常多雨，需要携带御寒衣物和雨具。夏季：泰山最热的时候平均气温也只有17℃，酷暑登山亦感阴凉舒适。但此时早晚温差大，最好携带好御寒衣物。秋季：层林尽染，颜色丰富。喜爱摄影的旅行者不可错过这个季节的泰山，最好是携带方便轻快的相机，以免为登山增加累赘。冬季：下过雪后的泰山，或可见雾凇、雪淞等奇异的景色， “旭日东升”、“云海玉盘”两大自然奇观也在这个季节可以见到。因为此时是旅游淡季，门票及食宿有较大优惠。每年4月—11月为最佳观赏时间。无论是登顶看日出，半途观古树，还是雪后赏雾凇，都是很不错的选择。推荐避开人多的小长假。,"{'泰山门票+3.5小时人工讲解（天外村入口、上行环山车）服务儿童票\n\n': ['¥145起'], '泰山电子导游服务大小同价\n\n': ['¥0.1起'], '泰山一日游【趣味讲解/含车票/美食】\n\n': ['¥260起']}",1、山路上物资不多，并且价格很高，建议带充足的水和食物。2、山顶常年温度较低，可以自备御寒衣物，也可以在山顶租军大衣和帐篷，通常租的数量多价格会有优惠。3、登山装备建议以轻便为主，准备好电量充足的手电筒，准备好防晒防虫措施，因山路风较大，不建议带伞。可准备雨衣等物品应对。4、从红门到南天门要花近5个小时左右，南天门到玉皇顶是自然景观和人文景观交相辉映的代表。可以在观日峰或瞻鲁台看日出。5、节假日前来登山的人非常多，如果条件允许尽量错峰出行。6、夜爬的出发时间不宜过早，不然提早太多到达山顶，等待起来会比较痛苦。,1
泰安地下龙宫（原泰山大裂谷）Tai'an Underground Dragon Palace (Formerly Taishan Rift Valley),http://travel.qunar.com/p-oi7469048-taiandixialonggong,"

地址:
泰安市泰山区邱家店镇镇崇文路泰安第十三中学对面宝泰隆旅游区


电话:
400-118-5678


官网:
http://www.tsbaotailong.com

",泰山宝泰隆旅游度假区是由泰安市宝泰隆泰山地下大裂谷旅游开发有限责任公司投资15亿元开发的大型综合旅游度假区。度假区地处泰山脚下、汶水之畔，北依省会泉城济南，南邻孔子故里曲阜，处于“好客山东”山水圣人旅游热线的核心位置。度假区总占地128万平方米，以地下漂流观光与地上休闲娱乐为主题，有溶洞漂流、裂谷探险、温泉疗养、候鸟放飞、驯化推广、石敢当文化展示等项目，产品涵盖观光娱乐、休闲度假、餐饮购物、文化体验、特色演出等五大模块，是集吃、住、行、游、购、娱于一体的大型综合性绿色环保休闲度假区。泰山地下大裂谷与亿万年形成的喀斯特溶洞紧密相连，整体观光长度达6000余米，洞内钟乳石、石花、石柱、石笋、石幔、石瀑遍布其中，形成了一幅幅神奇与美妙的画卷，洞内依托丰富的地下水资源，打造的4000米地下暗河漂流，是迄今为止最长的地下河漂流，水道蜿蜒曲折，惊险刺激。 泰山地下大裂谷，是泰山和徂徕山两座山脉的断裂带，已开发长1300多米，深达数百米，大自然的鬼斧神工和无穷造化，形成了震撼人心的地质奇观。大裂谷共有4000多只天鹅、丹顶鹤等珍稀鸟类，可在园区内观赏候鸟。度假区内大型的自然湿地，环绕整个景区，在湿地水系上建设的水上高尔夫练习场更是集运动、健身、休闲、娱乐为一体的特色旅游项目。,国庆节 08:00-17:00;10/8-3/31 08:30-17:00,https://img1.qunarzz.com/travel/poi/1408/26/a707812640938049ffffffffc8d65eac.jpg_480x360x95_3e0119d7.jpg,4.4,建议游览时间：2小时 - 3小时,,泰安地下大裂谷观光门票（地上湿地观光+地下裂谷观光+地下溶洞观光+放飞岛候鸟观光+东海龙宫观光） ；内部娱乐设施单收费,,1
十八盘Shiba Pan (Eighteen Bends),http://travel.qunar.com/p-oi5741288-shibapan,"

地址:
泰安市泰山区红门路54号泰山风景名胜区内(对松山与南天门之间)


电话:
0538-96008888,0538-8066606

",十八盘之于泰山，正如八达岭之于长城；兵马俑之于西安，它是泰山登山盘路中较险要的一段，也是泰山的主要标志之一，更是泰山很值得走一走的景点。从对松山谷底至南天门的山路统称为“十八盘”，共有1600多级台阶。前393级称慢十八盘；中767级为不紧不慢十八盘；后473级为紧十八盘。当地有“紧十八，慢十八，不紧不慢又十八”的顺口溜。三个十八盘，不足一公里，垂直高度却有400余米，坡度约70-80度，约爬2个多小时，它的陡峭可想而知。两旁山崖壁如削去了一块，陡峭的盘路镶嵌其中，远远望去，恰似天门云梯。游客过了对松山，就是十八盘的开始，盘路劈山而进，此处两侧山崖东为飞龙岩，西为翔凤岭，其壁似削，非常险峻。在十八盘的山路两边设有攀援铁索，方便于游客攀爬。一路上近一点可见泉水淙淙，花木依石而生。远一点，可见到青山迭翠，山石在云中嵯峨。还有盘路两旁的松柏树铁干龙虬，植根石罅，与峭壁结伴而立，伸枝高扬者，似展翅欲飞。而石壁谷两侧还有“天门长啸”、“层崖空谷”、“天门云梯”、“如登天际”等石刻。攀爬十八盘需全神贯注，整个过程犹如“前人踩着后人的脑袋，后人顶着前人的脚板”的感觉，非常艰辛。,包含于泰山景区，泰山景区全天开放，景点开放时间详见景区现场公示。,https://tr-osdcp.qunarzz.com/tr-osd-tr-mapi/img/41c9c44b7c3ba2a725039c1648cc48e2.jpg_480x360x95_e0ffc273.jpg,4.7,建议游览时间：2小时 - 3小时,每年4月—11月为最佳观赏时间。无论是登顶看日出，半途观古树，还是雪后赏雾凇，都是很不错的选择。推荐避开人多的小长假。,{'【济南私家包车1日游】舒适出行·不赶时间·1单1团·不拼车\n\n': ['¥698起']},1、十八盘以陡峭著称，建议登山者们备一根登山杖，减少膝盖损伤。2、在十八盘的开始和结尾（即南天门）会有租军大衣的，选择夜爬的登山者们要注意保暖。3、夜爬泰山最容易出危险的就是在十八盘，所以建议最好备一个小手电为好。4、如果体力有限，下山时可选择在南天门坐缆车下至中天门。中天门索道票价：单程100元。,1
岱庙Dai Temple,http://travel.qunar.com/p-oi710634-daimiao,"

地址:
泰安市泰山区东岳大道


电话:
0538-8261038


官网:
http://www.daimiao.cn/

",岱庙位于泰山南麓、泰安市内，始建于秦汉，是古代历朝帝王奉祀泰山神、举办祭祀大典的地方，也是有名的道教名地。岱庙的建筑群规模宏大，与北京故宫、山东曲阜三孔、承德避暑山庄，并称中国四大古建筑群。如今这里完好地保存着巍峨的宫阙，可以欣赏到宋代巨幅壁画以及众多古代碑刻。整个岱庙是按照古代帝王的宫城形制而营造的，高筑的城堞、宏伟的殿宇，处处彰显着古代的庙宇的气派。由南向北进入岱庙，可依次经过遥参亭、岱庙坊、正阳门、配天门、仁安门等主要建筑，然后到达天贶殿。其中高大的正阳门是进入岱庙的正门，古时候只有帝王才能从此门进入。天贶殿是岱庙的核心建筑，为东岳大帝的神宫，殿内供奉着泰山神（即东岳大帝）。殿内北、东和西三面墙壁上绘有宋代巨幅壁画《泰山神启跸回銮图》，描绘了泰山神出巡的浩荡场面，画中人马千姿百态，造型生动逼真，该题材的绘画全国仅此一幅。进入天贶殿需先在门口买鞋套，而壁画是不能拍照的。岱庙内如今存有历代碑碣石刻三百余通，因此有“岱庙碑林”之称，是欣赏书法的名地。你可以看到中国现存早期的刻石——秦代李斯小篆碑，此刻石是秦二世胡亥下诏书、由丞相李斯以小篆字体书刻制成的，至今已有2200多年的历史，为珍贵的珍宝。另外还有汉代隶书风格的代表作“张迁碑”、“衡方碑”，有晋代三大丰碑之一的“孙夫人”碑、形制特异的唐代“双束碑”等珍贵古迹。此外，岱庙内树木苍翠、大树参天，环境十分优美。其中不乏一些珍贵的古树，尤其是历经几千年风雨沧桑的“汉柏”、“唐槐”，为岱庙古树名木之一。汉柏院内有五株古柏，相传为汉武帝东封时所植，如今虽已肤剥心枯，却新枝继生。院内还存有几十块历代碑碣，仅乾隆皇帝登岱传作的就有26块。岱庙后院的东西两侧还建有铜亭和铁塔各一座，均为明代古迹，是从泰安的其他地方移至此地。其中铜亭又名“金阙”，较早置于泰山顶碧霞祠内，技艺高超的古代工匠将该亭以仿木结构的形式装配而成，可谓巧夺天工。景区内可提供导游服务，如果对古迹兴趣浓厚，这里还是比较值得请个导游讲解一下的。另外，景区门口有一排卖纪念品的小商店，店家一般可以帮忙照看普通行李，收费不高。,3月1日-4月30日7:50-17:30，5月1日-8月30日7:50-18:00，9月1日-10月31日7:50-17:30，11月1日-次年2月28日7:50-17:00。,https://img1.qunarzz.com/travel/d9/1806/e5/ffcefc9c401964b5.jpg_480x360x95_d1911eb8.jpg,4.7,建议游览时间：2小时 - 3小时,,"{'岱庙手机智能语音讲解服务大小同价\n\n': ['¥0.5起'], '泰安岱庙半日游【2H深度讲解/可选上下午场/十人小团/含门票预约】\n\n': ['¥108起'], '【济南私家包车1日游】舒适出行·不赶时间·1单1团·不拼车\n\n': ['¥698起']}",,1
南天门Nantian Gate,http://travel.qunar.com/p-oi5741305-nantianmen,"

地址:
泰安市泰山区红门路54号泰山风景名胜区内


电话:
0538-96008888,0538-8066606

",南天门位于泰山十八盘的尽头，是登山盘道顶端，此处双峰夹峙，仿佛天门自开。由下仰视犹如天上宫阙，所以取仙境场所命名。穿过南天门就是泰山山顶，登山行程正式完成.南天门分上下两层。下层为拱形门洞，上镶石匾额“南天门”，两侧镶石刻对联：“门辟九霄仰步三天胜迹，阶崇万级俯临千嶂奇观。”上层建摩空阁，门上石匾额“摩空阁”，白地贴金红墙衬托，与黄琉璃瓦顶相辉映，更显巍峨壮观。,全天开放,https://img1.qunarzz.com/travel/d3/1704/4c/ce75e7b84ff71db5.jpg_480x360x95_59d63dea.jpg,4.6,建议游览时间：1小时,每年4月—11月为最佳观赏时间。无论是登顶看日出，半途观古树，还是雪后赏雾凇，都是很不错的选择。推荐避开人多的小长假。,包含在泰山风景区内，通用于泰山风景区门票。,,1
万仙楼（望仙楼）,http://travel.qunar.com/p-oi7587745-wanxianlou,"

地址:
泰安市泰山区红门路54号泰山风景名胜区

",万仙楼下层是石砌拱形门洞，高3.4米，宽2.9米，石额南刻“万仙楼”，北刻 “谢恩处”。整个下层东西宽17.4米，进深13.65米，高4.4米。门东砌为隐真洞， 深1.76米，高1.95米，宽0.9米。万仙楼上层建在下层顶台偏北处，面阔3间13米，进深6.3米，通高11米，三柱 七檩五架梁，重梁起架，黄琉璃瓦九脊歇山顶，前为重檐双步廊式。檐下施影作斗 拱，一斗二升交麻叶头，枋檩额上遍饰墨线大点金彩绘。殿墙下部四周镶满明代朝 山进香施财合山会题名碑63块。下层东北角有石阶与上层相通。,全天,https://img1.qunarzz.com/travel/d2/1710/a6/60396bdfb88e4ab5.jpg_480x360x95_d9e2c730.jpg,5.0,建议游览时间：0.5小时 - 3小时,,凭学生证半价。,,1
扇子崖Fanziya,http://travel.qunar.com/p-oi5741300-shanziya,"

地址:
泰安市泰山区泰山景区内


电话:
0538-96008888,0538-8066606

",扇子崖位于泰山西溪西侧，因此处奇峰高耸，行如扇面而得名。“俯临鬼谷幽，旁倚丈人峻”写出了扇子崖的巍峨与险峻。当年吴承恩进京赶考，路过扇子崖被扇子崖的风景打动受到启发，把这里的许多景物都写进了自己的故事里，《西游记》里面铁扇公主的扇子，傲徕国原址傲来峰，还有魔王洞、狮驼岭、石猴观海等都来自这里。,全天开放,https://tr-osdcp.qunarzz.com/tr-osd-tr-manager/img/3549fe904364b8b701e7612e146dba2c.jpg_480x360x95_12728f6e.jpg,4.8,建议游览时间：1小时,每年4月—11月为最佳观赏时间。无论是登顶看日出，半途观古树，还是雪后赏雾凇，都是很不错的选择。推荐避开人多的小长假。,包含在泰山景区内，通用泰山景区门票。,,1
桃花源,http://travel.qunar.com/p-oi5741290-taohuayuan,"

地址:
山东省泰安市岱岳区


电话:
538-8066077


官网:
http://www.mount-tai.com.cn/3301.shtml

",泰山桃花源位于泰山西麓，古时因桃花满峪谷而得名。相传，古时桃花源的桃树甚多，从山坡到山顶，众多桃树自早春3月至4月次第开放，红成一片，因此古人又称此地为“红雨川”。泰山桃花源峪谷中满山草药，遍地是宝。最令桃花源扬名增色的是闻名遐尔的泰山赤鳞鱼，它们出没于石隙水藻之间，身影灵巧轻盈，摇曳多姿。桃花源因溪清潭深，僻远幽绝，水质尚未污染，含氧最高、矿物质少、硬度低，成为泰山赤鳞鱼的繁衍盛地、金 、银、铁、草等四个不同品种的赤鳞鱼均在此生息。泰山桃花源的溪...泰山桃花源位于泰山西麓，古时因桃花满峪谷而得名。相传，古时桃花源的桃树甚多，从山坡到山顶，众多桃树自早春3月至4月次第开放，红成一片，因此古人又称此地为“红雨川”。泰山桃花源峪谷中满山草药，遍地是宝。最令桃花源扬名增色的是闻名遐尔的泰山赤鳞鱼，它们出没于石隙水藻之间，身影灵巧轻盈，摇曳多姿。桃花源因溪清潭深，僻远幽绝，水质尚未污染，含氧最高、矿物质少、硬度低，成为泰山赤鳞鱼的繁衍盛地、金 、银、铁、草等四个不同品种的赤鳞鱼均在此生息。泰山桃花源的溪中之水源是由三条清澈的溪水汇流成的，一是上桃峪来水，另一是龙角山来水，再就是雁群峪来水。这3条溪水在桃花源合而为一，缘溪而下，所以桃花源溪水不仅平时水量大，就是逢旱年亦不断流。这在泰山是十分难得的，是名副其实的“桃花源”。,全天,https://img1.qunarzz.com/travel/poi/201407/22/8bae2e272115ca07c8d65eac.jpg_480x360x95_9d1692ef.jpg,5.0,建议游览时间：1小时 - 2小时,,学生凭学生证或者60岁以上老年人凭证享受半价；现役军人、革命伤残军人、残疾人、儿童（1.2米以下）、70岁以上老年人免费,,1
泰山西湖Taishan West Lake,http://travel.qunar.com/p-oi35769438-taishanxihu,,泰山西湖位于泰安市岱岳区，水域面积达3.6平方公里，既是天然蓄水库，又是野生动植物的繁殖与栖息地。景区建设保留了原有河道，通过文化长廊与山水环境相结合，增加了水体交换能力，营造湿地生态系统。,,,4.7,,,,,1
黑龙潭Heilong Pool,http://travel.qunar.com/p-oi10000015-heilongtan,"

地址:
泰安市泰山区泰山西溪百丈崖


电话:
0538-96008888

",在泰山西溪百丈崖，瀑布常年倾泻，冲击崖下成潭，传说此潭与东海相通，有龙自由来去，故名“黑龙潭”。“龙潭飞瀑”是泰山西溪名胜之一，观潭上瀑布溅起水花无限，引人也生处无限遐思。黑龙潭看着面积不大，但是下面深不见底，所以夏天即使再热也不要轻易去黑龙潭游泳戏水，会很危险。,全天开放,https://tr-osdcp.qunarzz.com/tr-osd-tr-space/img/337798bd4908d5beddffaf982b3438e3.jpg_480x360x95_e3010ac3.jpg,4.8,建议游览时间：1小时 - 2小时,,包含在泰山景区门票内，通用于泰山景区门票。,,1
水浒影视城Water Margin Movie and Television City,http://travel.qunar.com/p-oi8674752-shuihuyingshicheng,"

地址:
泰安市东平县东平湖景区


电话:
0538-2836656

",水浒影视城是80集新版《水浒》拍摄基地，是山东省水浒之旅旅游带上的重要景点，主要建设了府邸衙门、英雄府院、街区铺面、市井商家、酒楼茶肆、宗教寺庙、牢城营、紫石街、水街、王爷府、太师府、太尉府、樊楼、瓮城、御龙坊、东京汴梁御道等仿宋代建筑，古风浓郁，工艺精湛，细致逼真，营造了北宋时期特定的历史氛围。在完成80集电视连续剧新版《水浒》的拍摄后，又陆续开拍了《剑侠情缘》、《卜案》、《刑名师爷》、《楚留香新传》等，水浒影视城已成为集文化体验、风情展示、休闲度假、影视拍摄、游客集散于一体的综合性旅游服务区，极大地提高了东平旅游的接待能力和服务水平。,09:00-17:00 5月1日起，营业时间为9:00-21:00,https://img1.qunarzz.com/travel/d3/1604/1f/06812bbdc09ebaf7.jpg_480x360x95_d8be21b1.jpg,4.1,建议游览时间：2小时 - 3小时,,"{'东平水浒影视城电子导览服务大小同价\n\n': ['¥9起'], '【济南私家包车1日游】舒适出行·不赶时间·1单1团·不拼车\n\n': ['¥698起']}",切勿破坏影城内设施。,2
中天门Zhongtianmen,http://travel.qunar.com/p-oi722278-zhongtianmen,"

地址:
泰安市泰山区东岳大街48号


电话:
0538-96008888,0538-8222606

",中天门是泰山登山东、西两路的交汇点，也是盘山公路终点。此处为登顶半程，上下必经之地。中天门建于清，为两柱单门式石坊。泰山古时多虎，古人在坊北建庙祀黑虎神，现庙内塑财神赵公元帅执鞭跨虎，东为仿古茶楼，西南为中溪宾馆，西北为中天门索道站。中天门身处峡谷，周围景色壮美，峻岭阔谷，楼阁簇拥。东有中溪山突兀俏丽，可观日出，望晚霞；西有凤凰岭蜿蜓伸展，可远眺傲徕雄姿，俯视城廓新貌。伫立坊下，北瞻巍巍岱峰，众山拱立，林茂泉飞，缆车凌空，天然成画。游人经过下半段的山途跋涉，至此已升“中天”，无不心旷神怡。,包含于泰山景区，泰山景区全天开放，景点开放时间详见景区现场公示。,https://img1.qunarzz.com/travel/d8/1508/b7/aeee4eba5b2af6.jpg_480x360x95_4aa6ae89.jpg,4.5,建议游览时间：1小时,,"{'泰山风景区一日游【趣味讲解/上门接/美食/含车票】\n\n': ['¥260起'], '泰山风景区+天外村+十八盘+南天门+玉皇顶+日观峰一日游【趣味讲解，纯玩无购物】\n\n': ['¥289起'], '济南出发泰山风景区纯玩一日游 2-6人小包团 2人就发Y\n\n': ['¥400起']}",,2
日观峰Riguan Peak,http://travel.qunar.com/p-oi5741296-riguanfeng,"

地址:
泰安市泰山区泰山景区内


电话:
0538-96008888,0538-8066606

",日观峰位于玉皇顶东南，古称介丘岩，因可观日出而名。相传在峰巅西可望秦，南可望越，故又称秦观峰、越观峰。观日长廊全长30米，亭廊衔接，似仙阁矗立，鲜艳夺目。拱北石又名观海石。石长6.5米，北西8度，与地面夹角30度。登临其上可尽赏旭日升场面。李兴祖诗：才听天鸡报晓声，扶桑旭日以初明。苍茫海气连云动，石上游人别有情。,全天开放；分时预约进山，详情请可提前电话咨询景区。,https://tr-osdcp.qunarzz.com/tr-osd-tr-mapi/img/66e8f665cd8758ed8e3db0533474d6da.jpg_480x360x95_ce289c80.jpg,4.8,建议游览时间：1小时 - 2小时,每年5月-10月为最佳观赏时间。此时气温较为适宜，登顶观日出不会太过寒冷。,包含在泰山风景区内，通用于泰山风景区门票。,,2
天街Tian street,http://travel.qunar.com/p-oi5741294-tianjie,"

地址:
泰安市泰山区泰山风景区内


电话:
0538-96008888,0538-8066606

",天街，顾名思义就是天上的街市。天街位于岱顶，西起南天门，东止碧霞祠，全长0.6公里。这里不仅风景优美，而且买卖兴隆，商铺林立，亦市亦街，形成了特有的风俗，是国内“十大特色市场”之一。进了南天门再上两层台阶就是天街，天街自古以来就似悬在天上的一条街市。古代的香客，现在的游人都对这条街存有深刻的印象。天街上布满了宾馆、饭店、商铺。据记载，天街从清代就开始繁华，当时的一些店铺老板用实物作为招牌，有笊篱家、葫芦家、双斗家等等。这些店规模大点的有五、六间房，小的仅一、二间，白天卖香火元宝，晚上供香客住宿。 天街石坊向东路北，为乾隆行宫及唐代文学家苏源明读书处旧址。街北侧均为以后改建的仿古建筑，街南面筑起了一条长长的石栏，游客凭栏可远眺中天胜景，泰城夜色。走进天街无论购物还是观景，都是十分惬意的。,具体开放时间请咨询景区,https://img1.qunarzz.com/travel/poi/201407/10/9275f186ae980324c8d65eac.jpg_480x360x95_a9633b47.jpg,4.5,建议游览时间：1小时 - 2小时,,"{'泰山风景区+天外村+十八盘+南天门+玉皇顶+日观峰一日游【趣味讲解，纯玩无购物】\n\n': ['¥289起'], '济南出发泰山风景区纯玩一日游 2-6人小包团 2人就发Y\n\n': ['¥400起'], '山东旅游 泰山（观日出）纯玩两日游 含环山车+宿山顶\n\n': ['¥679起']}",1、夜爬的游客们可以自带帐篷，在天街等待日出，但要小心财物2、天街上食物和商品价格都比较贵，并且不值，荷包不鼓的同志们切记自备干粮啊。3、想要看到绝美的日出，走到天街是远远不够的，要接着往上走，走到日观峰或者天烛峰，大约需要40分钟。4、附近有“象鼻峰”、“白云洞”、“青云洞”、“孔子崖”、“孔子庙”、“北斗台”、“斯碑岩”等景点可供游览。,2
玉皇顶Yuhuang Ding,http://travel.qunar.com/p-oi5741309-yuhuangding,"

地址:
泰安市泰山区红门路54号泰山风景名胜区内


电话:
0538-96008888

",玉皇顶位于碧霞祠北，旧称太平顶，又名天柱峰，是泰山主峰之巅。因峰顶有玉皇庙而得名，为泰山绝顶，海拔1545米，气势雄伟，拔地而起。玉皇庙位于玉皇顶上，古称太清宫、玉皇观，始建年代现已不可考，明成化年间重修。主要建筑有玉皇殿、迎旭亭、望河亭、东西配殿等。东亭可望“旭日东升”，西亭可观“黄河金带”两大泰山奇观。玉皇庙殿内有铜像，神龛上匾额题“柴望遗风”，说明远古帝王曾于此燔柴祭天，望祀山川诸神。殿前有“极顶石”，标志此地是泰山的高点。极顶石西北有“古登封...玉皇顶位于碧霞祠北，旧称太平顶，又名天柱峰，是泰山主峰之巅。因峰顶有玉皇庙而得名，为泰山绝顶，海拔1545米，气势雄伟，拔地而起。玉皇庙位于玉皇顶上，古称太清宫、玉皇观，始建年代现已不可考，明成化年间重修。主要建筑有玉皇殿、迎旭亭、望河亭、东西配殿等。东亭可望“旭日东升”，西亭可观“黄河金带”两大泰山奇观。玉皇庙殿内有铜像，神龛上匾额题“柴望遗风”，说明远古帝王曾于此燔柴祭天，望祀山川诸神。殿前有“极顶石”，标志此地是泰山的高点。极顶石西北有“古登封台”碑刻，证明这里是历代帝王登封泰山时的设坛祭天之处。玉皇顶傲视群雄，亭立峰巅，极目四望，确有“一览众山小”之感。现在，玉皇顶已成为登泰山观看日出的地，是人们登高望远、凭眺祖国大好河山的地方。,包含于泰山景区，景点开放时间详见景区现场公示。,https://img1.qunarzz.com/travel/poi/201408/11/5d3b0e58f7b30001c8d65eac.jpg_480x360x95_46b60a16.jpg,4.7,建议游览时间：2小时 - 3小时,春秋两季最佳。此期间内气候适宜，山间美景绝佳，登顶观日出不会太过寒冷。,"{'泰山风景区+天外村+十八盘+南天门+玉皇顶+日观峰一日游【趣味讲解，纯玩无购物】\n\n': ['¥289起'], '济南出发泰山风景区纯玩一日游 2-6人小包团 2人就发Y\n\n': ['¥400起'], '【泉城济南/独尊泰山/圣城曲阜】济南趵突泉景区+泰山风景区+曲阜三孔景区3日2晚跟团游\n\n': ['¥980起']}",1.看日出记得带厚外套，即使是夏天，在山顶的清晨还是很冷的，如果实在没带也可以上山之后再租一件军大衣，10-15元/件。2.可以从晚上10点左右开始爬山，路上人很多不用担心安全问题，沿路有卫生间和小卖部，灯火通明，大概早上4点就可以到山顶，这个时候就正好可以歇一会儿开始看日出了。3.带好补充体力的食品，良好的体力是登山的保证。4.晚上也可以在山上住宿，游客早晨最好起得早一点去看日出，不然占不到好位置。,2
东平湖,http://travel.qunar.com/p-oi707752-dongpinghu,"

地址:
山东省泰安市东平县


电话:
0538-2850885

",水浒的故事在中国可谓家喻户晓，而东平湖一带就是“八百里梁山水泊”的原型。东平湖三面环山，景色优美，风光秀丽，素有“小洞庭”之称。东平湖中的土山岛，有唐代所建洄源亭和明代建筑藏梅寺遗址，也是梁山七英雄智取生辰纲后活动的地方。,"东平水浒影视城 8:00-17:30
 东平湖聚义岛 8:00-17:30
 东平湖文秀大剧场 14:30-16:00",https://img1.qunarzz.com/travel/poi/201211/15/23c4b7b67c65aac9ddb12cfb.jpg_480x360x95_3cf37577.jpg,4.3,,夏秋两季。,80元,建议乘船游览，别有一番滋味,2
碧霞祠Azure Cloud Temple,http://travel.qunar.com/p-oi5741308-bixiaci,"

地址:
泰安市泰山景区内


电话:
18605385563


官网:
http://www.bixiaci.org/

",碧霞祠位于岱顶，是泰山女神碧霞元君祠宇，始建于宋大中祥符二年(公元1009年)，整组建筑巍峨严整，气势恢宏，又原因处在山顶，所以宛若天上宫阙。碧霞元君，俗称泰山娘娘，是泰山主奉的女神，每年前往泰山朝拜碧霞元君的善男信女络绎不绝，香火旺盛，为全国道教重点开放宫观之一。碧霞祠具特色的是主体建筑碧霞元君殿，殿顶由360垅铜瓦组成，以“象周天之数”，明朗的铜瓦在阳光的照射下金光四射，增添了许多神秘气氛。殿内供碧霞元君鎏金铜像，悬有清代雍正、乾隆皇帝分别御书的“福...碧霞祠位于岱顶，是泰山女神碧霞元君祠宇，始建于宋大中祥符二年(公元1009年)，整组建筑巍峨严整，气势恢宏，又原因处在山顶，所以宛若天上宫阙。碧霞元君，俗称泰山娘娘，是泰山主奉的女神，每年前往泰山朝拜碧霞元君的善男信女络绎不绝，香火旺盛，为全国道教重点开放宫观之一。碧霞祠具特色的是主体建筑碧霞元君殿，殿顶由360垅铜瓦组成，以“象周天之数”，明朗的铜瓦在阳光的照射下金光四射，增添了许多神秘气氛。殿内供碧霞元君鎏金铜像，悬有清代雍正、乾隆皇帝分别御书的“福绥海宇”、“赞化东皇”巨匾，殿之东西各建配殿三间，铁瓦覆顶，分别奉送子与眼光娘娘铜质铸像。,具体开放时间请咨询景区,https://img1.qunarzz.com/piao/fusion/2104/51/cdbeb2a07492eb02.jpg_480x360x95_3a6d9f6d.jpg,4.7,建议游览时间：1小时 - 2小时,每年4月—11月为最佳观赏时间。无论是登顶看日出，半途观古树，还是雪后赏雾凇，都是很不错的选择。推荐避开人多的小长假。,"{'济南出发泰山风景区纯玩一日游 2-6人小包团 2人就发Y\n\n': ['¥400起'], '泰山风景区+天外村+十八盘+南天门+玉皇顶+日观峰一日游【趣味讲解，纯玩无购物】\n\n': ['¥289起'], '【泉城济南/独尊泰山/圣城曲阜】济南趵突泉景区+泰山风景区+曲阜三孔景区3日2晚跟团游\n\n': ['¥980起']}",,2
云步桥Yunbu Bridge,http://travel.qunar.com/p-oi5741295-yunbuqiao,"

地址:
泰安市泰山区红门路54号泰山风景名胜区内


电话:
0538-96008888,0538-8066606

",云步桥在快活三里北首，是跨中溪而建的一座单孔拱形石桥，原名雪花桥。桥北大壑临断崖，飞瀑直下，景色，是游人驻足小憩的天然所在。东有清代建的“酌泉亭”一座，亭为石作，内外镌满楹联和诗文，游人可从这些石刻中，领略伟大的中华精神，升华心灵世界。,全天开放,https://img1.qunarzz.com/travel/poi/201408/08/324c3f02866d990dc8d65eac.jpg_480x360x95_a8ed16e6.jpg,4.5,建议游览时间：1小时,每年4月—11月为最佳观赏时间。无论是登顶看日出，半途观古树，还是雪后赏雾凇，都是很不错的选择。推荐避开人多的小长假。,{'济南出发泰山风景区纯玩一日游 2-6人小包团 2人就发Y\n\n': ['¥400起']},,2
斗母宫Doumu Palace,http://travel.qunar.com/p-oi5741298-doumugong,"

地址:
泰安市泰山区泰山风景区东路幽区龙泉峰下


电话:
0538-96008888,0538-8066606

",斗母宫位于万仙楼北，古名“龙泉观”。创建时间无考，明嘉靖二十一年重建后更今名。原为道教宫观，清康熙初年尼姑主持，祀北斗众星之母，遂更名斗姥宫。宫内殿阁亭廊几十间，分别座落在三进院落之中，布局疏密得宜，建筑深秀庄严。东有“听泉山房”三间，可观赏中溪的“三潭叠瀑”。西山门外有古槐巨枝伏地，如卧龙翘首，俗称“卧龙槐”。此处，重峦深涧，风景如画，红墙碧瓦，泉以涤心，古刹钟声，幽雅动人，自古便是听泉、观瀑、品茗、赏景的胜地。,全天开放,https://tr-osdcp.qunarzz.com/tr-osd-tr-manager/img/594809f5e7718b989db8def131079f72.jpg_480x360x95_cb22e2ab.jpg,4.4,建议游览时间：1小时,,包含在泰山风景区内，通用于泰山风景区门票。,,2
天烛峰Sky Candle Peak,http://travel.qunar.com/p-oi5741306-tianzhufeng,"

地址:
泰安市泰山区泰山风景区内


电话:
0538-96008888,0538-8066606

",天烛峰位于九龙岗南崖上，两座峰相距不远、隔涧相望、形状近似巨烛的山峰，分别被称为大天烛峰、小天烛峰。大、小天烛峰附近是泰山欣赏古松的所在，后石坞古松园就在这里，还有三池碧水。南为鉴池，传说为元君梳洗映容之处，又名玉女洗头盆，北为凤凰池，东北为饮虎池。大天烛峰下为溪里峪，旧传有魔女坐化于此，又名风魔溪，溪中有天烛瀑。小天烛峰一柱状孤峰从谷底霍然拔起，高耸似烛，峰端的劲松，宛若烛焰燃烧，因此称“烛焰松”。小天烛峰以东还有一座柱状山峰，比小天烛峰雄浑粗...天烛峰位于九龙岗南崖上，两座峰相距不远、隔涧相望、形状近似巨烛的山峰，分别被称为大天烛峰、小天烛峰。大、小天烛峰附近是泰山欣赏古松的所在，后石坞古松园就在这里，还有三池碧水。南为鉴池，传说为元君梳洗映容之处，又名玉女洗头盆，北为凤凰池，东北为饮虎池。大天烛峰下为溪里峪，旧传有魔女坐化于此，又名风魔溪，溪中有天烛瀑。小天烛峰一柱状孤峰从谷底霍然拔起，高耸似烛，峰端的劲松，宛若烛焰燃烧，因此称“烛焰松”。小天烛峰以东还有一座柱状山峰，比小天烛峰雄浑粗壮一些，即为大天烛峰。小天烛峰下有一湾，名洗鹤池，过去常有松鹤歇憩嬉戏之中。双峰西南方附近的天空山下，是的道教庙宇景观群，老君庙、元君庙、元君墓、灵异泉、莲花洞、玉女修真处等都坐落在此。从泰山天烛峰景区到山顶的后石坞景区，是泰山原始和古朴的登山路线，也是自然景观集中、优美的一条路线。这里山峰险峻，山谷幽深，奇松怪石遍布，山泉、溪流、瀑布随处可见，除了登山盘道外，很少有人工开凿的痕迹，以前人迹罕至，充满了自然的原生野趣，优美的自然风光可与黄山、张家界比美，所以人们称之为泰山的奥区。游人置身其中如在画中，所以又称为泰山的“十里画廊”，是喜欢探险游、自助游的佳路线。,全天开放,https://img1.qunarzz.com/travel/d5/1810/7c/4b4e858434f804b5.jpg_480x360x95_bea2bed1.jpg,4.7,建议游览时间：2小时 - 3小时,每年4月-11月游玩最为适宜。景区树木葱翠，山色如画，适宜登山游玩。,包含于泰山风景区内，通用泰山风景区门票。,,2
后石坞Houshi Dock,http://travel.qunar.com/p-oi5741304-houshiwu,"

地址:
泰安市泰山区红门路54号泰山风景名胜区内


电话:
0538-96008888,0538-8066606

",后石坞在玉皇顶东北，途经八仙洞、乱石沟。石坞内有独足盘、元君庙、九龙岗诸景点。后石坞为泰山六区中的“奥区”，其地峰险谷深，幽奥无穷。今存碑碣14块，题刻34处。后石坞处处生长着千姿百态的古松，有的侧身绝壁，有的屈居深壑，有的直刺云天，有的横空欲飞。山风劲吹，松涛阵阵，山峦回响，使岱阴越发险而奥，幽而奇。著名的姊妹松、卧虎松、卧龙松、烛焰松都在附近。,全天开放,https://tr-osdcp.qunarzz.com/tr-osd-tr-manager/img/71ae16f7b14fbd5416f4baed0ab89e46.jpg_480x360x95_9f4c71b9.jpg,4.8,建议游览时间：3小时,每年4月—11月为最佳观赏时间。无论是登顶看日出，半途观古树，还是雪后赏雾凇，都是很不错的选择。推荐避开人多的小长假。,包含与泰山景区门票内,,3
刘台桃花源风景区Liutai Taohuayuan Scenic Area,http://travel.qunar.com/p-oi703695-liutaitaohuayuanfengjing,"

地址:
泰安市肥城市仪阳镇刘台村


电话:
0538-3187779

",肥城刘台桃花源风景区是肥城10万亩桃花的精品园，总面积20000亩，其中桃园12000亩，景区沟壑纵横，自然地貌奇特，桃林漫山遍野，花海层次分明。刘台桃花源风景区作为肥城市桃花旅游的主要景区之一，先后承担了12届桃花节开幕式和肥桃采摘节，经济社会旅游效益良好。春暖花开，正式赏花时节，桃花枝头摇曳，笑东风，来肥城，赏花踏青！,全年 全天开放,https://img1.qunarzz.com/travel/poi/1412/d2/d25b66cd8a745074cdb.jpg_480x360x95_f6fbb045.jpg,4.1,建议游览时间：12小时 - 3天,4月桃花盛开，肥城举办一年一度的肥城桃花节，为最佳旅游时间。,"{'肥城市刘台桃花源景区门票成人票\n\n': ['¥28.8起'], '肥城市刘台桃花源景区电子导览服务大小同价\n\n': ['¥7起']}",推荐游览路线1、刘台桃花源风景区游客服务中心——园林式景观门——农家乐一条街（农家乐餐馆）——麻姑献寿——景区商业街——桃花谷——桃源；2、门——仙女奉母池——踩福路——寒香亭——增寿台——金钱路——财运桥——官运桥——桃花运桥（结缘桥）——思源塔——观花亭——七仙潭——九龙泉——桃源；3、花溪——滑草——滑索——华东抗战地道——桃源山庄牌坊——农家庄园——民俗博物馆。,3
岱宗坊Daizongfang Arch,http://travel.qunar.com/p-oi7527165-daizongfang,"

地址:
泰安市泰山区岱庙北街


电话:
0538-96008888

",岱宗坊是一座流传有许多美丽的神话的四柱三间式古代牌楼。它始建于明朝隆庆年间，位泰山岱庙北门外，是泰山东路登山之门户。额题篆书“岱宗坊”三个金色大字，有标志导向作用。坊前分立《重修岱宗坊记》和《重修泰山记》。坊北原有三皇庙，祠伏羲、神农、黄帝，还配以八蜡神。两庙都在中华人民共和国成立前后拆毁，1979年在其旧址上修建军了泰山宾馆及旅游机构。坊北为玉皇阁及白鹤泉故址。,全天开放,https://flight-feed.qunarzz.com/as3/288/image/poi_vishnu/af739cd4-e455-45e7-bda2-947b1b44463a.jpg,4.4,建议游览时间：0.5小时,四季皆宜，5-10月为山东旅游最佳时间。,免费,,3
腊山国家森林公园Lashan National Forest Park,http://travel.qunar.com/p-oi718933-lashanguojiasenlingong,"

地址:
泰安市东平县西山路64号文化产业园景区管委营销中心


电话:
0538-2553589

",腊山国家森林公园位于东平县东平湖西岸，内有腊山、六工山、昆山、金山四个景区，南北长30华里。有大小山峰72座，依山傍水，山清水秀，石险、洞幽、树奇，绿荫掩映，秀丽多姿，主峰腊山素有“小岱峰”之称，共有大小景点50余处，其中有名的有“三清宫”、“老虎洞”、“马跑泉”、“泰山行宫”、“玉皇殿”、“瞰湖厅”，各景点都有一定的历史出处或美丽的传说。从瞰湖厅放眼望去，烟波浩渺的东平湖尽收眼底，山势奇特，怪石兀立，松柏交错，奇松怪柏，或盘根石隙，或挺立绝壁，或倒挂悬崖，“柏上柏”、“柏内柏”、“龙吐柏”、“姊妹松”等堪称奇景。密密匝匝的山林，构成了腊山独特的自然景观。,9:00-18:00,https://img1.qunarzz.com/travel/poi/201408/11/41f4644e558b2171c8d65eac.jpg_480x360x95_e180d111.jpg,4.1,建议游览时间：2小时 - 3小时,春夏两季较为适宜，山间林木苍翠，是感受大自然的好去处。,{'泰安腊山国家森林公园电子导览门票大小同价\n\n': ['¥7起']},推荐游览路线云路桥——古戏台——民俗园——天地胜境坊——聚孝堂——宝藏库——道观家谱碑——祥龙观——云梯——药王庙——玉皇殿——老虎洞——一线天——台白描——龙王口——瞰湖亭——玉风岭,3
升仙坊Shengxian Stone Memorial Archway,http://travel.qunar.com/p-oi7561360-shengxianfang,"

地址:
泰安市泰山区泰山景区内


电话:
0538-96008888

",,全天开放,https://tr-osdcp.qunarzz.com/tr-osd-tr-mapi/img/6743a68f14b2d6fb4388268a25d57d1e.jpg_480x360x95_b2e73dc6.jpg,4.6,建议游览时间：1小时,,{'济南出发泰山风景区纯玩一日游 2-6人小包团 2人就发Y\n\n': ['¥400起']},,3
五岳独尊Wuyue Duzun,http://travel.qunar.com/p-oi7561356-wuyueduzun,"

地址:
泰安市泰山区泰山风景区内


电话:
0538-96008888

","“五岳独尊”景观石群，位于泰山极顶玉皇庙东南，海拔1545米。历经百年沧桑的“五岳独尊”四个字是正楷书体，系清光绪丁未年间（公元1907）年由玉构题书，摩崖高210厘米,宽65厘米,大字径55x42厘米。在其左侧有楷书“昂头天外”题刻。“五岳独尊”历来被视为显示泰山崇高地位的标志性赞语。新版人民币五元币的背面就是此图案。",全天开放。景区开放时间根据天气、人流量及不可抗力因素或有调整，详情请以景区当天现场公示为准。,https://img1.qunarzz.com/travel/poi/1803/2a/581aac6cacbfaa37.jpg_480x360x95_685112dc.jpg,4.8,建议游览时间：1小时,,包含在泰山风景区内，通用泰山风景区门票。,,3
王母池Queen Mother Pond,http://travel.qunar.com/p-oi5741293-wangmuchi,"

地址:
泰安市泰山区城区环山路东首


电话:
0538-5369568,0538-8224451

",王母池位于环山路东首，虎山之下，龙山水库南，古称群玉庵，又名瑶池。三国魏曹植有“东过王母庐，俯观五岳间”的诗句，唐李白也有“朝饮王母池，暝投天门阙”的吟咏，足见建庙历史之久远。王母池临溪而建，殿庑亭阁，参差座落在三层台基之上，红墙黑瓦掩映于苍松翠柏之中。分前后两院，前院有王母泉，泉水清澈甘洌，为冯玉祥先生1932年为解泰城居民饮水难所凿；后院为七真殿，殿内泥塑神情各异，栩栩如生。东为观瀑亭，西有老君堂，内陈列有唐代的“鸳鸯碑”。王母池虽规模不大，但年代久远，文化厚重，是喜欢和研究中国古文化者必访之地。,8:00-16:30,https://tr-osdcp.qunarzz.com/tr-osd-tr-mapi/img/45af7187ce0588f0a9f6a6d602e4e703.jpg_480x360x95_18625bf3.jpg,4.4,建议游览时间：1小时 - 2小时,,20元/人次,,3
石海Rock-block Field,http://travel.qunar.com/p-oi7561795-shihai,"

地址:
山东省泰安市泰山玉皇顶的北坡

",,全天,https://img1.qunarzz.com/travel/poi/1411/a1/a1ef5f3cdb2b7510cdb.jpg_480x360x95_f993dad0.jpg,4.0,建议游览时间：0.5小时 - 1小时,,免费,,3
五松亭,http://travel.qunar.com/p-oi7588748-wusongting,"

地址:
泰安市中天门北


电话:
0538-8066114

",亭面阔16.1米，进深6.05米，通高5.75米，建在四层条石垒砌的石基上，台基高10.4米。亭四柱五架梁七檩前廊式，重梁起架，檐柱为方形石柱，内柱为圆 形木柱，卷棚歇山顶，前后两面每间均装四隔扇门。亭两端也各开一门，装隔扇门四扉。亭东北有房屋3间，面阔8.65米，进深5.14米，通高5.3米，三柱五檩五架梁前廊式，重梁起架，单脊仰瓦硬山顶，装四隔扇门，次间开窗。,4:00-19:00,https://img1.qunarzz.com/travel/poi/1501/3b/6ddb64a8f63b58.jpg_480x360x95_82f90e06.jpg,5.0,建议游览时间：1小时 - 4小时,,含在泰山门票（125元）内。,,3
新甫山景区Xintaixinfu Mountain,http://travel.qunar.com/p-oi705570-xinfushanjingqu,"

地址:
泰安市新泰市迈莱河路北首


电话:
0538-7549166,0538-7549619

","新泰新甫山东西绵延15公里，总面积100平方公里，主峰天台峰，海拔999米。目前，有三条登山路线，分别是：东路古盘道游览线，保留了大量自古至今的登山遗址，有南天门、快活二里、十八盘等登山节点；中路通天河寻谷探幽游览线，有观音院、观音阁、云谷寺等佛教建筑，有佛掌立子、古柏抱子、鲁柏汉松等植物景观，另外漂流、索道等参与性项目健全，可谓一步一景，旅途过程十分充实；西路天成观音朝圣游览线，主要景点为天成观音，它是纯天然形成的观音打坐石像，坐西北面东南，俯瞰新甫山。
",全年 08:00-17:30,https://img1.qunarzz.com/piao/fusion/2105/73/60493f9318681a02.jpg_480x360x95_7e428b8a.jpg,4.6,建议游览时间：12小时 - 3天,,"{'新泰新甫山景区（原新泰莲花山）门票成人票\n\n': ['¥68起'], '新泰新甫山景区（原新泰莲花山）门票优待票\n\n': ['¥29起'], '新泰新甫山景区门票+单程索道票成人票\n\n': ['¥83起']}",,3
拱北石Gongbei Stone,http://travel.qunar.com/p-oi7561778-gongbeishi,"

地址:
山东省泰安市泰山区玉皇顶东侧日观峰上


电话:
0538-8066606

",在玉皇顶东侧的日观峰上，有一巨石向北斜上横出，名为“拱北石”，因其形犹如起身探海，故又名“探海石”。是泰山标志之一，也是登岱观日出的好地方。在此或观日出奇观，或赏彩云飞渡，趣味无穷。,具体开放时间请咨询景区,https://img1.qunarzz.com/travel/poi/1411/68/6849bc969802e735cdb.jpg_480x360x95_2599580e.jpg,4.8,建议游览时间：1小时 - 2小时,,首道大门票收费情况请咨询景区,,4
天乐城盐海神汤Tianlecheng Salt Bath Center,http://travel.qunar.com/p-oi7470872-tianlechengyanhaishen,"

地址:
泰安市岱仙区满庄镇石膏工业园天乐国际旅游度假城内


电话:
0538-5365999,0538-8503678,0538-5365603

",天乐城盐海神汤位于山东省泰安市岱仙区满庄镇石膏工业园天乐国际旅游度假城内，托泰安丰富的天然矿物盐资源和盐化工卤水资源，以其6000平方米的建筑面积、可同时容纳1200人休闲娱乐的盛大规模，融入盐海漂浮、盐屋、泥疗、盐滩、SPA、各种特色水疗体验池等多项项目，成为中国中东部地区盐浴养生休闲中心。,10/19-11/30 13:00-21:00,https://img1.qunarzz.com/travel/poi/1409/01/1ad3ced741b7c3e1ffffffffc8d65eac.jpg_480x360x95_c547bb2d.jpg,4.5,建议游览时间：2小时 - 3小时,,139元,,4
北天门bei tian men,http://travel.qunar.com/p-oi7526984-beitianmen,"

地址:
泰安泰山区

",自岱顶丈人峰顺坡而下，经过后石坞索道站，至山坳处有北天门石坊，1984年重立。原坊额称“元武”，即北方之神玄武，清代废。坊北是摩云岭，丹嶂凌空。东侧有八仙洞，危若鹘栖，传吕洞宾曾在此学道术炼丹。清代在洞口筑吕祖庙，民国间坍毁。 ,全天,https://img1.qunarzz.com/travel/poi/1411/fc/fcb90e4b4acb4d2f213a9cdb.jpg_480x360x95_055dba19.jpg,4.5,建议游览时间：1小时 - 2小时,,免费,,4
月观峰Yueguan Peak,http://travel.qunar.com/p-oi7587600-yueguanfeng,"

地址:
泰安市泰山区泰山景区内南天门西侧

",月观峰位于南天门西侧，因与日观峰东西对望而得名。古时人们传说可在这里望见越国，所以又称越观峰。天晴气朗的夜晚可以在这里看见济南万家灯火，所以此地又称为望府山。峰顶有月观亭。月明星稀之夜，在这里但见皓月当空，天地苍茫，实为世间少见的美景。亭北有两石相对，仿佛山门，便是西天门。西天门纯粹是自然形成，非人工雕琢而成。据明代钟惺《登泰山记》：“岱之为天门者三，西天门者石自门焉，真天门也”，说的就是这个意思，在此处还能领略晚霞夕照、黄河玉带等著名的景观。,全天,https://tr-osdcp.qunarzz.com/tr-osd-tr-manager/img/71b8ee304a6d7eb41e9be21e8d36e9db.jpg_480x360x95_1c458c8b.jpg,4.8,建议游览时间：1小时 - 2小时,四季皆可,免费,1、山顶一般时间温度都比山下低些，要注意备好御寒衣物。2、山顶的物价要比山下贵一些，如果体力足够的话最好带一点零食和饮水上山。3、 节假日前来登山的人非常多，如果条件允许尽量错峰出行。,4
壶天阁Hutian Pavilion,http://travel.qunar.com/p-oi7561770-hutiange,"

地址:
泰安市泰山区泰山景区内斗母宫北上即到


电话:
0538-96008888,0538-8066606

",壶天阁位于泰山中路回马岭下，明嘉靖年间称升仙阁，乾隆十二年拓建改名壶天阁，取自道家以壶天为仙境之意，1979年重建阁楼。壶天阁跨盘道而建，为城门楼式。门洞上镶石匾额“壶天阁”，是乾隆皇帝登泰山时所题。清嘉庆年间崔映辰题联“壶天日月开灵境，盘路风云入翠微。”廷路又题联“登此山一半以是壶天，造极顶千重尚多福地。”门洞上双柏横生，盘结向上，奇伟壮观。,全天,https://img1.qunarzz.com/travel/poi/1411/4c/4c963522fdec24e5cdb.jpg_480x360x95_e70c6681.jpg,4.6,建议游览时间：1小时,四季皆宜,免费,,4
回马岭Huima Ridge,http://travel.qunar.com/p-oi7561768-huimaling,"

地址:
斗母宫北上即到


电话:
0538-8066606

",回马岭地处泰山登山中路的中段，壶天阁之上，中天门之下，海拔高800米，现有一座石坊，额上刻“回马岭”三字。,全天,https://img1.qunarzz.com/travel/poi/1411/d1/d198a00fb1d5830bcdb.jpg_480x360x95_3b935593.jpg,4.7,建议游览时间：12小时 - 3天,四季皆宜,免费,,4
泰山北麓,http://travel.qunar.com/p-oi707590-taishanbeilu,"

地址:
山东省泰安市泰山北麓


电话:
0538-8066606


官网:
http://www.mount-tai.com.cn/

",几片景区距泰安市区在20公里上下，泰山北麓风景区以自然山岳风光为主，旅游资源十分丰富，与泰山南麓人文历史底蕴深厚的旅游侧重相得益彰。由于从泰安市区到这里距离适中，这儿又形像地被称为“泰安（泰山）后花园”。,8：00——17：00,,4.5,建议游览时间：1小时 - 2小时,5-10月为山东旅游最佳时间,20元,,4
药乡国家森林公园Shandong YaoXiang Forest Park,http://travel.qunar.com/p-oi703502-yaoxiangguojiasenlingong,"

地址:
泰安市泰山区大药乡里卧龙池村南950米


电话:
0531-88800012

",药乡国家森林公园位于泰安市东郊，距市区33公里，距泰山主峰8公里，以盛产药用植物而得名，药王孙思邈曾在此种药、采药。这里除有被誉为泰山四大名药的何首乌、紫草、四叶参、黄精外，还有泰山赤灵芝、穿山龙、冬虫夏草等名贵品种200余种。森林公园内有窦建德的马刨泉、孙思邈的药王庙、秦汉大型祭祀建筑等历史遗迹，绿植覆盖率达95%以上。秋季，漫步山谷内，五彩缤纷的红叶与瀑布、云雾相结合，构成一幅绚烂的画卷，令人惊叹不已。除了美丽的风景外，在亲子乐园内，还可以挑战悬空桥梁、网道、步道、木桶、泰山秋千、飞狐索道等娱乐项目。,9:00-17:00,https://img1.qunarzz.com/travel/d3/1507/a7/3be2547e7aef1f.jpg_480x360x95_2397df35.jpg,4.4,建议游览时间：4小时 - 6小时,,40元,,4
牛山森林公园Niushan Forest Park,http://travel.qunar.com/p-oi706204-niushansenlingongyuan,"

地址:
泰安市肥城市小康路


电话:
0538-3480086

",牛山森林公园位于山东省肥城市北部，整座山森林茂密，景点众多，还有着数百种动植物。主峰穆柯寨海拔约500米左右，隐藏在茂密的森林中，高大的石墙上筑有掩体，易守难攻，是典型的古代军事防御工程，穆阁寨中心位置一处十多米的巨石便是点将台。另外还有范蠡墓、文昌阁、资圣院等主要景点。,8:00-17:00,https://img1.qunarzz.com/p/tts3/1805/42/608f121445d26a02.jpg_480x360x95_7ba6248e.jpg,4.2,建议游览时间：12小时 - 3天,5-10月为山东旅游最佳时间去肥城牛山国家森林公园最好是在5月到10月份，这时候天气舒爽，适合踏青赏春。,具体收费情况以现场公示为主,,4
五大夫松Five doctors pine,http://travel.qunar.com/p-oi7561355-wudafusong,"

地址:
泰安市泰山区泰山景区内云步桥北侧的五松亭旁


电话:
0538-96008888

",,全天开放,https://tr-osdcp.qunarzz.com/tr-osd-tr-manager/img/94bd61e9aa4e68f96b65352f744a5a43.jpg_480x360x95_92021a82.jpg,4.7,建议游览时间：1小时,,包含在泰山景区内，通用泰山景区门票。,,4
南湖公园Nanhu Park (East Gate),http://travel.qunar.com/p-oi5812433-nanhugongyuan,"

地址:
青年路南首


电话:
0431-85664455,0538-8231841

",泰安南湖公园，北靠灵山大街，南接南湖大街，西临奈河，东临青年路，占地约17万平方米，是一处融合生态性、文化性和娱乐性于一体的综合性公园。,全年 8:00-17:00,https://flight-feed.qunarzz.com/as3/180/image/poi_vishnu/0b2e5f73-f9c1-4a05-a698-248a777a182c.jpg,4.5,建议游览时间：2小时 - 3小时,,具体收费情况以现场公示为主,,5
腊山,http://travel.qunar.com/p-oi5741292-lashan,,,,,5.0,,,2018年9月12日起，腊山景区门票价格由60元/张降为55元/张。,,5
丈人峰zhang ren feng,http://travel.qunar.com/p-oi7561354-zhangrenfeng,"

地址:
泰安泰山区泰山玉皇顶西北

",位于玉皇顶西北的丈人峰，形状好像老翁伛偻着背而得名。附近又有数块稍小之石相配，因此又有“老翁弄孙”之称。 峰上石刻有“天下第一山”、“凌霄峻极”、“中天独立”、“东柱第一灵区”等等，并有乾隆所留诗刻：“丈人五岳自青城，岱顶何来假借名。却是世人知此惯，谁因杜老句详评。”此外这里还有外国人所留题刻，1990年日本书法家柳田泰云书“国泰民安”在此留书。 ,具体开放时间请咨询景区,https://tr-osdcp.qunarzz.com/tr-osd-tr-manager/img/d54b53fc4df185eab45490e973a71ccc.jpg_480x360x95_6955d68b.jpg,4.4,建议游览时间：12小时 - 3天,四季皆宜,包含在泰山景区门票内。,,5
虎山公园Hu Mountain Park,http://travel.qunar.com/p-oi7561796-hushangongyuan,"

地址:
中国山东省泰安市泰山区红门路44号

",位于王母庙北的虎山公园，原称小蓬莱，涧深幽景秀美，1956年建虎山水库，形成了一个山麓平湖。1960年在湖西畔建成了双束碑亭。湖东有因清乾隆皇帝曾在此射虎而得名的虎山。,8:00~17:00,https://img1.qunarzz.com/travel/poi/1411/c3/c3578775b6f27574cdb.jpg_480x360x95_e7a98aac.jpg,4.6,建议游览时间：2小时 - 3小时,,免费,,5
泰安老县衙,http://travel.qunar.com/p-oi7561784-taianlaoxianya,"

地址:
泰安市泰山区运舟街

","老县衙地处岱庙正南，南依财源大街,东邻通天街、西邻青年路，历史文化源远流长，从宋代起，历经元、明、清各朝，此处曾为萧大亨故居、泰安县衙，解放后是原泰安县政府所在地，历经千年，积淀了深厚的文化底蕴。自2007年1月，这里投资开工建设，景区建筑面积约20000平方米，采用环廊相连的仿明清古建筑风格，与通天街和岱庙周围古色古香的古城文化相得益彰。景区内环境优雅，配套基础设施完善，景点丰富，主要由老县衙博物馆、老县衙旅游商品超市、萧大亨故居、泰山风味老街、泰山国际...老县衙地处岱庙正南，南依财源大街,东邻通天街、西邻青年路，历史文化源远流长，从宋代起，历经元、明、清各朝，此处曾为萧大亨故居、泰安县衙，解放后是原泰安县政府所在地，历经千年，积淀了深厚的文化底蕴。自2007年1月，这里投资开工建设，景区建筑面积约20000平方米，采用环廊相连的仿明清古建筑风格，与通天街和岱庙周围古色古香的古城文化相得益彰。景区内环境优雅，配套基础设施完善，景点丰富，主要由老县衙博物馆、老县衙旅游商品超市、萧大亨故居、泰山风味老街、泰山国际青年旅社五部分构成。",全天,,4.5,建议游览时间：2小时 - 3小时,,免费,,5
快活三里,http://travel.qunar.com/p-oi7561774-kuaihuosanli,"

地址:
泰安市 泰山风景区中天门北


电话:
0538-8066606


官网:
http://www.mount-tai.com.cn/

",,全天,https://img1.qunarzz.com/travel/poi/1411/ad/ad1496aa55bc6858cdb.jpg_480x360x95_97af9faa.jpg,--,建议游览时间：0.5小时,,"票价
 门票价格为旺季127元，淡季120元。

优惠政策
 学生、60岁以上老年人凭证享受旺、淡季价格分别为60元/人、50元/人的优惠；现役军人、革命伤残军人、残疾人、儿童（1.2米以下）、70岁以上老年人免费进山；教师、省部级以上劳模、英模、道德模范享受门票优惠，旺季每人100元，淡季每人80元。
",,5
元君庙,http://travel.qunar.com/p-oi7561359-yuanjunmiao,"

地址:
泰安市桃花峪口

",元君庙位于泰安市桃花峪口，院内古松长臂罩顶，巨柏盘旋蔽日；其西南北崖上原有清代乾隆皇帝《桃花峪》诗刻：“春到桃花无处无，峪名盖学武陵乎。五株不见苍松老，半点何曾受污涂。”此刻于建国后因采石而毁。,全天,https://img1.qunarzz.com/travel/poi/1411/aa/aaf17ef906e4a4e7cdb.jpg_480x360x95_5e2bf5f7.jpg,--,建议游览时间：1小时 - 3小时,,,,5
泰山天颐湖旅游度假区Taishan Tianyi Lake,http://travel.qunar.com/p-oi7469038-taishantianyihulu:you,"

地址:
泰安市岱岳区满庄镇滨湖路


电话:
400-6761-239


官网:
http://www.tianyihulvyou.com

",天颐湖水利风景区致力打造全国较好的旅游之地，构建“白天登泰山，夜晚观天颐”的旅游新景观，天颐湖水利风景区位于泰安市岱岳区——泰山•泰安大汶口石膏工业园东部旅游住宅区内，紧临泰安市南部新区，距泰安市主城区10公里。由岱岳区水库——胜利水库改建而成，规划面积16平方公里，水面5.2平方公里，总库容5920万立方米。天颐湖水利风景区致力打造全国较好的旅游之地，构建“白天登泰山，夜晚观天颐”的旅游新景观。“长堤横卧山间，环抱明镜一面，烟波拥翠色，碧水共长天”是对天...天颐湖水利风景区致力打造全国较好的旅游之地，构建“白天登泰山，夜晚观天颐”的旅游新景观，天颐湖水利风景区位于泰安市岱岳区——泰山•泰安大汶口石膏工业园东部旅游住宅区内，紧临泰安市南部新区，距泰安市主城区10公里。由岱岳区水库——胜利水库改建而成，规划面积16平方公里，水面5.2平方公里，总库容5920万立方米。天颐湖水利风景区致力打造全国较好的旅游之地，构建“白天登泰山，夜晚观天颐”的旅游新景观。“长堤横卧山间，环抱明镜一面，烟波拥翠色，碧水共长天”是对天颐湖好的写照。天颐湖四季风光，万千景象。阳春，伴随着山野的返青，平静的湖面雪化冰消，沉寂的林间恢复了百鸟的鸣啭，天颐湖开始为游人敞开宽广温馨的怀抱；盛夏，湖光山色，青翠欲滴，林间漫步，水边垂钓，湖上泛舟，沙滩嬉戏，飘逸醉人。景观生态系统的构建，形成“山、城、湖、人”为规划特色的城市新景观、新气象。“多板块”指镶嵌在湖水面上的“滨水中心广场”、“主题乐园”、“湖滨生态园”、“水上运动中心”、“郊野生态园”。聘请北京来也旅游规划咨询有限公司、北京创新旅游开发公司等国内设计单位对天颐湖总体规划，进行综合旅游开发。天颐湖景区现已建成山东省内是大的内陆天颐“海滨”浴场，大型音乐喷泉、水幕电影、大黄鸭、消夏啤酒广场、沙滩篝火晚会、沙滩露营、沙滩排球、沙滩足球等一系列游乐设施。,度假区全天开放；度假区内景点开放时间不一，详情可电话咨询。,https://img1.qunarzz.com/piao/fusion/2104/9a/c9d89541afea0302.jpg_480x360x95_7369e65a.jpg,4.4,建议游览时间：2小时 - 3小时,,"{'天颐湖泰山老爷车博览馆门票成人票\n\n': ['¥39.9起'], '泰山花海门票成人票\n\n': ['¥45起'], '泰山花海摩天轮票成人票\n\n': ['¥29起']}",,5
天外村Tianwaicun,http://travel.qunar.com/p-oi7588794-tianwaicun,"

地址:
泰安市泰山区环山公路


电话:
0538-96008888

",山东省泰安市泰山区，位于西溪谷口，大众桥西侧的天外村，是西路登山之始，路口巨石上书“天外村”。,全天开放,https://img1.qunarzz.com/travel/d6/1610/a7/c58eba4967108eb5.jpg_480x360x95_b305f148.jpg,4.6,建议游览时间：2小时 - 3小时,,"{'泰山一日导游讲解服务\n\n': ['¥445起'], '泰山风景区一日游【趣味讲解/上门接/美食/含车票】\n\n': ['¥260起'], '泰山风景区+天外村+十八盘+南天门+玉皇顶+日观峰一日游【趣味讲解，纯玩无购物】\n\n': ['¥289起']}",,5
新泰如意谷,http://travel.qunar.com/p-oi40004722-xintairuyigu,,如意谷位于新泰市，这里有沙坑、蹦床、秋千等游乐设施，绿树成荫，风景优美，是人们放松玩乐的好去处。,,,0.0,,,具体收费情况以景区现场公示为主,,5
沐悦汤泉,http://travel.qunar.com/p-oi40003440-muyuetangquan,, 沐悦汤泉位于泰安市泰山区岱阳大街与傲徕峰路交汇处，新华城国家广场，面积4000多平米，由名师设计，斥巨资打造本地韩式汤泉娱乐会所，是集经典洗浴，汗蒸SPA，儿童乐园，按摩于一体的综合娱乐场所。,,,0.0,,,,,6
萌宝儿童乐园,http://travel.qunar.com/p-oi40003419-mengbaoertongleyuan,,淘气堡包含蹦床、各式各样的滑梯、海洋球池、攀爬区等。 ,,,0.0,,,,,6
孩子王童乐园（山东泰安万达店）,http://travel.qunar.com/p-oi40003402-haiziwangtongleyuan,,孩子王童乐园是孩子王专为0-8岁（130CM)以内宝宝设计，它不只是一个品牌，更像是我们的孩子从出生牙牙学语到蹒跚学步，我们一直想让它更好，它不仅是一个游乐园、承载爱与欢乐的地方，更是一个给孩子成长帮助的平台、孩子与孩子分享交流沟通的空间。 ,,,0.0,,,,,6
东平水浒影视城-大宋不夜城,http://travel.qunar.com/p-oi39888089-dongpingshuihuyingshi,,,,,0.0,,,,,6
友邦田园,http://travel.qunar.com/p-oi39874583-youbangtianyuan,,,,,0.0,,,具体收费情况以景区现场公示为主,,6
泰山北麓Northern Foot of Tai Mountain,http://travel.qunar.com/p-oi39851715-taishanbeilu,,,,,0.0,,,,,6
泰安朝阳洞Chaoyang Cave of Taian,http://travel.qunar.com/p-oi39835973-taianchaoyangdong,,,,,0.0,,,,,6
泰安市非物质文化遗产珍贵实物陈列厅TaiAnShi FeiWuZhi WenHua YiChan ZhenGui ShiWu ChenLieTing,http://travel.qunar.com/p-oi39830834-taianshifeiwuzhiwenhua,,,,,0.0,,,,,6
龙潭公园Longtan Park,http://travel.qunar.com/p-oi39821221-longtangongyuan,,,,,0.0,,,,,6
泰安桃花峪Taohuayu Canyon of Taian,http://travel.qunar.com/p-oi39818678-taiantaohuayu,,,,,0.0,,,,,6
后石坞Hou Shi Wu,http://travel.qunar.com/p-oi39810950-houshiwu,,,,,0.0,,,,,7
山能国际酒店水疗中心,http://travel.qunar.com/p-oi39772822-shannengguojijiudianshui,,"山能国际酒店水疗中心：投资近200万对康养项目改造扩建近5000平方，根据功能区域划分，水疗中心、健康管理中心、康养中心（特色理疗区、康养健身室、多功能厅、心理减压室）,此外水疗中心可同时接待近400人次，在原有洗浴、汤泉基础之上，增设超声波水疗机。",,,0.0,,,,,7
大汶口国家考古遗址公园,http://travel.qunar.com/p-oi39602189-dawenkouguojiakaoguyi,,,,,0.0,,,,,7
蒿滩,http://travel.qunar.com/p-oi39602180-haotan,,,,,0.0,,,,,7
汉柏连理,http://travel.qunar.com/p-oi39596963-hanbolianli,,,,,0.0,,,,,7
童梦嬉雪园,http://travel.qunar.com/p-oi39595607-tongmengxixueyuan,,来爱琴海嬉雪乐园，让您的视觉、感觉、味觉都有不一样的体验和犒赏，体验项目有雪地蹦床、雪橇、企鹅滑雪板、双人滑雪碟、雪地拔河、堆雪人、打雪仗等等。,,,0.0,,,,,7
岱庙东御座,http://travel.qunar.com/p-oi39587493-daimiaodongyuzuo,,,,,0.0,,,,,7
泰山佑国际生态旅游度假区,http://travel.qunar.com/p-oi39571647-taishanyouguojishengtai,,,,,0.0,,,具体收费情况以景区现场公示为准,,7
鲁班殿,http://travel.qunar.com/p-oi39571641-lubandian,,,,,0.0,,,,,7
蟠龙老井,http://travel.qunar.com/p-oi39408099-panlonglaojing,,,,,0.0,,,,,7
清水湾温泉,http://travel.qunar.com/p-oi39161405-qingshuiwanwenquan,,,,,,,,,,8
沙岭村,http://travel.qunar.com/p-oi39057120-shalingcun,,,,,,,,,,8
戴坝虎啸,http://travel.qunar.com/p-oi39036164-daibahuxiao,,,,,--,,,,,8
龙泉湖,http://travel.qunar.com/p-oi38964335-longquanhu,,,,,0.0,,,,,8
新泰莲花湖风景区,http://travel.qunar.com/p-oi38953350-xintailianhuahufengjing,,莲花湖花海景区，位于新泰市莲花山脚下，这里丛林叠翠，绿树成荫，山水相应成趣，内含芝樱花海300余亩，最佳赏花时间为4~5月。内有大型游乐场，小孩摸鱼池，天鹅湖，阳光沙滩，火车餐厅，湖心岛，荷花池，锦鲤池等等游乐景点，春天百花齐放，秋天红枫叠翠，是集休闲，娱乐，餐饮为一体的综合景区！欢迎您的到来！,,,0.0,,,,,8
粥顶山体育公园,http://travel.qunar.com/p-oi38937445-zhoudingshantiyugongyuan,,,,,--,,,,,8
东平县人民公园,http://travel.qunar.com/p-oi38930484-dongpingxianrenmingong,,,,,--,,,,,8
新泰朝阳洞,http://travel.qunar.com/p-oi38853798-xintaichaoyangdong,,新泰朝阳洞景区，位于新泰市汶南镇驻地东南9公里处盘车沟村，距城区20公里，紧邻历史文化名城曲阜、邹城，世界自然文化双遗产泰山;景区内朝阳洞山海拔550米，山体雄伟，山形飘逸，山上奇石林立，古树苍郁，主景点朝阳洞是一座天然的熔岩洞，洞阔而深，曲而幽，大小相套，内外连接，传为道家女神黎山圣母授徒传道之所，明清建有道观。,,,0.0,,,,,8
泰山文化广场,http://travel.qunar.com/p-oi38842703-taishanwenhuaguangchang,,,,,3.0,,,具体收费情况以现场公示为主,,8
雨花道院,http://travel.qunar.com/p-oi38818647-yuhuadaoyuan,,,,,0.0,,,包含在岱庙景区内，进入需先购买岱庙景区门票,,8
老君堂,http://travel.qunar.com/p-oi38817316-laojuntang,,,,,--,,,具体收费情况以现场公示为主,,9
故乡的月,http://travel.qunar.com/p-oi38336559-guxiangdeyue,,,,,5.0,,,具体收费情况以现场公示为主,,9
五埠岭景区,http://travel.qunar.com/p-oi37807322-wubulingjingqu,,,,,5.0,建议游览时间：1小时 - 2小时,,具体收费情况以现场公示为主,,9
九女峰乡村度假区,http://travel.qunar.com/p-oi37801687-jiunu:fengxiangcundujia,"

地址:
山东省泰安市岱岳区泰山九女峰乡村度假区

",泰山·九女峰乡村度假区是鲁商集团首个签约并投入建设的乡村振兴项目，度假村内包含景点：神龙大峡谷、故乡的云民宿、九女峰书房、八楼氧心谷民宿、春天里度假酒店、泰山九女峰山地户外营地、山东省乡村振兴齐鲁样板研究院、巴夫洛生态科技园、草莓王国、茶博园、茶溪谷、丰山黄精种植基地、彩虹滑道、白马禅寺、猪猪农场、花田北张等。泰山·九女峰乡村度假区被评为“山东人游山东”最值得期待的旅游目的地、乡村旅游目的地，首批“山东省精品文旅小镇”称号；复旦大学马克思主义学院将九女峰列为实践研究基地，“文旅融合发展 助力乡村振兴”的做法被财政部总结为山东省乡村振兴齐鲁样板三种典型模式之一。神龙大峡谷，古称“神龙溪”，因其两端各有“南龙居寺”、“北龙居寺”而得名。全长1.2千米，是泰山山系的重要组成部分。基岩由泰山杂岩构成，断裂、崩塌、风化共同塑造了叹为观止的奇特地貌。峡谷状似游龙，两侧奇石密布，宛若龙鳞；溪水常年不断，潭瀑众多；植被丰饶，四季景异。是休闲、研学的绝佳去处。九女峰书房及其休闲配套设施荣获2020 AIA设计奖，被中华全国总工会授予“职工书屋”称号，荣获“山东省第六届全民阅读示范基地”称号；“故乡的云”民宿荣获第3届IAI国际旅游奖、《旅·城》年度精品酒店奖、最值得期待文旅项目、中国最具影响力美宿50强等荣誉称号；2021年3月份，八楼氧心谷、故乡的云2处民宿获评省级首批五星级民宿。泰山·九女峰乡村度假区为游客提供“吃、住、玩、购”全面服务，是集旅游、研学等为一体的综合性度假区。,全年 09:00-17:30,,4.0,建议游览时间：12小时 - 3天,,,,9
新甫山莲花园,http://travel.qunar.com/p-oi37536342-xinfushanlianhuayuan,"

地址:
山东省泰安市新泰市泉沟镇迈莱河路新甫山景区附近


电话:
15053807333,13954806573

",新甫山莲花园是集生态农业开发、休闲旅游度假为一体的田园综合体项目，位于新泰市泉沟镇，近邻新甫山景区，规划占地1000余亩，计划投资3亿元，园区内有农业体验、花海观光、戏水娱乐、文化展示、亲子采摘、特色餐饮、户外露营等特色板块，园区位置优越、交通便利，是别具特色的田园旅游、休闲度假好去处。,全年 08:00-18:00,,--,建议游览时间：2小时 - 3小时,,,,9
迎春园,http://travel.qunar.com/p-oi37532520-yingchunyuan,,,,,0.0,,,具体收费情况以现场公示为主,,9
山东东平滨湖国家湿地公园,http://travel.qunar.com/p-oi37532418-shandongdongpingbinhu,,"山东东平滨湖国家湿地公园非常漂亮，除了美丽的湿地景观外，这里还生活着珍稀鸟类青头潜鸭，迷人的景色、清新的空气，使这里成了人们休闲放松的好地方。
",,,4.9,建议游览时间：2小时 - 3小时,,具体收费情况以现场公示为主,,9
青云湖公园,http://travel.qunar.com/p-oi37532288-qingyunhugongyuan,,,,,,,,,,9
龙山公园,http://travel.qunar.com/p-oi37532183-longshangongyuan,,,,,5.0,,,,,9
泰西广场,http://travel.qunar.com/p-oi37190724-taixiguangchang,,,,,0.0,,,,,9
龙潭公园,http://travel.qunar.com/p-oi37190482-longtangongyuan,"

地址:
泰山天外村路入口处

",,全年 08:00-00:00,,--,,,,,10
泰山世界地质公园博物馆,http://travel.qunar.com/p-oi37190362-taishanshijiedizhigong,"

地址:
朝阳街7号岱庙景区内


电话:
05388209629

",,全年 07:30-17:30,,4.0,,,,,10
龙泽湖公园,http://travel.qunar.com/p-oi37182706-longzehugongyuan,,,,,0.0,,,具体收费情况以现场公示为主,,10
动物欢乐王国,http://travel.qunar.com/p-oi36952497-dongwuhuanlewangguo,"

地址:
泰安市岱岳区满庄镇太阳部落旅游区内


电话:
0538-5366666

",太阳部落动物欢乐王国位于山东省泰安市满庄镇，紧邻太阳部落景区，占地500余亩，景区地理位置优越，北依泰山，南靠汶河，有着得天独厚的地理条件。仰望泰山，层峦叠嶂，南瞰汶河，水天一色，自然景色迷人。园内大致可分为动物观赏区、互动表演区、娱乐设备区、绿植观赏区四个主要部分。景区的建立，将进一步丰富广大的游客的的旅游、休闲需求。园内现有动物近40种，包括梅花鹿、红鹤、斑头雁、鸵鸟、羊驼、猕猴、棕熊、斑马、骆驼、牦牛、孔雀等。是集动物保护、观赏互动、亲子游乐体验、科普研学、休闲为一体的动物主题公园。景区以萌宠动物为主打，注重游客与动物的互动体验，在兔乐园、矮马园、羊驼园、孔雀园、鹿苑等动物观赏区，游客可以零距离与萌宠动物互动。景区互动表演区，由景区精心打造的动物大狂欢和魔幻剧场组成。是太阳部落﹒动物欢乐王国的一大核心卖点，由动物大狂欢和魔幻剧场组成。在动物大狂欢表演场地，随着驯兽员的一声号令，各种动物迈着矫健的步伐依次走过表演场地，高矮胖瘦、温顺和凶猛的动物都将依次接受游客的检阅，随后是自由表演时刻，各种动物自由奔跑、狂欢、尽情释放怒放的生命。除了地上跑的，空中的也没闲着，孔雀、灰雁、斑头雁等“空军”将从空中接受检阅。在动物大狂欢结束后，游客还可与检阅动物合影留念；在魔幻剧场，感受“龙腾虎跃钻刀火门”的震撼，“高空抖杠、立绳、吊环”的刺激，“草帽飞舞”“转花碟”的童趣，还有“马术表演”的绝妙。一场表演，让您观吴桥杂技之奇妙，享视觉之盛宴！ 太阳部落动物欢乐王国利用丰富的水资源开发出船游景区的特色旅游形式。游客从游船码头乘坐大型画舫，近距离依次观赏棕熊、绿头鸭、宠物驴、欢乐兔、红鹤、鸿雁和猕猴等动物，获得与步行游玩不一样的体验，开创了国内园区动物观赏先河，是景区的另一大核心卖点。身边是微微细风，眼前是粼粼波光，享受极致的放松。在极限越野，挑战自己，驾驶越野车，开到赛道，感受冲上驼峰的刺激，漂移过弯的激情，攀爬楼梯的惊险，绝对奔放的越野赛道，感受极致的“疯狂”。太阳部落动物欢乐王国把休闲娱乐和动物生态展示完美融合在一起，是您周末休闲、亲子游玩、科普教育的首选地。好看，好玩，好刺激，观景，观物，观表演。动物欢乐王国欢迎您！,8:30-17:00,,0.0,建议游览时间：2小时 - 3小时,,60元,,10
圣井峪旅游度假区,http://travel.qunar.com/p-oi36910438-shengjingyulu:youdujia,"

地址:
泰安市肥城市安临站镇牛孙路


电话:
4006862786

",圣井峪旅游度假区位于肥城市安站镇西北部，距肥城市区20余公里，紧邻市乡干道孙牛路，石头村落始建于明朝1368—1644年间，距今已有800多年的历史，全村共有石头房屋500余处，现存完整院落38个，房间119间，较好的80多间。均为青石砌成，房顶用岩石棚盖，具有冬暖夏凉的特点，村东山峪半山腰处有古井7眼，呈“北斗七星”状分布，又名七星泉，井内常年有水，清澈见底，水质甘甜，大旱不枯，圣井峪由此得名。水井以北有水月寺、水月庵两处遗址。据《肥城县志》记载，水月寺始建于唐朝，是周边群众从事宗教活动的集聚场所，明朝、清朝曾两次进行重修。山上侧柏、核桃、柿子、花椒、古槐、古榆、椿树等林木众多，枸杞野菊花、爬山虎等中药材遍布沟坡，有删减耕地50余亩。2015年5月份，圣井峪被山东省住建厅评选为省传统村落。,全年 08:30-17:30,,--,建议游览时间：12小时 - 3天,,30元,,10
规划展览馆,http://travel.qunar.com/p-oi36840169-guihuazhanlanguan,,,,,0.0,,,,,10
东湖公园,http://travel.qunar.com/p-oi36411958-donghugongyuan,,,,,5.0,,,具体收费情况以现场公示为主,,10
响水河,http://travel.qunar.com/p-oi36411839-xiangshuihe,,,,,--,,,具体收费情况以现场公示为主,,10
南湖党建主题公园公园,http://travel.qunar.com/p-oi36411483-nanhudangjianzhutigong,,,,,0.0,,,,,10
柳下惠故里,http://travel.qunar.com/p-oi36410916-liuxiahuiguli,,,,,,,,,,10
