名字,链接,地址,介绍,开放时间,图片链接,评分,建议游玩时间,建议季节,门票,小贴士,Page
五大道Five Great Avenues,http://travel.qunar.com/p-oi5229782-wudadao,"

地址:
天津市和平区成都道以南，马场道以北，西康路以东，马场道与南京路交口以西的一片长方形地区


电话:
022-23307222

",五大道位于天津和平区，以区域内五个主要的道路命名，实际有二十多条街道。清朝遗老、北洋政府里很多官员名流都曾在这里寓居，一栋栋优美典雅的洋房仿佛在诉说着津门曾经的风云故事。五大道总述目前来到五大道游览，主要就是观看街道上2000多所花园式的欧式建筑，其中名人故居就有三百多处，张学良、顾维钧、爱新觉罗载振等众多清末民初的名流都在这里留下了名字。这里的建筑整体是欧式，但形式多样各有特色。街区优雅浪漫，不少影视剧组来此取景，拍婚纱照的也爱把五大道的小洋房当背景。游玩方式初到五大道，如果摸不清东南西北，可以先到长沙路101号的民园广场，看看曾经的欧式体育馆，这里也相当于是五大道的集散中心。广场附近的游客中心里，可以拿一份地图（也有付费购买的更清晰版），上面标注了五大道很多故居、建筑的所在地，根据地图参观游玩即可。参观重点五大道内，很多的景点值得参观。疙瘩楼在河北路，墙上一粒一粒烧过火的砖形成的疙瘩已经十分特别，而且还是一座瓷片贴满的洋房；马场道117号的天津外国语学院是电视剧《金粉世家》的取景地；清朝庆亲王载振的公馆建筑中西合璧，在重庆道；蔡成勋故居是五大道的中式建筑，在这里显得十分特别，位于大理道；同样在大理道的睦南公园每年春天都有鲜花开放，给游人带来惊喜。,全天开放,https://img1.qunarzz.com/travel/d2/1611/e7/aef8dd984b3c3b5.jpg_480x360x95_a32f407a.jpg,4.6,建议游览时间：3小时 - 5小时,五大道最佳旅游时间是5月到11月。特别是秋季，树木藤蔓灿烂得如火如荼，整个老城区都显得极富生命力。,"{'五大道博物馆门票成人票\n\n': ['¥25起'], '五大道博物馆门票优待票\n\n': ['¥16起'], '王光英复原展厅门票优待票\n\n': ['¥16起']}",1、游览五大道的最佳时间是春天，路边开满海棠花，很美。2、目前五大道的很多建筑门牌上设置了二维码，可以留意查找，扫描并了解建筑的故事。3、游览五大道时可以选择乘坐观光马车，不仅可以全面游览五大道建筑群，还能听到车夫耐心讲解建筑的历史和故事。乘车地点： 和平区重庆道 - 民园大楼（接待中心），即民园体育场正门旁。,1
天津之眼摩天轮Eye of Tianjin,http://travel.qunar.com/p-oi5144697-tianjinzhiyanmotianlun,"

地址:
天津市河北区三岔河口永乐桥上


电话:
022-26288830

",天津之眼是一座横跨在海河上的摩天轮，就像是桥上的一只眼睛，这里也是天津有名的标志之一，每到夜晚华灯初上时，天津之眼的彩灯柔美，无数游客会来到这里，拍摄全景或是乘坐观光，享受别样的浪漫。游玩天津之眼一般有两种方式，乘坐或是远观拍照。乘坐摩天轮日场80元每人，夜场100元每人。摩天轮运营一圈大约是30分钟，座舱内有空调，可以缓慢的观赏周围开阔的景色，尤其夜晚天黑后华灯初上，十分漂亮。如果要拍摄摩天轮，可以在摩天轮南侧的金刚桥上，站在桥上，三岔河口（海河、南运河、北运河交汇处）就在眼前，柔美的天津之眼展开在眼前，周围是海河两岸的美丽建筑，随便一按就是漂亮的标志照片。,周二-周日9:30-21:30，周一白天检修，晚上18:00开始营业。,https://img1.qunarzz.com/travel/d4/1703/46/474cbd0d95d674b5.jpg_480x360x95_7534164f.jpg,4.6,建议游览时间：1小时 - 2小时,“天津之眼”四季皆可游玩，不同的季节乘坐“天津之眼”可观赏不同的风景，但春、秋两季气候温和，温度适中，外出感觉会比较舒适，是游天津的最佳季节。,70元,摩天轮目前每天上午9:30开始运营，下午到票售罄时即结束，每到节假日时摩天轮旁都会排起大长队，常常五六点钟票就售完了，所以若有条件还请避开节假日。 ,1
意大利风情区Italian Style Town,http://travel.qunar.com/p-oi705620-yidalifengqingqu,"

地址:
天津市河北区，东起五经路，西至胜利路，南起博爱道，北至建国道


电话:
022-86259967,022-24466187

",意大利风情区位于天津市中心，这里有200余栋地中海风格的典雅建筑。漫步其中，就像行走在浪漫的欧洲小镇，众多的名人故居、影视剧取景地也为游人的旅程增色不少。意大利风情区就在海河的旁边，从海河边（北安桥）走过来，首先看到是高高的有尖顶的钟楼，再往前可以看到精致的镂空铜马车，标志着意大利风情旅游区到了。沿街随意逛逛，看看红顶意式建筑群，欧式雕塑，踱步到马可波罗广场。马可波罗广场是景区的标志性建筑之一，中央柯林斯式的石柱上站着手持橄榄枝的和平女神。往西走，是威尼斯广场的“飞狮许愿池”，它远没有《罗马假日》电影里真正的罗马许愿池的气魄和鼎盛人气，可与整个意大利风情区营造的气氛融合，也依稀有电影的感觉了。的确有众多影视剧来这里取景，比如《建国大业》、《金粉世家》等，游人可以在这里找到剧中熟悉的场景，同时，也吸引了很多拍婚纱照的爱侣。除此之外，景区拥有众多名人故居。梁启超故居，大名鼎鼎的“饮冰室”就在这里；大军阀曹锟故居现在是渤海商品交易所；袁世凯故居、冯国璋旧宅现已改为饭店；还有曹禺故居、张廷谔旧宅等。参观一下介绍天津历史和未来城市规划的天津市规划展览馆也不错。到了夜晚，意式建筑亮了灯，西餐厅、咖啡店里的烛光、灯光摇曳，酒吧变得热闹，意大利风情区的景色和氛围更加迷人。,全天开放,https://img1.qunarzz.com/travel/d8/1510/84/ca1992b9db5f25.jpg_480x360x95_c2359d89.jpg,4.5,建议游览时间：2小时 - 4小时,,"{'尔宝瑞蜡像馆门票成人票\n\n': ['¥50起'], '尔宝瑞蜡像馆门票优待票\n\n': ['¥25起'], '海河游船意风区码头船票成人票\n\n': ['¥64起']}",夜游海河之后到意式风情街走走，喝喝啤酒聊聊天可谓畅快。预算充足的话还可以在意式风情街享用意式美食。,1
卢家峪五盆沟Wupeng Canyon,http://travel.qunar.com/p-oi23344137-lujiayuwupengou,,五盆沟地处蓟州区边缘部，与北京市平谷区交界，这里山水相映、小路盘旋，漫山的花卉尽展姿容，一派原始美景足以迷醉世人。,,https://tr-osdcp.qunarzz.com/tr-osd-vs-dapp-ugc/img/e3cd8eb87abcb85fe8fd9f1ad851ba7a.jpg_480x360x95_ace58192.jpg,5.0,建议游览时间：12小时 - 3天,,具体收费情况以现场公示为主,,1
国家海洋博物馆Guojiahaiyang Museum,http://travel.qunar.com/p-oi25908100-guojiahaiyangbowuguan,"

地址:
天津市滨海新区荣盛路与海轩道交叉口


电话:
022-67185139


官网:
https://www.hymuseum.org.cn/

",国家海洋博物馆坐落于天津市滨海新区中新生态城滨海旅游区域，由国家海洋局与天津市人民政府共建。国家海洋博物馆展厅面积2.3万平方米，通过6大展区、16个展厅和3.6万余件珍贵藏品，全面展现了自然生态、历史人文、科学技术等多维视角下人类与海洋相互依存、和谐共生的密切关系。作为集收藏、展示、研究与教育于一体的综合性海洋博物馆，国家海洋博物馆将服务我国海洋强国战略，为保护海洋生态文明，传承海洋历史文化，讲述当代海洋故事贡献力量。,周二-周日9:00-16:30，16:00停止入内。周一闭馆（节假日除外）。,https://img1.qunarzz.com/piao/fusion/2107/df/c620c2120d74802.jpg_480x360x95_9f8faa77.jpg,4.7,建议游览时间：2小时 - 3小时,,,,1
古文化街Ancient Culture Street,http://travel.qunar.com/p-oi702210-guwenhuajie,"

地址:
天津市南开区，南门在水阁大街与古文化街交口，北门在通北路与古文化街交口


电话:
022-27356128,022-27339666

",古文化街位于天津市南开区，以天后宫为中心，南起水阁大街，北到通北路。这里是天津最著名的老字号和手工艺品店铺集中地。可以找到杨柳青年画、泥人张、魏记风筝等众多的手工艺品，还能品尝到经典的天津美食。古文化街目前有上百家店堂，大多是天津老字号店铺，充满浓郁的民间特色。这里有出售景泰蓝、苏绣、漆器等的综合性店铺乔香阁；有出售土特产的果仁张、皮糖张、崩豆张；最负盛名的还是民间工艺品店铺，拥有神态逼真的彩绘泥塑的“泥人张”，使用木板印绘年画的杨柳青年画，制作形态各异的风筝的“风筝魏”等，都是游客到古文化街必须去逛一逛的店铺。逛街的同时还可以享受天津特色美食，狗不理包子，煎饼果子，天津麻花等，绝对满足吃货的胃口。店铺早上8:30左右开张，晚上17:30左右打烊，可以注意一下逛街的时间。除了逛街、吃美食，古文化街还有不少名胜古迹，可以好好逛逛看看。天后宫位于古文化街中心，也是古文化街古迹的核心，祭祀保佑出海远航平安的天后娘娘，已有600余年历史。现在是天津民俗博物馆的所在地，馆内介绍了天津城历史、民俗，陈列着明代天津城砖、清代漕运模型、清代水机等文物。戏楼又称“津门老戏楼”，可以看相声和变戏法表演。大狮子胡同是近代思想家、教育家严复故居所在地，原房屋已不在，现在旧址上建天演广场，铸有严复铜像。另外还有通庆里、玉皇阁等等，各有特色。每年的农历3月23日是天后娘娘的生日，届时古文化街会举行皇会（最初叫“娘娘会”，因乾隆下江南时曾游此会于是得名“皇会”），天后宫前广场、宫南、宫北一带都能看到表演，有龙灯舞、狮子舞、少林会、高跷、法鼓、旱船、地秧歌、武术以及京戏、评剧、梆子等，是整个天津最热闹的庙会之一。,全天开放,https://img1.qunarzz.com/travel/poi/1612/a2/e9682812bfd32837.jpg_480x360x95_ae0bd6b2.jpg,4.5,建议游览时间：2小时 - 4小时,春节期间到访会有更多体验。,"{'海河游船古文化街码头船票成人票\n\n': ['¥64起'], '海河游船古文化街码头船票学生票\n\n': ['¥64起'], '海河游船古文化街码头船票老人票\n\n': ['¥64起']}",1、古文化街上有许多古玩，确实有不错的，但需要一定的鉴别能力，若要购买建议找懂古玩的朋友一起挑选。 2、古文化街与鼓楼仅相隔一条街，步行20分钟即到。安排行程时可以考虑将二者结合。,1
天津海昌极地海洋公园Tianjin Haichang Polar Ocean Park,http://travel.qunar.com/p-oi5475435-tianjinhaichangjidihai,"

地址:
天津市滨海新区响螺湾商务区61号（近海门大桥）


电话:
022-66227777


官网:
https://www.haichangoceanpark.com/tianjin/

", 天津海昌极地海洋公园，系国家4A级景区、科普教育基地，以其丰富独特的极地海洋资源、精湛的动物明星演绎、多元化的互动项目，被誉为“受消费者欢迎的十大热门海洋主题公园之一”及“亲子游项目目的地”。天津海昌极地海洋公园为开放式景区，占地面积4.9万平方米，呈鲸鱼状复合结构。拥有十二大展区（南极企鹅岛、神秘北极村、海底隧道、远古海洋、鲨鱼港湾 、珊瑚海、白鲸湾、柳穿鱼巷、海草堂、探奇鱼宙、未来水母馆、萌兽湾）、四大表演（快乐月亮岛、鲸月传奇、人鱼童话、嗷嗷星历险记）、五大动物科普秀及夜宿、夜宴等高端特色主题产品，深受游客喜爱。其中未来水母馆是具有开放式后场的特色主题展馆，展缸总数80余个，展出水母种类高达20种、数量多达万余只。通过数字互动、声光投影等多种形式向游客展现五光十色、神奇梦幻的水母世界。 【四大表演】 历时三年精心打造，2014年亮相，以四大别具特色的精彩表演“快乐月亮岛”、“鲸月传奇”、“人鱼童话”、“嗷嗷星历险记”共同打造了别开生面、精彩纷呈四大演绎。受欢迎的五大动物明星——白鲸、海豚、伪虎鲸、海象、海狮各怀绝技，联袂人鱼公主共同上演热闹精彩的“海洋大马戏”，无论在剧情上、演绎上、还是氛围营造上皆为国内高水准，让众多游人大开眼界、津津乐道。 【十二大展区】 馆内共分为十二大展区，分别为：南极企鹅岛、神秘北极村、海底隧道、远古海洋、鲨鱼港湾 、珊瑚海、白鲸湾、柳穿鱼巷、海草堂、探奇鱼宙、未来水母馆、萌兽湾。十二大展区相辅相成各具特色，将南北两极的企鹅、北极熊、海狮、海象、海豹等极地精灵汇聚于此，每日为游客呈现精彩的动物喂食秀表演。馆内二层为游客展示了各具特色的珊瑚、水母、水草以及海洋鱼类，精心布局，各具特色，让游客仿佛穿越在神秘的海底，感受海洋的神奇。【未来水母馆】 未来水母馆，共分为特色光影区、水母万花筒、水母秘境、水母音乐厅、水母童话区、水母互动区等六大主题展区和水母实验室、水母教室两大功能展区。 “水母万花筒”：共集结了世界近十分之一的水母品种，展区内，除了展示游客们熟悉的海月水母、安朵仙水母、澳洲斑点水母等品种，还将引进颇具趣味性、观赏性的和平水母、倒立水母、蛋黄水母、霞水母等，以及饲养难度颇高的海刺类水母，如黑海刺、太平洋海刺水母、紫纹海刺水母等；  “水母秘境区”：运用影像、声音、光与影等科技元素，让游客身历其境的畅游在水母与光影交织的浩瀚浪漫的水母星球之中； “水母互动区”：游客们可以通过互动仿生墙，与虚拟水母进行互动，了解水母的结构、水母的天敌等，让游客们既能了解水母的趣味科学，还能体验触摸水母的感觉，全面了解奇妙美丽的水母； “水母音乐厅”：音乐节奏与水母游动频率完美结合，置身其中就好像自己躺大海深处，想象着身边有水母飘过，变化着不同的色彩。配合水母摆动的频率改善自己的呼吸频率，在不知不觉中达到身心的放松和平衡。 “水母童话区”：是小朋友们最喜欢的地方，各类型的水母化身成卡通人物，向游客们介绍着自己的特性，水母知识大全，尽收眼底；水母摇摆、水母秋千等各种各样的水母主题游乐设施更是吸引着孩子们的目光。 “水母实验室”：展区将开放后场，幸运游客可以预约并参与“水母探秘之旅”，近距离观察水母的喂养、繁殖等过程，了解水母不为之人的趣味科普故事，并和专业的水母饲养师进行面对面的学术交流。 “水母教室”：是为水母爱好者和小朋友们准备的水母课堂，想要更深入的了解水母方面的科普知识和趣闻，可以静静的坐下，享受一场在水母世界的生动科普课。 【远古海洋】 2018年全新开设远古海洋科普展区，总面积700余平米，游览动线100余米，位于三层半后场。主要以生物进化为线索，五次物种大灭绝为主要节点，展示包括鱼类、无脊椎节肢动物、昆虫、两栖类、爬行动物、鸟类、哺乳类等内容在内，共计展缸40余套，生物种类77种，350余只动物。 以时间轴为顺序，从寒武纪一直到新生代，选取几个具有典型事件的时期，并以五次物种大灭绝的进化史实为展区分割点进行设计，选取当今与历史上较为接近的生物品种进行展示。浣熊、松鼠猴、荷兰猪、龙猫、欧亚红松鼠、土拨鼠、布偶猫等诸多萌宠，它们将以全新方式陪你穿越地球五亿年！ 【萌兽湾】 萌兽湾为室外露天场馆，这里向游客们展示了多种海洋动物。人们能在阳光下近距离接触海洋动物，并从不同角度欣赏它们的生活百态。在与“萌兽”亲密接触的同时，学习科普知识，是全家出行游乐打卡的不二之选。在萌兽湾，您可以邂逅一群萌萌的斑海豹，与慵懒的海豹一起享受自在悠闲的阳光。 【海洋欢乐星球】 海洋欢乐星球为室外海洋剧场，可容纳上千人同时观看。在这里，演艺人员将跌宕起伏的故事情节与精彩绝伦的海洋动物演出相结合，让游客感受全新的海洋奇妙情景剧，打造人与自然和谐共生的海洋童话世界。【特色项目】 针对亲子家庭，天津海昌极地海洋公园还推出夜宿、夜宴活动，在深邃的海洋中探秘晚间极地的特色，在蔚蓝的海底隧道中品尝极地美食，夜晚与鱼儿同睡，感受夜晚不一样的神奇极地，此项目成为京津冀地区受欢迎的亲子体验项目之一。 天津海昌极地海洋公园根据不同年龄段的需求，开展了多种多样的特色项目，针对家庭游客，开展了“5D动感体验”以及“冰河世纪馆”。在5D动感体验中，游客可以再次感受震撼的视觉冲击，让你享受刺激的动感体验，而在零下十度的冰河世纪馆中，游客们可以在此欣赏到丰富有趣的动物冰雕，近距离探访因纽特人的神秘生活，还有浪漫的飘雪区，让你一秒穿越极地，尽享酷爽。 针对孩子，“企鹅乐乐园”、“互动海滩”成为孩子最喜爱的特色项目。企鹅乐乐园为极地海洋主题儿童软包探险体验游乐项目，孩子们可以寻找心目中的极地人偶，与其交流、探险，共同玩耍，在玩乐中锻炼社交、展现体能及动作协调等成长技能。“互动海滩”项目孩子则可以在人工海滩上尽情玩耍，体验海洋风情，与动物近距离接触。 天津海昌极地海洋公园，浓缩极地精华，尽展海洋奇观。来天津海昌极地海洋公园，感受响彻心灵的“蓝白交响曲”，收获最纯粹的快乐和感动！,7/1-9/30 09:00-16:30,https://img1.qunarzz.com/travel/d6/1607/e8/cc07a694992d619a.jpg_480x360x95_a7f1e151.jpg,4.5,建议游览时间：2小时 - 3小时,,"{'天津海昌极地海洋公园五馆票儿童票\n\n': ['¥199起'], '天津海昌极地海洋公园五馆票老人票\n\n': ['¥150起'], '天津海昌极地海洋公园五馆票优待票\n\n': ['¥150起']}",,1
瓷房子Porcelain house,http://travel.qunar.com/p-oi722969-cifangzi,"

地址:
天津市和平区赤峰道72号(近和平路商业街)


电话:
022-27123366

",瓷房子是一座动用了无数私藏古瓷器、汉白玉石雕、水晶、玛瑙、古董装饰而成的法式建筑。房子的墙上密密麻麻贴满了精美的中国古代瓷器，庭院和楼内堆满了古董，铺天盖地的瓷器古董常让初到瓷房子的游客眼花缭乱。瓷房子的围墙由数百个民国时期和晚清时期的古瓷瓶垒砌串联而成，名平安墙。房顶用古瓷片拼成的巨龙盘旋出“China”的图案，巨龙后是碎瓷片拼出的2008年奥运主体育场鸟巢。注意看房子外围右侧，有一竖排的瓷猫从顶层延伸到一层墙角，瓷猫周边镶嵌满水晶、玛瑙，如此兴师动众装饰的却是一根下水管道，令人赞叹。整幢楼共有五层，地下室不对外开放，一到四层供游客参观。每一层楼内都摆放着许多雕刻细腻的古代木制家具，红色墙壁上用瓷片贴出古今中外的名人字画。一层中间放着一只宋代大瓷缸。二楼和三楼都有阳台可以观景，一定要抬头看阳台的天花板，天花板是由一个个整只的古代瓷器盘子贴出来的，越往中间的盘子越价值不菲。由于每一层中间都是镂空的，从四楼可以一直看到一楼中间的大瓷缸。面朝瓷房子，左手边有一间同样覆盖满精美瓷器的小房间是厕所，看一看就好，为了在水晶、玛瑙与瓷器堆中上一回脱俗、唯美的厕所，厕所门前经常排长队。瓷房子的右手边就是出口了，别直接走出去了，出口所在的小房间有“镇馆之宝”。在瓷房子庭院中所见古董石像有些没有头部，头都在出口的耳房这，其中较大的一颗佛头就是“镇馆之宝”了，佛眉心间有个原来是放红宝石用的大凹槽。出口的这间房间不允许照相。若光看这幢瓷房子还不过瘾，在天津五大道有一幢疙瘩楼（河北路283号），和瓷房子有异曲同工之妙，离得也不远，可以过去看看。,1. 夏令时：周一至周日9:00-19:00（18:30停止售票，4月1日-10月31日） 1. 冬令时：周一至周日9:00-18:30（18:00停止售票，11月1日-3月31日）,https://img1.qunarzz.com/travel/d7/1701/82/d1327fca1e4e89b5.jpg_480x360x95_cebea9b9.jpg,4.2,建议游览时间：1小时 - 2小时,,"{'瓷房子门票成人票\n\n': ['¥50起'], '瓷房子门票优待票\n\n': ['¥30起'], '天津观光巴士津游1号(观光5路)津游一号观光票成人票\n\n': ['¥19.9起']}",瓷房子中有免费的讲解服务，没到游客达到一定人数就开始一次，可以留意听听。,1
梨木台风景区Limutai Scenic Area,http://travel.qunar.com/p-oi704001-limutaifengjingqu,"

地址:
天津市蓟州区下营镇船舱峪村北梨木台风景区


电话:
022-22711569


官网:
http://www.limutai.net/

",梨木台景区因秀美的地势和清新水流、葱郁树木等自然风光闻名，是京津周末郊游的好去处。来此可以漫步登山，品味清新自然，观赏俊秀地貌、长城古迹，每年春天时，景区内还会有大片梨花开放，是拍照摄影的好地方。梨木台景区面积较大，景区纵深大约有7-8公里。景区内部有众多景点，不过大多分布在一条主干道两侧，游客进入后沿着主干道步行游览，一直到景区深处的山顶，然后原路返回即可，全程大约需要5-6小时，若体力不足也可以游玩到中途便返回。另外，景区内也有区间车可以节省大约1小时的登山路，建议上山时乘坐节省体力，下山时可以步行。梨木台等登山路大致分为三部分，一部分为景区大门到登天缝、五指山处，距离很短，大约1-2公里。这一部分主要的景观便是登天缝，登天缝是一处类似“一线天”的地质奇观，两侧山崖高耸陡峭，十分险峻。游客可以沿着天缝之间的石阶爬上山顶，大约需要半小时左右，山顶处视野开阔，还有北齐时期的古长城遗址，可以仔细观看一下。观看完山顶景色后即可原路下山，第二段登山路是从登天缝到梨木台山庄。这一段路大约3公里，路上景色很多，有太平池、神龟探海、黄砬瀑布、豹子潭、骆驼峰、蝴蝶泉、群猴望日等，其中有形态各异的岩石和崖壁，也有清新的水流、池塘和瀑布，风光自然优美。路上的梨花台处是梨花密集的地方，每年4-5月份，来此拍照一定不能错过这里。另外，梨木台山庄处还有杜鹃坡，春天时还有非常漂亮的杜鹃可以观看。后一段山路是从梨木台山庄向后，一直爬到海拔900多米的梨木台山顶处，这一段山路较长，往返大约需要3-4小时。一路上景点较少，有长寿石、野生猕猴桃林等，景观也都比较普通，所以很多游客会将这一段省去，仅游玩到梨木台山庄处即返回。如果是登山或徒步爱好者，则可以攀登这一段，梨木台山顶视野比较开阔，可以体会登顶的畅快感觉。餐饮住宿游客到梨木台游玩，大多会在景区附近住宿一晚。梨木台景区外有很多农家乐，一般农家房间大约100-200元左右，条件稍好的标间会更贵一点，可以选择入住。用餐也都是在农家乐里，可以品尝一下这里的农家菜，价格不算太贵。很多集体出游的游客还会选择烤全羊等美食，不过类似的大菜价格会较高，可以提前商量好价格。,04/01-10/31 08:00-17:00;11/01-03/31 全天不开放,https://img1.qunarzz.com/travel/poi/1707/d5/d0cfce02d6106237.jpg_480x360x95_87a50801.jpg,4.4,建议游览时间：3小时 - 6小时,4月-10月，冬季封山（11月1日~3月31日）,"{'梨木台门票成人票\n\n': ['¥68起'], '梨木台风景区门票+摆渡车票成人票\n\n': ['¥64起'], '梨木台+摆渡车票优待票\n\n': ['¥45起']}",,1
西开教堂St. Joseph Cathedral,http://travel.qunar.com/p-oi705800-xikaijiaotang,"

地址:
天津市和平区西宁道9号


电话:
022-27811929,022-27813325

",西开教堂位于繁华的滨江道商业街的南端，始建于1917年，是天主教天津教区的主教堂。教堂建筑风格庄重大气，教堂内的雕塑也都繁复精美，另外弥撒和天主教节日的活动对外开放，可以参与其中，感受浓厚的宗教氛围。外部参观教堂外部用红黄相间花砖砌成，三座呈品字形排列、高耸入云的塔楼上浮盖着绿色铜片，经过岁月的冲刷，斑驳的绿色在阳光的照耀下反而闪烁出具有历史感的光彩，塔楼顶上各有一个青铜十字架。内部建筑走进教堂，映入眼帘的首先是湖蓝、白色、淡黄构成的内部主色调，给人一种清新的感觉，只在恰到好处的位置上雕刻着各种花纹，14根立柱从门口排列到祭台，气度不凡。教堂四周列着一座座精美的教徒铜像，墙壁上则挂着一幅幅记述耶稣受难故事的油画，教堂内还有圣母、耶稣、天使等的彩色塑像。另外，一扇扇彩绘玻璃窗也很迷人。在教堂的一侧你会发现一个木质小房间，顶上有小小的十字架，那是供神甫接待信徒忏悔告解用的“告解亭”。宗教活动西开教堂的弥撒活动对外开放，非教徒同样可以参加，不过弥撒时间不可以在教堂里跑来跑去到处参观，静静地坐在后排，不能大声喧哗、不要拍照，去感受繁华都市中内心的那一份宁静就好。另外也有很多天主教节日的活动，也和弥撒一样对外开放。具体弥撒和天主教节日活动时间可见官网。,全年 8:30-16:00,https://img1.qunarzz.com/travel/d7/1611/7f/b82e12f9e6eed7b5.jpg_480x360x95_ab334ec9.jpg,4.6,建议游览时间：1小时 - 2小时,,"{'天津观光巴士津游1号(观光5路)津游一号观光票成人票\n\n': ['¥19.9起'], '津游一号仿古铛铛车票成人票\n\n': ['¥19.9起'], '【精品小团|迎春特惠|档期回归】瓷房子+五大道+古文化街+津味相声+天津之眼+海河游船一日游\n\n': ['¥106起']}",西开教堂位于滨江道最南端。如果是从天津站抵达天津，过解放桥游览意式风情区，再从北侧进入滨江道，逛完滨江道就看到西开教堂了。,1
南市食品街Nanshi Food Street,http://travel.qunar.com/p-oi705929-nanshishipinjie,"

地址:
天津市和平区慎益大街与荣业大街交汇处西南角

",南市食品街汇集了天津各种知名小吃，是一个以食品为主的特色购物中心。来此不仅可以品尝到多种传统美食，还可以欣赏到相声、戏曲等传统的茶园艺术。另外，这里建筑中西合璧，拍照也十分好看。南市食品街是一座回廊式三层建筑，在四个方向都有入口，其中三楼是饭店的内堂，一楼、二楼可以逛街。这里一楼比较开阔，是仿造骑楼式的建筑，主要分布的店铺是各种小吃，如天津桂发祥麻花、十八街麻花、耳朵眼、崩豆张等。这一层除了美食，还能找到画糖人儿等有意思的传统小摊，可以前去看看。南市食品街二楼、三楼是半开放回廊式的建筑，每整层都是相通的，也是像逛街一样从一家家店铺前走过。这两层以各种餐厅为主，有川菜、鲁菜等多种菜系，有名的餐厅有天津菜馆、鸭溪酒楼等。此外，二楼的孔府家酒楼在下午和晚上经常有相声表演，有兴趣的可以前去听听。,全年 8:00-22:00,https://img1.qunarzz.com/travel/d1/1703/d0/eb975bfd00aff3b5.jpg_480x360x95_acd7331b.jpg,4.1,建议游览时间：1小时 - 3小时,四季皆宜。,"{'天津观光巴士津游1号(观光5路)津游一号观光票成人票\n\n': ['¥19.9起'], '【天津包车特惠】天津市区/滨海/周边10小时用车\n\n': ['¥598起'], '北京/天津出发天津一日游纯玩跟团旅游相声演出·海河游船·五环内接\n\n': ['¥78起']}",,3
金海湖景区Jinhai Lake Scenic Area,http://travel.qunar.com/p-oi20047310-jinhaihujingqu,"

地址:
天津市滨海新区海洋高新技术产业园区海缘西路与云山道交口以西330米

",金海湖风景区位于平谷区城东15公里处，距北京85公里，水域面积6.5平方公里，是北京地区水域面积较大的综合性水上娱乐场所，现为市级风景名胜区。金海湖三面环山，峰峦叠翠、风景秀丽。有千岛湖的湖观山色，又有兔耳岭的怪石嶙峋，有湖光塔、金花公主墓、望海亭、锯齿崖等自然景观、人文景观数十处。金海湖水域宽阔、碧波万顷，是开展水上运动娱乐项目的理想之所。这里有游船、快艇、自驾艇、水上飞、水上飞伞、脚踏船、手划船、肥仔船、速降、大型水滑梯、赛龙舟、香蕉船、橡皮艇、皮划艇、甲壳虫跑车等30余种丰富多彩的娱乐项目。2016年1月，国家旅游局和环保部拟认定北京市平谷金海湖风景区为国家旅游示范区。,全年 全天开放,https://tr-osdcp.qunarzz.com/tr-osd-tr-manager/img/8f4a66f20b35a9d6e8a3c33865078ccd.jpg_480x360x95_fb25aa3a.jpg,5.0,建议游览时间：3小时,,,,3
蓟州溶洞Jizhou Cave,http://travel.qunar.com/p-oi7469288-jizhourongdong,"

地址:
天津市蓟州区罗庄子镇洪水庄村北灵气山下


电话:
022-82323333,022-29196666


官网:
http://www.jzrdfjq.cn/

",蓟州溶洞，景区坐落于天津市蓟县罗庄子镇洪水庄村北灵气山下，距蓟县县城12公里，因蓟县曾名蓟州，故名蓟州溶洞。蓟州溶洞的特点，可用四个字来概括，那就是新、奇、独和特。蓟州溶洞发育于中、上元古界长城系洪水庄组白云岩地层，距今大约 12 亿年。经请国家地质部门勘探测算，可开发空间达百万平方米，面积之大，居华北地区之首。蓟州溶洞一期开发约3万平方米，洞内全长1200米。,01/01-12/31 08:00-17:30,https://tr-osdcp.qunarzz.com/tr-osd-vs-dapp-ugc/img/334a091f8aef21bb3d18ddca61a474a9.png_480x360x95_24fc8c64.png,4.5,建议游览时间：2小时,四季皆宜,"{'天津蓟州溶洞门票成人票\n\n': ['¥84.9起'], '天津蓟州溶洞门票学生票\n\n': ['¥38起'], '天津蓟州溶洞门票老人票\n\n': ['¥39.5起']}",,3
张学良故居The Former Residence of Zhang Xueliang,http://travel.qunar.com/p-oi706821-zhangxueliangguju,"

地址:
天津市和平区赤峰道78号


电话:
022-87896106,022-27116988

",天津旅游必打卡景区“张学良故居”景区包括南区少帅张学良在津生活7年的故居博物馆与北区全国大的、还原少帅生活的20-30年代天津城风貌、微缩津城实景街区，“百年历史看天津”，万平实景天津百年街区耗资数千万打造、千余件真实百年历史物件。打造天津故事讲述地与津城文旅打卡地，是了解历史名人、天津故居的优选文旅目的地。   “天津·张学良故居” 博物馆是爱国将领张学良在津生活、办公府邸，市级文物保护单位。2009年历时2年修缮，重现了张学良将军在此的场景。张学良故居始建于1921年，法国巴洛克风格， 造型豪华美观、大方，正面二、三层有屋顶平台，室内宽大考究至今仍保留着100年前的菲律宾木材楼梯、 地板、门窗等馆内包括少帅处理政务接待、宴会大厅、办公书房、军政议事厅、与赵四小姐生活起居卧式、四小姐接待室等房间全景还原张学良将军与赵一荻女士生活原貌，馆藏原始文物300余件，按原有风貌还原，在这里还将了解到少帅与孙中山先生、张伯苓先生、张大千先生、梅兰芳先生等历时名人交往的故事秘闻，是来天津文史旅游打卡地圣地。   北区“津沽旧事”微缩还原天津百年天津风貌，打造全国大体量还原城市近代史元素的沉浸式实景街区。景区收藏千余件百年历史物件，全景展现上世纪初期天津历史人文变迁，天津历史上在全国创造诸多第一的行政、商号、历史文物等在此皆有展现，游客可在此看到中国第-个近代警察系统、第一个对号入座的戏院、中国第-个商业运营舞厅、第一个女性可理发的理发馆·....·是了解中国近代城市人文变迁的景区与津城游的打卡地。   天津被誉为曲艺之乡，上世纪初天津是全国曲艺名家的集聚地，文艺之繁荣、演出之盛大全国首屈一指。在景区内，您可以欣赏到内容丰富的天津特色曲艺与民国风演出: 津味相声、古彩戏法、曲艺快板、民国风歌舞·....·让您体验当年天津城市的繁华景象，游览微缩百年津城、欣赏天津特色演艺，“天津·张学良故居”给您全方位的百年天津体验，时空百年一梦还!  作为人文景区，专业的讲解是不可缺少的，因此我们为大家免费提供了多场讲解服务，让您在游览过程中了解更多关于少帅张学良的生活轶事及当时的市井生活，使故居不再单单是一座古建筑，更多的承载着文化与历史。  ,9:00-17:30，17:00停止入园；节假日20:30停止售票，21:00闭馆。,https://img1.qunarzz.com/travel/poi/1507/dd/61bd67874960f8.jpg_480x360x95_8ff15ccb.jpg,4.7,建议游览时间：1小时 - 2小时,,"{'张学良故居门票成人票\n\n': ['¥72起'], '张学良故居门票学生票\n\n': ['¥55起'], '张学良故居门票优待票(老人/儿童/学生)\n\n': ['¥55起']}",,3
桃花堤公园Taohuadi Park,http://travel.qunar.com/p-oi18717488-taohuadigongyuan,"

地址:
天津市红桥区北运河南岸(中环线勤俭桥头)

",桃花堤公园面积虽不大，但整个北运河河畔都是桃树，是天津比较有名的一个赏桃花的景点。每当三、四月份桃花盛开之时，这里会举办桃花节，桃花的种类很多，颜色不一，远远望去颇为壮观。,全年 全天开放,https://tr-osdcp.qunarzz.com/tr-osd-tr-manager/img/307a231fd6d43ee7624d5e8f1b21b062.jpg_480x360x95_a65b2f33.jpg,4.6,建议游览时间：1小时 - 2小时,,具体收费情况以现场公示为主,,3
津湾广场Jinwan Square,http://travel.qunar.com/p-oi5740240-jinwanguangchang,"

地址:
天津市和平区滨江道1号


电话:
022-23219222

",津湾广场位于天津市中心，火车站对面，正好是海河边的一个河湾处。这里也是天津市区繁华的地带之一，因此津湾广场便成为了欣赏天津城市景观好的去处。津湾广场的周边有几处的看点，解放路这里有大量优雅的法国建筑，沿河而建，非常漂亮；横跨河上的解放桥已经有一百多年的历史了，桥对岸的世纪钟更是天津的地标；天津站及其背靠的高楼则是一派繁华的现在市景，夜晚时亮灯之后绚烂迷人。来津湾广场参观和拍摄夜景如今是很多游人游玩天津时必做事项，若是情侣出行，更要在这里漫步，感受...津湾广场位于天津市中心，火车站对面，正好是海河边的一个河湾处。这里也是天津市区繁华的地带之一，因此津湾广场便成为了欣赏天津城市景观好的去处。津湾广场的周边有几处的看点，解放路这里有大量优雅的法国建筑，沿河而建，非常漂亮；横跨河上的解放桥已经有一百多年的历史了，桥对岸的世纪钟更是天津的地标；天津站及其背靠的高楼则是一派繁华的现在市景，夜晚时亮灯之后绚烂迷人。来津湾广场参观和拍摄夜景如今是很多游人游玩天津时必做事项，若是情侣出行，更要在这里漫步，感受津门夜晚的浪漫。,全年 全天开放,https://img1.qunarzz.com/travel/d8/1603/89/abda9c4f934460f7.jpg_480x360x95_d3eb13e3.jpg,4.6,建议游览时间：1小时,,,,3
鼓楼Drum Tower,http://travel.qunar.com/p-oi701756-gulou,"

地址:
天津市南开区鼓楼东街


电话:
022-27283899

","天津卫三宗宝，鼓楼、炮台、铃铛阁。天津鼓楼位于城中心，名为鼓楼，实为钟楼。鼓楼高三层,楼底的一层,是用砖砌成的一座方台，下宽上窄，辟有四个拱形门洞，通行东西南北四条大街。在这座台子上，修建了两层楼。第一层供奉观音大士，天后圣母和关羽岳飞等。楼的第二层，悬有重三百斤的铁钟一口。鼓楼的大钟直径1.4米，高2.3米，重约1500公斤，被誉为天津的“钟王”。此钟用铁铸成，铸工精细，造型古朴。钟体都是阳铸浮雕，钟钮铸成交尾双缡，片片鳞甲清析可辨双缡的两个头和四只脚，连接着钟体，另四只脚互相抓攀，弓身欲吼。这口大钟现在放在邃园回廊的水泥座上，虽然不能撞响，但仍是一件铸型精美的艺术品，可供游客观赏。",4月1日-10月25日8:30-22:00，10月26日-次年3月31日8:30-17:00。,https://img1.qunarzz.com/travel/d9/1704/42/780d70a1930ffcb5.jpg_480x360x95_c5052b54.jpg,4.5,建议游览时间：0.3小时 - 0.5小时,四季皆宜。,"{'【精品小团|迎春特惠|档期回归】瓷房子+五大道+古文化街+津味相声+天津之眼+海河游船一日游\n\n': ['¥106起'], '北京出发 天津纯玩一日游 天津之眼+鼓楼广东会馆+游船+相声 五环内接 一价全含\n\n': ['¥68起']}",,3
周恩来邓颖超纪念馆The Memorial to Zhou Enlai and Deng Yingchao,http://travel.qunar.com/p-oi713009-zhouenlaidengyingchao,"

地址:
天津市南开区水上公园西路9号


电话:
022-23592257,022-23106608


官网:
http://www.mzhoudeng.com/

",周恩来邓颖超纪念馆位于天津市区南侧，著名的水上公园旁，是专门为纪念周总理及夫人邓颖超女士而修建的，馆内展示了总理及邓颖超夫人的生平和革命事迹，十分具有教育意义。纪念馆修建于天津，是因为周总理少年曾在天津就学和生活，把天津作为自己的第二故乡。纪念馆一共分为三层，馆内有瞻仰厅、周恩来生平展厅、邓颖超专题展厅、仿西花厅、周总理专机陈列厅等多个主题展厅，通过文字、照片、雕像、蜡像场馆复原及二位生前使用过的物品展示了总理及夫人的革命事迹，很多游客都会专门来此参观，瞻仰二位的伟大事迹。另外，纪念馆里还经常会举办一些临时展览，如果赶上了可以一并参观。,周二-周日9:00-16:00；周一闭馆（节日另行安排）。,https://img1.qunarzz.com/travel/d3/1506/56/2e23aa59824ea.jpg_480x360x95_bae231fb.jpg,4.7,建议游览时间：1小时 - 2小时,四季皆宜。,参观周恩来专机需收费,,3
民国物语Republic of China Story Museum,http://travel.qunar.com/p-oi20980798-minguowuyu,"

地址:
天津市西青区张家窝镇知景道198号


电话:
022-58851288,022-58851226

",民国物语博物馆成立于2017年12月，展厅面积1500平方米，是天津一家以民国时期社会历史故事为主题的独立艺术展览空间，也是天津南站片区集历史、文化、艺术、娱乐等多重体验功能的天津文化地标。里面包含爱玲说、名媛录、喜福会、风尚集、风物志等五个展区。它通过沉浸式多媒体交互场景、3D艺术墙绘、梦幻纸雕等多重互动体验形式，运用现代化的艺术表现手法，呈现出民国时期社会的历史变迁与浮光掠影。,10:00-18:00（17:30停止入场）,https://img1.qunarzz.com/piao/fusion/1807/ce/6aa472db6984f202.jpg_480x360x95_a448e5ed.jpg,4.7,建议游览时间：1小时 - 2小时,,"{'民国物语博物馆门票成人票\n\n': ['¥59起'], '民国物语博物馆门票学生票\n\n': ['¥29起'], '民国物语博物馆门票儿童票\n\n': ['¥29起']}",,3
渔阳古街Yuyanggu Ancient Street,http://travel.qunar.com/p-oi10073701-yuyanggujie,,渔阳古街古称渔阳，有着十分悠久的历史，始建于汉朝。明洪武四年（1371年），土城包砖重修，城内设东西南3门，北面不设门，以山为屏障，连接东门与西门的三里长街，是古城的主要街道，现在的渔阳古街就是西面的一部分。,,https://tr-osdcp.qunarzz.com/tr-osd-tr-manager/img/71237fa97e330d839515eb33dd9e2d72.jpg_480x360x95_1193f7ca.jpg,4.2,建议游览时间：2小时 - 3小时,,,,3
天津水上公园Tianjin Water Park,http://travel.qunar.com/p-oi705319-tianjinshuishanggongyuan,"

地址:
天津市南开区水上公园北路33号


电话:
022-23662596,022-23916111


官网:
http://www.tjwaterpark.com/

",水上公园位于天津市区南侧，是市区内的休闲胜地。公园由三座大湖和十一座岛屿组成，有树木、荷塘，还有特色的日式、中式园林景观，环境十分优美，游船、摩天轮、过山车等娱乐项目也很丰富。水上公园的面积很大，从北到南纵深约有两三公里，北侧为免费的公园，南侧为售票的天津动物园，可以一并游玩。游玩时间根据个人兴趣有所不同，若仅是休闲放松，在公园观景则1-2小时时间足够，如果要划船或游玩娱乐项目则需要3-4小时，如果想把公园和动物园一并游览的话则需要大半天的时间。大部分游客游玩公园均为步行游览，不过园内也有代步电瓶车租赁。公园在东南西北各方向均有出入口，主要的入口是西北侧的西门，就在地铁3号线周邓纪念馆站旁。从此门进入后便来到了公园的北边。东边则是公园的游乐区，里面有激流勇进、过山车、摩天轮、海盗船、飞人等十几项娱乐项目，虽然这里的游乐项目不如欢乐谷等处刺激惊险，不过价格很实惠，一般仅需十几二十块，也值得体验一下。向南侧游览，则来到了并列的东湖和西湖湖边，这里有盆景园、水上园林、牡丹园等几处建筑精美的园林，模仿苏州园林建设，内有亭台水榭，十分优雅。在两湖中间处还有一处荷塘，每到夏天荷花盛开非常漂亮，是摄影的佳地。另外，湖边有好几处游船的码头，有脚踏船、手划船等娱乐项目。在东湖的南侧则是一座小巧的园林，名为神户园，是日本神户市主持建设的，里面全部采用日式风格，有樱花亭、日式茶室等日本特色的建筑设施，非常独特，游玩参观时注意不要错过。公园的南侧则是天津市动物园的所在地，喜欢观赏动物或是带小朋友来游玩的游客可以前往，旁边还有鸟语林、栖瑰馆等几个动物或植物观赏馆，不妨购买一张联票。每到冬天，动物园还有一座滑雪场开放，可以前来滑雪。游玩动物园后无需原路返回，可以直接从南侧的大门离开公园即可。,9:00-16:00,https://img1.qunarzz.com/travel/d1/1603/c4/8cab572cd6ae2ff7.jpg_480x360x95_e004eb26.jpg,4.7,建议游览时间：2小时 - 6小时,冬夏最佳，冬季可玩雪，夏季可戏水。,"{'天津水上公园WhaleSports水上运动俱乐部皮划艇票大小同价\n\n': ['¥99起'], '天津水上公园WhaleSports水上运动俱乐部皮划艇票双人票\n\n': ['¥139起'], '天津水上公园WhaleSports水上运动俱乐部皮划艇票三人票\n\n': ['¥189起']}",1. 公园内有几家餐厅，价格比外面稍贵，若用餐推荐前往公园外东侧的上谷商业街或者南侧的奥城商业广场处，均有多家餐厅。2. 在公园内购买饮用水、零食等也比外面贵些，推荐自带。3. 公园向北侧步行约500米可以到达南开大学和天津大学，向东步行约500米可以到达天塔湖景区，推荐一并游玩。 ,4
石家大院Shi Family Grand Courtyard,http://travel.qunar.com/p-oi706564-shijiadayuan,"

地址:
天津市西青区杨柳青镇估衣街47号


电话:
022-27391617,022-27391618,27-5143

",石家大院位于千年古镇杨柳青镇中心，原为清末津门八大家之一石元士的住宅，宅名“尊美堂”，世人俗称“石家大院”。石家大院始建于光绪初年（1875年），是一座已有140多年历史的大型清代民宅，占地面积7500平米，建筑面积3552平米。整个建筑群包含18个院落，典型的四合连套、院中有院、轴线明确、气派宏大。其砖木石雕精美传神、寓意吉祥，而大院中的戏楼是我国保存最为完好、规模最大的封闭式民宅戏楼。石家大院曾有“华北第一宅”、“天津第一家”之称。,8:30-18:00,https://img1.qunarzz.com/travel/d8/1501/38/f8a29aa63a4206.jpg_480x360x95_68aaedda.jpg,4.6,建议游览时间：2小时 - 3小时,四季皆可,"{'杨柳青古镇年画馆（安氏祠堂）门票成人票\n\n': ['¥9起'], '杨柳青古镇年画馆（安氏祠堂）门票优待票\n\n': ['¥5起'], '杨柳青古镇安家大院门票成人票\n\n': ['¥23起']}",,4
平津战役纪念馆The Pingjin Campaign Memorial Hall,http://travel.qunar.com/p-oi703901-pingjinzhanyijinianguan,"

地址:
天津市红桥区平津道8号


电话:
022 2653 5413


官网:
http://www.pjcmm.com/

",平津战役纪念馆位于天津市区北侧，靠近一号线洪湖里站，是反映平津战役的主题纪念馆。平津战役是1948年底至1949年初，解放了包括北平、天津在内的华北大部分地区，是新中国建立过程中的重要战役。天津平津战役纪念馆有纪念广场和展馆两大部分。纪念广场上有60多米的胜利纪念杯、群雕铜像和火炮、坦克、装甲车等展示，可以来此参观拍照。展厅内部有序厅、战役决策厅、战役实施厅、人民支前厅、伟大胜利厅、英烈业绩厅和多维演示馆等几个展馆，通过大量的文物、照片、沙盘等展示了平津战役的过程，而且还有电影、电动沙盘等现代科技的展示方式，是了解平津战役和解放战争历史的好去处。也是很多机构和单位组织爱国主义教育运动的常去之处。,全年 周二-周日 9:00-16:00,https://youimg1.c-ctrip.com/target/100w0k000000bo1gj9C17_C_300_300.jpg,4.5,建议游览时间：1小时 - 2小时,天津市属暖温带半湿润大陆性气候，年平均气温在13℃以上。7月气温最高，在26℃以上，1月气温最低，在-4℃以下，有非冬即夏的说法。春、秋两季气候温和，是游天津的大好季节。天津全年的平均降水量为550-684毫米。,{'平津战役纪念馆导览服务成人票\n\n': ['¥9起']},,4
袁氏宅邸Tianjin Yuan Shikai's House,http://travel.qunar.com/p-oi716001-yuanshizhaidi,"

地址:
天津市河北区海河东路39号


电话:
022-86215780

",袁氏宅邸先后委托英、德工程师设计师设计，为一座欧洲古典式建筑。高三层，砖木结构，共有房54间，建筑面积2089平方米。这所楼房设计特点是：有所谓“隐身处”与“脱身处”。“隐身处”是在二楼右侧有个小门，门内建钢筋混凝土楼梯，铁栏杆，可上至楼顶间，下至地下室、如果关上小门便找不到上下楼的去处。“脱身处”是在三楼凉亭 设有铁楼梯，直通后花园余门，由此可脱身逃走。此外，在这所楼的二、三层之间还专门设计了一间八角形房屋，几面窗户都朝海河，无论潮涨潮落，河水都好似往 八角楼里流，象征无数财源流人袁家。,全年 09:00-17:30,https://img1.qunarzz.com/travel/poi/1410/13/3e4adb564f20860effffffffc8d65eac.jpg_480x360x95_84923755.jpg,4.5,建议游览时间：1小时,四季皆宜。,50元,,4
法国公议局大楼French Convention Building,http://travel.qunar.com/p-oi710226-faguogongyijudalou,"

地址:
小白楼街道承德道12号


电话:
+86 22 2370 8019

",,全年 9:00-17:00,https://img1.qunarzz.com/travel/poi/1803/a3/5bd032b40a3a9737.jpg_480x360x95_27f29b4b.jpg,4.7,建议游览时间：0.5小时,,具体收费情况以现场公示为主,,4
亿利·生态精灵乐园Elion · Elf's Park,http://travel.qunar.com/p-oi35822571-yilishengtaijinglingle,"

地址:
天津市滨海新区中新生态城中生大道与静湖西路交口


电话:
4009220222

",亿利·生态精灵乐园位于滨海新区中新生态城静湖畔，一期占地300余亩，乐园包含阿萌市集、毛竹湾、千羽谷等12大主题区，目前乐园产品正在逐步完善，现阶段为探秘之旅阶段 ，乐园现开展分布有精灵剧场、陆家庄园、大熊猫公馆（熊猫将于6月3日以后展出）、猴子互动馆等重要场馆。乐园独创IP故事，有生态精灵带您开启梦幻之旅，这里还有可爱萌宠、珍稀植物。乐园贯穿趣味科普知识，布点精彩互动演艺，还有30多组儿童无动力设施。,6/12-8/31 周一-周五 09:30-17:00,,4.4,建议游览时间：12小时 - 3天,,"{'亿利·生态精灵乐园门票成人票\n\n': ['¥152起'], '亿利·生态精灵乐园门票儿童票\n\n': ['¥110起'], '亿利·生态精灵乐园门票亲子票(1大1小)\n\n': ['¥245起']}",,4
东疆建设开发纪念公园Dongjiang Construction & Development Memorial Park,http://travel.qunar.com/p-oi18718592-dongjiangjianshekaifa,,,,,,,,,,4
小白楼1902欧式风情街Xiaobailou European Style Street,http://travel.qunar.com/p-oi9642095-xiaobailou1902oushifeng,"

地址:
天津市和平区开封道小白楼商业区(近滨江购物中心)

",小白楼1902欧式风情街位于和平区开封道，地处小白楼中心地带，紧邻滨江购物中心、滨江国际万丽酒店，全长约200米，连接天津市两大交通主干道——南京路、大沽路，是连接滨江购物中心和海信广场两大商场的“黄金走廊”，地理位置得天独厚。,全年 11:00-23:00,https://img1.qunarzz.com/travel/poi/1705/59/cd56a411b0eeda37.jpg_480x360x95_2f00a4b9.jpg,4.6,建议游览时间：1小时 - 2小时,,,,4
南开大学Nankai University,http://travel.qunar.com/p-oi705401-nankaidaxue,"

地址:
天津市南开区卫津路94号


电话:
022-23503123,022-23508219

",南开大学位于天津市区西南侧，是天津乃至全国高校之一，曾与清华、北大、复旦并称为国内的四大名校。如今的南开是天津的重要地标，游客大多会到此一游，校园内环境清新，拍照、漫步感觉不错。如今的南开对游人开放，校园比较朴素，也并没有太多历史建筑，但是这里的湖泊、树木清新优美，而且莘莘学子出入其间，书香氛围浓厚，给人安静怡人的感觉。校园内的马蹄湖是一处看点，这里种植了大片的荷花，每到夏天花朵开放非常漂亮。马蹄湖西南不远处的思源堂是校内古老的建筑，门口的罗马风格建筑很有特点。另外，南开大学创办人张伯苓塑像、还有“我是爱南开的”题词、南开校钟等都是游客会参观的重点。,全年 全天开放,https://img1.qunarzz.com/travel/d7/201404/13/922b50e1a3fc2baeddb12cfb.jpg_480x360x95_c6535eb8.jpg,4.7,建议游览时间：3小时,,{'南开大学电子讲解票大小同价\n\n': ['¥2起']},"1、南开大学与天津大学仅一墙之隔，建议两校一起参观。一文一理，对比来看更有风韵。 
2、南开大学西南村中有众多大隐隐于市的小吃，等待游客发掘。",4
天津小白楼音乐广场Tianjin Xiaobailou Music Square,http://travel.qunar.com/p-oi715958-tianjinxiaobailouyinle,"

地址:
天津市和平区建设路88号音乐厅地下广场(近滨江万丽酒店)

",天津小白楼音乐广场面积9000平方米，地面铺设了草皮并种植花卉树木，设置了休闲座椅、景观灯等设施，还将安装喷泉和特色雕塑小品。与普通休闲广场不同的是，小白楼音乐广场与地铁1号线小白楼站融为一体，通过一个下沉式小广场，人们可以直接从扶梯上下，乘坐地铁。,全年 全天开放,https://img1.qunarzz.com/travel/d5/1803/cb/c88592c0224923b5.jpg_480x360x95_9f2610d1.jpg,4.7,建议游览时间：1小时,,具体收费情况以现场公示为主,,4
梁启超故居Former Residence of Liang Qichao,http://travel.qunar.com/p-oi703110-liangqichaoguju,"

地址:
天津市河北区民族路44-46号(民主道口)


电话:
022-24450856,022-24450857

",梁启超故居位于天津河北区民族路44号，饮冰室位于河北路46号。前楼为主楼，带地下室。一、二层各有 9 间居室。整体建筑分为两部分，东半部为梁氏专用，有小书房、客厅、起居室等；西半部是家属住房。后楼为附属建筑，有厨房、锅炉房、贮藏室、佣人住房等。前楼与后楼有走廊、天桥连接。整所建筑面积 1100 余平方米，主楼为砖木结构，水泥罩面，塑有花纹，异形红色瓦顶，石砌高台阶，双槽门窗，整所建筑相当讲究，有花园、汽车房、传达室。饮冰室在今河北区民族路46号，与住宅(民族路44号)相连，建于1924年，是一所浅灰色两层小洋楼。楼内正面有三个小拱厅，门前两侧是石台阶，当中有蓄水池，池中雕一座石兽，口中喷水常年不断。一楼正中为大厅，大厅周围5间房子除1间为杂房外，其余为书房和图书室。二楼靠西北角也是1间大厅，靠东南角有几间主要作卧室或图书资料室。梁氏后期就住在这里从事著述。梁氏的饮冰室由意大利建筑师白罗尼欧设计，为天井外廊式带封闭罩棚。建筑造型别致，正中大厅实际是天井院的罩棚，罩棚高出屋顶，用花玻璃镶成。该所建筑共有房34间，建筑面积949.5平方米。,周二-周日9:00-12:00，13:00-16:00；周一闭馆。,https://mp-commentcp.qunarzz.com/mp_comment_mp_comment/1559416224082100v14000000xfroeCF47_D_640_10000.jpg_480x360x95_f205adf2.jpg,4.7,建议游览时间：2小时,,10元,,5
古文化街码头,http://travel.qunar.com/p-oi25587890-guwenhuajiematou,"

地址:
天津市南开区古文化街

",时光中的记忆，几经翻新，是天津的地标建筑，是古文化街的入口之一。,全天开放；,https://img1.qunarzz.com/piao/fusion/1808/42/147cd443a9a7a02.jpg_480x360x95_6bc3e777.jpg,--,,,,,5
滨江道步行街BinJiang Dao BuXingJie,http://travel.qunar.com/p-oi18716116-binjiangdaobuxingjie,,天津市滨江乐园依河而建，景色优美。园内的摩天轮是公园的标志性建筑物，坐上摩天轮可以在空中较高处一览周边美景。,,https://img1.qunarzz.com/travel/poi/1803/41/d39b24ddcd268537.jpg_480x360x95_0f886ac8.jpg,4.6,建议游览时间：2小时 - 3小时,,具体收费情况以现场公示为主,,5
郭家沟景区Guojiagou Sceneic Area,http://travel.qunar.com/p-oi9638238-guojiagoujingqu,"

地址:
天津市下营镇明礼街


电话:
022-27369999,022-27635555

","郭家沟位于下营镇东部，依山傍水，山湖相依，风景秀丽，泉甜物美,民风纯朴。山上松柏郁郁丛丛，山下的果树花果满枝，是一个山清水秀的美丽小山村。近两年来，该村以文明生态村创建为依托，很抓基础设施配套及项目开发，加大了村容村貌整治，进一步提高旅游产品的档次，提高服务水准，增强专业村的吸引力。投资15万元，新修巷路1197米，并配套安装了路灯，投资2.5万元对村内进行绿化美化，栽植花卉苗木。投资6万元，在村庄入口两侧栽植1000米绿色长廊，搭好棚架，载植葫芦、丝瓜、豆角、猕猴桃等，既美化了村庄环境，又可成为一处景观，在结果季节还可以开展采摘项目。投资5万元，在村东西两坡建100亩的大枣、优质桃、李子采摘园。郭家沟村变了，村庄变得环境幽雅、景色宜人，群众精神面貌焕然一新，呈现出一片欣欣向荣的社会主义新农村的和谐景象。一个环境优美、秩序井然、文明、富裕的塞上水乡风情特色的旅游专业村初见雏型。",全年 8:00-16:00,https://tr-osdcp.qunarzz.com/tr-osd-vs-dapp-ugc/img/f41670cb98ab635cec46722f6c690f13.jpg_480x360x95_c3f18bbe.jpg,4.1,建议游览时间：2小时 - 3小时,,具体收费情况以现场公示为主,,5
天津动物园Tianjin Zoo,http://travel.qunar.com/p-oi8449470-tianjindongwuyuan,"

地址:
天津市水上公园西路68号南


电话:
022-23740169,022-23740253,022-23916111,022-23911743,022-60953922


官网:
http://www.tjzoo.net/

",天津动物园位于风景秀丽的天津水上公园南端。现有各类动物200余种、3000余只，其中国家一级保护动物有大熊猫、东北虎、金丝猴、扭角羚、丹顶鹤等，均为稀世之宝；国家二级保护动物有小熊猫、大天鹅 、猞猁等，亦为世所罕见 ，更有来自异域的珍稀动物，如美洲虎、非洲狮、亚洲象、黑猩猩、长颈鹿、犀牛和金刚鹦鹉等。天津动物园是国内大型动物园之一，是国家建设部命名的全国“十佳”动物园，也是全国科普教育基地和天津市科普教育基地。天津动物园集野生动物异地保护、科普教育、科学研究、休闲娱乐于一身，除此之外，天津动物园成为亚洲惟一的卡通式动物园，使其充满童趣，生动活泼，颇具感染力，让游人仿佛置身于一个神奇的童话之中。,旺季（3月15日-10月15日） 8:30-18:00， 淡季（10月16日-次年3月14日）8:30-17:00。,https://img1.qunarzz.com/travel/d9/1707/6c/35ff592ee6d5f2b5.jpg_480x360x95_beccb310.jpg,4.6,建议游览时间：2小时 - 4小时,,"{'天津动物园门票+石家大院门票成人票\n\n': ['¥45起'], '天津市动物园电子导游服务大小同价\n\n': ['¥7起']}",禁止携带宠物入园。,5
望海楼教堂Wanghailou Church,http://travel.qunar.com/p-oi703728-wanghailoujiaotang,"

地址:
天津市河北区狮子林大街292号


电话:
+86 22 2635 1172

",望海楼教堂旧称圣母得胜堂，位于天津市河北区狮子林大街西端北侧，斜对狮子林桥，以其旧址望海楼而得名。于1859年底建成此堂，具有欧洲哥特式建筑风格。望海楼天主堂平面呈长方形，堂身坐北面南，高10米，为石基砖木结构建筑，青砖墙面，面向西南，建筑正面有平顶塔楼三座呈山字形，中间的塔楼高12米，呈笔架式结构，除中间塔楼外大部分建筑为二层。在两侧塔楼的顶部还各镶有8个兽头，专门为下雨时排水用的，雨水可以从兽头口中涌出。教堂内部并列庭柱两排，无隔间与隔层，入口两侧设有扶壁，内部有三道通廊，中廊稍高，侧廊次之，属巴西利卡型。中塔楼正厅东西侧各有八根圆柱，支撑拱形大顶，北端为圣母玛丽亚的主祭台，左右分别是耶稣和鞠养像。另外，教堂四周的墙壁上悬挂着耶稣受难图，整个建筑的顶和壁都设有彩绘。门和窗以及大厅的顶部设有尖拱形。教堂内窗券为尖顶拱形，窗面由五彩玻璃组成几何图案，上面嵌有耶稣遇难的故事。内部地面砌有瓷质黑白相间花砖。教堂另有平顶的塔楼，后来又在礼拜堂四角设立了小角楼。教堂后面设有唱经楼。,全天,https://img1.qunarzz.com/travel/d5/1512/f2/723d8ac891db13f7.jpg_480x360x95_ce949012.jpg,4.7,建议游览时间：1小时,四季皆宜。,具体收费情况以现场公示为主,,5
冯国璋故居House of Fengguozhang,http://travel.qunar.com/p-oi7569274-fengguozhangguju,"

地址:
天津市河北区民主路52号

","冯国璋，字华甫，河北河间人，咸丰七年（1857）生，冯氏在津有多处房产，其中两处是他的寓所。 较为有名的是位于今河北区民主道50～54号和海河东路花园巷，冯氏于1913年购自奥工程师布吕纳的三所楼房，占地6.376市亩。1915年又委托一位德国建筑师按原建筑风貌设计进行扩建、接建，并修建了庭园式花园，人称""冯家花园""或""冯家大院""。共有楼房110间，平房54间，建筑面积4661平方米。 另外一栋在河北四马路、宇纬路拐角处（今河北区宇纬路6号），共有楼房24间，平房47间，建筑面积1425平方米。院内主体建筑是二层西式小洋楼，造型别致，整体性强。",全年 全天开放,https://img1.qunarzz.com/travel/poi/1412/59/593129fab3d5e067cdb.jpg_480x360x95_ebb65876.jpg,4.7,建议游览时间：1小时,,具体收费情况以现场公示为主,,5
五大道小洋楼Small Western-Style Buildings on the Five Major Roads,http://travel.qunar.com/p-oi706932-wudadaoxiaoyanglou,"

地址:
体育馆街五大道

",历史给天津留下了近千幢精美的小洋楼，走在天津的街道上，沿途小洋楼的古旧韵味很引人入胜，英式、法式、俄式、意式、德式……各种不同建筑风格的建筑物争奇斗艳。小洋楼大多集中在五大道上，建筑风格各异，造型美观，装饰考究。,全年 全天开放,https://img1.qunarzz.com/travel/d2/1612/47/35ae76cf5274e9b5.jpg_480x360x95_1b7963b3.jpg,4.8,建议游览时间：1小时 - 3小时,,免票,,5
解放北路风情区Jiefang North Road Scenic Spot,http://travel.qunar.com/p-oi10073873-jiefangbeilufengqingqu,,在中国近代历史上，这里曾是外国银行集中地，有“东方华尔街”之称，现今仍为天津金融机构的集聚地之一，马路两旁有各种造型独特的中古时期的西洋建筑，散发着属于那个年代的风韵。,,https://tr-osdcp.qunarzz.com/tr-osd-tr-manager/img/9dcf330c0627c8c6ef122564ce3fc9d5.jpg_480x360x95_835f7ea8.jpg,4.7,建议游览时间：2小时 - 3小时,,具体收费情况以现场公示为主,,5
武清南湖绿博园Wuqing Nanhu Green Expo Park,http://travel.qunar.com/p-oi9200062-wuqingnanhulu:boyuan,"

地址:
天津市武清区下朱庄镇南湖公园风景区


电话:
022-29453111,022-29453222


官网:
http://www.tjwqlby.com/

",武清南湖绿博园总面积380公顷、园内面积345公顷，其中水绿面积占比达到80%以上，该展园共分“南、北”两个展区，并由“绿博之径”连接，南部展区为南湖景区，主要包括滨湖度假区、主展馆区、游船体验区、绿色科普区、湿地观赏区、水街风情区等功能分区。北部展区主要承载48个参展单位展园，划分为“中西合璧、时代新风、民俗风情、写意山水、江南秀色、古韵雄风”等六大主题区域。整体上看，绿博园犹如一棵“生命之树”，南部展区的南湖是滋润树木生长的水源，“绿博之径”是树的根茎，连接南北展园，北部展园主次路是树的枝杈， 48个单位展园是树的果实，隐喻大自然万物相生相依，人与绿色世界相融相辅，充分表达了绿色生态生生不息，永续发展的理念。,9:00-18:00,https://img1.qunarzz.com/piao/fusion/1809/63/3aa0312312423a02.jpg_480x360x95_932abc41.jpg,4.5,建议游览时间：3小时 - 5小时,,50元,,5
中心公园Tianjin Central Park,http://travel.qunar.com/p-oi714589-zhongxingongyuan,"

地址:
花园路


电话:
23591242

",中心公园位于天津市和平区中心地带，环状花园路将其围在中间。该园占地1.27公顷，呈圆形，是典型的法国园林。园中心建有一座西式八角双柱石亭，周围是绿茵茵的草坪，走在园中，可以看到龙爪槐、白蜡、西府海棠、木灌、月季等花木。园内还有两处儿童车场和儿童综合游乐场。,全年 全天开放,https://img1.qunarzz.com/piao/fusion/1808/e0/3b4078efec399f02.jpg_480x360x95_728f11db.jpg,4.7,建议游览时间：1小时,,"{'天津中心公园天津脱单便利店门票成人票\n\n': ['¥49.9起'], '天津中心公园天津脱单便利店门票学生票\n\n': ['¥45起'], '天津中心公园天津脱单便利店拍立得票大小同价\n\n': ['¥15起']}",,6
庆王府Qing Wangfu,http://travel.qunar.com/p-oi709367-qingwangfu,"

地址:
天津市和平区重庆道55号庆王府院内(近民园体育场)


电话:
022-58362555


官网:
http://www.qingwangfu.com/

",庆王府为历史建筑，北京和天津各一处。庆王府精品文化酒店区由“城市文化遗产俱乐部”和“别墅式历史文化主题酒店”组成，是一个综合性的文化旅游、商务会议和休闲度假社区。庆王府公馆是天津市首家别墅式历史文化主题酒店，前身为建于1937年的“山益里”英式里弄住宅群落，拥有16套联排别墅式酒店套房和17套酒店式公寓，历时两年精心修葺，完整保留了坡顶红瓦、硫缸砖墙的建筑风貌和疏密有致的街区肌理，每套别墅客房都自带院落，为住客们提供远离尘世般私密幽静的居住体验。庆王府主楼设有环境优雅、各具特色的中餐和西餐包房，提供中餐、西餐及亚洲各地美食盛宴。主楼中庭为通天罩棚式共享大厅，可以让客人在休息放松的同时来杯下午茶。置身三楼楼顶露台，可鸟瞰五大道上鳞次栉比、风格各异的近代洋楼，亲身感受曾经属于上世纪初叶的静谧与优雅，体验天津庆王府独一无二的历史韵味和文化氛围，在傍晚时分，享用一杯特调鸡尾酒，让客人在繁忙工作后享受浪漫、惬意的慢调生活。在位于庭院的咖啡厅，可以尽览小桥流水、绿荫如盖的园林美景，享用闲适的下午茶、咖啡、西点和法式简餐。附楼专门设立的红酒吧和雪茄坊，有一种远离尘嚣、怡然自得的休闲感觉。,9:00-17:30，17:00停止售票。,https://img1.qunarzz.com/piao/fusion/2109/25/8bca97819f75e502.jpg_480x360x95_7f0fd987.jpg,4.4,建议游览时间：1小时 - 2小时,,{'庆王府门票成人票\n\n': ['¥24起']},,6
中国古城堡（疙瘩楼）China Ancient Castle,http://travel.qunar.com/p-oi5740236-zhongguoguchengbao,"

地址:
天津市和平区河北路287-289号


电话:
022-23398888

",中国古城堡位于天津市和平区河北路，是五大道上的经典建筑之一，别名“疙瘩楼”，这座建筑本是1937年建造的一座意大利风格洋楼。后来经过改造，外表布满了瓷片，很有特点，因此也成为了天津的一座地标建筑。疙瘩楼的“疙瘩”是指这座建筑外面的过火砖砌的粗糙质感，有很多个小突起。在各个突起的周围，房主人用众多明清时期的瓷片把中国传统文化气息的古瓷风格融合到了建筑中，在外面观看非常特别，也适合拍照。疙瘩楼曾经是作为一座餐厅开放，如今正在整修改造成一座博物馆，博物馆的具体开放时间未知，因此目前仅能在建筑外面观看建筑外貌。,全年 全天开放,https://img1.qunarzz.com/travel/d4/1612/af/dd90c96e01515b5.jpg_480x360x95_19b7718f.jpg,4.4,建议游览时间：1小时,,具体收费情况以现场公示为主,,6
东疆湾沙滩景区Dongjiang Bay Beach,http://travel.qunar.com/p-oi7469294-dongjiangwanshatanjing,"

地址:
天津市滨海新区天水道与观澜路交口


电话:
022-25702168,022-25702169

",东疆湾沙滩景区是我国较大的人造沙滩景区。景区及其周边由海域、人工沙滩、滨海路及绿化广场等部分组成。景区人工沙滩南北全长约2000米，由入水沙滩、卵石沙滩及住宅区沙滩组成。分为沙滩亲水区、沙滩游泳休闲区、水上运动休闲中心和水上休闲娱乐区。景区内还有快艇、摩托艇、橡皮艇、帆船、滑水、沙滩拔河和沙滩摩托车等游乐项目。,全年 08:30-17:00,https://img1.qunarzz.com/travel/poi/1408/27/157ed3225c3ca2eaffffffffc8d65eac.jpg_480x360x95_96b22ec2.jpg,3.9,建议游览时间：12小时 - 3天,,50元,,6
天津热带植物观光园Tianjin Tropical Botanical Garden,http://travel.qunar.com/p-oi705697-tianjinredaizhiwuguan,"

地址:
天津市西青区外环线七号桥北300米


电话:
022-27948011


官网:
http://www.tjzwy.com/

",天津热带植物观光园位于天津市区西侧，是一处现代化温室建筑，里面培育了各种热带植物，一年四季都可以前来观赏新奇的植物。观光园内分为服务厅、花卉厅、科教厅和雨林厅、4D影院几处，进入后一个个游玩即可。另外景区内还有一座冰雕乐园，里面四季恒温，可以前来观赏冰雕（夏季时提供免费的防寒服），还可以观看可爱的企鹅。除了观赏景物外，乐园内每天9:00-16:00之间还会举行多次佤族特色风情的表演，可以注意观看。,8:00-17:00,https://img1.qunarzz.com/travel/d1/1605/8c/11587dc39c9fd7f7.jpg_480x360x95_cfedb574.jpg,4.2,建议游览时间：3小时 - 4小时,四季皆宜,"{'天津热带植物观光园门票成人票\n\n': ['¥59起'], '天津热带植物观光园导览服务大小同价\n\n': ['¥0.5起']}",,6
鹰嘴崖,http://travel.qunar.com/p-oi37807178-yingzuiya,,鹰嘴崖位于天津市蓟州区，因外形酷似一雄鹰收翅蛰伏而得名。鹰嘴崖四面环山，树木葱郁，风景秀丽。,,,--,建议游览时间：2小时 - 3小时,,具体收费情况以现场公示为主,,6
七里海Qilihai Scenic Resort,http://travel.qunar.com/p-oi19620877-qilihai,"

地址:
潮白河左堤路


电话:
+86 22 6932 1257

",这里的自然资源很丰富，空气清新，环境清幽，是一个天然的氧吧。,全年 全天开放,,5.0,建议游览时间：2小时 - 3小时,,具体收费情况以现场公示为主,,6
大理道Dali Road,http://travel.qunar.com/p-oi10076707-dalidao,,大理道是中国天津市和平区的一条街道，修筑于1926年，建筑风格大多都是欧洲式样。是天津市历史风貌建筑的聚集地之一，大量的名人故居坐落于此，蔡成勋旧居、张志潭旧宅、王占元旧居、孙氏旧居、润园等。,,https://img1.qunarzz.com/travel/poi/1803/e7/798e2d22eaba0b37.jpg_480x360x95_149f41c5.jpg,4.7,建议游览时间：2小时 - 3小时,,具体收费情况以现场公示为主,,6
北辰郊野公园Beichenjiaoye Park,http://travel.qunar.com/p-oi10076098-beichenjiaoyegongyuan,"

地址:
津武线

",北辰郊野公园规划面积62平方公里，围绕永定新河、新引河和永金水库、大兴水库的“两河、三堤、两湖”，打造的以“大绿、野趣、生态、亲水”为主题的郊野公园。这座紧邻城市的郊野公园依靠数不尽的植物营造出难得的休闲、舒适、生态、自然的环境，穿行林间，时而花团锦簇，时而绿草茵茵。,全天开放,https://tr-osdcp.qunarzz.com/tr-osd-vs-dapp-ugc/img/7e20bb8d1a26ad0a1f880863e71b46b3.jpg_480x360x95_fa7412b9.jpg,4.0,建议游览时间：2小时 - 3小时,,,,6
塘沽Tanggu,http://travel.qunar.com/p-oi9209725-tanggu,"

地址:
天津市滨海新区

", 塘沽位于我国京津城市和环渤海城市带的交汇点。全区总面积859平方公里，常住人口45万。塘沽地处中国北方黄金海岸的中部，毗邻首都北京，是华北、西北广大地区的出海口。此外，京山铁路横贯全区，公路网络四通八达，京津塘高速、津滨高速、丹拉高速、津塘公路大大便捷了塘沽与京津及三北地区的交通。塘沽成陆距今已有八百多年的历史。北宋末期南岸属宋河北路清池县，北岸属辽南京道武清县。元朝北岸属宝坻县，南岸属河间府静海县。明永乐二年南岸属河间府静海县，北岸依元制。清雍正九年海河以北属宁河县，以南属天津县。1922年设里公所，1930年设分公所，建国前夕设塘大市，1949年改塘大区，1952年更名塘沽区至今。塘沽地处华北平原东北部，地跨海河两岸，历史上有“京津海上门户”之称。地势低平，海岸线呈弓形，长64.2千米，滩涂约116平方千米。年均降水量637毫米，年均温12℃。海河、永定新河、潮白新河、蓟运河、独流减河由此入海。境内南部多盐田，中北部多盐碱荒地。京山铁路穿境而过，津塘公路、京津塘高速公路横贯区境。市级经济技术开发区和国内较早成立的保税区—天津港保税区均位于境内。,全年 全天开放,https://img1.qunarzz.com/travel/d7/1608/d7/cead5c0015afc7b5.jpg_480x360x95_cace647b.jpg,4.6,建议游览时间：3天 - 6天,,具体收费情况以现场公示为主,,6
新民园广场Xinminyuan Square,http://travel.qunar.com/p-oi9191846-xinminyuanguangchang,"

地址:
天津市和平区长沙路101号


电话:
022-83122728

",新建成的天津民园广场场地上部分面积2.25万平方米、地下部分4.75万平方米，继续保留原民园体育场的体育健身功能。广场新增加了旅游休闲、文博展示、特色餐饮等功能，并以此为核心与周边的庆王府、先农商旅区、民园西里文化创意街区共同成为五大道文化旅游区的核心景区和集散中心。,"全年 周三-周五 12:00-15:00,18:00-23:00;全年 周一-周二 12:00-15:00;全年 周六-周日 11:00-15:00,18:00-23:45:00",https://img1.qunarzz.com/travel/d9/1807/73/3e725262fc5123b5.jpg_480x360x95_c3f099fc.jpg,4.6,建议游览时间：2小时 - 3小时,,,,7
五大道历史博物馆Wudadao Museum,http://travel.qunar.com/p-oi9141611-wudadaolishibowuguan,"

地址:
天津市和平区重庆道83号五大道游客服务中心二楼


电话:
17627761727

",五大道历史博物馆是一家私人博物馆，共有九个展厅，近千件来自五大道的文物展品，真实还原了上世纪初居住在这里人们的生活场景。有从当年英国本土运来的柚木雕花长台；有出自某军阀家庭的壁炉和古董挂钟；有式样奇特洋味十足的百年前欧式家具等等。此外，博物馆真实再现了百年前的名家豪邸的内部场景，从电门开关、插销门把手，到水龙头、地板和砖瓦都是五大道的豪门曾使用过的旧物。,10:00-17:00,https://img1.qunarzz.com/travel/d6/1609/18/255661434282b5b5.jpg_480x360x95_93ab1895.jpg,4.0,建议游览时间：2小时 - 3小时,四季皆宜。,"{'五大道博物馆+名人印象馆（王光英旧居）套票成人票\n\n': ['¥25起'], '五大道博物馆门票成人票\n\n': ['¥25起'], '五大道博物馆门票优待票\n\n': ['¥16起']}",,7
南翠屏公园Nan Cui Ping Park,http://travel.qunar.com/p-oi7645770-nancuipinggongyuan,"

地址:
天津市南开区水上公园西路与红旗南路交口西200米处


电话:
022-23724800,022-87050586

",南翠屏公园位于天津市南开区境内、市区西南部，坐落在红旗南路与宾水西道交口，是城区比较富有特色的自然山水公园。内部山体部分分为翠屏览翠、漫舞花溪、浅草漫步3个景区，园路外部分为静湖映翠、碧荷拾香、曲水晓月3个景区。南翠屏览翠景区在山顶处建公园主景观亭，登高远眺，公园山体、环山水系、外边临街绿地及环公园的美丽景色尽收眼底。漫舞花溪景区位于山体南部，一条水溪从山上蜿蜒而下，游人可顺溪流拾阶而上，尽享山水相连的城市中少有的自然景观，也可以登高走小路，享受浅草漫步的优雅。园路外部静湖映翠、碧荷拾香、曲水晓月3个景区围绕着环山水系，静湖映翠位于公园东北部，此处湖面宽阔，山体翠绿倒映水中，美不胜收。碧荷拾香位于公园东南部，水体以荷花栽植为主，配以步行栈道。曲水晓月以环山水系为主要景点，配以各类水生植物，野趣自然。,全年 全天开放,https://img1.qunarzz.com/travel/d8/1506/b0/3f317810f805a7.jpg_480x360x95_f74278a1.jpg,4.7,建议游览时间：1小时,,具体收费情况以现场公示为主,,7
"天津高银117大厦Goldin Finance 117, Tianjin",http://travel.qunar.com/p-oi35239203-tianjingaoyin117dasha,"

地址:
天津市西青区津静公路与海泰南北大街交口西北300米

","天津高银117大厦高约600百米，地上117层，地下3层，耸入云宵，设计新颖、外观独特，是当地非常有名的现代建筑。
",全年 全天开放,,4.3,建议游览时间：2小时 - 3小时,,具体收费情况以现场公示为主,,7
天津博物馆Tianjin Museum,http://travel.qunar.com/p-oi712976-tianjinbowuguan,"

地址:
天津市河西区平江道62号


电话:
022-83883000


官网:
http://www.tjbwg.com/

",天津博物馆位于河西区，是天津市主要的综合博物馆，也是了解天津的去处。馆内展品丰富，玉器、瓷器和书画收藏，雪景寒林图、黄玉猪龙、隋白釉双龙柄联腹传瓶、西周太保鼎等文物都可以在这里看到。天津博物馆共有五层，一至三层各为一个主题展馆，五楼则是一个集合展馆，里面有几个专题的展览。展示天津历史、文化的有一楼“天津人文的由来”展馆、三楼“百年看天津”展馆、五楼的“天津民间艺术陈列”专题展示等，另外还有二楼“馆藏精品展”展馆、五楼的“天津收藏家捐献文物展”专题展示和几个瓷器、书画、玉器的专题展示等，共有二十多万展品，非常丰富。除了这些常设展外，博物馆内还经常会举办一些临时展览，刚好遇到的话可以前去参观。博物馆内可收听对文物的讲解，十分方便。如果想要深入学习的话也可以请一个讲解员，讲解需要提前三天电话预约，预约电话为022-83883000。简单参观整个博物馆大约需要2-3小时，若要深入了解则需半天甚至更长时间。“天津人文的由来”展馆位于一楼大厅的右侧，概括了天津从旧石器时代一直到清朝中后期的上万年历史。通过陶器、青铜器、铁器等天津当地出土的文物和图片文字说明，展示了天津从不毛之地到运河城市到地区枢纽的发展历程，是了解天津古代历史的地方。“馆藏文物精品展”展馆位于二楼，是馆内的重点展览，集中了天津博物馆内精华的几十件文物，每一件都是珍品，西周太保鼎、隋白釉双龙柄联腹传瓶等文物更是要重点参观一下。“中国百年看天津”展馆位于三楼，展示了从1804年直到新中国建国，天津百年来的历程。因为天津曾是北方工商业城市，也是中国对外的窗口城市，所以才有“中国百年看天津”的说法。展厅内有实景模拟的天津街道，行走在“街道”之间十分有趣。还有当年天津城内的可口可乐广告牌、手枪等“西洋货”展示，可以参观了解。其他几个专题展览均在五楼展馆内，有天津收藏家捐献文物展、天津民间艺术展示、中国古代玉器展、扬州画派精品展、明清青花瓷展、海派绘画展等多个展览，书画、玉器和瓷器丰富，其中“雪景寒林图”是镇馆之宝之一，一定不能错过。,全年 周二-周日 09:00-16:30;全年 周一 全天不开放 ;中国法定节假日 09:00-16:30,https://img1.qunarzz.com/travel/d9/1508/b3/cbd756681bcaba.jpg_480x360x95_39414c9e.jpg,4.6,建议游览时间：2小时 - 4小时,春、秋两季气候温和，是游天津的好时节。,"{'天津博物馆手机导游服务成人票\n\n': ['¥0.5起'], '天津博物馆文创雪糕兑换券大小同价\n\n': ['¥15起']}",,7
天津海河文化广场Tianjin Haihe Cultural Square,http://travel.qunar.com/p-oi714718-tianjinhaihewenhuaguang,"

地址:
天津市河北区哈密道1号

",海河文化广场是海河两岸综合开发改造重要工程之一，该广场位于海河狮子林桥与金汤桥之间，因毗邻古文化街而得名。广场一部分为突出水面的大平台，另一部分为下沉路顶部大平台，包括古文化街和下沉路之间的路面。两平台高由台阶连接，形成不同层次的平台结构形式。广场体现了一种古朴、厚重的美，并以古文化街为依托，结合现代建筑艺术风格，充分利用灯光景观效果，实现了历史文化的发扬和创新。,全年 全天开放,https://img1.qunarzz.com/travel/d4/1612/37/e304aed0eaa7deb5.jpg_480x360x95_7b4ac172.jpg,4.7,建议游览时间：1小时,四季皆宜。晚上到访可以观赏广场的精心设计的灯光设施。,具体收费情况以现场公示为主,,7
天津大学Tianjin University,http://travel.qunar.com/p-oi704523-tianjindaxue,"

地址:
天津市南开区卫津路92号


电话:
022-27406829,022-27404429,022-27405486

",,全年 全天开放,https://tr-osdcp.qunarzz.com/tr-osd-tr-mapi/img/48dd28d0baec5bea64be9b1a66a23c1d.jpg_480x360x95_b7c406ab.jpg,4.7,建议游览时间：2小时 - 3小时,春赏海棠，夏游爱晚，秋观红叶，冬听落雪。一年四季的天大都有其独特的美。,具体收费情况以现场公示为主,"1、天津大学与南开大学仅一墙之隔，安排行程的时候可以将两校放在一起。 
2、天大校内有观光电动车，单程1元/人，游览全校5元/人。",7
洋货市场Foreign Goods Market,http://travel.qunar.com/p-oi712127-yanghuoshichang,"

地址:
天津市塘沽区抚顺道


电话:
022-60721988

",塘沽洋货市场是华北地区首家建立的专门进行进口货交易的市场，以其独特魅力吸引京津及周边的游人。洋货市场步行街突出古典欧式风格，着意体现“洋货、洋味、洋品牌”。街两侧低层欧式建筑，屋顶几何造型富于变化，立面装饰力求典雅优美。标志物沽上明珠突兀而起，寓意丰富。5组青铜雕塑和3组汉白玉雕塑均为欧洲古典名人名雕，或欢快，或沉思，或三五成群，或独踞一隅，点缀街头，向游人展示着魅力无穷的异域文化。夜幕降临，古典式街灯像彬彬有礼的主人，陪伴八方游客在柔和的光线里徜徉。,全年 全天开放,https://img1.qunarzz.com/travel/d5/1410/26/26bdd2cc57a01246213a9cdb.jpg_480x360x95_88d6b2a6.jpg,4.0,建议游览时间：2小时,,"{'【没有自费】天津意大利风情区+乘船出海【纯玩】一日游（全含）\n\n': ['¥79起'], '北京出发 天津纯玩一日游 天津之眼+鼓楼广东会馆+游船+相声 五环内接 一价全含\n\n': ['¥68起'], '【精品小团】天津瓷房子+游轮出海+古文化街+天津之眼纯玩游\n\n': ['¥106起']}","
  1、尽量选择在周末或是节假日出行，出摊商家较多。 


  2、尽量砍价，可以给出原价1/3-1/5的价格。 


  3、货比多家。 
",7
金街Jinjie Street,http://travel.qunar.com/p-oi701570-jinjie,"

地址:
和平路

",,全天,https://img1.qunarzz.com/travel/d8/1510/df/c95cb128d895dc.jpg_480x360x95_60446b3e.jpg,4.5,建议游览时间：1小时 - 2小时,四季皆宜。,{'天津观光巴士津游1号(观光5路)津游一号观光票成人票\n\n': ['¥19.9起']},,7
解放桥Jiefang Bridge,http://travel.qunar.com/p-oi7481617-jiefangqiao,"

地址:
天津市和平区解放北路与张自忠路交口

","天津解放桥又称万国桥，建于1927年,天津市的标志性建筑之一，也是海河跨桥中一座可开启的桥。解放桥连接着河北区的世纪钟广场与和平区的解放北路，位于天津火车站与解放北路之间的海河上，是一座全钢结构可开启的桥梁。",全年 全天开放,https://tr-osdcp.qunarzz.com/tr-osd-tr-space/img/4ae9af18ff224f29bbad9489bd7b041d.jpg_480x360x95_ae86f8a2.jpg,4.6,建议游览时间：0.3小时 - 0.5小时,,"{'天津观光巴士津游1号(观光5路)津游一号观光票成人票\n\n': ['¥19.9起'], '津游一号仿古铛铛车票成人票\n\n': ['¥19.9起']}",,7
天津劝业场Tianjin Quanyechang Building,http://travel.qunar.com/p-oi712182-tianjinquanyechang,"

地址:
天津市和平区和平路290号


电话:
022-27211111,022-27211234

",劝业场1928年建成开业，1931年加建第六、七层作为戏院等娱乐设施，是天津的老字号商场。劝业场曾是天津大的一家商场，也一个集商业、娱乐业于一体的大商贸区，是天津商业的象征，现在是天津三大零售百货商场之一，也是全国十大商场之一。劝业场经营商品品种达3万种，商品渠道遍及全国，素以小商品齐全著称。劝业场由法商永和工程公司建筑师慕乐设计，建筑形式为古典折衷式，老楼气势雄伟，壮丽挺拔，被国家列为近代优秀建筑。,全年 10:00-21:00,https://img1.qunarzz.com/travel/poi/201303/13/7544e867e1be65aeddb12cfb.jpg_480x360x95_193d3473.jpg,4.5,建议游览时间：2小时 - 3小时,四季皆宜。,,,9
人民公园Tianjin People's Park,http://travel.qunar.com/p-oi711970-renmingongyuan,"

地址:
天津市河西区徽州道29号


电话:
022-23240371

",天津人民公园位于河西区东北部，东起厦门路，西邻广东路，南自琼州道，北达徽州道，是一个以有游艺娱乐为主的综合性公园。公园分为东南西北四个区域，北部地区是儿童游乐区，西部地区是水上游乐及沿湖游览区，此处设有长廊、水榭、湖心亭、白石桥、中合塔等建筑。南部地区是动物观赏区，东部地区是公园的文化活动区，这里设有南北展馆及国际博览馆，还有占地4千平米的大广场。人民公园将中国山水园林文化内涵与现代人文景观密切结合，形成古朴兼容、老幼适宜、动静结合的新格局，被誉为是镶嵌在繁华闹市中的“绿宝石”。,全年 5:00-23:00,https://img1.qunarzz.com/travel/d6/1603/c7/8f158bc04bd121f7.jpg_480x360x95_f304f008.jpg,4.7,建议游览时间：0.5小时 - 1小时,,具体收费情况以现场公示为主,,9
河滨公园Tianjin Binhe Park,http://travel.qunar.com/p-oi709489-hebingongyuan,"

地址:
天津市塘沽区中心路南端，背靠海河


电话:
022-25851800

",河滨公园位于天津市滨海新区的海河之滨，距离塘沽火车站很近，园内树木成荫、水波荡漾，是城市里放松休闲的好地方。公园的面积很大，长宽都约500米左右，在公园内有多条小径，小路旁垂柳依依，清晨傍晚时来此锻炼或散步，都是不错的选择。在园内南侧是塘沽博物馆，凭身份证可以进入参观，了解塘沽区的人文和历史风貌。北部则有一个小动物园，动物园内有多种动物，尤其是禽类较多，带小朋友前往十分合适，有时还可以看到很多孔雀一起开屏。除此之外，公园里还有碰碰车、空中脚踏车等一些游艺项目，湖上还可以划船游玩，适合带小朋友前来娱乐。,全年 全天开放,https://img1.qunarzz.com/piao/fusion/1806/67/63da1f8c7b3d5302.jpg_480x360x95_da078777.jpg,4.7,建议游览时间：1小时 - 2小时,,具体收费情况以现场公示为主,,9
小站练兵园Training Park of Xiaozhan,http://travel.qunar.com/p-oi702833-xiaozhanlianbingyuan,"

地址:
天津市津南区小站镇津岐公路东小站练兵园


电话:
022-88633369


官网:
http://www.tjxzlb.com/

",晚清新政改革，训练新军，天津小站练兵园就是历史上“新军”讲武堂的所在地。袁世凯曾在此督练“新建陆军”。甲午战争之后，小站练兵园内兴建了城墙、讲武堂、兵营、袁世凯行辕和新军督练处，还建有小站练兵史馆、军事博物馆、电影院以及行营买卖街等。另外还设有游客服务中心、游客休息区等配套设施，是兼具教育、休闲、购物及会议等功能的故事主题型历史文化旅游区。展馆中陈列着各种冷兵器、热兵器、军队服装以及军需物资等。展品包括中国古代冷兵器、近代热兵器、不同时期军队服装和军需物资，上万幅珍贵的照片也成为天津小站练兵园展览厅的突出特色。,1/1-12/31 周一 全天不开放 ;1/1-12/31 周二-周日 09:00-17:00,https://mp-commentcp.qunarzz.com/mp_comment_mp_comment/1548793587085100g10000000pxpsy770D_D_640_10000.jpg_480x360x95_6b6fef1b.jpg,4.3,建议游览时间：2小时 - 3小时,,"{'小站练兵园门票成人票\n\n': ['¥40起'], '小站练兵园门票老人票\n\n': ['¥25起'], '小站练兵园门票学生票\n\n': ['¥25起']}",,9
西沽公园Xigu Park,http://travel.qunar.com/p-oi706655-xigugongyuan,"

地址:
天津市红桥区丁字沽一号路（近光荣道）


电话:
022-86516925

",西沽公园位于天津市红桥区光荣道与桥北大街交口处，占地31.77公顷，其中水域面积6.67公顷。园内植物茂盛，种类繁多，有海棠、紫薇、月季等六个植物观赏区，并存有银杏、水杉等稀有珍品。蜿蜒曲折的带状湖在座座风格独特的小桥映衬下给公园增色不少。园内有自控飞机、碰碰车等儿童游艺器械以及由一个标准游泳池和水上游乐场组成的水上乐园。孤岛山四面环水，以桥与外相连，十分幽静，园内辟有老干部活动中心和花、鸟、鱼、虫市场。,全年 全天开放,https://img1.qunarzz.com/travel/d1/1604/65/63d78ebc8fab82f7.jpg_480x360x95_56bdfc4e.jpg,4.6,建议游览时间：1小时,,具体收费情况以现场公示为主,,9
滨河世纪广场,http://travel.qunar.com/p-oi703003-binheshijiguangchang,"

地址:
天津-汉沽区

",滨河世纪广场是汉沽区政府组织、投资4000万元，于2003年兴建的公益性活动场所，位于蓟运河东岸，南至寨上大桥，北至汉沽大桥，全长1250米，占地260亩，内含世纪广场、文化休闲区、儿童娱乐场、老年乐园、音乐喷泉等。两端有如荫的花灌木、观赏乔木组成的绿化带。中心广场耸立着图腾灯、电子礼花灯、霓虹灯、多彩灯等，夜景五光十色，光彩照人。中央有观景平台和大型喷泉，供大型集会或舞台演出。广场内还设置各类健身器材，供游人和市民晨练、健身，是休闲、晨练、游览、健身的绝好去...滨河世纪广场是汉沽区政府组织、投资4000万元，于2003年兴建的公益性活动场所，位于蓟运河东岸，南至寨上大桥，北至汉沽大桥，全长1250米，占地260亩，内含世纪广场、文化休闲区、儿童娱乐场、老年乐园、音乐喷泉等。两端有如荫的花灌木、观赏乔木组成的绿化带。中心广场耸立着图腾灯、电子礼花灯、霓虹灯、多彩灯等，夜景五光十色，光彩照人。中央有观景平台和大型喷泉，供大型集会或舞台演出。广场内还设置各类健身器材，供游人和市民晨练、健身，是休闲、晨练、游览、健身的绝好去处。,全天,,--,,,免费,,9
盐业银行旧址Salt Bank Building,http://travel.qunar.com/p-oi7588174-yanyeyinxingjiuzhi,"

地址:
天津市和平区赤峰道12号

",盐业银行旧址建于1928年，当时为盐业银行的总部大楼，如今的和平区赤峰道12号，大楼目前为中国工商银行天津分行营业部。盐业银行大楼占地面积约800平方米，为钢筋混凝土砖混结构建筑，整体为罗马古典复兴的建筑风格。大楼内廊柱为罗马科林新式柱式。一层为科林斯柱廊的八角形大营业厅，大厅内部顶棚用黄金等材料构成“蓝天飞凤满天星”图案。窗户上的彩绘刻画的是由比利时彩色玻璃拼成的“盐滩晒盐”画面，图案精美并呼应了盐业主题。大厅内部的地面、廊柱、营业台都由大理石砌成。目前，盐业银行旧址被中华人民共和国国务院批准为全国重点文物保护单位，被天津市人民政府批准为特殊保护等级历史风貌建筑。,全天,https://tr-osdcp.qunarzz.com/tr-osd-tr-manager/img/d71c639faccbb329bfd3a6e18cce0676.jpg_480x360x95_7910c615.jpg,4.4,建议游览时间：0.3小时 - 0.7小时,,具体收费情况以现场公示为主,,9
颠倒博物馆,http://travel.qunar.com/p-oi38951055-diandaobowuguan,,,,,5.0,,,,,9
东堤公园,http://travel.qunar.com/p-oi38638612-dongdigongyuan,,,,,,,,,,9
绿屏·咸水沽湾千亩稻田,http://travel.qunar.com/p-oi38035698-lu:pingxianshuiguwanqian,,这里有大面积的金黄色稻田吸引人们前来拍照打卡留念。在这里可以充分的感受到自然景观的魅力。,,,--,建议游览时间：1小时 - 2小时,,具体收费情况以现场公示为主,,9
星期8乐园,http://travel.qunar.com/p-oi37879235-xingqi8leyuan,"

地址:
天津市河东区成林道与泰兴路交口97号

","星期8乐园，经营面积超24000平方米，一站式儿童探索成长中心，寓教于乐，玩学结合，全方位成长星际瓢虫
钻进大大的瓢虫别有洞天
仰望星空全沉浸式裸眼3D球幕影院
让你大呼过瘾的同时，还能学习更多知识
穿越侏罗纪
8字型轨道上下翻飞
车厢还会随时旋转惊险刺激
一秒穿越和恐龙宝宝say hi！
梦幻漂流
大大的鲨鱼座舱
在水中劈波斩浪
疯狂的高空俯冲，文艺的曲径通幽
熊宝乐园
看似平常的森林矿车实际暗藏玄机
 轨道两端的甩尾不信你不尖叫
",全年 周一-周五 10:00-20:00;全年 周六-周日 10:00-21:00,,4.8,建议游览时间：3小时 - 4小时,,,,10
北运河公园,http://travel.qunar.com/p-oi37190779-beiyunhegongyuan,"

地址:
河北区白庙

",北运河公园内小桥流水，曲径通幽，小亭长廊，古色古香。是市民日常休闲锻炼的好地方。也是拍照留念，亲友聚会的场所。,全年 05:00-19:00,,--,,,具体收费情况以现场公示为主,,10
南堤滨海步道公园,http://travel.qunar.com/p-oi36107587-nandibinhaibudaogongyuan,,,,,,,,,,10
浪花艺术馆Wave Art Museum,http://travel.qunar.com/p-oi35932040-langhuayishuguan,"

地址:
天津市滨海新区鲤鱼门大酒店东南


电话:
4000558558

",浪花艺术馆以创意十足的外观和颇具艺术感的线条一跃成为当地的网红打卡地。,全年 9:00-17:00,https://flight-feed.qunarzz.com/as3/271/image/poi_vishnu/fdca4656-e760-42f0-aa41-30e82140a300.jpg,4.3,建议游览时间：1小时 - 3小时,,具体收费情况以现场公示为主,,10
天津空港七彩花田Colorful Flower Field of Tianjin Airport,http://travel.qunar.com/p-oi35824539-tianjinkonggangqicaihua,"

地址:
经一路与纬四道交叉口

",空港七彩花田位于东丽区，这里大片的油菜花、格桑花、苜蓿等吸引人们驻足观赏、拍照打卡，成了人们竞相追逐的地方。,全年 全天开放,,4.5,建议游览时间：2小时 - 3小时,,具体收费情况以现场公示为主,,10
"蓟县三界碑Three-place Boundary Monument , Jixian County",http://travel.qunar.com/p-oi35217104-jixiansanjiebei,,在长城烽火台旧址的山顶上，一座高大概1米的三棱体界碑静静地伫立着，碑体三个立面分别刻着北京、天津和河北。作为京津冀三省市的交界地，这座界碑被当地居民形象地称为“三界碑”。在“三界碑”的三面，分别是北京市平谷区金海湖镇、天津市蓟县下营镇和河北省承德市兴隆县。,,,3.8,建议游览时间：12小时 - 3天,,具体收费情况以现场公示为主,,10
天津中山美食街ZhongShan MeiShiJie,http://travel.qunar.com/p-oi24436723-tianjinzhongshanmeishi,,街道两旁美食餐厅、商铺众多。在这里可以品尝到当地的很多特色小吃。是一处集观光，休闲，美食于一体的特色街区。,,https://tr-osdcp.qunarzz.com/tr-osd-tr-manager/img/db3c05e26233b293cd586f1e52e22391.jpg_480x360x95_d95d6e8f.jpg,4.8,建议游览时间：2小时 - 3小时,,具体收费情况以现场公示为主,,10
蓟州车神架风景区Jizhou Cheshenjia Sceneic Area,http://travel.qunar.com/p-oi20965797-jizhoucheshenjiafengjing,"

地址:
天津市蓟州区下营镇政府驻地北3公里处车神架风景区


电话:
022-22711910,022-22711900

",在天津市蓟州区下营镇隐藏着一处神秘的地方——车神架风景区。这是全国独一座车神主题文化旅游名山，有深藏于秘境幽谷中被誉为“天下奇观”的龙凤潭；有保存较为完整直观有“世界瑰宝”之称的中上远古界国家地质公园天然画廊；有大自然神工鬼斧造就的一线天、百米瀑涯、龙凤谷、万佛崖、护谷神狮等地质奇观；有始建于北齐年间蜿蜒数公里的千年沧桑古长。登上观景平台，群山碧水尽收眼底令人心旷神怡。,8:00-17:00（16:30停止检票）,https://tr-osdcp.qunarzz.com/tr-osd-tr-space/img/17578a551b9953368080a7974c46951f.jpg_480x360x95_dd137aa0.jpg,4.1,建议游览时间：12小时 - 3天,,"{'蓟州车神架风景区门票+往返摆渡车票成人票\n\n': ['¥75起'], '蓟州车神架风景区门票+往返摆渡车票优待票\n\n': ['¥40起'], '蓟州车神架风景区门票+往返摆渡车+天空之眼玻璃观景平台票成人票\n\n': ['¥128起']}",,10
天津zoonly动物主题公园Tianjin zoonly Park,http://travel.qunar.com/p-oi20960370-tianjinzoonlydongwuzhu,"

地址:
天津市和平区赤峰道与和平路交叉口(地铁三号线和平路站旁)天河城4楼


电话:
13021380165

",zoonly室内主题公园占地3000平方，全馆雨林生态造景，绿植掩映、藤蔓缠绕。游玩时间3-4小时。饲养展览动物100余种；稀有鱼类30余种。展馆分为动物观赏区、动物体验区、小动物喂食区、餐饮服务区、zoonly剧场、兔子百货等十大主题区域。每个区域都有风靡全球的动物界“扛把子”，探险家可零距离与耳廓狐、浣熊、金刚鹦鹉等萌宠动物喂食、拍照哦！新风系统和除菌系统让馆内空气清新流动，独特设计的清洁环保设施维护动物们的起居生活。,10:00-21:00,https://img1.qunarzz.com/piao/fusion/1901/c2/3d0626777ac06802.jpg_480x360x95_a80bfb0c.jpg,4.5,建议游览时间：2小时 - 3小时,,"{'天津zoonly动物主题公园门票成人票\n\n': ['¥88起'], '天津zoonly动物主题公园门票儿童票\n\n': ['¥68起'], '天津zoonly动物主题公园门票老人票\n\n': ['¥80起']}",,10
天津滨海文化中心Tianjinbinhai Culture Center,http://travel.qunar.com/p-oi20955036-tianjinbinhaiwenhuazhong,"

地址:
天津市滨海新区旭升路347号


电话:
022-65758371

",滨海文化中心是滨海新区十大民生工程之一，位于天津市滨海新区中心商务区天碱片区，东至中央大道，南至紫云公园，西至规划旭升路，北至大连东道，包括滨海探索馆、滨海美术馆、滨海图书馆、滨海演艺中心、滨海市民活动中心、文化长廊及地下工程、室外工程等。,全年 9:30-21:30,https://img1.qunarzz.com/p/tts3/1807/96/60f660256cbf4702.jpg_480x360x95_6935c103.jpg,4.8,建议游览时间：2小时 - 3小时,,文化中心免费进入，进入内部馆区另收费，详情见景区公示。,,10
