名字,链接,地址,介绍,开放时间,图片链接,评分,建议游玩时间,建议季节,门票,小贴士,Page
月亮岛Moon Island,http://travel.qunar.com/p-oi10034491-yueliangdao,"

地址:
丹东市振兴区春三路和滨江路的交汇处

",月亮岛是鸭绿江上一个面积为13.4万平方米的美丽小岛，岛上有餐饮娱乐区以及酒店和健身等几大部分组成。月亮岛的建筑均为欧式风格，集住宿、餐饮、娱乐、购物于一身，月亮岛上有一个小型游乐场，有摩天轮海盗船等设施。岛上的咖啡厅、饭店等也在这些建筑的衬托下，很有特色，富有情调。月亮岛犹如一叶轻舟与鸭绿江大桥遥相挥映。月亮岛大桥为目前国内跨度较大的钢管混凝土提篮式系杆拱桥，对建筑有兴趣的朋友也很值得一看。另外，月亮岛外设有很多健身器械，也是市民晚饭后散步，锻炼身体的好去处。每年夏季，这里还会有大型夜市，小商品和各色美食排了整整一条街，很值得推荐。,全年 8:00-17:00,https://img1.qunarzz.com/travel/d8/1810/23/6dbea561529598b5.jpg_480x360x95_137ee015.jpg,4.4,建议游览时间：2小时 - 3小时,,具体收费情况以现场公示为主,,1
抗美援朝纪念馆Korean War Memorial Hall,http://travel.qunar.com/p-oi704697-kangmeiyuanchaojinian,"

地址:
丹东市振兴区山上街7号


电话:
0415-2175988

",抗美援朝纪念馆是丹东的景点，它坐落于丹东市区的英华山上，是当年志愿军指挥所所在地。这座始建于1958年的专题纪念馆分为陈列馆、全景画馆、纪念塔，从方方面面展示了抗美援朝战争的历史，不仅可以了解战斗英雄们的事迹，还能看到很多武器和战时的生活用品和还原战场情景的360度全景画，相当震撼。纪念馆所在的小山不高，从正门拾阶而上即到。首先看到的是抗美援朝纪念塔，这座五十余米高的塔巍峨雄伟，象征着1953年抗美援朝战争的胜利，纪念塔正面是“抗美援朝纪念塔”七个鎏金大字，背面是记载志愿军英雄业绩的铭文。陈列馆内序厅的正面以“抗美援朝、保家卫国”浮雕群像为背景，陈列馆共分三层，全部陈列内容分布在十个展厅内，可以看到千余件历史照片和文物，还有复原陈列、电动沙盘等陈列设施，生动地展示了抗美援朝战争的历史。全景画馆是陈列馆旁的圆形建筑，分上下两层，上层为全景画陈列厅，下层为空军专馆和临时展厅。全景画馆陈列有全景画《清川江畔围歼战》，画面以抗美援朝战争第二次战役为背景，以清川江畔三所里、龙源里、松骨峰等阻击战为重点，形象地反映志愿军在战场上的英雄气慨，战争场面十分壮烈。此外，陈列馆旁还有露天兵器陈列场，陈列抗美援朝战争中我军使用的飞机、大炮、等重型武器装备，以及志愿军缴获敌人的重型武器，可以拍照留念。,全年 周二-周日 09:00-16:30;全年 周一 全天不开放,https://tr-osdcp.qunarzz.com/tr-osd-tr-manager/img/861394ba69423e893f97f068a2224396.jpg_480x360x95_a497a94c.jpg,4.4,建议游览时间：1小时 - 2小时,4、5月份馆内活动很多，但现在纪念馆还处于闭馆状态。,"{'丹东一日游 豪华2-6人团 纯玩天天发团 抗美援朝纪念馆+鸭绿江断桥+鸭绿江游船+虎山长城+安东老街\n\n': ['¥178起'], '丹东鸭绿江断桥、虎山长城、河口中朝边境游船一日游2-6人小团\n\n': ['¥329起']}",,1
丹东凤凰山Phoenix Mountain,http://travel.qunar.com/p-oi711796-dandongfenghuangshan,,,,,,,,,,1
青山沟Qingshangou,http://travel.qunar.com/p-oi712172-qingshangou,"

地址:
丹东市宽甸满族自治县青山沟镇


电话:
0415-5850025


官网:
http://www.lnqsg.com/

",青山沟风景区位于丹东市宽甸县青山沟镇境内，距宽甸县城60公里，距丹东市160公里，距沈阳市245公里。青山沟为省级风景名胜区，由青山湖、飞瀑涧、虎塘沟、仙人谷等景区组成。青山沟山峦间大小瀑布36条，八面威山顶有小天池，碧绿的浑江盘绕着奇峰异石，缓缓流入鸭绿江，风景优美。飞瀑涧景区：青山沟具特色的景区，大瀑布青山飞瀑，溪流从32米高的峡谷断层处飞涌而下，景致十分壮观。其下游为仙女潭，此外还有水穿石、小石径、镇水石、靖宇泉、将军岭、员外墓等。虎塘沟景区：这里深谷幽幽，古树参天。有响溪、黑熊碧同石、九曲天水、虎啸瀑、仙姑瀑、黑龙泉、老虎背等景点。青山湖景区：水域辽阔，上下长达百余里，湖水清澈碧绿，两岸万木参天，遮天蔽日，群山环绕。登船游湖可尽览花仙台、望夫台、白云峰、参王峰、小仙山、千年松神、青铜古堡、蟠桃石、柳花岛、盛夏冰凌等景点。仙人谷景区：遍布道家足迹，有八仙台、聚仙台、五龙泉、三吟泉、鹿鸣泉、道土墓、仙人石、僧帽石、半桃石、夹蛋石、柳抱石、神水阁、木兰坡等景点。杨靖宇抗击日寇的战壕宿营地也在这里。中华满族风情园：园内所有建筑既有清宫特色又有民俗风情，满乡戏苑、满族百居园、体育游乐场、民俗馆、祭祀园、跑灯阵、关圣帝庙等场馆各有特色。百人一起民俗表演团定时表演大型告天祭祖、满族民俗婚礼和民间大鼓、皮影戏。中国画家村：建于青山沟景区内还，设有客房、餐厅、歌舞厅、聚会厅、名家书画展销、陈列、画室、小卖店等，集艺术、乡土、豪华于一体的旅游服务设施。对海内外有特殊成就的有名画家、作家、艺术家实行无任何回报条件的“经费全免制”服务。中国画家村在艺术界十分有名，这里还是电影《男妇女主任》的拍摄外景地。青山湖景区备有游船、快艇、豪华龙舟等游乐设施。,4月中旬-10月7:00-17:00，11月-次年3月暂停营业。,https://img1.qunarzz.com/travel/d1/1511/cc/c3f05687fb4133f7.jpg_480x360x95_aab39bc1.jpg,4.4,建议游览时间：3天,5月—11月。春夏之季适合游玩。,160元,"1、景区在山里，所以即使是盛夏，也要准备长袖的体恤。如果是春秋的话,就应准备毛衣了。 2、景区内的医药设备还不完善，如果在深夜里发病，更是寸步难行。应尽量准备一些应急药品。",1
鸭绿江断桥Yalu River Broken Bridge,http://travel.qunar.com/p-oi711198-yalu:jiangduanqiao,"

地址:
丹东市沿江开发区江岸路0号(距丹东火车站1000米)


电话:
0415-2122145

",跨于鸭绿江上的鸭绿江断桥是丹东的标志性景点之一，它紧挨着鸭绿江大桥（中朝友谊桥），是抗美援朝战争的历史见证。走上大桥，看着桥体上遗留的累累弹痕和桥梁钢架，能感受到枪炮声与战机划破长空的声响仿佛就在耳边。站在桥上还可饱览中朝两岸风光。鸭绿江断桥是鸭绿江上诸多桥中的第一桥，1911年由当时殖民机构日本驻鲜总督府铁道局所建。桥长944.2米，从中方数第四孔为开闭梁，以四号墩为轴，可旋转90度，便于过往船只航行。1950年11月至1951年2月，侵朝美军飞机多次对大桥狂轰滥炸，使这座桥成为废桥。中方所剩四孔残桥保留至今，习惯上称之为“断桥”，断桥上现有原桥旋转及炸断处观赏台各一处、炮楼一个、断桥史话展板30块。桥身漆为浅蓝色，意喻不忘殖民统治和侵略战争、祈盼和维护世界和平。断桥上的成千上万处弹痕，至今遗留宛然，成为抗美援朝的见证。,全年 10:00-17:00,https://img1.qunarzz.com/travel/d9/1607/66/8ab067b3306046b6.jpg_480x360x95_6f756078.jpg,4.7,建议游览时间：1小时,,"{'鸭绿江断桥人工讲解服务大小同价\n\n': ['¥298起'], '鸭绿江断桥门票+鸭绿江游船+人工讲解服务大小同价\n\n': ['¥168起'], '丹东鸭绿江断桥+游国门+朝鲜内江游船+虎山长城一日游可选6人小团\n\n': ['¥178起']}",桥附近有游船码头，坐船（约每人60元）游江欣赏断桥会有另一番感觉，还可以遥望朝鲜。,1
虎山长城Hushan Scenic Spot,http://travel.qunar.com/p-oi703102-hushanzhangcheng,"

地址:
丹东市宽甸满族自治县虎山镇虎山村


电话:
0415-5578511


官网:
http://www.lnhscc.com/

",虎山长城位于丹东市东北鸭绿江畔，是明长城的较东端，现在的长城是92年在原址上修筑的，有城楼、长城、古栈道、睡观音等多个景观，景区内还有一座长城历史博物馆可以参观。整个景区与朝鲜隔江相望，可以在山上看到对岸朝鲜的村庄和人民生活的场景，还有一步跨景区和朝鲜相隔仅有几米，游客可以在此拍照留念。这里的长城长约1250米，沿长城而上栈道下来全程两三公里，可以步行游览。首先，在景区山脚大门之外遥望虎山，在山岭之间长城绵延其中已经清晰可见。这里看虎山的全貌，很像一个睡着的观音，也是景区的一个景点睡观音。进入景区后便是景区广场，也是爬长城的起点。沿着过街城楼进入长城，一路上行，会看到12座城楼，每座都气势恢宏，还可以进入观察内部细致的建筑。长城顶端的烽火台就是虎山的高处，登上这里视野开阔，可以看到对岸朝鲜的土地，还能看到对岸人民的生活作息，远眺到“朝鲜八大景”之一的朝鲜统军亭。经过烽火台之后便来到景区的古栈道，这条栈道大约有一千米，沿着虎山靠江边的石壁修建，其中还有吊桥、水帘洞等特殊路段，沿陡峭栈道下山，脚下便是滔滔鸭绿江水，十分惊险刺激，行走在此要特别小心。不过此处视野也很为开阔，眼前一直是朝鲜的村落和土地。栈道走下来到达江边，这里是景区内又一个有名的景点“一步跨”，这里是中国距离朝鲜很近的地方，仅有几米，当地人夸张的说法为一步便可以跨过去。这里有写有“一步跨”字样的石碑，可以在此合影留念。此处还有人租赁朝鲜族服装以供拍照，有兴趣可以在此咨询。从一步跨返回景区门口，附近便是长城历史博物馆，这座博物馆是我国继八达岭、山海关、嘉峪关之后的第四座以长城为主题的博物馆。这里展示的多为本地出土的当年明军守城留下的遗物，有陶器、生活用具、城砖等，里面还有以长城为主题的大型油画、雕塑和光电展示，可以前去参观。,4月1日-10月31日7:30-18:00；11月1日-次年3月31日8:00-17:30。,https://img1.qunarzz.com/travel/d3/1503/57/c06f9828d97d9e.jpg_480x360x95_4bbc68f7.jpg,4.6,建议游览时间：3小时 - 4小时,,"{'虎山长城门票成人票\n\n': ['¥55起'], '虎山长城电子导览服务大小同价\n\n': ['¥0.8起'], '丹东市区包车一日游（鸭绿江断桥+虎山长城+中朝边境一步跨）\n\n': ['¥498起']}",1. 烽火台下山的古栈道陡峭惊险，下山要当心，最好结伴而行，若害怕者也可以沿着长城原路下来。2. 虎山紧邻国界线，两边均有士兵守卫，不要做试图跨越国境线或其他会被误会的行为，以免引起麻烦。,1
大鹿岛Dalu Island,http://travel.qunar.com/p-oi722451-daludao,,,,,,,,,,1
天华山Tianhuashan,http://travel.qunar.com/p-oi715716-tianhuashan,"

地址:
丹东市宽甸满族自治县灌水镇北部


电话:
0415 519 7087

","天华山省级风景名胜区位于宽甸满族自治县灌水镇北部，为长白山脉西南麓，海拔1100多米，景区总面积83平方公里，以峰奇、峡险、涧幽、水秀为特色,其中白龙涧、通天峡、天台峰、毛公峰四大奇观。",全年 07:00-17:00,https://img1.qunarzz.com/travel/d0/1511/ea/532ad8aa97d900f7.jpg_480x360x95_6cf21ddb.jpg,4.6,建议游览时间：3天,,门票50元。滑索30元/人。,,1
天桥沟森林公园Kuandian Tianqiaogou National Forest Park,http://travel.qunar.com/p-oi704899-tianqiaogousenlingong,"

地址:
丹东市宽甸县黎明村7组


电话:
0415-5956666


官网:
http://lntqg.youkecn.com/

",天桥沟位于丹东市宽甸县北部，距离县城约60公里。此地曾为清王朝时的“龙兴之地”所以几百年来一直没有被破坏，山上森林密布，大树古木众多，山间还有清澈的山泉溪流，环境非常优美。这里地貌独特，山上有很多的奇峰怪石，造型各异，可以一一观赏游玩。而每到秋天，漫山枫叶遍布，更是观赏和拍摄红叶的最佳地点。天桥沟景区的面积很大，景区内有七十多个可以观赏的景点。景区的东侧有天宫、莲花峰、玉泉顶、晓月峰四大山峰，每座山峰都是一个景点群，有很多景点可以观赏。而西侧则是一条木制栈道，栈道周围也分布了很多景点。观赏景点大多需步行，但景区内的公路大致与步道平行，当中有几个交汇点，当体力不够时可以走下步道到马路上乘坐景区内的观光车到下一个路口或返回景区门口。推荐的路线是第一天乘区间车到莲花峰下，登莲花峰，并从相连的步道一并登玉泉顶、晓月峰，从晓月峰下山，便可以乘车返回景区门口，这一天游览大约需要7个小时。第二天分别游览木制栈道和天宫景区，而后离开。如果只有一天时间可以考虑省去第二天的行程。莲花峰海拔九百多米，是景区内景色最为精华的地带，有“不登莲花峰，枉到天桥沟”的说法，山间有众多陡峭的岩壁、怪石，是景区地貌险峻独特的代表，一线天、迎客松、黑熊洞等景点各有特色，一定不能错过。晓月峰处则是秋天前来的必去之地，这里森林浓密，有很多的枫树、桦树在树林之间，每到秋天登晓月峰，一路上和山顶之上都有美丽的红叶观赏。这里的红叶浓密鲜艳，是北方看红叶最好的地方之一。木制栈道路线与其他几条登山路线不同，是在较低处的林中穿梭，感觉非常幽静自然，里面有很多古树造型奇特可以观赏，树木间小溪潺潺，漫步其中悠闲惬意。住宿选择天桥沟一日游玩不能遍览，可在此住宿一晚，景区内现有别墅度假村一家。景区山门外有几家农家宾馆可以住宿，可以住在温馨的农家火炕品尝农家美食，。无论是住在景区里面还是外面，游玩两日均需购买两日票，在景区外住宿的游客第一日游玩后需在景区门口登记并录入指纹，以便第二天进入。,全年 08:00-16:00,https://img1.qunarzz.com/piao/fusion/2110/e0/caebd4a107d76302.jpg_480x360x95_dce5ee73.jpg,4.6,建议游览时间：3天,五月份和十月份是最佳的摄影和旅游的季节。可以登山拍摄花木，秋季可以拍摄红叶。,{'天桥沟森林公园电子导览服务大小同价\n\n': ['¥9起']},,1
飞瀑涧Feipujian Waterfall,http://travel.qunar.com/p-oi701914-feipujian,"

地址:
丹东市宽甸满族自治县青山沟镇青山沟风景区内


电话:
0415-5850025


官网:
http://www.lnqsg.com/jd.asp?id=329

",飞瀑涧是青山沟景区内的特色景区，青山飞瀑溪流从32米高的峡谷断层处飞涌而下，景致十分壮观，其下游为仙女潭。此外还有水穿石、小石径、镇水石、靖宇泉、将军岭、员外墓等。,4/15-10/31 07:00-17:00;11/1-12/31 07:30-16:30;1/1-4/14 全天不开放,https://tr-osdcp.qunarzz.com/tr-osd-tr-manager/img/ec60e3c3be1910046828b8c4f24612de.jpg_480x360x95_559aaf13.jpg,4.1,建议游览时间：0.3小时 - 0.5小时,,15元,,1
新安街,http://travel.qunar.com/p-oi38335324-xinanjie,,,,,0.0,,,具体收费情况以现场公示为主,,4
丹东舰景区,http://travel.qunar.com/p-oi37999200-dandongjianjingqu,"

地址:
丹东市振兴区滨江西路北200米(浪头港）


电话:
0415-3873171

",退役543导弹护卫舰，位于辽宁省丹东市风景秀丽的鸭绿江畔，现停泊在浪头港2号码头。以丹东命名的退役导弹护卫舰—弦号543“丹东舰”，是20世纪80年代我国自主设计建造的导弹护卫舰，服役36年，为海军转型建设输送大量人才，为维护祖国海洋权益和领土主权、安全作出了突出贡献。舰长103.2米，宽10.8米，吃水3.9米，航速28节，航程7200公里，满载排水量1944吨。该舰服役期间，出色完成了战备巡逻、海上维权、出国访问等一系列重大任务，被上级机关授予“不怕苦、不怕累，特别能战斗”称号，誉为“丹东舰精神”。,11/1-3/31(淡季) 09:00-16:00;4/1-10/31(旺季) 08:30-16:30,,4.8,,,,,4
神仙顶,http://travel.qunar.com/p-oi37806983-shenxianding,,,,,--,,,具体收费情况以现场公示为主,,4
满家寨,http://travel.qunar.com/p-oi37204370-manjiazhai,,,,,0.0,,,具体收费情况以现场公示为主,,4
青山沟北方周庄,http://travel.qunar.com/p-oi37204248-qingshangoubeifangzhou,"

地址:
青山沟镇姜家堡村(近青山沟风景区)


电话:
04155851600

",,全年 全天开放,,0.0,,,具体收费情况以现场公示为主,,4
扬帆雕塑,http://travel.qunar.com/p-oi37198256-yangfandiaosu,,,,,0.0,,,,,4
虎山长城-三号空心敌楼,http://travel.qunar.com/p-oi37198123-hushanzhangcheng_sanhao,,,,,,,,,,4
草河国家湿地公园,http://travel.qunar.com/p-oi36920898-caoheguojiashidigongyuan,"

地址:
丹东市凤城市凤山区原心海生态园


电话:
13940488128

","辽宁凤城草河国家湿地公园位于辽宁省凤城市，范围包括草河（鸭绿江重要支流）与二道河及其汇水区，湿地类型主要有河流湿地、沼泽湿地、库塘、水稻田等，总面积618公顷，其中湿地面积474.35公顷，湿地率76.76%。
辽宁凤城草河国家湿地公园位于凤城市东南郊外的二道河、草河流域，包括永久性河流湿地、洪泛湿地、沼泽湿地、水塘、渔塘、水稻田等各种湿地类型面积共计474.35公顷，占湿地公园总面积的76.76%。草河国家湿地公园临近城市，地理位置优越，交通发达便捷，各种水禽和湿地植物资源丰富。
草河国家湿地公园设立的宗旨是在湿地保护与恢复的基础上，充分利用草河湿地公园的自然资源优势与地理区位优势，通过对湿地保护、科研监测、科普宣教、合理利用等功能的统筹安排，将草河湿地公园建设成为湿地保护、恢复方案技术典型，生态环境优良，人与生态和谐发展的工程，以独特的湿地景观彰显城市特色；加强东部山地水源涵养区和饮用水源地保护，构建由长白山余脉、辽河、鸭绿江、滨海湿地和沿海防护林构成的生态廊道。
  ",全年 08:00-16:30,,0.0,建议游览时间：2小时 - 3小时,,60元,,4
东港市博物馆,http://travel.qunar.com/p-oi36258386-donggangshibowuguan,,,,,,,,,,4
九纬路,http://travel.qunar.com/p-oi36223676-jiuweilu,,九纬路位于丹东市，这里街道两侧分布着若干棵古老的银杏树，每逢秋末之际，目光所及之处皆是一片金黄，就连地面都铺满了厚厚的银杏叶，吸引游人如织前来观赏拍照。,,,--,建议游览时间：1小时 - 2小时,,具体收费情况以现场公示为主,,4
鸭绿江浮桥遗址,http://travel.qunar.com/p-oi36121391-yalu:jiangfuqiaoyizhi,,,,,,,,,,5
朝韩风情街North and South Korean Style Street,http://travel.qunar.com/p-oi35913260-chaohanfengqingjie,,,,,0.0,,,具体收费情况以现场公示为主,,5
茂生胡同(东南门店),http://travel.qunar.com/p-oi35913194-maoshenghutong,,,,,0.0,,,具体收费情况以现场公示为主,,5
响水寺Xiangshui Temple,http://travel.qunar.com/p-oi35912824-xiangshuisi,,,,,0.0,,,具体收费情况以现场公示为主,,5
三道湾风景区Sandaowan Scenic Area,http://travel.qunar.com/p-oi35912608-sandaowanfengjingqu,,,,,5.0,建议游览时间：12小时 - 3天,,具体收费情况以景区现场公示为主。,,5
大桥景区Bridge Scenic Area,http://travel.qunar.com/p-oi35912396-daqiaojingqu,,,,,0.0,,,具体收费情况以现场公示为主,,5
极乐寺Jile Temple,http://travel.qunar.com/p-oi35912100-jilesi,,,,,,,,,,5
大王沟森林公园Dawanggou Forest Park,http://travel.qunar.com/p-oi35749369-dawanggousenlingongyuan,"

地址:
丹东市凤城市赛马镇温洞村五组

",大王沟森林公园位于丹东凤城赛马镇，景区占地3万亩，距蒲石河省级森林公园5公里，高峰844米，开发时间不长，游客相对较少，旅游资源丰富，森林覆盖黑达到98%是天然氧吧。春天乌语花香夏季避暑纲凉，秋天红枫似火，冬季神韵雪乡。,8:00-16:00,,0.0,建议游览时间：12小时 - 3天,,具体收费情况以景区现场公示为主。,,5
大蒲石河一组Group 1 of Dapushihe Village,http://travel.qunar.com/p-oi35559988-dapushiheyizu,,,,,5.0,,,具体收费情况以现场公示为主,,5
王大岭,http://travel.qunar.com/p-oi35559568-wangdaling,,,,,5.0,,,具体收费情况以现场公示为主,,5
太平一队Taiping Team I Village,http://travel.qunar.com/p-oi35558743-taipingyidui,,,,,--,,,具体收费情况以现场公示为主,,6
绿野蓝湾温泉度假景区,http://travel.qunar.com/p-oi35443076-lu:yelanwanwenquandujia,,,,,--,,,,,6
达子沟Dazigou Village,http://travel.qunar.com/p-oi35306094-dazigou,,,,,--,,,具体收费情况以现场公示为主,,6
达子岭Daziling Village,http://travel.qunar.com/p-oi35305784-daziling,,,,,--,,,具体收费情况以现场公示为主,,6
登场山洞Dengchangshandong Village,http://travel.qunar.com/p-oi35305467-dengchangshandong,,,,,--,,,具体收费情况以现场公示为主,,6
双岑山洞,http://travel.qunar.com/p-oi35305029-shuangcenshandong,,,,,--,,,具体收费情况以现场公示为主,,6
华凤园Huafeng Garden,http://travel.qunar.com/p-oi35000194-huafengyuan,"

地址:
丹东市凤城市

",,全年 全天开放,,--,,,具体收费情况以现场公示为主,,6
蛟洋峪奇石峡漂流景区Jiaoyangyu Qishixia Drifting Sceneic Area,http://travel.qunar.com/p-oi32854691-jiaoyangyuqishixiapiao,,,,,--,,,具体收费情况以现场公示为主,,6
海洋红村Ocean Hongcun Fishing Village,http://travel.qunar.com/p-oi32788155-haiyanghongcun,,,,,,,,,,6
浑江口景区Hunjiangkou Sceneic Area,http://travel.qunar.com/p-oi32426875-hunjiangkoujingqu,,浑江口是浑江与鸭绿江的汇合处，也是中朝两国和辽吉两省的分界线。,,https://tr-osdcp.qunarzz.com/tr-osd-tr-mapi/img/173b254888229473d931960d4b9b4ac6.jpg_480x360x95_fff0ce6f.jpg,4.5,建议游览时间：2小时 - 3小时,,,,6
宽甸步行街KuanDian BuXingJie,http://travel.qunar.com/p-oi24437525-kuandianbuxingjie,,,,,5.0,,,,,8
丹东中朝边境DPRK Border at Dandong,http://travel.qunar.com/p-oi24418849-dandongzhongchaobianjing,,,,https://flight-feed.qunarzz.com/as3/180/image/poi_vishnu/e4e8b285-d1ba-4252-95b6-b66e293dd751.jpg,4.8,建议游览时间：12小时 - 3天,,具体收费情况以现场公示为主,,8
丹东弥陀寺Dandong Mituo Temple,http://travel.qunar.com/p-oi24415258-dandongmituosi,"

地址:
辽宁省丹东市振兴区锦山大街

",,全年 全天开放,,--,,,具体收费情况以现场公示为主,,8
宝光禅寺Baoguang Temple,http://travel.qunar.com/p-oi24415253-baoguangshansi,"

地址:
辽宁省丹东市振兴区宝山大街

",,全年 全天开放,,--,,,,,8
鸭绿江湿地保护区Yalu River Wetland Reserve,http://travel.qunar.com/p-oi24409518-yalu:jiangshidibaohuqu,,,,,,,,,,8
丹东白鹭自然保护区Dandong Egrets Nature Reserve,http://travel.qunar.com/p-oi24407318-dandongbailuziranbaohu,"

地址:
宽甸南部

",,全年 8:00-19:00,https://tr-osdcp.qunarzz.com/tr-osd-tr-manager/img/7810456f980f805b6b01968d3f0512f6.jpg_480x360x95_3e0ad2f0.jpg,--,,,具体收费情况以现场公示为主,,8
安东老街Anton Old Street,http://travel.qunar.com/p-oi23344759-andonglaojie,"

地址:
丹东市振兴区锦山大街303-1号


电话:
0415-3186088

",安东老街建筑外形主要参照丹东二十世纪二、三十年代老街号建筑形式，复制了一部分标志建筑、老街名在项目里，采用了民国时期主要建筑符号做外墙及街景装饰，分为老安东美食街、安东旅游接待服务中心两部分，是集怀旧观光、经典美食、旅游购物等于一体多功能文化商街。外街以及内街商铺借鉴老安东经典建筑元素，配合老物件和街景雕塑，设计再现老街景，包括百年老字号、品牌餐饮、东北特产、海产品、风味小吃、地方戏表演、以及各种民间艺术，分别以安东时期繁荣一时的中富街、天后宫街、兴隆街、聚宝街等著名老街命名。,全年 09:30-22:30,https://mp-piao-admincp.qunarzz.com/mp_piao_admin_mp_piao_admin/fusion/20219/ecee81600cdafd45676198bba39f7ed1.jpg_480x360x95_256456d3.jpg,4.6,建议游览时间：2小时 - 3小时,,"{'丹东鸭绿江断桥+游国门+朝鲜内江游船+虎山长城一日游可选6人小团\n\n': ['¥178起'], '丹东市区包车一日游（鸭绿江断桥+虎山长城+中朝边境一步跨）\n\n': ['¥498起'], '虎山长城+鸭绿江断桥+中朝界河游船 】午餐品农家特色菜\n\n': ['¥198起']}",,8
丹东桃花岛Dandong Taohua Island,http://travel.qunar.com/p-oi23344695-dandongtaohuadao,,桃花岛属于宽甸县河口自然生态旅游区，在长甸镇境内的鸭绿江畔，与朝鲜青城郡隔江相望。每年春季，河口村漫山遍野桃花盛开，姹紫嫣红，与碧绿的鸭绿江水相映妖娆，吸引着无数游人前来观赏。河口村因此赢得了“桃花岛”的美誉，声名大振。,,https://tr-osdcp.qunarzz.com/tr-osd-tr-manager/img/cdd0217784a7864ea047f1843686e4d7.jpg_480x360x95_b78e60f3.jpg,0.0,建议游览时间：1小时 - 3小时,,具体收费情况以现场公示为主,,8
炮楼Blockhouse,http://travel.qunar.com/p-oi23340957-paolou,,,,,--,,,具体收费情况以现场公示为主,,8
赛马天锅古洞景区Saima Tianguo Gudong Scenic Area,http://travel.qunar.com/p-oi22978722-saimatianguogudongjing,"

地址:
丹东市凤城市赛马镇温洞村


电话:
0415-2597998


官网:
http://www.tianguogudong.com

",赛马天锅古洞景区（原名赛马温洞景区）位于辽宁省凤城市赛马镇温洞村，属喀斯特地貌岩溶洞穴景观，景区由魁伟洞穴、澄碧镜湖、云中玻璃栈道等奇景组成；洞穴含水洞（水月洞天世界）和旱洞（青云紫薇仙宫）构成。景区以洞为主体，融山、水、洞、泉、湖于一体，洞中有山水云间，魁伟的溶洞景观、水陆相伴的洞穴奇景。洞内深邃崎岖逶迤，现开发可乘船游览地下暗河千余米。开发溶洞游览步道2000米，洞天世界，大自然的鬼斧神工，使钟乳奇石变幻万端，灯光照耀，散发出朦胧迷离的色彩，使洞内显得神秘，富有诗意。 ,2/13-12/31 08:00-17:00;1/1-2/12 全天不开放,https://img1.qunarzz.com/piao/fusion/2102/a8/31636a7e17c05502.jpg_480x360x95_e67f193e.jpg,4.6,建议游览时间：1小时 - 3小时,,"{'赛马天锅古洞景区门票成人票\n\n': ['¥72起'], '赛马天锅古洞景区门票学生票\n\n': ['¥65起'], '赛马天锅古洞景区门票优待票\n\n': ['¥40起']}",,8
叆河风景区Aihe Sceneic Area,http://travel.qunar.com/p-oi22964658-aihefengjingqu,"

地址:
丹东市凤城市草河街道花家堡子村


电话:
0415-8299166

",叆河风景区位于凤凰山脚下，以叆河、草河水系，作为风景区的景观轴线，以滨河绿道，水上游船及观光车作为主要交通工具，连接草河湿地公园、爱河庄园、梦幻城堡庄园、中华满族风情园四大功能区，并通过10个风情渡口连接五个生态环境极好的谷地，按照一谷一品的方式，打造不同主题特色的谷地旅游产品，分别为裸心谷、禅心谷、芳心谷、童心谷和可心谷。,04/18-12/31 08:00-17:00,https://tr-osdcp.qunarzz.com/tr-osd-tr-manager/img/5ba6e481f6867bf54ce13767ef9c2148.jpg_480x360x95_a622cf18.jpg,4.4,,,60元,,9
通远堡镇Tongyuanbao County,http://travel.qunar.com/p-oi22945190-tongyuanbaozhen,,通远堡镇位于丹东市北部，处于丹东市与本溪市的交汇处，2万年前的旧石器时代就有人类在这片热土上繁衍生息，山龙洞遗址目前古迹尚存。,,https://tr-osdcp.qunarzz.com/tr-osd-tr-manager/img/4cbf3331491deba449dd0125aa24b665.jpg_480x360x95_8db49bd8.jpg,0.0,建议游览时间：12小时 - 3天,,,,9
北井子镇Beijingzizhen,http://travel.qunar.com/p-oi22945156-beijingzizhen,,,,,,,,,,9
五龙背镇Wulongbeizhen,http://travel.qunar.com/p-oi22945151-wulongbeizhen,,五龙背镇位于丹东市振安区西北部，沈丹铁路、丹霍公路途径这里，还有五龙山风景区、五龙背温泉等景点。,,https://tr-osdcp.qunarzz.com/tr-osd-tr-manager/img/7b9c44141cee648e0d01b9484306ef08.jpg_480x360x95_a8f67a15.jpg,5.0,建议游览时间：12小时 - 3天,,具体收费情况以现场公示为主,,9
花脖山景区Huabo Mountain Tourism Scenic Region,http://travel.qunar.com/p-oi22779468-huaboshanjingqu,"

地址:
辽宁省宽甸满族自治县牛毛坞镇北部


电话:
0415-5816789

",辽宁花脖山森林公园始建于2004年，花脖山、百瀑峡、千苍谷三大景区浑然一体，各显风姿，69个主要景点。经国家和省市专家实地考察论证：“花脖山景区是高山探险、科考寻奇、观云海、看日出的必选至高点；百瀑峡景区独占东北第一峡，大小瀑布30余条，构成东北梯形瀑布群的奇观，浩瀚壮观；千苍谷景区独寇辽东第一幽谷，原始苍古，古树参天，葱翠谷深，溪瀑纵横，鸟语兽行，松风林荡，是辽东仅存的原始生态保持完整的区域之一，素有“辽东林海”之称。小雅河漂流长达4.5公里，高山峡谷，...辽宁花脖山森林公园始建于2004年，花脖山、百瀑峡、千苍谷三大景区浑然一体，各显风姿，69个主要景点。经国家和省市专家实地考察论证：“花脖山景区是高山探险、科考寻奇、观云海、看日出的必选至高点；百瀑峡景区独占东北第一峡，大小瀑布30余条，构成东北梯形瀑布群的奇观，浩瀚壮观；千苍谷景区独寇辽东第一幽谷，原始苍古，古树参天，葱翠谷深，溪瀑纵横，鸟语兽行，松风林荡，是辽东仅存的原始生态保持完整的区域之一，素有“辽东林海”之称。小雅河漂流长达4.5公里，高山峡谷，河道跌宕起伏，落差适中，是辽东罕见的高山峡谷天然漂流区。境内原始古朴，森林茂密，森林垂直分布明显，动植物资源种类繁多。森林植被保持完整，自然环境清纯，氧气充足，负氧离子含量高，温湿度适宜，水质，含有丰富的对人体有益的微量元素，是世界上第六大无污染区之一的核心部位，被称为“清爽、清幽、清秀、清纯”的大清世界，“辽东净土”、天然氧吧“！是人和自然和谐共存的地方，万般奇妙，鬼斧神工。丰富的生物群落构成了动物世界，鸟类王国，植物家园，给花脖山壮丽的山水增添了无限的锦绣和勃勃生机，使之充满了神奇和奥秘。其景色四季各异，春赏山花夏观荫，秋枫红透染层林，冬来雾凇枝头挂，云海日出更牵魂。登临花脖山主峰，“一览众山小”，可观“三县一国”的风光美景，具有丰富的知识性是您休闲、猎奇、求知、求新、怀旧和生态旅游的理想的选择。,全年 08:00-17:00,https://tr-osdcp.qunarzz.com/tr-osd-tr-manager/img/4f1d566241849fbcd5eded4b2897a561.jpg_480x360x95_7dffb06e.jpg,4.6,建议游览时间：2小时 - 3小时,,具体收费情况以景区现场公示为主。,,9
青悠薰衣草庄园Qingyou Xunyicao Manor,http://travel.qunar.com/p-oi20960369-qingyouxunyicaozhuang,"

地址:
丹东市东港市菩萨庙镇常胜村

",一提起薰衣草，很多人会想到法国的普罗旺斯，殊不知，在咱丹东也能领略到如此令人神往的欧洲风情。迎风摇曳的紫色花朵和空气中弥漫的淡淡清香，让这里成为丹东盛夏里一道醉人的风景。钓鱼台、休闲茶亭、荷兰风车、大风车……在一系列景观的配合下，这里充满浪漫气氛，吸引着大批游客前来观赏。300亩土地上不仅种植了薰衣草，还有玻璃翠、波斯菊等十几种香草和花卉植物。通过结构布局将众多景观联结起来，这里成为了以打造薰衣草种植，集多功能为一体的综合型休闲观光农业体验区。薰衣草是唯美的、浪漫的、纯洁的，更有“宁静香水植物”之称。当我们投身在300余亩薰衣草紫色的海洋中，一簇簇美丽的花朵，一片片紫色的花海，一阵阵迷人的花香。当微风吹拂，泛起阵阵的花浪，我们早已深深陶醉其中，沉浸在美好的大自然里。,全年 9:00-15:00,,0.0,建议游览时间：2小时 - 3小时,,具体收费情况以现场公示为主,,9
鸭绿江口滨海湿地Yalu River Estuary Coastal Wetland,http://travel.qunar.com/p-oi20916366-yalu:jiangkoubinhaishi,"

地址:
辽宁省东港市二道沟村


电话:
+86 415 714 7004

",,全年 8:00-17:00,,--,建议游览时间：1小时 - 2小时,,具体收费情况以现场公示为主,,9
蔡家坡水库Caijiapo Reservoir,http://travel.qunar.com/p-oi20913293-caijiaposhuiku,,,,,5.0,建议游览时间：0.3小时 - 0.5小时,,具体收费情况以现场公示为主,,9
云峰水库Yunfeng Reservoir,http://travel.qunar.com/p-oi20901142-yunfengshuiku,"

地址:
辽宁省宽甸满族自治县鸭绿江流域

",,全年 6:30-18:30,https://tr-osdcp.qunarzz.com/tr-osd-tr-manager/img/d1b967a0a80b1fa034bc72a1b2709476.gif_480x360x95_8b5309d8.gif,5.0,建议游览时间：3天,,具体收费情况以现场公示为主,,9
观光车候车亭博物馆站,http://travel.qunar.com/p-oi19990421-guanguangchehoucheting,,,,,--,,,,,9
灯塔山公园Dengtashan Park,http://travel.qunar.com/p-oi19990391-dengtashangongyuan,,公园内设有摩天轮以及适合小朋友的游乐场，非常适合亲子同乐，家庭聚会。而且公园的夜景也非常值得一看。,,https://tr-osdcp.qunarzz.com/tr-osd-tr-manager/img/d04faba8d66e2086ea44c3f1836a3451.jpg_480x360x95_0cd2c05d.jpg,0.0,建议游览时间：2小时 - 3小时,,,,10
黄椅山火山森林公园-山门Gate to Huangyishan Volcanic Mountain Forest Park,http://travel.qunar.com/p-oi19990357-huangyishanhuoshansen,,,,,--,,,具体收费情况以现场公示为主,,10
关圣帝庙Emperor Guan Temple,http://travel.qunar.com/p-oi19990132-guanshengdimiao,,,,,0.0,,,具体收费情况以现场公示为主,,10
帽盔山公园Maokuishan Park,http://travel.qunar.com/p-oi19990114-maokuishangongyuan,,帽盔山公园占地面积三十多公顷，分为广场休闲区、健身休闲区、远眺观赏区、植物景观区、游乐区等区域。园内植物种类繁多，景色优美，还有海盗船，碰碰车，漂移部落等游玩项目，是您周末休闲、亲子游的好地方。,,https://tr-osdcp.qunarzz.com/tr-osd-tr-manager/img/7ccd49e758fca87cf067582f918b5e1e.jpg_480x360x95_282a4720.jpg,4.7,建议游览时间：2小时 - 3小时,,具体收费情况以现场公示为主,,10
宝山寺Dandong Baoshan Temple (Dandong Mental Health Hospital North),http://travel.qunar.com/p-oi19989894-baoshansi,,,,,0.0,,,,,10
枣山村文化广场Zaoshancun Cultural Plaza,http://travel.qunar.com/p-oi19989545-zaoshancunwenhuaguang,,,,,,,,,,10
辽宁民众自卫军战斗遗址Liaoning People Self-defence Army Battle Relic Site,http://travel.qunar.com/p-oi19988855-liaoningminzhongziwei,,,,,--,,,具体收费情况以现场公示为主,,10
站前广场Zhanqian Square,http://travel.qunar.com/p-oi19988780-zhanqianguangchang,,,,,--,,,具体收费情况以现场公示为主,,10
石门抗联遗址Shimenkanglian Ruins,http://travel.qunar.com/p-oi19988604-shimenkanglianyizhi,,,,,,,,,,10
金色宝贝儿童主题乐园,http://travel.qunar.com/p-oi19988069-jinsebaobeiertongzhuti,,,,,--,,,,,10
