名字,链接,地址,介绍,开放时间,图片链接,评分,建议游玩时间,建议季节,门票,小贴士,Page
黄河入海口Yellow River Estuaries,http://travel.qunar.com/p-oi24410819-huangheruhaikou,,黄河入海口位于山东省东营市垦利区黄河口镇境内，地处渤海与莱州湾的交汇处，就1855年黄河决口改道而成。黄河河口入海流路，是1976年人工改道后经清水沟淤积塑造的新河道，利津以下为黄河河口段，是一个弱潮陆相河口。,,https://tr-osdcp.qunarzz.com/tr-osd-tr-manager/img/028bd011da13fe2b458fa04965586393.jpg_480x360x95_6903719f.jpg,4.6,建议游览时间：1小时 - 3小时,,,,1
中国石油大学,http://travel.qunar.com/p-oi9534915-zhongguoshiyoudaxue,"

地址:
东营市东营区北一路739号


电话:
13805468864


官网:
http://www.upc.edu.cn/

",中国石油大学东营校区地处黄河三角洲的中心城市、生态之城、石油之城，山东东营。建校60多年来，学校形成了鲜明的办学特色，办学实力和办学水平不断提高。在新的历史时期，学校坚持特色发展，开放发展，和谐发展，正在向着“建设国内著名、石油学科国际一流的高水平研究型大学”的办学目标奋力迈进。而且校区内风光秀丽，浓重的文学氛围在这里环绕，让人流连忘返。,全天,https://tr-osdcp.qunarzz.com/tr-osd-tr-mapi/img/86f1c5719e2dbd9c1970c6a6bdf36b9d.jpg_480x360x95_f63e81ed.jpg,5.0,建议游览时间：2小时 - 3小时,,免费,,1
清风湖公园Qingfenghu Park,http://travel.qunar.com/p-oi705472-qingfenghugongyuan,"

地址:
东营市东营区胜利大街中段


电话:
0546-6089181

",,全年 7:00-22:00,https://img1.qunarzz.com/travel/d6/1702/bc/544f59a37c78fb5.jpg_480x360x95_7b90389b.jpg,4.6,建议游览时间：1小时,,{'清风湖公园电子导览服务大小同价\n\n': ['¥6起']},,1
黄河口生态旅游区Yellow River Estuary Ecotourism Area,http://travel.qunar.com/p-oi714426-huanghekoushengtailu:,"

地址:
东营市垦利区黄河三角洲自然保护区大汶流管理站


电话:
400-166-2158


官网:
http://www.hhkstlyq.com/

",黄河口生态旅游区位于东营市东北部的黄河入海口，这里拥有一片广袤的滨海滩涂和河口湿地，生长着一望无际的芦苇和“红地毯”（翅碱蓬）。这里是各种候鸟栖息的天堂，你可以观赏到丹顶鹤、天鹅等鸟类的优美身姿，还能看到黄河与渤海交汇处的分明色彩。在这里，你不仅能看到动人的日出，还可以在远处油井设备的衬托下，欣赏到绝美的日落画面。黄河口生态旅游区距离东营市区约有50多公里路，景区非常大而且里面景点分布很散，可乘坐景区观光车（25元/人）轻松而完整的游览景区。景区分为南、北两个出入口，通常的游览路线是：南入口-鸟岛-天然柳林木栈道-鸟类放飞区-黄河浮桥-了望台-北入口。每年4-11月是旅游区的最佳旅游时节，其中4月中上旬和10月中下旬是候鸟的迁徙季节，最适合来观鸟。鸟岛是片广袤的芦苇湿地，是观鸟的最佳区域。这里建有超过一公里长的观鸟走廊，还有高高的观鸟台，不过要想看到候鸟的优美身姿，建议带上望远镜，而摄影爱好者则要带上长焦镜和三脚架。如果是春夏秋季来景区，通常每天的10:30、15:00在鸟类放飞区会有鸟类放飞表演（冬季无此活动），放飞的一般为大雁及鹤类，届时可以欣赏到百鸟展翅齐飞的壮观景象。黄河浮桥是目前连接景区南北两区的唯一通道，行于桥上可置身于黄河的河心，近距离观赏黄河。在浮桥旁的游船码头可以坐船（船程约40分钟）去看黄河与渤海的分界线，有机会看到“河黄海蓝”的奇特景象。但是河海分界线在天气和海况良好的情况下才看得到，而且每艘游船需满二十多人才发船，建议坐船前尽量向出航回来的游客打听一下是否能看到，以便做打算。黄河口拥有广袤的湿地植物，4-8月间来此可以看翠绿的芦苇荡，乘坐游船去湿地深处探索观光（全程50分钟、半程30分钟）。而9-11月间，则可以欣赏金色的芦苇花海和火红的“红地毯”。尤其是深秋时节，一簇簇翅碱蓬（当地人称为“黄须菜”的野生植物）开着红色的花，远远望去整个滩涂都是赤红一片，好似一望无际的红地毯，美不胜收。天然柳林也是黄河口的一大特色，这里的柽柳树呈灌丛状，在沼滩上密密匝匝地平铺开去，你可以行走在穿梭于柳林的木栈道上，深入湿地腹地近距离感受密林的环境，也可以登上三层高的观河楼，将“两条”黄河尽收眼底（一条为1996年黄河河道，另一条为现行黄河流路，两者交汇于此）。每天清晨和黄昏是黄河口景色最美的时候，这里的日出与日落美得令人窒息。由于黄河入海口一带是胜利油田的作业区，因此旅游区内能看到不少抽油机（俗称“磕头机”）高大的身影，每到天气晴朗的黄昏时分，这些油井设备就成了夕阳下的绝佳布景，是摄影爱好者们绝不容错过的美妙画面。最后提醒一下，景区内餐馆很少，而且消费较高，建议自带些水和食物。而且景区周边加油站非常少，建议自驾车游客来时尽量加足油，东营市区和垦利县有不少加油站。,8:30-17:00,https://img1.qunarzz.com/travel/poi/1803/1c/eef85fac41d6d437.jpg_480x360x95_266eb993.jpg,4.1,建议游览时间：3天,,{'黄河口生态旅游区手机导游(不含门票)服务大小同价\n\n': ['¥0.6起']},,1
天鹅湖Swan Lake,http://travel.qunar.com/p-oi709091-tianehu,"

地址:
东营市东营南二路东首


电话:
0546-8832237

",胜利天鹅湖位于东营市东城东南方向15公里天鹅湖旅游区内，是于1997年建成是一处集旅游度假、休闲娱乐为一体的大型水上游乐园，为亚洲较大的人工平原水库湖区。随着环境的不断改进，在每年冬季大批天鹅相约而至，景色美丽壮观，引得游客无数，因此人们称之谓“天鹅湖”。天鹅湖作为黄河三角洲环境保护区内的主体部分，拥有丰富的渔业资源和鸟类资源。这里鸟类品种繁多，尤以国家二级保护动物天鹅。每年11月至次年4月，大批天鹅相约而至，景色美丽壮观，引得游客无数。胜利天鹅湖风景区以“大水面、大空间”为主要特色，有“七岛、六景、五特、两鲜”的特点而闻名。其中“七岛”为：北岛、太阳岛、南岛、卧佛岛、和三个鸟岛，从空中俯视如北斗七星映射地面；“六景”为：日月山、太阳岛、天涯海角、湿地动物园、卧佛岛、爱国主义教育基地等六大景点；“五特”为：地热资源特别丰富、候鸟特别多、大水面环境特别好、湖鲜特别好和地理位置特殊等五个特点；“两鲜”为：空气特别新鲜、湖中鱼类和湖区野菜特别鲜。,全年 7:00-19:00,https://img1.qunarzz.com/travel/poi/1803/e5/006893955cc72a37.jpg_480x360x95_f238c91c.jpg,4.1,建议游览时间：1小时 - 2小时,,具体收费情况以现场公示为主,,1
华八井,http://travel.qunar.com/p-oi703617-huabajing,"

地址:
山东-东营区东营村

",华八井是在燕山以南，太行山以东 ，大别山以北，渤海湾以西40万平方公里的华北平原内进行石油资源普查的第八口探井。位于东营市东营区东营村。1961年4月16日，该井首次用9毫米油嘴求产，获日产8.1吨工业油流，成为当时东部渤海湾地区第一口见原油的探井，也是胜利油田的发现井。该井是在前七口井钻探资料的基础上，结合当时地矿部航测大队提供的东营地区重磁力测量图，构造图进行设计的。1961年2月26日开钻，仅用35天就顺利完井，完钻井深1755.88米，全井共取岩芯50.2米平均收获率31.1...华八井是在燕山以南，太行山以东 ，大别山以北，渤海湾以西40万平方公里的华北平原内进行石油资源普查的第八口探井。位于东营市东营区东营村。1961年4月16日，该井首次用9毫米油嘴求产，获日产8.1吨工业油流，成为当时东部渤海湾地区第一口见原油的探井，也是胜利油田的发现井。该井是在前七口井钻探资料的基础上，结合当时地矿部航测大队提供的东营地区重磁力测量图，构造图进行设计的。1961年2月26日开钻，仅用35天就顺利完井，完钻井深1755.88米，全井共取岩芯50.2米平均收获率31.1%井壁取芯25处，成功率68%；固井质量、井深 质量均一次合格。原石油部部长余秋里同志对这口井的钻探非常重视，在转入试油时专门做了重要指示，加上技术人员精心策划和实施，以至获得圆满的成功。华八井的钻探和试油的成功，实现了华北盆地早期找油的新突破，进而引出了华北石油大会战，并相继发现了大港、华北、冀东、中原等大油田，为我国的石油工业发展树立了新的里程碑。,8:00-18:00,https://img1.qunarzz.com/travel/d7/1703/15/aba1a131965337b5.jpg_480x360x95_8e37f09b.jpg,5.0,,,,,1
东营傅家遗址Dongying Fu Clan Sites,http://travel.qunar.com/p-oi711276-dongyingfujiayizhi,,,,https://tr-osdcp.qunarzz.com/tr-osd-tr-manager/img/4b1f49e8215c4140834e7ffb98e0b993.jpg_480x360x95_18e92091.jpg,4.8,建议游览时间：1小时,,5元,,1
东营孙武祠Sunwuci,http://travel.qunar.com/p-oi701937-dongyingsunwuci,"

地址:
东营市广饶县月河路270号


电话:
0546-6925308

",孙武祠位于山东省广饶县城西北，占地面积7000多平方米。该祠以大殿为主体，内含4个融古代与现代建筑风格为一体的仿宋式四合院。南宋大殿位于广饶县城西北隅，建于南宋建炎二年。原庙址南北长130余米，东西宽76米，有春秋阁、三义堂、戏楼及东西厢房等建筑，现仅存大殿一座，系寺庙主体部分。这座大殿保持了宋代建筑特有的风格，系研究我国中古时期木构建筑的珍贵资料。建国后此大殿维修过两次。孙武祠系典型的古典式北方院落，城府套作森严整饬。正门座北朝南，为庑殿式建筑，大门内为孙武祠的南院，院山门洞内有一壁刻，系我国历史地理学家周维衍撰写的《孙武故里考简记》，上称根据《史记》、《资治通鉴》、《太平广记》等诸多典籍的记载及专家学者的勘察考证，确定孙武故里即在齐国古乐安城，乃今日之广饶县，“兵法千载，荣光乡里”。院落正中矗立着一座汉白玉孙武雕像，高3米，身佩宝剑，手持兵书，昂首挺胸，睿目远眺。两边厢房为卷棚式仿古建筑。南院与北院由一歇山式仿宋门庭相通。2005年9月6日至9月8日在东营市广饶县成功举办了首届孙子国际文化节，海外华侨华人、企业家，中国军界、史学界、社科学界知名学者等各界人士1300多人参加了开幕式。,全年 8:00-18:00,https://img1.qunarzz.com/travel/poi/1806/31/abbaa3dd689f0537.jpg_480x360x95_ef28dbb8.jpg,4.6,建议游览时间：1小时,,{'孙武祠电子导览票大小同价\n\n': ['¥6起']},,1
营子遗址,http://travel.qunar.com/p-oi703591-yingziyizhi,"

地址:
广饶县城西北约7.5公里的石村镇营子村东南120米处

","遗址为一隆起的高地，呈椭圆形，长径是东北-西南向，为469米，短径是西北-东南向，为337米，面积约15万平方米。北贾沟从遗址东部由南向北穿过。据初步钻探调查，遗址文化堆积较厚，一般1.5—3.5米,采集到的标本既有上万年的兽骨化石，也有龙山文化和岳石文化时期的蚌刀、蚌镰、骨锥、石铲、石斧、石镰、石凿、单孔石刀、双孔石刀、方孔石器、黑陶杯、纺轮、白陶、鬶等，文化遗存极为丰富。方孔石器为本地区所仅见，地方特色浓郁。1982年，对该遗址进行局部发掘，出土的石质工具种类繁...遗址为一隆起的高地，呈椭圆形，长径是东北-西南向，为469米，短径是西北-东南向，为337米，面积约15万平方米。北贾沟从遗址东部由南向北穿过。据初步钻探调查，遗址文化堆积较厚，一般1.5—3.5米,采集到的标本既有上万年的兽骨化石，也有龙山文化和岳石文化时期的蚌刀、蚌镰、骨锥、石铲、石斧、石镰、石凿、单孔石刀、双孔石刀、方孔石器、黑陶杯、纺轮、白陶、鬶等，文化遗存极为丰富。方孔石器为本地区所仅见，地方特色浓郁。1982年，对该遗址进行局部发掘，出土的石质工具种类繁多，制作工艺精湛。陶制品分泥质陶和夹砂陶两类，以红陶为主，灰陶次之，制作方法多为轮制，亦有部分手制。另外，还出土了商周时期的红色和灰色夹砂陶鬲、灰陶豆把、粗绳纹灰陶罐以及汉代的瓮和盔形器等。该遗址现为省级重点文物保护单位。",全天,,--,,,免费,,1
东营历史博物馆Dongying City History Museum,http://travel.qunar.com/p-oi715989-dongyinglishibowuguan,"

地址:
东营市广饶县月河路270号


电话:
0546-6442936,0546-6445162


官网:
http://www.dymuseum.cn/

",东营市历史博物馆位于广饶县城，占地7799平方米。东营历史博物馆的前身是广饶县博物馆，早在1956年，广饶就组织开展了由县文化科负责、有省文物主管部门人员参加的文物普查和文物保护工作，并结合普查举办了文物展览。20世纪60年代，文物工作由县文化包兼管。1974年10月，由县相关部门发文，有关单位参加，成立了文物管理委员会。1977年初，建立了县文物管理组和文物管理收购站，并配备专职干部。到1983年12月，经省文化厅批准，广饶县文物管理组更名为广饶县博物馆，广饶县博物馆正式成立。作为兵圣孙子的故乡—广饶，为推动孙子学术研究的深入开展，根据专家学者的建议，于1992年2月成立了社会团体——“中国孙子与齐文化研究会”。馆内珍藏着东营市较珍贵的文物，既有2万年前的麋鹿角化石，有距今5000年左右的陶器、石器、骨器、玉器、青铜器等；也有王羲之行书《半截碑》拓本、《赵子昂真迹》自裱本和数件名人字画。馆内共珍藏着各类文物6000余件、其中不乏非常珍贵的藏品。迄今为止，各级文物保护单位已达123处。1995年，东营市历史博物馆被列为“全省爱国主义教育基地”和“市爱国主义教育基地”。,"全年 08:00-11:30,14:00-17:30;全年 08:30-11:30,13:30-17:00",https://flight-feed.qunarzz.com/as3/180/image/poi_vishnu/eda4a4f7-e9cf-4067-8476-9deede449d35.jpg,4.6,建议游览时间：1小时,,{'东营市历史博物馆驴迹电子导览（不含门票）服务大小同价\n\n': ['¥6起']},,1
胜利油田科技展览中心Shengli Youtian Technology Exhibition Center,http://travel.qunar.com/p-oi712804-shengliyoutiankejizhan,"

地址:
东营市东营区济南路67号 ‎


电话:
0546-8558502,0546-8773568

",胜利油田科技展览中心地处东营市西城繁华地段，距东青高速公路8公里，距东营火车站1.5公里，距东营机场25公里。占地面积15000平方米，建筑面积6600平方米，是一个集石油地质、科技博物鉴赏、科技科普展览、演示、技术、知识、文化交流交易和休闲赏识于一体的综合性活动场所。周围大型商业购物、餐饮、娱乐及金融机构全面配套。科技展览中心布局合理，进出便捷顺畅，设有两个接待游客的停车场。科技展览中心有三个展厅：油田发展史厅、勘探开发厅和科技成就厅，讲述了胜利油田四十年的发展历史，勘探开发历程和所取得的十大科技成就。厅内陈列着各类标本、实物、展口、模型和史料2000余件，还有具有科学价值的化石，标本和实物，有游客可参与操作的演示模型等，内容丰富多彩。科技展览中心2000年6月向游人开放以来，受到了各界人士的广泛关注和赞誉，已成为集博物、演示、展览、休闲于一体的高品位的旅游景点。2001年7月被认定为首批AA级景点。,8:00-11:30、14:00-17:30。,https://tr-osdcp.qunarzz.com/tr-osd-tr-manager/img/e3a465a58274cc61ca0557439267c6fd.jpg_480x360x95_368a9410.jpg,4.5,建议游览时间：1小时,,具体收费情况以现场公示为主,,2
东营渤海垦区革命纪念馆Bohai Reclamation Area Revolutionary Memorial Hall,http://travel.qunar.com/p-oi701824-dongyingbohaikenqugeming,,东营渤海垦区革命纪念馆位于垦利区永安镇，馆内有实物，图片等藏品，设有序厅，放映厅，临时展厅等。,,,0.0,建议游览时间：1小时 - 2小时,,具体收费情况以现场公示为主,,2
胜利电视观光塔Shengli Television Tower,http://travel.qunar.com/p-oi715547-shenglidianshiguanguang,,胜利电视观光塔是中国广播电视学会高塔委员会成员塔之一，位于东营市西城西四路395号属西城繁华地段，距东青高速公路8公里，距东营火车站1.5公里，距东营机场25公里。塔高208米，集观光、餐饮、娱乐、无线信号发射于一体。,,https://tr-osdcp.qunarzz.com/tr-osd-tr-manager/img/ada57bd1a6838e18cac2e0d40dea0181.jpg_480x360x95_adc9e9d1.jpg,4.5,建议游览时间：1小时,,具体收费情况以现场公示为主,,2
中共刘集支部,http://travel.qunar.com/p-oi713674-zhonggongliujizhibu,"

地址:
东营市广饶县大王镇刘集村

",中共刘集支部旧址位于大王镇刘集村，是1925年春中共刘集支部的诞生地。刘集支部是山东省农村最早的4个党支部之一。刘集支部旧址是广饶县党组织的发祥地。在我省农村党建历史上有着极其重要的地位和作用。 1925年，在济南工作的中共党员刘子久、刘雨辉（女）、延伯真带着早期共产主义者陈望道1920年8月翻译出版的《共产党宣言》中文译本回到家乡刘集村，并将其交给了刘集党支部书记刘良才同志保存。由此在这本“大胡子”的书的启蒙下，星星之火得以点燃。它是我国《共产党宣言》最早的...中共刘集支部旧址位于大王镇刘集村，是1925年春中共刘集支部的诞生地。刘集支部是山东省农村最早的4个党支部之一。刘集支部旧址是广饶县党组织的发祥地。在我省农村党建历史上有着极其重要的地位和作用。 1925年，在济南工作的中共党员刘子久、刘雨辉（女）、延伯真带着早期共产主义者陈望道1920年8月翻译出版的《共产党宣言》中文译本回到家乡刘集村，并将其交给了刘集党支部书记刘良才同志保存。由此在这本“大胡子”的书的启蒙下，星星之火得以点燃。它是我国《共产党宣言》最早的中文译本。 1976年公布中共刘集支部旧址为县级重点文物保护单位，1996年公布为市爱国主义教育基地，同年公布为省国防教育基地先进单位。中共刘集支部旧址所在的大王镇是全国小城镇示范镇。这里的小城镇建设观光游每年都吸引大批中外来客。,8：00--11：00，14：00--17：00,,--,,,免费,,2
东营市图书馆,http://travel.qunar.com/p-oi39590418-dongyingshitushuguan,,,,,0.0,,,,,2
西关小镇,http://travel.qunar.com/p-oi39498285-xiguanxiaozhen,,,,,5.0,,,,,2
白鹭水世界,http://travel.qunar.com/p-oi39028798-bailushuishijie,,,,,0.0,,,,,2
广饶欢乐时光城水上乐园,http://travel.qunar.com/p-oi39012259-guangraohuanleshiguang,,,,,5.0,,,,,2
孙子文化广场,http://travel.qunar.com/p-oi38674672-sunziwenhuaguangchang,,,,,0.0,,,具体收费情况以现场公示为主,,2
孙武湖,http://travel.qunar.com/p-oi38620799-sunwuhu,,,,,--,,,,,2
森林公园,http://travel.qunar.com/p-oi38340953-senlingongyuan,,,,,--,,,具体收费情况以现场公示为主,,3
东营文化公园,http://travel.qunar.com/p-oi38340765-dongyingwenhuagongyuan,,,,,4.4,,,具体收费情况以现场公示为主,,3
正觉寺黄河决口遗址纪念碑,http://travel.qunar.com/p-oi38340557-zhengjuesihuanghejuekou,,,,,--,,,具体收费情况以现场公示为主,,3
幻太奇海洋亲子主题公园,http://travel.qunar.com/p-oi38339717-huantaiqihaiyangqinzi,,,,,,,,,,3
金泥湾阳光浴场,http://travel.qunar.com/p-oi38337311-jinniwanyangguangyuchang,,,,,--,,,具体收费情况以现场公示为主,,3
乐安公园,http://travel.qunar.com/p-oi38336531-leangongyuan,,,,,--,,,具体收费情况以现场公示为主,,3
钻井东安公园,http://travel.qunar.com/p-oi38335604-zuanjingdongangongyuan,,,,,--,,,具体收费情况以现场公示为主,,3
东营明月湖湿地公园,http://travel.qunar.com/p-oi38335552-dongyingmingyuehushidi,,,,,4.7,,,,,3
荟萃园,http://travel.qunar.com/p-oi38334877-huicuiyuan,,,,,5.0,,,具体收费情况以现场公示为主,,3
黄河,http://travel.qunar.com/p-oi38034585-huanghe,,,,,5.0,,,具体收费情况以现场公示为主,,3
“水城米仓”稻田画景区,http://travel.qunar.com/p-oi37806450-shuichengmicangdaotian,,位于美丽的黄河入海口永安镇二十八村。是集稻田画、水稻种植、儿童研学、休闲娱乐、特色餐饮、酒店民宿等多种功能为一体的综合性产业园区。园区建设规模大、标准高，对当地农业起到了示范和辐射作用，美化了当地农村居住及人文环境，极大的增加了当地农民收入。,,,4.7,建议游览时间：1小时 - 2小时,,,,4
鸣翠湖湿地风景区,http://travel.qunar.com/p-oi37806359-mingcuihushidifengjing,,,,,--,,,具体收费情况以现场公示为主,,4
东营明潭公园,http://travel.qunar.com/p-oi37806079-dongyingmingtangongyuan,,,,,0.0,,,,,4
一邦齐乐谷,http://travel.qunar.com/p-oi37725382-yibangqilegu,"

地址:
山东省东营市垦利区永安镇广兴路二十八村

",一邦齐乐谷位于垦利区永安镇二十八村，是目前全国占地面积较大的稻田画，来这里可以体验田间劳作，田间游戏，品尝大米美食，农家乐。,全年 08:00-18:00,,--,建议游览时间：12小时 - 3天,,,,4
白鹭园湿地公园,http://travel.qunar.com/p-oi36476769-bailuyuanshidigongyuan,"

地址:
东营市东营区东二路与德州路路口向南200米路西


电话:
4000546122

","白鹭园湿地田园综合体项目位于东营市城北生态线主轴上，东至东二路，西至华山路，北至德州路，南邻潍坊路，距东城、西城、垦利区政府均在15分钟车程，于2019年12月被评为国家AAA级旅游景区。东营白鹭园湿地发挥交通便利、天然的湿地资源优势，有4000余只白鹭聚集栖息于此、具备藕稻产业的优势和基础，通过土地流转将土地、林水等农业资源整合，成立合作社，组建旅游资源开发团队，利用土地整理节约出来的建设用地招引社会资本，形成“农户+合作社+公司”的经营模式，抓住景观吸引区、种养集聚区、农业生产区、居民生活区、服务配套区等核心要素，实施整体招商、品牌打造、统一管理，有效保护周边宝贵湿地资源和生态环境，打造集现代农业、休闲旅游、田园社区等产业为一体的东营特色田园综合体。东营白鹭园湿地项目规划整合林水、飞鸟、村落、农业、人文等各类资源，既有特色林果、私家菜园、藕稻等栽培种植业分块布局，又涵盖文化创业、农业产学研、休闲旅游、养生度假、农事体验等“新六产”融合发展。该项目占地面积5500亩，包括综合服务区、现代农业产业示范区、耕读研学体验区、乡村度假区、康养农旅创新区、田园社区6大功能分区。按一期2018—2019年、二期2020—2021年、三期2022—2023年规划落实时间轴，将乡村振兴的画卷缓缓铺开。一期建设园区大门、2000㎡综合服务中心、停车场、儿童游乐园，以湿地、白鹭、莲藕、油菜花等当地元素打造“情景旅游”，利用好六干渠水资源，打造乡村“水立方”。二期以生态有机果园、菜园、有机肥加工为建设主线，推广酵素农业，打造现代生态农业循环产业链。三期打造集现代农业、休闲旅游、田园社区等产业为一体的田园综合体。聚集来创业、就业、生活、养老的新居民，形成政府、集体经济组织、农户以及城市消费者“四赢”局面。目前，白鹭观赏、湿地水系、私家菜地、活动场地等4个发展主体项目已初步建设完成，综合服务中心、观鸟台、湿地人家等9个发展配套项目正在加紧推进。项目建成后，集聚产业和居住功能, 形成民宿经济、农村旅游经济等新经济业态，实现农旅融合，全力打造“湿地在城中，城在湿地中”的特色湿地旅游景区。",全年 08:00-18:00,,5.0,建议游览时间：2小时 - 3小时,,9元,,4
东营钱币博物馆,http://travel.qunar.com/p-oi36258221-dongyingqianbibowuguan,,,,,--,,,具体收费情况以现场公示为主,,4
花仙谷景区,http://travel.qunar.com/p-oi36171732-huaxiangujingqu,"

地址:
东营市东营区黄河路与天目山路交汇处向南2公里


电话:
0546-8058988

",花仙谷景区总占地面积460亩，主要有萌宠园、中草药园、花海基地、蔬菜基地及研学基地，布有100多个大小雕塑，是由东营市文旅体集团本着“打造一处城市新景观”的目标，历时3个月在黄河三角洲动物园以南开发打造了花仙谷景区。萌宠园里可爱妩媚的金吉拉猫、呆萌活泼的猫猫兔、体态优雅的梅花鹿等50多个品种、百余只萌宠和珍稀保护动物，分为猫咪区、萌兔区、香猪区、羊驼区、矮马区、冠鹤区、萌鸡区、萌鸭区、牧羊区、梅花鹿区、养蚕区。届时萌宠动物同步亮相，与游客或亲或抱，或喂食或逗玩，吸引众多亲子家庭和周边市民观光互动、科普研学。中草药园是集科普、体验、观赏为主的综合性中草药博览园，以经典的太极八卦图案为造型，种植丹参、黄芪、金银花、茉莉花、板蓝根、蒲公英、苍术、黄精等50多种中草药，是学习中草药知识、了解中医文化的理想之地；孩子们可以体验种植、采收、晾晒等中草药制作工序。传播中医文化、引领健康生活。花海基地种植美女樱、波斯菊、满天星、百日草、小矮人花簇组合等多种花卉，为游客提供一个唯美的拍照打卡胜地，因植物生长周期原因，预计仲夏绽放。研学基地为丰富孩子们课余生活方式，开展具有思想性、知识性的活动，挖掘学生的潜力，提高孩子们的生态保护意识，为孩子走出校园、融入社会打好坚实的基础。我们准备了专门面向中小学生的自然生态、中草药文化和劳动体验课程，增强孩子们的参与度和体验感。花仙谷项目是休闲观光、科普研学、亲子娱乐的理想场所。将打造成人与动物和谐相处、人与植物和谐共生的深度体验区，是东营及周边城市游客游玩又一好去处。,04/01-10/31 08:30-18:00;11/01-03/31 09:00-17:00,,3.8,建议游览时间：2小时 - 3小时,,30元,,4
"孤岛万亩槐林Ten-Thousand-Mu Locust Forest, Gudao Town",http://travel.qunar.com/p-oi35832593-gudaowanmuhuailin,,,,,5.0,,,具体收费情况以现场公示为主,,4
龙居黄河森林旅游区Longju Yellow River Forest Tourism Zone,http://travel.qunar.com/p-oi35831964-longjuhuanghesenlinlu:,,,,,0.0,建议游览时间：3天 - 6天,,具体收费情况以现场公示为主,,4
兴隆生态林场Xinglong Ecological Forest Farm,http://travel.qunar.com/p-oi35558930-xinglongshengtailinchang,,,,,--,,,具体收费情况以现场公示为主,,4
"东营市永安文化园Yongan Cultural Park, Dongying City",http://travel.qunar.com/p-oi35558627-dongyingshiyonganwenhua,,,,,--,,,具体收费情况以现场公示为主,,5
曹家壕Caojiahao Village,http://travel.qunar.com/p-oi35474437-caojiahao,,,,,--,,,具体收费情况以现场公示为主,,5
东孙家村Dongsunjia Village,http://travel.qunar.com/p-oi35385451-dongsunjiacun,,,,,--,,,具体收费情况以现场公示为主,,5
后里西村Houli West Village,http://travel.qunar.com/p-oi35385130-houlixicun,,,,,,,,,,5
后里东村Houli East Village,http://travel.qunar.com/p-oi35384436-houlidongcun,,,,,--,,,具体收费情况以现场公示为主,,5
恳利街道综合性文化服务中心Comprehensive Cultural Service Center of Kenli Street,http://travel.qunar.com/p-oi35294978-kenlijiedaozonghexing,,,,,--,,,,,5
广北盐场,http://travel.qunar.com/p-oi35244164-guangbeiyanchang,,,,,--,,,具体收费情况以现场公示为主,,5
赵咀盐场Zhaozuiyanchang Village,http://travel.qunar.com/p-oi35240457-zhaojuyanchang,,,,,--,,,具体收费情况以现场公示为主,,5
许家盐场Xu's Saltworks,http://travel.qunar.com/p-oi35236146-xujiayanchang,,,,,--,,,具体收费情况以现场公示为主,,5
大王东村Dawangdong Village,http://travel.qunar.com/p-oi35235303-dawangdongcun,,,,,--,,,具体收费情况以现场公示为主,,5
东营市黄河文化博物馆Dongyingshi Huanghe Culture Museum,http://travel.qunar.com/p-oi34272410-dongyingshihuanghewen,"

地址:
东营区东城东三路220号

",黄河文化馆，是国家方志馆黄河分馆、东营市方志馆、东营市黄河文化博物馆的统称，是东营市第一家“国字号”场馆，也是东营乃至山东的文化新地标。博物馆以“大河奔流”为主题，分为“中华母亲河”“魅力黄河口”两大板块，通过参观、了解，让人们对这条变化无常、暴躁又温柔的母亲河会有一个更加直观和感性的认识。,8:30-17:30（周一闭馆）,,4.5,建议游览时间：2小时 - 3小时,,免费,,6
利津县近贤民俗博物馆Lijinxian Jinxian Minsu Museum,http://travel.qunar.com/p-oi34272320-lijinxianjinxianminsu,"

地址:
东营市利津县汀罗镇政府驻地泰和居小区商品楼1-2号

",,全年 周二-周日 9:00-17:00,,4.0,,,免费,,6
东营市黄河油画博物馆Dongyingshi Huanghe Youhua Museum,http://travel.qunar.com/p-oi34270793-dongyingshihuangheyou,"

地址:
东营市西四路623号

",,全年 周二-周日 9:00-17:00,,5.0,,,免费,,6
山东黄河三角洲国家级自然保护区湿地博物馆Shan Dong Huanghe Sanjiaozhou Guojia Ji Ziranbaohuqu Wetland Museum,http://travel.qunar.com/p-oi34270650-shandonghuanghesanjiao,"

地址:
东营区东城沂河路258号

",该自然保护区湿地博物馆位于东营区，保护区内分陆生动物生态群和海洋动物生态群，鸟类资源丰富，珍稀濒危鸟类众多。,8:30-17:30（周六、周日闭馆）,,--,建议游览时间：1小时 - 2小时,,免费,,6
东营民俗博物馆Dongyingminsu Museum,http://travel.qunar.com/p-oi34270058-dongyingminsubowuguan,"

地址:
东营区东城清风湖景区南一路258号

",,暂未开馆,,--,,,免费,,6
红滩湿地滨海公园Hongtan Shidi Binhai Park,http://travel.qunar.com/p-oi32734427-hongtanshidibinhaigong,"

地址:
东营市垦利区滨海大道东50米

",这里是黄河湿地公园旁的一片滩涂。风景如画，空气清新。在这里可以欣赏到美丽的日出日落，也是摄影者喜爱的地方。,全年 全天开放,https://tr-osdcp.qunarzz.com/tr-osd-tr-manager/img/f356822e13a0550e526e415380f02cec.jpg_480x360x95_fbdf009b.jpg,4.0,建议游览时间：2小时 - 3小时,,具体收费情况以现场公示为主,,6
东营新世纪广场Dong Ying New Century Square,http://travel.qunar.com/p-oi27338798-dongyingxinshijiguang,,,,,,,,,,6
山东农村第一个党支部纪念馆Shan Dong Nongcun Diyi Ge Dangzhibu Memorial Hall,http://travel.qunar.com/p-oi27337361-shandongnongcundiyige,,,,,4.0,,,具体收费情况以现场公示为主,,6
袁策水稻种植基地,http://travel.qunar.com/p-oi26961220-yuanceshuidaozhongzhi,,,,,--,,,,,6
垦利区黄河口镇七彩鹿家庭农场,http://travel.qunar.com/p-oi26663494-kenliquhuanghekouzhen,,,,,--,,,,,6
黄河公园Huanghe Park,http://travel.qunar.com/p-oi26569849-huanghegongyuan,"

地址:
黄河路

","黄河公园是东营区新区的主题公园，位于东营市东西城的中间位置，东营区政府前,是集公园与市政广场两项功能于一体的综合性公园。",全年 全天开放,https://tr-osdcp.qunarzz.com/tr-osd-tr-manager/img/dc5fda3b634efc5bdbd3f816d50a63d2.jpg_480x360x95_fe5935cc.jpg,4.1,建议游览时间：2小时 - 3小时,,具体收费情况以现场公示为主,,7
东营盐文化博物馆Dongying Salt Culture Museum,http://travel.qunar.com/p-oi25302418-dongyingyanwenhuabowu,"

地址:
东营市天目山路与南二路交汇处（黄河口文化艺术城内）


电话:
0546-6070357

",东营盐文化博物馆位于天目山路与南二路交汇处的黄河口文化艺术城内，在盐文化博物馆，不仅能了解深奥的盐文化知识，还能体验盐田劳作、盐画制作等是集盐知识普及、盐文化传承、盐项目体验等于一体的青少年科普教育基地，于2018年11月被评为国家AAA级旅游景区。内含多个展区，包括序厅、盐业三宗、史海盐踪、工业之母、文化之源、生命之侣、互动体验七部分。栩栩如生的盐雕、蜡像、雕塑、沙盘等演示手法，展现古代“炼卤煎盐”、“晒盐”等海盐生产和盐民生活的多层文化场景；处处可见的镶嵌式电视、智能平板等现代科技缩影，将古代制盐与现代科技无缝衔接；博物馆实验室开辟校外第二课堂，鼓励孩子们积极动手，用实验巩固知识；还有品类繁多的各色盐产品展示与售卖，盐包、盐雕、盐灯及创意盐商品琳琅满目。,5月1日前：9:00-11:30、13:30-16:30；5月1日后：9:00-11:30、14:00-17:00；每周一闭馆。,,4.7,建议游览时间：2小时 - 3小时,,50元,,7
东营电文化体验馆Dongyingdian Culture Experience Hall,http://travel.qunar.com/p-oi25302181-dongyingdianwenhuatiyan,"

地址:
东营市南二路与迎宾路交汇处向南50米（胜利发电厂内）


电话:
0546-6070356

",东营电文化体验馆位于南二路与迎宾路交汇处胜利发电厂厂区内，布展面积700平方米，是集声、光、电、多媒体展示为一体的青少年科普教育阵地和重要的工业旅游景点。立足文化传承，坚持以文化人、以文育人。现已成为首批“东营区青少年科普教育基地”，并获得第一批“东营市文化产业示范基地”称号。体验馆分为序厅、电的发现、电的奥秘、时代能源、电力改变世界、胜利电厂、互动体验七个展区，充分利用AR技术结合音频、视频营造年代感和历史氛围。场馆内九成以上的项目均可通过动手实验和操控完成，怒发冲冠、电力冲顶、电磁秋千、霍格沃兹魔法墙等互动体验项目，让参观者亲身体验电的奥秘。,5月1日前：9:00-11:30、13:30-16:30。5月1日之后：9:00-11:30、14:00-17:00；每周一闭馆。,,5.0,建议游览时间：1小时 - 3小时,,50元,,7
清风湖步行街QingFengHu BuXingJie,http://travel.qunar.com/p-oi24441955-qingfenghubuxingjie,,,,,--,,,具体收费情况以现场公示为主,,7
金辰美食街JinChen MeiShiJie,http://travel.qunar.com/p-oi24441934-jinchenmeishijie,,,,,5.0,,,具体收费情况以现场公示为主,,7
沂州路商业街YiZhou Lu ShangYeJie,http://travel.qunar.com/p-oi24441928-yizhoulushangyejie,,,,,--,,,具体收费情况以现场公示为主,,7
金辰辉煌商城步行街JinChen HuiHuang ShangCheng BuXingJie,http://travel.qunar.com/p-oi24441924-jinchenhuihuangshangcheng,,,,,--,,,具体收费情况以现场公示为主,,7
牛车水步行街NiuCheShui BuXingJie,http://travel.qunar.com/p-oi24441920-niucheshuibuxingjie,,,,,,,,,,7
乐园综合商业街LeYuan ZongHe ShangYeJie,http://travel.qunar.com/p-oi24441561-leyuanzongheshangyejie,,,,,--,,,具体收费情况以现场公示为主,,7
利津县银座商城步行街Lijin County YinZuo ShangCheng BuXingJie,http://travel.qunar.com/p-oi24439660-lijinxianyinzuoshangcheng,,,,,--,,,具体收费情况以现场公示为主,,7
东园East Garden,http://travel.qunar.com/p-oi24438213-dongyuan,,东园位于山东省东营市，这个小院在东营算得上是独树一帜，处处显露着江南园林的韵味。进入院子，亭榭楼台、小桥流水、假山怪石布置得十分精巧。,,,0.0,建议游览时间：1小时 - 2小时,,具体收费情况以现场公示为主,,8
欧式商业街OuShi ShangYeJie,http://travel.qunar.com/p-oi24438015-oushishangyejie,,,,,5.0,,,,,8
莱洲湾地区湿地Lai Chau Bay Area Of Marsh,http://travel.qunar.com/p-oi24411030-laizhouwandiqushidi,"

地址:
山东省东营市东营区沂河路黄河口湿地博物馆

",湿地公园里有一大片的荷花池，每当盛夏荷花开放的时候，风景特别美，景区内还有一个灯塔，夜晚很漂亮。,全年 7:00-17:00,,4.3,建议游览时间：2小时 - 3小时,,具体收费情况以现场公示为主,,8
黄河入海口观光园Yellow River Estuaries Scenic Resort,http://travel.qunar.com/p-oi24411014-huangheruhaikouguanguang,,黄河入海口观光园位于山东东营，观光园主要由休闲娱乐区、入口引景区、生态采摘区、龙湖度假村4部分组成，游客可以游览万亩蜜桃园、冬枣园和芦苇荡等景点。,,https://tr-osdcp.qunarzz.com/tr-osd-tr-manager/img/ca8679e07dd3583d29cd548ba2321f06.jpg_480x360x95_3767f4c4.jpg,4.3,,,,,8
清风湖Qing Feng Lake,http://travel.qunar.com/p-oi24410938-qingfenghu,"

地址:
东营区


电话:
0546-6089181

",东营清风湖位于东营市东营区，是一处公园内湖泊。湖边绿茵如织，倒影唯美，且湖面宽阔，阳光折射波光粼粼，如一颗晶莹剔透的钻石镶嵌在此。,全年 8:00-18:00,https://tr-osdcp.qunarzz.com/tr-osd-tr-manager/img/4c4dc9043db8dc518a6dc9eb27e99cd4.jpg_480x360x95_46459c7b.jpg,4.5,建议游览时间：2小时 - 3小时,,,,8
中共刘集支部CPC Liu Set Branch,http://travel.qunar.com/p-oi24410827-zhonggongliujizhibu,"

地址:
山东省东营市大王镇刘集村


电话:
+86 546 689 9671

",,全年 8:00-17:00,,5.0,,,具体收费情况以现场公示为主,,8
黄河华滩万亩葵园Yellow River Huatan Sunflower Garden,http://travel.qunar.com/p-oi23343420-huanghehuatanwanmukui,,,,,--,,,具体收费情况以现场公示为主,,8
黄河水体纪念碑Huangheshuiti Monument,http://travel.qunar.com/p-oi23342575-huangheshuitijinianbei,,黄河水体纪念碑又名“AGEPASS—黄河的渡过”，位于东营市东城清风湖南岸、广利河北岸。距东青高速公路5公里，距东营火车站18公里，距东营机场12公里，是世界上大型水体纪念碑。黄河水体纪念碑是中国旅美艺术家陈强策划、东营市具体承建的由物体、行为和信息传播三要素组合而成的大型观念艺术作品。碑体长790.3米，高2.5米，宽0.9米，碑身由1093个盛装黄河水养的钢化玻璃水罐组合而成，碑断面构造自下而上依次为毛石基础、浅白色花岗岩碑座、钢化玻璃罐和碑顶。所取黄河水样，是自黄河...黄河水体纪念碑又名“AGEPASS—黄河的渡过”，位于东营市东城清风湖南岸、广利河北岸。距东青高速公路5公里，距东营火车站18公里，距东营机场12公里，是世界上大型水体纪念碑。黄河水体纪念碑是中国旅美艺术家陈强策划、东营市具体承建的由物体、行为和信息传播三要素组合而成的大型观念艺术作品。碑体长790.3米，高2.5米，宽0.9米，碑身由1093个盛装黄河水养的钢化玻璃水罐组合而成，碑断面构造自下而上依次为毛石基础、浅白色花岗岩碑座、钢化玻璃罐和碑顶。所取黄河水样，是自黄河源头至入海口每隔5公里设一取水点，大河上下共设1093个取水点，有雪域高原的冰川水，有内蒙古草原的潺潺溪水，也有分明的泾、渭河水。1994年8月27日在各取水点同时取0.5立方米水，经处理后注入钢化玻璃罐中，再按取水顺序自西向东排列组成纪念碑主体。每一罐体上都用中、英、法、德、日文表明汲取地点经纬度。黄河水体纪念碑通过对黄河河水的艺术展现，浓缩了黄河从源头到入海的过程；也从一个抽象的角度，征着“过去—现在—将来”，体现宇宙万物的渡过过程，传达人类互助合作精神和相互依存关系。黄河水体纪念碑作为一个以黄河为主体的观念艺术作品，以其独到的艺术形式和丰富的文化内涵反映了黄河的历史文化，是一座中华民族和华夏文化的纪念碑。它通过对黄河河水和黄河文化的艺术展现，全方位史诗般地塑造了黄河的完整形象，向全世界昭示了中国的精神根基、民族底蕴和时代进程。,,,--,,,,,8
华八井Huabajing,http://travel.qunar.com/p-oi23342573-huabajing,,东营华八井位于山东省东营市东营区，是胜利油田的发现井。井深一千七百多米，是我国石油工业发展的重要里程碑。,,https://tr-osdcp.qunarzz.com/tr-osd-tr-manager/img/08f46394cf0a26e023a182b32ed31714.jpg_480x360x95_1b840791.jpg,4.3,建议游览时间：0.5小时 - 2小时,,具体收费情况以现场公示为主,,8
东营黄河三角洲Dongying Yellow River Delta,http://travel.qunar.com/p-oi23342571-dongyinghuanghesanjiao,,,,,,,,,,8
黄河三角洲鸟类博物馆Yellow River Delta Bird Museum,http://travel.qunar.com/p-oi23031712-huanghesanjiaozhouniao,"

地址:
黄河口镇黄河口生态旅游区大汶流管理站

",黄河三角洲鸟类博物馆展厅面积约三千平米，分为共生厅、共鸣厅、共赏厅和共享厅几个主题展厅，展品众多，主要以珍稀鸟类标本为主。,全年 7:30-18:30,https://tr-osdcp.qunarzz.com/tr-osd-tr-manager/img/116c4fed76ec300572379381c0257b5d.jpg_480x360x95_03c5662e.jpg,4.8,建议游览时间：2小时 - 3小时,,具体收费情况以现场公示为主,,9
中国石油大学(东营校区)Zhongguoshiyou University (dongyingxiaoqu),http://travel.qunar.com/p-oi23010973-zhongguoshiyoudaxue,"

地址:
东营市东营区北一路737号


电话:
13805468864

",,全年 全天开放,https://tr-osdcp.qunarzz.com/tr-osd-tr-manager/img/65b259f279666b98e473cad139140863.jpg_480x360x95_388dea57.jpg,4.4,建议游览时间：2小时,,,,9
广利河森林湿地公园Guanglihe Forest Wetland Park,http://travel.qunar.com/p-oi20974017-guanglihesenlinshidigong,,,,,,,,,,9
延集村文化广场Yanjicun Culture Square,http://travel.qunar.com/p-oi19989878-yanjicunwenhuaguangchang,,,,,--,,,具体收费情况以现场公示为主,,9
中国移动通信广场China Mobile Communication Square,http://travel.qunar.com/p-oi19989868-zhongguoyidongtongxin,,,,,5.0,,,具体收费情况以现场公示为主,,9
"黄河口生态旅游区鸟岛景点Bird Island, Eco Tourism Region of Yellow River Delta",http://travel.qunar.com/p-oi19989166-huanghekoushengtailu:,,黄河口生态旅游区鸟岛景点也叫东方白鹤观赏区，芦苇荡中的栈道回廊，曲曲折折，向前伸展，风景十分的优美。,,https://tr-osdcp.qunarzz.com/tr-osd-tr-manager/img/cb3177eb33474df9f1f2ccd608446ee4.jpg_480x360x95_61016f4d.jpg,4.7,建议游览时间：6天,,,,9
龙悦湖Longyue Lake,http://travel.qunar.com/p-oi19988812-longyuehu,,,,,--,,,具体收费情况以现场公示为主,,9
运动休闲广场Yundong Leisure Square,http://travel.qunar.com/p-oi19988571-yundongxiuxianguangchang,,,,,,,,,,9
钻井二公司公园,http://travel.qunar.com/p-oi19988402-zuanjingergongsigongyuan,,,,,--,,,,,9
滨海公园Binhai Park,http://travel.qunar.com/p-oi19988394-binhaigongyuan,,,,https://tr-osdcp.qunarzz.com/tr-osd-tr-manager/img/b14c2e690a96d73194d3f82da19efcbc.jpg_480x360x95_285e1b4c.jpg,0.0,,,,,9
音乐广场乐园,http://travel.qunar.com/p-oi19988360-yinleguangchangleyuan,,,,,--,,,,,10
光明广场Guangming Square,http://travel.qunar.com/p-oi19988297-guangmingguangchang,,,,,--,,,具体收费情况以现场公示为主,,10
镜宫逃脱Jinggong Escape,http://travel.qunar.com/p-oi19988285-jinggongtaotuo,,,,,3.0,,,具体收费情况以现场公示为主,,10
河阳广场Heyang Square,http://travel.qunar.com/p-oi19988279-heyangguangchang,,,,,--,,,具体收费情况以现场公示为主,,10
金海城休闲娱乐广场Jinhaicheng Xiuxian Yule Square,http://travel.qunar.com/p-oi19988268-jinhaichengxiuxianyule,,,,,--,,,具体收费情况以现场公示为主,,10
陈官村文体娱乐广场Chenguancun Wenti Yule Square,http://travel.qunar.com/p-oi19988263-chenguancunwentiyuleguang,,,,,--,,,具体收费情况以现场公示为主,,10
闫口休闲广场Yankou Leisure Square,http://travel.qunar.com/p-oi19988194-yankouxiuxianguangchang,,,,,--,,,具体收费情况以现场公示为主,,10
游乐设施店,http://travel.qunar.com/p-oi19988057-youlesheshidian,,,,,--,,,,,10
梦幻岛儿童主题乐园,http://travel.qunar.com/p-oi19987999-menghuandaoertongzhuti,,,,,--,,,,,10
东津生态园Dongjin Ecological Park,http://travel.qunar.com/p-oi19987974-dongjinshengtaiyuan,,这是一个环湖的生态园，园内植物种类繁多，景色优美，还有专门的健身区，是附近居民运动健身的好去处。,,https://tr-osdcp.qunarzz.com/tr-osd-tr-manager/img/d8ef3cbc7d6cd7b53354ef75cb4b35df.jpg_480x360x95_c955b4e1.jpg,3.7,建议游览时间：2小时 - 3小时,,具体收费情况以现场公示为主,,10
