名字,链接,地址,介绍,开放时间,图片链接,评分,建议游玩时间,建议季节,门票,小贴士,Page
岳麓山公园,http://travel.qunar.com/p-oi716510-yuelushangongyuan,"

地址:
甘肃-定西　-临洮县

",临洮岳麓山公园位于甘川公路105公里处，距县城0.5公里，素以绿色出头而著称，有“桂林山水甲天下，临洮东山不低头”之美誉。岳麓山素有“兰州南大门”之称，是省城兰州连接临夏、甘南、陇南、定西的扭带。岳麓山公园以宋代建东岳庙于山麓之间而得名，杨柳轻拂、松柏滴翠、碧水环绕、花放鸟鸣。公园总面积为84公顷，园内山光水色秀美奇丽，亭台楼阁错落有致、文物古迹引人入胜，古刹名寺隐藏山坳，使人留连忘返。岳麓山公园动植物资源丰富，有名、优、特、奇适生树种近百种，有参天的...临洮岳麓山公园位于甘川公路105公里处，距县城0.5公里，素以绿色出头而著称，有“桂林山水甲天下，临洮东山不低头”之美誉。岳麓山素有“兰州南大门”之称，是省城兰州连接临夏、甘南、陇南、定西的扭带。岳麓山公园以宋代建东岳庙于山麓之间而得名，杨柳轻拂、松柏滴翠、碧水环绕、花放鸟鸣。公园总面积为84公顷，园内山光水色秀美奇丽，亭台楼阁错落有致、文物古迹引人入胜，古刹名寺隐藏山坳，使人留连忘返。岳麓山公园动植物资源丰富，有名、优、特、奇适生树种近百种，有参天的柳、榆、古树，有冬夏长青的松、柏，有山杏、沙棘、拧条、穗槐、刺槐、白榆等耐旱树种，有苹果、梨、桃等组成的经济园，有牡丹、桃梅、连翘、丁香、月季、黄花、大丽花、唐昌蒲、郁金香等名贵花卉。岳麓山公园地处丝绸之路要道，是屏障全城，控扼陇蜀之重镇。主要有超然台、椒山祠、道统祠、武侯祠、地母宫、先农坛、文昌阁、太平观、三星阁、龙泉寺、奎星阁、东岩寺、曾观、画廊亭台、碑匾刻石等42处景观。其中以超然书院、风台、姜维墩优为著称。,8:00-16:00,,--,,,门票：15元；云麓宫5元；麓山寺5元；鸟语林20元 成人团体票：12元/人；学生团体票：10/人,,1
遮阳山,http://travel.qunar.com/p-oi708752-zheyangshan,,遮阳山古有岷州“小崆峒”之称，由西溪、东溪和夷门山三个景区组成。西溪由金家沟和若干岔峡组成，全长7.5公里，为全山的旅游精华所在。境内主要有临溪巨石、芸叟洞、三醉石、题诗崖、仙人祠、青羊洞、八音井、常家洞、锡庆寺、蛤蟆石等历史胜迹和自然风景50余处。,,,--,,,,,1
贵清山旅游风景区Guiqing Mountain Tourism Scenic Area,http://travel.qunar.com/p-oi714756-guiqingshanlu:youfeng,"

地址:
定西市漳县新寺镇青瓦寺村


电话:
18209322881

",贵清山位于定西市漳县南侧，是陇中黄土高原上景色秀美的名山。贵清山的山势陡峭壮观，树木茂密，山间有峡谷、溪流，环境很优美，有中峰寺等历史古迹，还有蜀汉大将姜维曾在此处留下的历史传说。来到景区可以登山锻炼、探访古迹，是甘肃东部著名的旅游胜地。贵清山景区共分为两个部分，一个是山峰区域，一个是山下的贵清峡谷。游客可以先游览峡谷区域，然后登山游玩，登山需时大约半天左右，游玩整个景区大约大半天时间。另外，游客也可以直接乘车到达山顶区域然后向下游玩，比较节省时间和体力。贵清峡谷位于山下，峡谷幽深安静，绿意盎然，环境清幽。山峰区域则是一条约有1800多级台阶的登山路，在山间可以观赏壮观的山势，还有一些寺院古迹等，另外，山上有溪流、瀑布紧贴石壁而下，环境优美，适合摄影拍照。,8:30-18:00,https://img1.qunarzz.com/travel/poi/1803/d1/11eee08da16cba37.jpg_480x360x95_d797df74.jpg,4.5,建议游览时间：3小时 - 5小时,,"{'贵清山旅游风景区门票成人票\n\n': ['¥50起'], '贵清山旅游风景区门票老人票\n\n': ['¥25起'], '贵清山旅游风景区门票优待票\n\n': ['¥25起']}",,1
定西玉湖公园Yuhu Park,http://travel.qunar.com/p-oi708997-dingxiyuhugongyuan,"

地址:
永定西路67号西侧100米


电话:
+86 932 826 1388

",玉湖公园，位于定西市安定区永定西路，甘肃省的中部，东接平凉地区，南邻天水市和陇南地区，西连甘南、临夏二州，北靠兰州、白银二市，位于典型的黄土高原丘陵沟壑地区，被称为“风神捏就的世界”。,8:00 - 18:00,,4.2,建议游览时间：2小时 - 3小时,,具体收费情况以现场公示为主,,1
莲峰山,http://travel.qunar.com/p-oi705920-lianfengshan,,位于县城东南34公里处的莲峰乡张家滩与古迹坪村之间，东望陇西、南眺漳县，面积198公顷，海拔2214-2441米。莲峰山地质为砂岩土石山体，系西秦岭地槽地带，山峦起伏，山体陡峻，植被良好，风景优美。莲峰山，因九峰环峙、状似莲花而得名，又因马鹿成群出没山林而俗称“马鹿山”。莲峰山素以奇秀著称，是古丝绸南路上的一颗瑰丽明珠。,,https://img1.qunarzz.com/piao/fusion/1605/b2/8582589121a8e0f7.jpg_480x360x95_ff629828.jpg,--,,,,,1
天井峡景区Tianjing Gorge Scenic Area,http://travel.qunar.com/p-oi708995-tianjingxiajingqu,"

地址:
定西市渭源县莲峰镇

",在石门水库的后面，有一处纯朴自然、不事修饰的奇异妙境的净土这就是——横亘十里的史前峡谷天井峡，一座座陡峭的山崖相对挺立，中开一缝，就象大锯解开的板缝，当地山民又叫它解板沟。大自然的神工鬼斧造就出这一片刀削斧劈似的奇山绝境，人们说它是神仙造出来的。天井峡内共有二十多个景点：腰崖寺、金顶、狮象崖、公母窟、子母峰、倒爬崖、透圈子、歇佛崖、马窟湾、天马窟、仙女屏、淋仙瀑、饮马崖、天城堡、小麦积、水帘洞、香子圈、天井、卧龙潭、洞庭湖、黑鹰膀、马鸡场、南天门、石马桩、金刚山、五咀崖、钻天崖等。这一座座形体不同的石峰崖柱，有的独成一峰、无依无托，有的并肩相靠、亲亲热热，有的象高楼，有的象麦垛，有的象奔跑的猛兽，有的象俯冲的雄鹰，有的象翩翩起舞的仙女。这里的山形乍一看是一体的悬崖陡壁，随着游人的移动，又在不断变化。从谷底仰望惊险绝奇，从山顶俯视，更是层层叠叠，多姿多彩，好似绽开的绿色花瓣。这里的水，也是秀美奇妙的，岩壁上挂着水珠，石缝间渗着水珠，草尖上捧着水珠，迎着阳光，晶莹闪亮。山顶端一处冷泉，从悬崖上飞扬而下，垂成千尺白练。峡谷里欢跃的浅溪，从两崖空间奔来，汇成湍急的小河，将谷底冲刷成几米深的石槽，飞跌而下，旋成明镜般的深潭，清彻见底。,7:00-18:00;18:00停止入场,https://img1.qunarzz.com/p/tts2/1801/59/ef4cea30387a7502.jpg_480x360x95_fbf515a7.jpg,4.6,建议游览时间：12小时 - 3天,,20元,,1
灞陵桥公园,http://travel.qunar.com/p-oi704783-balingqiaogongyuan,,灞陵桥――素有“渭河长虹”之说。在渭源县南城门外的清源河上，是一座古典纯木结构卧式悬壁拱桥，俗称“卧桥”。因桥身拱起，宛如长虹，有“渭水长。灞陵桥始建于明洪武初年，系大将军徐达西击元将李思齐时，为渡渭河而建。初为平桥，传说徐达夜梦受汉武帝爱妃指点，乃以木笼装石为墩修成，桥上配以玉石栏杆，徐达亲题桥名，有“渭河第一桥”之称，可惜“即济行人，复通车马”的桥梁后为洪水冲毁。,,,--,,,,,1
新美花卉园,http://travel.qunar.com/p-oi711911-xinmeihuahuiyuan,"

地址:
甘肃省定西市临洮县

",新美花卉园新建高效节能日光温室113座，分区新建2000M2气调库一座，改造200M2气调库1座，2000M2基质原料、现代化自控温室2座63亩，供热供水配套设施，种质资源圃建设100亩，组培室1500M2， 最终将园区建成集科技开发、观光旅游、科普教育、信息交流、教学实验、示范推广、成果展示为一体的现代高科技示范园区。,8:00-20:00,https://img1.qunarzz.com/travel/poi/1608/87/c52a2bb981fe0137.jpg_480x360x95_67cf601c.jpg,--,,,,,1
首阳山,http://travel.qunar.com/p-oi714622-shouyangshan,"

地址:
甘肃省定西市渭源县莲峰镇

",首阳山位于渭源县东南34公里的莲峰乡享堂沟，海拔在2186-2509米之间，因其列群山之首，阳光先照而得名。首阳山因商未周初孤竹国（今河北庐龙县）君之二子伯夷、叔齐相让嗣君，相偕至周，后闻武王伐纣，叩马谏阴。因武王不听，遂愤而不食周粟，西行至首阳山，采薇而食，后饿死于首阳山而成为陇右名山。秦汉在此建县时就名首阳县了。渭源首阳山最早见于庄子所言伯夷、叔齐西至岐阳，见周武王伐殷曰：吾闻古之士，遭治世还避其任，遇乱世不为苟存，今天下暗，周德衰，其并乎周以涂吾身...首阳山位于渭源县东南34公里的莲峰乡享堂沟，海拔在2186-2509米之间，因其列群山之首，阳光先照而得名。首阳山因商未周初孤竹国（今河北庐龙县）君之二子伯夷、叔齐相让嗣君，相偕至周，后闻武王伐纣，叩马谏阴。因武王不听，遂愤而不食周粟，西行至首阳山，采薇而食，后饿死于首阳山而成为陇右名山。秦汉在此建县时就名首阳县了。渭源首阳山最早见于庄子所言伯夷、叔齐西至岐阳，见周武王伐殷曰：吾闻古之士，遭治世还避其任，遇乱世不为苟存，今天下暗，周德衰，其并乎周以涂吾身也，不若逊之，以洁吾行二子北至于首阳之山，遂饥饿而死。又东汉经文学家曹大家（即班昭）注《幽通赋》说：夷齐饿于首阳山在陇西首阳。渭源在秦末汉初建县，就名首阳县，归陇西郡管辖，县以山得名。直到西魏文帝大统十七年（公元551）始改名渭源县。据此看来，渭源首阳山得名最早，历史悠久，为夷齐隐居采蕨直至饿死的最确首阳山。首阳山西北侧有石门，因两座石崖东西对峙，间开一线，形似石门而得名。石门夜月为当地一景。两崖之间有一水库，容量500多万立方米，是一处理想的水上乐园。水库后面为长十五里的天井峡谷，这里座座陡峭的山崖相对挺立，四山合围，蓝天变成一条细线，人如处井底，其地势恰似一大锯解开的板缝，故此当地俗称解板沟。天井峡山奇水美，恰似仙境，有鬼斧神工的自然造型27处景点。沿十五里天井画廊，到处充满着奇、险、壮、绝、清、秀、幽、静、古、野之情趣。如从县城向南行直抵天井峡，约有20多公里路程。,09:00-17:00,https://img1.qunarzz.com/travel/d5/1510/98/3f55b9c8ca110f.jpg_480x360x95_82907aca.jpg,5.0,,,25元,,1
李家龙宫,http://travel.qunar.com/p-oi39572990-lijialonggong,,,,,0.0,,,,,1
海甸峡风景区,http://travel.qunar.com/p-oi39330491-haidianxiafengjingqu,,,,,0.0,,,,,2
悦心国际书画村,http://travel.qunar.com/p-oi39252639-yuexinguojishuhuacun,,,,,0.0,,,,,2
东三十里铺,http://travel.qunar.com/p-oi39167494-dongsanshilipu,,,,,--,,,,,2
古莱坞女娲湖,http://travel.qunar.com/p-oi38950799-gulaiwunu:wahu,,汉唐街市古色古香、雄浑大气:太清溪碧水清清、微波粼粼。乌蓬船舟水上飘游，亭台阁榭水景合一。桥上人来人往，桥下船浆摇曳。汉服美女风姿绰约，月下嫦娥翩翩起舞。岁月不老、芳华依旧。,,,2.0,,,,,2
大丽花园,http://travel.qunar.com/p-oi38942977-dalihuayuan,,,,,--,,,,,2
渭河东源,http://travel.qunar.com/p-oi38938334-weihedongyuan,,渭河东源，靠近渭源县，端午踏青好去处,,,1.0,,,,,2
双石门,http://travel.qunar.com/p-oi38597348-shuangshimen,,,,,--,,,具体收费情况以现场公示为主,,2
鹿鸣山,http://travel.qunar.com/p-oi38359053-lumingshan,,鹿鸣谷农业观光园总占地340亩，总投资2.4亿元，现有鹿鸣泉、蝴蝶岛、天鹅湖、渔恋亭、鸭得堡、梨园、鹿苑、孔雀园、鹿鸣小溪、蝴蝶兰种植基地等十几个打卡景点。观光园集山水园林、休闲娱乐、旅游度假、健康餐饮为一体，将人文景观与自然景观融为一体，形成了“可览、可游、可居” 的休闲度假景区。,,,--,,,,,2
定西公园,http://travel.qunar.com/p-oi38336101-dingxigongyuan,,,,,4.0,,,具体收费情况以现场公示为主,,2
洮河,http://travel.qunar.com/p-oi38035218-taohe,,,,,--,,,具体收费情况以现场公示为主,,2
双联村,http://travel.qunar.com/p-oi37806837-shuangliancun,,,,,0.0,,,,,3
元古堆鹿场,http://travel.qunar.com/p-oi37805918-yuanguduiluchang,,,,,--,,,,,3
甘肃马家窑彩陶文化博物馆,http://travel.qunar.com/p-oi36258163-gansumajiayaocaitaowen,,,,,--,,,,,3
甘肃贵清山国家森林公园Guiqing Mountain,http://travel.qunar.com/p-oi35832290-gansuguiqingshanguojia,,,,,--,,,,,3
狼渡湿地草原Langdu Wetland Grassland,http://travel.qunar.com/p-oi35832201-langdushidicaoyuan,,,,,5.0,建议游览时间：12小时 - 3天,,具体收费情况以现场公示为主,,3
狼渡滩Langdutan,http://travel.qunar.com/p-oi35832141-langdutan,,狼渡滩自然景观优美，民风淳朴。良好的生态环境孕育了丰富的地方特色产品，如贝目、冬虫夏草、大豆、青稞、燕麦等。这里有秀美的草原风光和热情好客的草原牧民。,,,--,建议游览时间：1小时 - 3小时,,具体收费情况以现场公示为主,,3
曹家坪牡丹园Caojiaping Peony Garden,http://travel.qunar.com/p-oi35831790-caojiapingmudanyuan,,,,,--,建议游览时间：2小时 - 3小时,,具体收费情况以现场公示为主,,3
史家坪Shijiaping Village,http://travel.qunar.com/p-oi35678353-shijiaping,,,,,--,,,具体收费情况以现场公示为主,,3
史家坪Shijiaping Village,http://travel.qunar.com/p-oi35678198-shijiaping,,,,,--,,,具体收费情况以现场公示为主,,3
关头屲Guantou Hillside,http://travel.qunar.com/p-oi35643166-guantouwa,,,,,--,,,具体收费情况以现场公示为主,,3
鹁鸽湾村,http://travel.qunar.com/p-oi35560174-bogewancun,,,,,--,,,具体收费情况以现场公示为主,,4
奇智村Qizhi Village,http://travel.qunar.com/p-oi35559651-qizhicun,,,,,--,,,,,4
劫山沟村,http://travel.qunar.com/p-oi35559417-jieshangoucun,,,,,--,,,具体收费情况以现场公示为主,,4
闾井乡牧场Lvjing Township Pasture,http://travel.qunar.com/p-oi35559107-lu:jingxiangmuchang,,,,,--,,,具体收费情况以现场公示为主,,4
闾井乡磨石山牧场Lvjing Moshishan Pasture,http://travel.qunar.com/p-oi35388031-lu:jingxiangmoshishan,,,,,--,,,具体收费情况以现场公示为主,,4
东背屲,http://travel.qunar.com/p-oi35387901-dongbeiwa,,,,,--,,,具体收费情况以现场公示为主,,4
柴郎川,http://travel.qunar.com/p-oi35305230-chailangchuan,,,,,--,,,具体收费情况以现场公示为主,,4
劈沟川,http://travel.qunar.com/p-oi35305129-pigouchuan,,,,,--,,,具体收费情况以现场公示为主,,4
护林背后Hulinbeihou Village,http://travel.qunar.com/p-oi35300129-hulinbeihou,,,,,--,,,具体收费情况以现场公示为主,,4
苏主那Suzhuna Village,http://travel.qunar.com/p-oi35298047-suzhunei,,,,,--,,,具体收费情况以现场公示为主,,4
包那崖Baonaya Village,http://travel.qunar.com/p-oi35297873-baoneiya,,,,,--,,,具体收费情况以现场公示为主,,5
蔺家坪Linjiaping Village,http://travel.qunar.com/p-oi35297546-linjiaping,,,,,--,,,具体收费情况以现场公示为主,,5
祁家豁岘,http://travel.qunar.com/p-oi35295703-qijiahuoxian,,,,,--,,,具体收费情况以现场公示为主,,5
河北坡社营房村肉羊养殖场,http://travel.qunar.com/p-oi35291934-hebeiposheyingfangcun,,,,,0.0,,,,,5
张家豁岘,http://travel.qunar.com/p-oi35291591-zhangjiahuoxian,,,,,0.0,,,具体收费情况以现场公示为主,,5
青土豁岘Qingtuhuoxian Village,http://travel.qunar.com/p-oi35290908-qingtuhuoxian,,,,,--,,,具体收费情况以现场公示为主,,5
文家寺,http://travel.qunar.com/p-oi35280812-wenjiasi,,,,,--,,,具体收费情况以现场公示为主,,5
中共中央西北局盐井会议纪念馆Zhonggongzhongyang Xibeiju Yanjing Huiyi Memorial Hall,http://travel.qunar.com/p-oi34274229-zhonggongzhongyangxibei,"

地址:
定西市漳县总工会1楼

",,9:00—11:00            15:00--17:00 （周一闭馆）,,0.0,,,免费,,5
临洮县博物馆Lintaoxian Museum,http://travel.qunar.com/p-oi34274228-lintaoxianbowuguan,"

地址:
临洮县洮阳镇东大街6号

",临洮县博物馆位于洮阳镇，博物馆展览分为序厅、古陶彩韵、玉石精华、铜器、瓷珍荟宝、砖瓦集萃、佛光普照等七个单元，馆内陈列有新石器时代马家窑类型、半山类型、马厂类型、齐家文化、辛店文化、寺洼文化石器、骨器、彩陶、玉器和战国秦汉时期文物，铜铁器、瓷器、画像砖等。,"全年 周一 全天不开放 ;全年 周二-周日 09:00-11:30,14:30-17:00",,5.0,建议游览时间：1小时 - 2小时,,免费,,5
临洮县陇右革命纪念馆Lintaoxian Longyou Geming Memorial Hall,http://travel.qunar.com/p-oi34273102-lintaoxianlongyougeming,"

地址:
甘肃省定西市临洮县岳麓山公园

",临洮县陇右革命纪念馆位于岳麓山景区内，馆内的展览一共有六个单元，反映了近代临洮地区发展的历程。,全年 周二-周日 9:00-17:00,,4.5,建议游览时间：1小时 - 2小时,,免费,,5
定西市博物馆Dingxishi Museum,http://travel.qunar.com/p-oi34272699-dingxishibowuguan,"

地址:
定西市安定区中华路23号

", 定西市博物馆位于定西市新城区内环北路，成立于1988年，馆藏文物主要以新石器时代彩陶为特色，收藏有陶器、铜器、瓷器、石器、玉器、骨器、书画等2000多件，以及大量历代货币。,9:00-11:00，15:00-17:00，（周一闭馆）,,0.0,,,,,6
岷县民族民俗博物馆Minxian Minzu Minsu Museum,http://travel.qunar.com/p-oi34272678-minxianminzuminsubowu,"

地址:
岷县岷阳镇青年街27号

",,全年 周二-周日 9:00-17:00,,--,,,免费,,6
岷县岷州博物馆Minxianminzhou Museum,http://travel.qunar.com/p-oi34272443-minxianminzhoubowuguan,"

地址:
定西市岷县清水乡清水村211号

",,全年 周二-周日 8:30-17:30,,--,,,免费,,6
漳县博物馆Zhangxian Museum,http://travel.qunar.com/p-oi34272233-zhangxianbowuguan,"

地址:
漳县武阳镇中心街4号

",,正在布展、暂未开放,,--,,,收费,,6
定西市马家窑彩陶博物馆Dingxishi Majiayao Caitao Museum,http://travel.qunar.com/p-oi34272172-dingxishimajiayaocaitao,"

地址:
甘肃省定西市临洮县南关1号


官网:
http://www.dxmjy.com

",博物馆内珍藏了各类彩陶实物，涵盖了仰韶文化。是以展示、交流、收藏为主要功能的综合性场馆。,每周三至周日9：00—17：00,,5.0,建议游览时间：3小时,,,,6
定西市安定区博物馆Dingxi Anding Museum,http://travel.qunar.com/p-oi34270932-dingxishiandingqubowu,,,,,--,,,免费,,6
定西陇中皮影博物馆Dingxilong Zhong Piying Museum,http://travel.qunar.com/p-oi34270766-dingxilongzhongpiying,"

地址:
通渭县平襄镇西关村北闸93号

",,全年 周二-周日 9:00-17:00,,--,,,免费,,6
中共中央政治局榜罗会议纪念馆Zhonggongzhongyang Zhengzhiju Bangluo Huiyi Memorial Hall,http://travel.qunar.com/p-oi34270326-zhonggongzhongyangzheng,"

地址:
定西市通渭县榜罗镇


电话:
0932-5541518

",中共中央政治局榜罗会议纪念馆是全国爱国主义教育示范基地、国家国防教育示范基地、中国延安干部学院现场体验教学点，也是甘肃省委组织部命名的第三批全省党员干部党性教育实践教学基地。纪念馆展陈馆占地面积608.96平方米，展陈馆馆名“榜罗镇会议纪念馆”是由老红军王定国老人题写。      纪念馆陈展内容由清华大学美术学院设计，以弘扬伟大的长征精神为主题，以真实、生动地再现榜罗镇会议和红军长征过境通渭发生的历史为重点，以通渭人民继承和弘扬长征精神，在新的长征中所取得的建设成就为延伸，通过详实的史料、图片、图表、实物，综合运用各种现代高科技手段，精心设计布局，达到思想性、艺术性的完美结合，使参观者身临其境，全面展现中国工农红军红二十五军和陕甘支队、红二、四方面军长征过境通渭波澜壮阔的历史画卷。成为社会各界群众，特别是党员干部和青少年学生接受党性教育、革命传统教育、爱国主义教育、国防教育和思想道德教育的主阵地。,全年 8:30-17:30,,--,建议游览时间：1小时 - 2小时,,,,6
陇西耕读博物馆Longxigengdu Museum,http://travel.qunar.com/p-oi34270067-longxigengdubowuguan,"

地址:
定西市陇西县巩昌镇晁家巷

",陇西耕读博物馆位于定西市陇西县，馆内有瓷器、玉器、书画、陇中特色窗花等藏品。,全年 9:00-15:00,,--,建议游览时间：1小时 - 2小时,,免费,,6
通渭县博物馆Tongweixian Museum,http://travel.qunar.com/p-oi34269635-tongweixianbowuguan,"

地址:
通渭县平襄镇西街2号

",,全年 周二-周日 9:00-17:00,,5.0,,,免费,,6
狼渡湿地草原,http://travel.qunar.com/p-oi30096373-langdushidicaoyuan,,,,https://img1.qunarzz.com/piao/fusion/1907/62/65feda17b2ecb802.jpg_480x360x95_5e0e4667.jpg,--,,,,,7
临洮县凤凰山森林公园Lintaoxian Fenghuang Mountain Forest Park,http://travel.qunar.com/p-oi29810877-lintaoxianfenghuangshan,,公园内种植了大量的树木花卉，栽培了各种果树，枝叶交错，植被覆盖率高。是一处集观赏，采摘，娱乐于一体的休闲场所。,,,0.0,建议游览时间：12小时 - 3天,,具体收费情况以现场公示为主,,7
李家峡生态旅游景区Lijiaxia Ecology Tourism Sceneic Area,http://travel.qunar.com/p-oi28712747-lijiaxiashengtailu:you,,定西李家峡生态旅游景区位于甘肃省定西市安定区内官营镇文山村、中河村与高峰乡牌坊村和麻地湾村交界处，海拔约2248−2470米，这里峡谷青秀、山峰起伏、林木苍翠、岩幽壁峭、泉清石奇，错落有致的民居，搭配蜿蜒曲折的河流，形成一片安静祥和的田园风光，享有安定区“金镶玉”之美称。,,,0.0,,,目前景区暂未开启线上购票渠道，游客需至景区现场购票入园。,,7
杨家老庄,http://travel.qunar.com/p-oi26963283-yangjialaozhuang,,,,,--,,,具体收费情况以现场公示为主,,7
甘肃万景园林绿化工程有限公司,http://travel.qunar.com/p-oi26961596-gansuwanjingyuanlinlu:,,,,,--,,,,,7
柏松沟Baisonggou Village,http://travel.qunar.com/p-oi26953083-bosonggou,,,,,--,,,具体收费情况以现场公示为主,,7
长征牧场,http://travel.qunar.com/p-oi26648217-zhangzhengmuchang,,,,,--,,,,,7
黄香台道班,http://travel.qunar.com/p-oi26639815-huangxiangtaidaoban,,,,,--,,,,,7
永乐山太白庙,http://travel.qunar.com/p-oi26635435-yongleshantaibaimiao,,,,,--,,,,,7
甘肃鹿聚源养殖基地Gansu Lu Juyuan Yangzhi Base,http://travel.qunar.com/p-oi26630525-gansulujuyuanyangzhiji,,,,,--,,,具体收费情况以现场公示为主,,7
甘肃省定西市渭源县步行街GanSuSheng DingXiShi WeiYuanXian BuXingJie,http://travel.qunar.com/p-oi24439464-gansushengdingxishiwei,,,,,5.0,,,具体收费情况以现场公示为主,,8
渭源县会川镇商贸一条街WeiYuanXian HuiChuanZhen ShangMao YiTiao Jie,http://travel.qunar.com/p-oi24439463-weiyuanxianhuichuanzhen,,,,,--,,,具体收费情况以现场公示为主,,8
文峰商业步行街WenFeng ShangYe BuXingJie,http://travel.qunar.com/p-oi24437459-wenfengshangyebuxingjie,,,,,--,,,具体收费情况以现场公示为主,,8
渭河源国家森林公园Weiheyuan National Forest Park,http://travel.qunar.com/p-oi24409749-weiheyuanguojiasenlin,,渭河源国家森林公园位于县城南34公里处，自古以来就以优美的自然景观和丰富的人工景观享誉陇上，以其良、秀、奇、多、凉等特点著称。,,https://tr-osdcp.qunarzz.com/tr-osd-tr-manager/img/09cab0cd9846964f33fa3fd991687d62.jpg_480x360x95_cfa26a1f.jpg,0.0,建议游览时间：12小时 - 3天,,40元,,8
威远楼Weiyuan Building,http://travel.qunar.com/p-oi23343048-weiyuanlou,,威远楼历史可追溯到宋仁宗时期，现在是一座钟鼓楼，三层四面，雄伟壮丽。木构楼南北两侧檐下悬巨匾：“巩昌雄镇”和“声闻四达”。,,,--,建议游览时间：0.5小时 - 1小时,,具体收费情况以现场公示为主,,8
人工湖音乐喷泉Artificial Lake Music Fountain,http://travel.qunar.com/p-oi23343012-rengonghuyinlepenquan,,,,,--,,,具体收费情况以现场公示为主,,8
二郎山Erlangshan Mountain,http://travel.qunar.com/p-oi23341871-erlangshan,,二郎山位于岷县城南方向，这里森林覆盖率高，山上还有大量古墓及寺庙，是集自然、人文为一体的综合景区。,,https://tr-osdcp.qunarzz.com/tr-osd-tr-manager/img/153faaf0f6cadb179a8c13fb5c1b8e02.jpg_480x360x95_b8ea68d4.jpg,5.0,建议游览时间：12小时 - 3天,,具体收费情况以现场公示为主,,8
灞陵桥公园Weiyuan Balingqiao Park,http://travel.qunar.com/p-oi23341869-balingqiaogongyuan,,灞陵桥公园有历史悠久的纯木悬臂式拱桥，雕像，环境优美，是人们休闲娱乐的好地方。,,https://tr-osdcp.qunarzz.com/tr-osd-tr-manager/img/188a1fdaf4c7fbf7851673e2404fedf9.jpg_480x360x95_534254a3.jpg,5.0,建议游览时间：1小时 - 2小时,,具体收费情况以现场公示为主,,8
定西秦长城遗址Dingxi Great Wall Ruins of Qin Dynasty,http://travel.qunar.com/p-oi22765019-dingxiqinzhangchengyi,,岷县秦长城遗址位于甘肃省临洮县尧甸镇，为长城之首。,,https://tr-osdcp.qunarzz.com/tr-osd-tr-manager/img/60cfd57a224eea8b0bbfdb0626a76137.jpg_480x360x95_0e4657af.jpg,5.0,建议游览时间：1小时 - 2小时,,具体收费情况以现场公示为主,,8
定西莲峰山Dingxi Lianfeng Mountain,http://travel.qunar.com/p-oi20934324-dingxilianfengshan,"

地址:
甘肃省渭源县莲峰乡

",莲峰山，又名首阳山或马鹿山，既因伯夷叔齐长眠于此而得名，也因山形似莲花而得名。,全年 8:00-18:00,https://tr-osdcp.qunarzz.com/tr-osd-tr-manager/img/4321a795094c1030e792e0673c47621e.jpg_480x360x95_1f0a5446.jpg,4.0,建议游览时间：3天,,,,8
保昌楼Baochang Tower,http://travel.qunar.com/p-oi20922400-baochanglou,"

地址:
渭河北岸

",,全年 8:30-17:00,https://flight-feed.qunarzz.com/as3/426/image/poi_vishnu/3d1f8bf5-ddbd-4d86-a75e-2d6e1479c262.jpg,--,建议游览时间：2小时 - 3小时,,具体收费情况以现场公示为主,,9
岳麓山森林公园Mt. Yuelu Forest Park,http://travel.qunar.com/p-oi20907149-yuelushansenlingongyuan,"

地址:
定西市临洮县212国道与东大街交叉口东行100米


电话:
0932-2242384

",园内峰峦叠嶂，树木葱茏，花草林木繁茂，自然景色和人文景观交相辉映。,全年 全天开放,,4.7,建议游览时间：12小时 - 3天,,具体收费情况以现场公示为主,,9
通渭县榜罗镇革命遗址Bangluo Revolutionary Site,http://travel.qunar.com/p-oi20895036-tongweixianbangluozhen,,通渭县榜罗镇革命遗址是古代陇中地区西南部的经济和文化中心。同时也是当地很重要的红色爱国教育基地。,,https://tr-osdcp.qunarzz.com/tr-osd-tr-manager/img/fb7d79bc1fd46b602dfc076b6cbabc95.jpg_480x360x95_29e34cf1.jpg,5.0,建议游览时间：2小时,,,,9
文峰清真寺Wenfeng Mosque,http://travel.qunar.com/p-oi19977442-wenfengqingzhensi,,,,,0.0,,,,,9
人民公园People's Park,http://travel.qunar.com/p-oi19977348-renmingongyuan,,人民公园集休闲，娱乐，健身，生态等于一体，景色优美，人们在这里跳舞，散步，非常放松惬意。,,https://tr-osdcp.qunarzz.com/tr-osd-tr-manager/img/19898093a494182be46e29a242b089d0.jpg_480x360x95_a0999512.jpg,--,建议游览时间：1小时 - 2小时,,具体收费情况以现场公示为主,,9
洮阳镇椒山社区-综合人口文化广场Taoyangzhen Jiaoshan Community Comprehensive Population Culture Square,http://travel.qunar.com/p-oi19977222-taoyangzhenjiaoshanshe,,,,,--,,,具体收费情况以现场公示为主,,9
西岩山慧源寺Xiyan Mountain Huiyuansi,http://travel.qunar.com/p-oi19977035-xiyanshanhuiyuansi,,,,https://tr-osdcp.qunarzz.com/tr-osd-tr-manager/img/6cf1f81536b9d796664a7a837a780cfd.jpg_480x360x95_6f039dc1.jpg,--,,,具体收费情况以现场公示为主,,9
西岩山公园Xiyanshan Forest Park,http://travel.qunar.com/p-oi19977031-xiyanshangongyuan,,西岩山公园内有人行小道、牡丹园、玫瑰园，亭榭楼台，花团锦簇，景色优美，是人们登高望远的好去处。,,,--,建议游览时间：1小时 - 2小时,,具体收费情况以现场公示为主,,9
众甫博物馆Zhongfu Museum,http://travel.qunar.com/p-oi19975868-zhongfubowuguan,,,,,--,,,具体收费情况以现场公示为主,,9
榜罗镇圆咀山公园Bangluozhen Yuanju Mountain Park,http://travel.qunar.com/p-oi19975225-bangluozhenyuanjushan,,,,,--,,,具体收费情况以现场公示为主,,9
榜罗镇会议纪念馆Bangluozhen Huiyi Memorial Hall,http://travel.qunar.com/p-oi19975214-bangluozhenhuiyijinian,,,,,5.0,,,,,10
"翠云山元君庙Yuanjun Temple, Cuiyun Mountain",http://travel.qunar.com/p-oi19975054-cuiyunshanyuanjunmiao,,,,,--,,,具体收费情况以现场公示为主,,10
陇西渭河生态风情园双龙口景区Longxi Weihe Ecological Scenery Park Shuanglongkou Scenic Spot,http://travel.qunar.com/p-oi19975052-longxiweiheshengtaifeng,,陇西渭河生态风情园双龙口景区位于甘肃省定西市，渭河水潺潺的流着，诉说着古老的陇西风情。,,https://tr-osdcp.qunarzz.com/tr-osd-tr-manager/img/a4ad4b50ac52a4e3c9c6ccc1bb4b4276.jpg_480x360x95_e843156e.jpg,4.3,建议游览时间：1小时 - 3小时,,具体收费情况以现场公示为主,,10
龙王庙Dragon King Temple,http://travel.qunar.com/p-oi19975051-longwangmiao,,龙王庙位于定西市渭源县五竹镇，绿树成荫，鸟鸣山幽，潺潺流水，寺院幽静。,,,5.0,建议游览时间：1小时 - 2小时,,具体收费情况以现场公示为主,,10
大雄宝殿Main Shrine Hall,http://travel.qunar.com/p-oi19975048-daxiongbaodian,,,,,--,,,具体收费情况以现场公示为主,,10
李氏文化博物馆Lishi Culture Museum,http://travel.qunar.com/p-oi19974989-lishiwenhuabowuguan,,,,,--,,,具体收费情况以现场公示为主,,10
文峰塔Wenfeng Pagoda,http://travel.qunar.com/p-oi19974883-wenfengta,,文峰塔位于甘肃省陇西县，始建于清道光年间，1981年被公布为县级文物保护单位。,,https://tr-osdcp.qunarzz.com/tr-osd-tr-manager/img/576c0c83f93ebbb57bdb4bfae7b113b5.jpg_480x360x95_d41ad6ac.jpg,4.5,,,具体收费情况以现场公示为主,,10
圆梦广场Yuanmeng Square,http://travel.qunar.com/p-oi19974802-yuanmengguangchang,,,,,--,,,具体收费情况以现场公示为主,,10
马家窑文化广场Majiayao Culture Square,http://travel.qunar.com/p-oi19974787-majiayaowenhuaguangchang,,,,,0.0,建议游览时间：2小时,,,,10
江夏广场Jiangxia Square,http://travel.qunar.com/p-oi19974714-jiangxiaguangchang,,,,,--,,,具体收费情况以现场公示为主,,10
