名字,链接,地址,介绍,开放时间,图片链接,评分,建议游玩时间,建议季节,门票,小贴士,Page
花溪夜郎谷Huaxi Yelang Valley,http://travel.qunar.com/p-oi706845-huaxiyelanggu,,花溪夜郎谷位于贵安新区花溪大学城斗篷山脚的小峡谷里，与之相对的斗篷山相传曾是夜郎王后继金竹司的住所。时至今日，山顶仍保留着古夜郎屯堡的遗址，夜郎谷也因此得名。夜郎谷内的石头建筑、陶艺、雕塑等特色建筑，神秘而又充满了浓郁的艺术气息，值得一观。,,https://img1.qunarzz.com/travel/d6/1710/91/37e0c3299ff9bfb5.jpg_480x360x95_9977ee19.jpg,4.2,建议游览时间：2小时 - 3小时,夏秋时节，白天在思丫河水中游泳、嬉戏、漂流、观品夜郎古国艺术文化；晚间留宿于青石筑就的小屋，搓玩几团陶泥，学做几件艺品，由宋培伦再刻上几句充满禅意的寄语，游人心中便也有了自己的夜郎。,具体收费情况以现场公示为主,,1
花溪公园Huaxi Park,http://travel.qunar.com/p-oi702155-huaxigongyuan,"

地址:
贵阳市花溪区花溪大道南段3108号


电话:
0851-83623593

",花溪公园位于贵阳南郊的花溪区，是贵阳历史悠久的自然景观公园。花溪公园融山水田园和民俗风情于一体，这里景色四季皆美，尤以春季群花与秋季梧桐夹道的黄金大道很迷人，而蜿蜒于花溪河上的百步桥也是一道美景。花溪公园落成于1940年，1949年正式命名为花溪公园，园内主要以真山真水和田园风光为主，有芙蓉洲、百步桥、坝上桥、黄金大道、麟山、龟山、松柏园、碧桃园、牡丹园、竹莲池、憩园等景点。公园内有花溪河贯穿，而景点多错落于花溪河两岸。花溪公园是一个山水环绕的地方，春季来此可以看到这里处处绽放着各种花卉，夏季则是非常适合避暑消夏的地方，秋季行走在铺满梧桐树叶的黄金大道上，其景可媲美童话世界。不过公园里顶美的莫过于碧绿的河水和架于水上的各种小桥，其中有意思的是盘曲在水上的一个个石蹬——百步桥。来花溪公园可以随意地散步，也可以在湖中划船，或登上小山丘远眺。公园里也有提供自行车租借服务，不过由于公园里小桥很多，骑行的话要经常将车抬上抬下，多为不便。,"全年 周一-周四,周日 12:00-16:00;全年 周五 11:00-16:00",https://img1.qunarzz.com/travel/d8/1508/fa/5f1d35910c8f90.jpg_480x360x95_7172c281.jpg,4.6,建议游览时间：1小时 - 2小时,3-10月为最佳。,"{'花溪公园门票成人票\n\n': ['¥15起'], '花溪公园电子导览服务大小同价\n\n': ['¥5起']}",,1
贵州省博物馆Guizhou Provincial Museum,http://travel.qunar.com/p-oi10018221-guizhoushengbowuguan,"

地址:
贵阳市观山湖区林城东路107号贵州省博物馆


电话:
0851-84811809,0851-84811830,0851-6822214


官网:
http://www.gzmuseum.com/

",贵州省博物馆位于贵阳国际会展中心对面，馆藏包括旧石器时代的人类化石、夜郎青铜文化代表作的战国无胡戈及戈范、铜柄铁剑及剑茎内模、贵州西部汉墓出土的漆耳杯等大批珍贵文物，是了解贵州历史文化的好去处。贵州博物馆所展示的馆藏文物主要分为史前文物标本、历史文物、民族文物三大类，基本陈列有《贵州矿产资源》、《贵州自然资源》、《太平天国时期贵州各族农民起义斗争》、《中国工农红军在贵州的革命活动》、《贵州出土文物》等。在馆内不仅可以看到贵州龙化石、海龙化石、鱼龙化石、海百合化石等史前文物标本，还可见到省内出土的铜车马、立虎辫耳大铜釜、石寨山铜鼓、杨餐墓铜鼓、铜柄铁剑、鎏金铜鍪、一字格剑、明代金冠、彩釉陶俑仪队等古代珍贵文物。而民族文物则是展示重点，除刺绣、蜡染、挑花、织锦、银饰等1000余件外，典型藏品有苗族婚姻记事符木、苗族刻绘动物图案酒角、苗族青缎镶花边饰银铃银坠女夹衣，彝族土司八挂龙袍、彝文《六祖纪略》手抄本和水族墓葬石刻“铜鼓”，颇具观赏价值。,全年 周二-周日 09:00-17:00;全年 周一 全天不开放,https://tr-osdcp.qunarzz.com/tr-osd-vs-dapp-ugc/img/5bc5d387cefacb5337c6196cd3caa2c5.jpeg_480x360x95_f432d950.jpeg,4.3,建议游览时间：2小时 - 3小时,,凭有效证件领券参观。,,1
云顶草场Yunding Grass Field,http://travel.qunar.com/p-oi10006713-yundingcaochang,"

地址:
贵阳市花溪区高坡乡苗乡


电话:
0851-88171597

",位于贵阳市花溪区的高坡乡，距贵阳花溪风景区约37公里，是一个苗族为主、汉族和布依族杂居的苗族自治乡。 广袤的云顶草场，位于高坡东部，是体味草原风光的旅游佳境。在如此高地有广大的平地草原，实属罕见。缓丘广袤，无边无际，大有“风吹草低见牛羊”的塞外感觉。山高水也高，极端顶上，有“天塘”如镜，傍苗寨竹园草舍。山颠云驻，时聚时舒，缥缈犹仙。,景区暂时停业，详情请以景区公示为准，原开放时间全天开放,https://img1.qunarzz.com/piao/fusion/1906/43/eceeeedecc716f02.jpg_480x360x95_06a1ebbb.jpg,4.5,建议游览时间：12小时 - 3天,最佳的旅游时节是7月,具体收费情况以现场公示为主,,1
青岩古镇Qingyan Ancient Town,http://travel.qunar.com/p-oi701681-qingyanguzhen,"

地址:
贵阳市花溪区青岩镇


电话:
4001169666

",青岩古镇位于贵阳市南郊花溪区，与镇远、丙安、隆里并称为贵州四大古镇。古镇始建于明代，原为军事要塞，镇内完好地保存了大量明清时期的古建筑，电影《寻枪》的拍摄，使得青岩古镇为更多人所熟知。古镇建筑依山就势，城墙用巨石筑于悬崖上，有东、西、南、北四座城门，镇内建筑精湛的石雕、木雕工艺是一大看点。镇内景点大多是风格各异的古建筑，每个景点独自收费，如果第一次来，可以购买联票，将古城内景点全盘扫过。如果仅仅是在古城内悠闲度日，则可根据需要挑选几个景点分别购买。古镇南门定广门是四大城门中气势恢宏的一座，历史上，这里曾是扼守贵阳南大门的第一座门户。巨石砌成的城门楼和城墙高大威武，加上城外蜿蜒的石板路和两侧的农田，构成一副壮美的画图，很多青岩古镇的宣传照都是出自这里。沿着定广门走进古镇，先看到的是赵理伦百岁坊。牌坊是清道光帝御赐而建，稀奇的是：四根立柱上雕刻的石狮子很反常的尾上头下，与平时所见不同，颇为奇特。沿着石板铺就的古驿道前行，街道两侧几乎全都是售卖当地特产的店铺，卤猪脚、烤豆腐、玫瑰糖等特色小吃也别具风味，走累了不妨停下里买一点尝尝。从南门蜿蜒向北一直到北门的古驿道，既是古镇的中轴线，也是主街。主街以古镇中心的古文化广场为界，以北称北街，以南称南街。与主街相交的向东有东街，向西是西街。沿着东街向东，可抵达文昌阁，文昌阁位于东街143号，建于明万历年间，砖木结构，依山而建，为攒角重楼八角式。是旧时读书人常去读书、聚会、祭拜文昌帝君的地方，有兴趣也可祭拜一番。主街向西可抵达迎祥寺、慈云寺、万寿宫和天主教堂等风格各异的宗教建筑，无不各具特色，精雕细琢，是游人拍照的好地方。在南街与西街之间有一条幽静小巷，称为背街。背街是青岩古镇具特色的一条石巷，路面的青石板经过几百年的冲刷、磨砺，已光可鉴人，如镜面般泛着青黑的光芒，感觉幽深而静谧。街边都是层层片石垒起的院墙，路窄而幽静，沿山势起伏，是摄影的地点。青岩古镇街巷幽深，曲折复杂，但主街和每个重要路口都有指引牌，况且大多数小巷都可以兜回主街，所以，在古镇内穿行，无须担心迷路问题。一般来说，步行逛完古镇约2小时左右，所以也无需在镇上住宿。,全年 08:30-17:00,https://img1.qunarzz.com/travel/d2/1607/15/a3a0a5e71e40799a.jpg_480x360x95_10f7adcf.jpg,4.4,建议游览时间：2小时 - 3小时,春夏秋三季都是旅游的黄金季节。,"{'青岩古镇景区套票成人票\n\n': ['¥60起'], '青岩古镇套票成人票\n\n': ['¥20起'], '青岩古镇傲鹰空中之旅观览票大小同价\n\n': ['¥45起']}",,1
黔灵山公园Qianling Mountain Park,http://travel.qunar.com/p-oi708474-qianlingshangongyuan,"

地址:
贵阳市云岩区枣山路187号


电话:
0851-86823039

",黔灵山公园位于贵阳市区西北隅，园内可以爬山观景，也可以游湖、看洞，还可以去弘福寺礼佛，或者逛动物园。黔灵山公园有东西南北四个大门，其中南大门是公园的正门，途经的公交车很多，上山索道也是在南大门这边的，所以建议游客从南大门进入公园。进入南大门，首先看到的是七星潭，泉水从麒麟洞流向公园南门，形成七个阶梯状的水潭。顺着七星潭走几步，就是上山路了。如果不想爬山，可以坐索道直达象王岭上的瞰筑亭。爬山的话，沿着九曲径拾级而上，山上植被茂密，空气很新鲜，一路上还能看到摩崖石刻群。山不是特别高，距离地面的垂直距离大约是200米。山顶有一座始建于清代的弘福寺，据说寺里祈福很灵验，所以来拜的信徒很多。弘福寺后再爬一些山路，就到象王岭的瞰筑亭，在亭子处可以俯看贵阳群山中高楼林立的景色，是个不错的拍摄点。若特别喜欢爬山，黔灵山公园的山是由几座山头连绵而成的，还可以去白象山、关刀岩、大罗岭爬爬，而一般游客看过弘福寺、瞰筑亭就差不多可以下山了。弘福寺及下山的这段路上猕猴特别多，不少游客来黔灵山公园就是为了看这些猕猴，猴儿们是公园放养的，一点不怕人，人反而要让它们三分，有照相机的手里要拿好，有食物的要特别藏好，因为猴子会来抢。下山遇岔路，先走黔灵湖方向，黔灵湖边有小吃店，可以补充一点体力。黔灵湖是个人工水库，湖畔有一座烈士纪念碑。湖中可以划船，到了夏季，荷花盛开，景色很美。接着去动物园，动物园边上也有小吃店，有烤肉串、烤鱿鱼、烤豆腐等，味道不错，价钱都不贵。动物园动物品种不是很多，不过如果有小孩子同行的话，看到黑熊、狮子、梅花鹿、鸽子等，也已经乐得合不拢嘴了。动物园南边就是麒麟洞。在洞中可以看到一些奇石，其中有一块长得酷似麒麟。张学良、杨虎城曾先后被关押于此，这里还有张、杨二将军文物陈列室，能看到他们当年在此的卧室，与二人相关的图文介绍等。这样一圈逛下来，黔灵山公园的主要景点就玩得差不多了。若是带小孩的游客，还可以去公园南大门进门处的儿童游乐场，有碰碰车、转马、海盗船等游乐设施。,全年 07:00-18:00,https://img1.qunarzz.com/travel/d9/1610/7d/636e79474fa93ab5.jpg_480x360x95_25e3e3d3.jpg,4.6,建议游览时间：3小时 - 4小时,立秋过后，天气良好，是最佳出游时间。,"{'黔灵公园电子讲解服务成人票\n\n': ['¥9起'], '贵阳西屿湾露营地【拎包入住轻奢露营】\n\n': ['¥680起']}",,1
贵阳森林公园Guiyang Forest Park,http://travel.qunar.com/p-oi713939-guiyangsenlingongyuan,"

地址:
贵阳市南明区园林路67号


电话:
0851-85514343,0851-85535225

",贵阳森林公园地处贵阳市区东南，是离市区很近的一处大型森林旅游区，公园里各种树木枝叶茂盛，走在步道上头顶是遮天蔽日的参天大树，还可以看到许多放养的猕猴在林中嬉戏，春季时更有各种花卉竞放，生态环境良好。贵阳森林公园起初为贵州省林科院实验林场，这里林木种类众多，面积广阔，开辟为公园后曾被誉为“贵阳八景之一”。这座森里公园如今成为贵阳市民郊游远足的好去处，也是非常适合避暑和野营的地方。,全年 7:00-19:00,https://img1.qunarzz.com/travel/d7/1505/a5/e1c73f1f10e17a.jpg_480x360x95_e3b81b2c.jpg,4.4,建议游览时间：2小时 - 3小时,春、夏、秋都是最佳出游时节。,具体收费情况以现场公示为主,公园里有一些放养的猕猴，请将自己的随身物品放包里，不要去逗弄猴子，以免发生危险。,1
红枫湖Hongfeng Lake,http://travel.qunar.com/p-oi715409-hongfenghu,"

地址:
贵阳市清镇市湖滨路旁


电话:
0851-82624639,0851-82522669

",红枫湖位于贵阳西部的清镇市，是贵州省较大的人工湖，湖中分布着一百多个大小岛屿及半岛。湖畔红枫岭上枫树密布，每到深秋，11月初至12月初，枫叶一片火红，在碧水的映衬下颇为壮观。游人可乘坐游船游湖赏枫，还可登湖中小岛游览，枫叶红似火，红叶碧波，令人陶醉。红枫湖湖面辽阔，分北湖、中湖、南湖、后湖四块区域。北湖碧波万顷，水域面积较大；中湖水域狭窄而两岸山势奇峻；南湖山重水复而溶洞较多；后湖群峰环水、湾汊众多。湖中小岛星罗棋布，其中尤以北湖岛屿较多，游客可坐景区游船游湖赏景，还可登上湖中的蛇岛、龟岛观光。红枫湖畔还有苗寨、侗寨和布依寨，融汇了许多民族风情。苗寨的吊角楼、侗家的鼓楼及风雨桥、布依族的石板房错落有致，别具特色。游客可步入村寨，观赏“上刀山、下火海”等精彩的民族表演，领略到敬酒歌、拦路酒等浓郁的民族风情。,7:00-19:00,https://img1.qunarzz.com/travel/poi/201408/07/fde3a10e32e20feac8d65eac.jpg_480x360x95_6c5e2c18.jpg,3.6,建议游览时间：3小时 - 5小时,立秋过后，天气良好，是最佳出游时间，还可欣赏红枫映湖的美景。,"{'红枫湖电子导览服务大小同价\n\n': ['¥9起'], '贵州安顺平坝樱花园直升机空中飞行观光\n\n': ['¥199起']}",,1
阿哈湖国家湿地公园Ahahu National Wetland Park,http://travel.qunar.com/p-oi10094073-ahahuguojiashidigongyuan,"

地址:
贵阳市花溪区延安南路


电话:
0851-85116666

",阿哈湖国家湿地公园共包含南郊公园、小车河湿地公园、啊哈湖水库三部分，公园离市中心不远，景色幽静，是休闲漫步的好去处。公园面积广阔，有河流、沼泽、人工湿地三大湿地类型，景观资源丰富，沿着公园入口延安南路延伸段往公园内走便是长百余米的樱花大道了，继续往前走，可看到与小车河城市湿地公园相连的公园北广场，周围古树参天，花海烂漫。公园内还有一座按照侗乡风雨桥原型设计的风雨桥，古色古香，极具民族特色。听鸟谷、花谷、木兰林语等景观也极具自然特色。当然这里也不乏儿童乐园、运动中心之类的休闲娱乐设施。,全年 全天开放,https://img1.qunarzz.com/travel/d4/1804/f9/c67c45f90ea7aab5.jpg_480x360x95_7438afeb.jpg,4.2,,,,,1
多彩贵州城极地海洋世界Colorful Guizhou City Polar Ocean World,http://travel.qunar.com/p-oi9553480-duocaiguizhouchengjidi,"

地址:
贵阳市南明区龙洞堡老里坡1号


电话:
0851-85511850

","多彩贵州城极地海洋世界是贵州省第一家以海洋生物观赏、海洋动物表演为主的大型海洋展馆。场馆由亚马逊热带雨林区、海洋珊瑚礁鱼区、鲨鱼区、极地世界区、海底隧道区、梦幻水母区、科普展示区及“美人鱼”剧场、海豚剧场等七个展区两大剧场组成。同时展示了北极熊、白鲸、海豚、企鹅等300多个品种、上万尾（只）珍稀海洋生物。观看了种类丰富的海洋生物之后，大家可千万要记得观看一场海洋萌宠们带来的精彩表演，在极地海洋世界推出的海豚狂欢表演、海狮互动表演、人鲸共舞表演中，搞怪逗趣的毛皮海狮、憨态可掬的加州海狮、聪明伶俐的海豚和呆萌可爱的白鲸将用它们的独门绝技征服你挑剔的眼光。置身长达35米的海底隧道区里，你会被蓝色所包围。在众多大型的海洋生物中你会看到善于伪装的深海巨斑，飞翔飘逸的鳐鱼，带人毒刺的牛鼻鲼，色彩鲜艳、成群结对的圆燕、体型庞大的护士鲨等等，你还可以观赏到安徒生笔下的美人鱼在巨型的海螺宫里深情的等待着她的王子而演绎的曼妙的水下舞蹈、还有国内的水下表演者带来的异域风情的水下芭蕾表演、潜水员带来的人鲨共舞表演，都将会大大震撼你的眼球，让你体验到大海的神奇与梦幻、人与自然的和谐。海底隧道区:海底隧道全长35米,储水2500多吨,穿越海底隧道,您可以欣赏到种类繁多的海洋大型鱼类,有善于伪装的深海巨斑,飞翔飘逸的鳐鱼,带人毒刺的牛鼻鲼,色彩鲜艳、成群结对的圆燕、体型庞大的护士鲨等等,你还可以观赏到巨型的海螺、安徒生笔下的美人鱼、珊瑚礁等美丽景观。多彩贵州城极地海洋世界不仅仅是提供观赏和表演那么简单，他更是贵州省和贵阳市重要的“科普教育基地 ”和“水生野生生物保护和救护中心”，在提高人们对水生生物的认识与保护方面肩负着艰巨的社会责任。在给大家带来欢乐的同时，这里还能让你了解到关于海洋生物的生活习性，从而对人类认知海洋、了解海洋、保护海洋起到了积极的推动作用。","9:00-17:30,16:00停止入园。",https://img1.qunarzz.com/travel/d0/1706/d5/b94746eb6dcc71b5.jpg_480x360x95_9b3d2f5d.jpg,4.6,建议游览时间：2小时 - 3小时,,"{'多彩贵州城极地海洋世界门票成人票\n\n': ['¥149起'], '多彩贵州城极地海洋世界门票学生票\n\n': ['¥90起'], '多彩贵州城极地海洋世界门票老人票\n\n': ['¥90起']}",,1
花果园湿地公园Huaguoyuan Wetland Park,http://travel.qunar.com/p-oi9136607-huaguoyuanshidigongyuan,,,,,,,,,,2
甲秀楼Jiaxiu Tower,http://travel.qunar.com/p-oi706434-jiaxiulou,,甲秀楼是贵阳的标志性建筑，它始建于明代，坐落于市区内南明河中的一块巨石上，是一座三层的木质阁楼。甲秀楼是来贵阳的游客必去的景点，这里的夜景也非常漂亮，楼旁同样建于明代的翠微园也可一并游览。甲秀楼景区主要分为三部分，即浮玉桥、甲秀楼、翠微园。甲秀楼建于明代万历年间，其名字取“科甲挺秀”之意。这座木楼高22.9米，共有三层，顶层题“甲秀楼”三字，游客可登楼俯瞰南明河岸风光。数百年来众多文人墨客在甲秀楼留下了赞美诗词，其中以清人刘玉山所撰206字长联脍炙人口，此联概括了山城贵阳的地理形势及历史变迁。浮玉桥是一座纵跨南明河的石桥，由北向南将石木牌坊、涵碧亭、甲秀楼、翠微园串连一线。翠微园原名观音寺，现为一组将寺庙和园林结合为一体的古代建筑群，有亭台楼阁、假山、长廊，如今主要是当地人品尝聊天和交流字画的去处。,,https://img1.qunarzz.com/travel/d1/1705/87/e2eb8e5af6b4f9b5.jpg_480x360x95_b3a1641b.jpg,4.4,建议游览时间：0.5小时 - 1小时,观览甲秀楼四季前往皆可，夜景更美。,具体收费情况以现场公示为主,,2
天河潭旅游度假区Tianhetan,http://travel.qunar.com/p-oi710468-tianhetanlu:youdujiaqu,"

地址:
贵阳市花溪区石板镇贵安大道


电话:
4009009995


官网:
http://www.gztht.com/

","天河潭位于贵阳西南城郊，这里汇聚了溶洞和瀑布景观，堪称贵州山水的微缩。景区分为钙化滩瀑布观赏、香粑沟水文化、水洞游船和旱洞游览四大内容，游客还可坐上约400米长的高空滑索俯瞰景区风光。进入景区，先是会经过一条叫做天街的商业街，游客游览结束后可以回到这里用餐、休息。接着沿着一条栈道，向右通往溶洞码头，向左则通向多处瀑布、溪流和水潭。向左拐第，一眼看到的就是210米的钙化滩瀑布。瀑布上游即是溶洞景区，天河潭溶洞分为旱洞和水洞。水洞需乘船游览，10-12人一条船，船票包含在通票内，有专门的员工划船并沿途介绍。洞内有石钟乳、石笋、石柱等喀斯特景观，而令人叫绝的则是洞内的一条300多米长的只容一条船开进的狭长地下河道。整个游览时间大约是20分钟。出了水洞，则要换上机动船去欣赏九道湾风景区。然后穿过银河宫后游览旱洞，旱洞分为三层，全长200余米，由于地形较为复杂，和人结伴或者紧跟旅行团导游，不然很容易迷路。洞中有一座天然石桥叫奈何桥，洞内也有很多的钟乳石景观。整个游览时间大约1小时。出了旱洞，要过同心桥，需要收费3元，山上的溜索值得推荐，一道钢索连接景区的两个山头，从高的一头挂个挂钩哧溜一下滑到低的那座山头，速度非常快。在几十米的高空上玩这个远比坐缆车要刺激得多，寻求刺激的人不容错过。景区附近的民族村寨也是一定要去的，过小桥、看水车、访农家，观赏苗家姑娘亲手织的精美刺绣，亲身体验异样的民俗风情。沿着钙化滩瀑布下游的香粑沟，飞泻而下的瀑布星罗棋布。连接钙化滩的是卧龙湖，湖水清澈如镜，犹如世外桃源。天河潭夜间旅游以文化为魂、以山水为骨，充分汲取贵阳厚重的历史文化精髓，探寻神秘的苗族文化。通过声、光、电、科技设备、创意活动运营等方式营造烟雾飘渺、歌声环绕、红叶映衬的山水仙境，利用实景、演艺、影像、互动体验等手段，打造有主题、有特色、有亮点、有文化的夜游产品及服务。
 通过对天河潭夜游文化形象提炼，将神灵、自然、艺术、民俗、爱情等元素融合在整个夜游线路中，以美丽的神话传说为线索，跟溶洞、两岸以及崖壁等处的声光电景点，形成奇特的审美关系，融文学性和视觉享受于一体，在灵活自如的穿插浏览中，联袂阐释天河潭夜景之美和如梦如幻的意境。
",全年 08:30-18:00;全年 17:30-22:30,https://img1.qunarzz.com/travel/d8/1705/87/cf8b5202a61b8ab5.jpg_480x360x95_4ce3dafd.jpg,4.5,建议游览时间：4小时 - 5小时,每年的3月到10月，为天河潭的旺季。而11月到次年的2月为淡季。去天河潭旅游，8月是最佳时间，此时为丰水期，树木葱茏，景色最美。春天4月，天河潭风景区樱花盛开，美不胜收，正是踏青的好时机。金秋10月的天河潭游人较多，建议避开高峰期。,"{'天河潭旅游度假区通票+往返观光车票成人票\n\n': ['¥73起'], '天河潭度假区通票+往返观光车票双人票\n\n': ['¥99起'], '天河潭度假区五色花海高空漂流票成人票\n\n': ['¥49.9起']}",1. 游溶洞群时要小心跟着大批游客，极易迷路，坐机动船时，要注意电子设备的防水，防止被飞溅的水花打湿。2. 年龄过小、过大或者患有心脏病者不宜去坐滑索。3. 出景区时，会有人给你免费照相，送纪念小照片，不要相信，因为这是要收费的。4. 从滑索过去只是走回景区大门的水泥路，而不是网上某些攻略上所说的镇山村。5. 天河潭景区门票分为门票、船票和通票三种。建议买通票游览会划算一些。,2
河滨公园Riverside Park,http://travel.qunar.com/p-oi705946-hebingongyuan,"

地址:
贵阳市南明区瑞金南路31号(近南明河)


电话:
0851-85956270

",河滨公园位于贵阳市中心西南部，紧邻着南明河，公园内植有各种植物花卉，环境宜人，每到春季便成为市民身边的赏花胜地。这里也设有摩天轮等许多游乐项目，很适合亲子出游。平日里，河滨公园主要是市民们散步健身、对弈遛鸟的去处。公园内有花台、鱼池、画廊等设施，也有掩映于万绿丛中的楼台亭榭，环境十分优美。园内还建有经常会举办各种科学技术展览的科普区，以及桃园、花圃和温室，园内植有许多樱树，春季来此可见到樱花绽放的唯美画面。,全年 7:00-22:00,https://img1.qunarzz.com/travel/d2/1504/6c/aa472162cc257e.jpg_480x360x95_f5970379.jpg,4.5,建议游览时间：1小时 - 2小时,春、夏、秋都是最佳出游时节。,{'【酒店套餐】贵阳文凡状元别院2晚精选客房一价全包省心游！另含早晚餐可选 体验贵州山水人文之美\n\n': ['¥2026起']},,2
弘福寺Hongfu Temple,http://travel.qunar.com/p-oi716294-hongfusi,"

地址:
贵阳市云岩区枣山路187号（黔灵公园内）


电话:
0851-86825606

",弘福寺坐落于贵阳黔灵山上，始建于1672年，是贵阳有名的佛教寺院，素有“贵州首刹”之称。弘福寺内有摩岩石刻、徐霞客游过的古佛洞、历代长老塔林等古代遗迹，而寺庙本身素以祈福灵验著称，因此香火十分旺盛。弘福寺建于清代康熙十一年，由赤松和尚所开创，“弘福”二字乃“弘佛大愿，救人救世；福我众生，善始善终“之意。整座寺庙坐落于黔灵山群峰中心，弘福寺虽然不算大，但寺内格局严谨，建筑威严，更因掩映于一片绿色之中，显得古风十足。寺内有多处古代遗迹，包括赤松和尚开辟的九曲径及摩岩石刻、古佛洞、历代长老塔林等。寺内钟楼里则有一口三千余斤重的铜钟，是铸于明成化五年（1469年）的古物，它原在城内大兴寺，于1980年移此。,全年 6:30-18:00,https://img1.qunarzz.com/travel/d5/1711/c1/de160c4d680dbcb5.jpg_480x360x95_6a31b71c.jpg,4.6,建议游览时间：1小时,春、夏、秋三季都是最佳出游时节。,具体收费情况以景区现场公示为主,,2
息烽集中营革命历史纪念馆Xifeng Camp Revolutionary History Memorial Hall,http://travel.qunar.com/p-oi715393-xifengjizhongyinggeming,"

地址:
贵阳市息烽县永靖镇阳朗村（210国道旁）


电话:
0851-87700529


官网:
http://jzy.xifeng.gov.cn

",抗战期间，坚持“消极抗日、积极反共”的反动政策而设立了息烽集中营，在这里秘密关押众多社会各阶级的爱国进步人士以及外籍进步人士，它与重庆白公馆、渣滓洞监狱、江西上饶集中营同为抗战期间设立的大秘密监狱。息烽集中营四面崇山峻岭，地形隐蔽险要，由设于阳郎坝的本部和附近山中的玄天洞组成。息烽集中营本部设监狱八栋四十三间，如今建有革命历史纪念馆，结合监狱旧址，共同向人们展示了集中营设立的历史背景，以及当年在此被关押的人们苦难黑暗的生存环境。玄天洞囚禁处深藏于...抗战期间，坚持“消极抗日、积极反共”的反动政策而设立了息烽集中营，在这里秘密关押众多社会各阶级的爱国进步人士以及外籍进步人士，它与重庆白公馆、渣滓洞监狱、江西上饶集中营同为抗战期间设立的大秘密监狱。息烽集中营四面崇山峻岭，地形隐蔽险要，由设于阳郎坝的本部和附近山中的玄天洞组成。息烽集中营本部设监狱八栋四十三间，如今建有革命历史纪念馆，结合监狱旧址，共同向人们展示了集中营设立的历史背景，以及当年在此被关押的人们苦难黑暗的生存环境。玄天洞囚禁处深藏于高山峡谷中，是一自然天成的洞穴，洞口呈上圆下平的的半圆形，地势同样险要而隐秘，这里偏僻难寻，成为军统关押“重要”犯人的秘密所在地。杨虎城将军与夫人一家曾在此被关押了八年。,8:30-16:30，每个月的最后一周周一下午闭馆。,https://mp-commentcp.qunarzz.com/mp_comment_mp_comment/1563304294859100916000000zu2aw32A3_D_640_10000.jpg_480x360x95_3c18bbad.jpg,4.6,建议游览时间：2小时 - 3小时,四季皆宜。,"{'精选纯玩-贵州旅游遵义会议会址一日游息烽集中营长红色文化之旅\n\n': ['¥298起'], '重走长征路·遵义会议会址+息烽集中营一日游包含摆渡车/双耳机\n\n': ['¥295起']}",,2
文昌阁Wenchang Pavilion,http://travel.qunar.com/p-oi707491-wenchangge,"

地址:
贵阳市云岩区贵州省贵阳市云岩区文昌街29号


电话:
0851-5827241

",文昌阁坐落于贵阳市区老东门遗址，是一座三层宝塔形建筑，它始建于1609年，原为供奉道教神明文昌帝君之所。因国内阁楼建筑的角均为偶数等角，所以拥有九个角的文昌阁便成了独特的，同时也是与甲秀楼齐名的古建筑。文昌阁坐落于宽厚高大的东门月城上，建筑古朴而雄伟，阁楼两边设有配殿，前为联结配殿的斋房，平面布局成四合院形。阁内二、三层有楞木各9根，屋顶有9个角，以及柱54根、梁81根，均为9的倍数，古时的“9”通常代表高权力和高等级，设计者之匠心可见一斑。虽然如今文昌阁已不是道教之所，而是成为了当地人的茶楼，但这座经典而特别的古建筑依然值得喜好历史与建筑的游客前往一观。,全年 周二-周日 09:00-17:00;全年 周一 全天不开放,https://img1.qunarzz.com/travel/d4/1705/60/bedfcf5d38817cb5.jpg_480x360x95_0f3e8f3f.jpg,4.3,建议游览时间：1小时,四季皆宜。,具体收费情况以现场公示为主,,2
贵州森林野生动物园Guizhou Forest Wildlife Park,http://travel.qunar.com/p-oi707216-guizhousenlinyeshengdong,"

地址:
贵阳市修文县扎佐镇贵毕公路扎佐林场冷水沟分场内


电话:
0851-82359088,0851-82359168,0851-2359088

",贵州森林野生动物园坐落于贵阳北郊的扎佐镇，这里森林环绕、环境优美，园内设有圈养区和放养区，可以看到各种动物，包括东北虎、华南虎、鳄鱼、巨蜥、大熊猫、小熊猫、黑猩猩、白虎等珍稀动物。动物园内汇集了缓坡、山坳、宽谷、山峰、石林、溶洞等多种喀斯特地貌，主要设有珍稀动物区、大型动物散放区、鸟类园区、科普教育馆等游览区域。游客不仅可以看到种类众多的动物，还可欣赏精彩的海狮表演和猛兽表演。,3月1日-10月31日9:00-18:00;11月1日-次年2月29日9:00-17:30；最晚入园时间17:30。,https://img1.qunarzz.com/travel/d6/201404/21/f86d89adb8b1cc17ddb12cfb.jpg_480x360x95_b61bc528.jpg,4.2,建议游览时间：3小时 - 5小时,四季皆宜。,"{'贵州森林野生动物园门票成人票\n\n': ['¥99起'], '贵阳森林野生动物园门票儿童票\n\n': ['¥60起'], '贵阳森林野生动物园门票学生票\n\n': ['¥60起']}",,2
镇山村Zhenshan Village,http://travel.qunar.com/p-oi710172-zhenshancun,"

地址:
贵阳市花溪区


电话:
0851-3627951

",镇山村是位于贵阳西南郊石板镇的一个以布依族村民居多的小村，它坐落于花溪水库中段的半岛之上。镇山村三面环水，景色优美而宁静，村内可见到石头城楼、城墙、石屋以及许多石头凿成的生活用具，布依族特色浓郁。镇山村始建于明代万历年间，整个村子依山而建，寨内层层叠叠卧着许多低矮的石屋，村内仍完好地保留了石头城楼、城墙、石板路等建筑，就连磨、钵、槽、缸之类的生活用具也都由石头凿琢而成，整个村子看起来就像一座石头城。镇山村约有近200户人家，寨子分上寨和下寨，村民大部分是布依族人，还有一部分是苗族人，他们的生活风情已成为当今旅游者追访的目标。来到镇山村，可以作客布依人家，品尝布依族的风味饭菜，看布依族的歌舞表演，也可去花溪湖边的码头坐船游湖。此外，镇山村内还有始建于明代的武庙，与镇山村隔水相望的李村右侧山头有明代李仁宇将军的墓，当年李将军受皇命屯兵镇山村，后定居此地并在此此开枝散叶，现在镇山村和李村一带的村民有不少都是李将军的后裔。值得一提的是，每年正月十二、十三、十四这三天，镇山村布依族和苗族的“跳花场”，苗族的“四月八”和布依族的“六月六歌会”，是镇山村较为热闹的节日。,全年 全天开放,https://img1.qunarzz.com/travel/d4/1508/e7/680d5d89008689.jpg_480x360x95_88eed9a1.jpg,4.2,建议游览时间：2小时,四季皆宜。,具体收费情况以现场公示为主,,2
十里画廊乡村旅游区Qinglongshili Gallery,http://travel.qunar.com/p-oi9133607-shilihualangxiangcunlu:,"

地址:
贵阳市开阳县禾丰乡龙滩坝


电话:
0851-7253610

",如果沿着南江大峡谷景区正门北面的老贵开路一路前行，就到了大峡谷底部南江上游的青龙河。这里水流平缓清澈，两侧分布着多个民族村寨，俗称青龙河十里画廊。十里画廊两旁有很多布依族村寨，主要有马头寨、坪寨和水头寨。马头寨里有不少布依族老房子，到了每年六月六布依族风情节还会举办隆重的纪念活动。从马头寨继续向前2公里，路左的坪寨有保存完好的阳戏戏楼，夏天河里会开起大片的荷花。坪寨向前1公里是水头寨，可以看到古旧的寨门、民居和旧日私塾改成的布依族农具博物馆。旅游者可以尝到新鲜的米酒和豆浆。三四月份的时候，山坡上会开满灿烂的油菜花。,全年 全天开放,https://img1.qunarzz.com/travel/poi/1511/30/9258caa5664628f7.jpg_480x360x95_7b508428.jpg,4.0,建议游览时间：5小时 - 6小时,春夏最佳。,{'贵州云中君滑翔伞基地【专业持证教练一带一体验】\n\n': ['¥100起']},,2
情人谷Lover Valley,http://travel.qunar.com/p-oi9133629-qingrengu,"

地址:
贵阳市乌当区情人谷路


电话:
0314-8280094；13810948429

",该景点位于贵阳市乌当区东风镇，整个峡谷景致奇特多变，除奇丽的峡谷风光外，还有许多溶洞，“望天厅”、“通天洞”、“犀牛洞”等，洞内外石钟千奇百怪，栩栩如生。整个景区中，“金龟托桥”不可不去。在峡谷两岸陡峭的河谷中，你可以看到一座酷似龟的巨石托起一座桥横跨河谷。在水流的激荡中，这只“巨龟”在水浪中摇头晃脑，时起时伏，活灵活现，非常有趣。,全年 全天开放,https://img1.qunarzz.com/travel/poi/1511/96/8d7bd255612168f7.jpg_480x360x95_04bcf9fc.jpg,4.0,建议游览时间：2小时 - 4小时,春、夏为最佳出游时节。,具体收费情况以现场公示为主,,3
观山湖公园Guanshan Lake Park,http://travel.qunar.com/p-oi7587868-guanshanhugongyuan,"

地址:
贵阳市观山湖区金阳新区观山大桥


电话:
0851-84878411,0851-84584005

",观山湖公园位于贵阳市区西北，是一座面积较大的城市公园。公园内拥有迷人的湖光山色和品种丰富的植物，还建有专门的塑胶跑步道，是贵阳近郊的一处环境极佳的休闲健身之处，同时也是春季赏花踏青的好去处。观山湖公园位于观山大桥南北两侧，北侧以观山水库为中心、南侧以金华湖为中心，四周植满了各种植物，包括樱花、桃树、梨树、垂柳、白玉兰、桂花、银杏、水杉等等应有尽有，在不同的季节都能看到不一样的自然景观。而这里的生态湿地也吸引了许多白鹭、野鸭等鸟禽在此栖息。,全年 6:30-22:00,https://img1.qunarzz.com/travel/poi/1706/ad/c9bcd29ac7c98837.jpg_480x360x95_22f3149d.jpg,4.7,建议游览时间：2小时 - 3小时,四季皆宜,具体收费情况以现场公示为主,,3
香纸沟Xiangzhigou Workshop,http://travel.qunar.com/p-oi704072-xiangzhigou,"

地址:
贵阳市东北部的乌当区新堡布依族乡境内,距市区36公里

", 香纸沟位于贵阳市东北35公里的乌当区新堡乡，是一座清新自然的山寨。因沿用古法盛产祭拜时的香纸而得名。香纸沟沟内峰峦叠嶂，瀑布飞流，周围环境优美，空气清新，古朴典雅的木结构民居错落有致地点缀于山水之间。分布着锅底箐、南靖寺、龙井湾、马脚冲等7个景区。香纸沟不仅有美丽的自然风景，重要的是还保存着据说是目前国内规模大、集中的古法蔡伦造纸作坊系统。以竹为料，伐竹、破竹、蒸竹、沤竹、水车碾竹、竹帘抄纸等72道工艺流程，古朴而奇特。香纸沟盛产的“香纸”主要是民间祭拜时用来焚烧的神圣“纸品”.每年“三月三”的布依歌会以其浓郁的民族风情，吸引八方客人，同时香纸沟的布依贴画和簸箕画，工艺独特，别具匠心。,全年 8:00-18:00,https://mp-piao-admincp.qunarzz.com/mp_piao_admin_mp_piao_admin/fusion/20207/b3ff33b5f7994e8cbf95be4b0178a1e7.jpg_480x360x95_6da9adeb.jpg,4.2,建议游览时间：6小时,四季皆宜。,"{'香纸沟枫叶谷旅游度假区温泉门票成人票\n\n': ['¥75起'], '香纸沟枫叶谷旅游度假区温泉票儿童票\n\n': ['¥65起'], '香纸沟手机导游不含门票大小同价\n\n': ['¥7起']}",,3
阳明洞Yangming Cave,http://travel.qunar.com/p-oi714106-yangmingdong,"

地址:
贵阳市修文县城东栖霞山


电话:
0851-82320777

",阳明洞位于贵阳市修文县城东的栖霞山上，因明代哲学家王守仁（人称“阳明先生”）曾居于此洞而得名。阳明先生在此洞三年，写出了诸多脍炙人口的文章。阳明洞又名车洞，洞内宽敞明亮，可直通后山。洞口崖壁上有明代题刻：阳明先生遗爱处。洞内镌刻颇多，主要为纪念阳明先生。洞外有一处院落，为王阳明先生纪念馆。院子旁有两株参天古柏，为王守仁亲手栽植，称为守仁柏。旁边建有君子厅，亭东北岩石上有贺长龄书录王守仁《君子亭记》碑刻。西安事变后，张学良曾被囚禁于此。至今纪念馆里还有张学良和赵四的蜡像。,全年 08:30-17:30,https://tr-osdcp.qunarzz.com/tr-osd-tr-manager/img/1e8dd637f8d23000086502b670696cd1.jpg_480x360x95_53343b77.jpg,4.5,建议游览时间：1小时,四季皆宜。,包含于中国阳明文化园内，通用中国阳明文化园门票。,,3
贵州省地质博物馆Guizhoudizhi Museum,http://travel.qunar.com/p-oi7526964-guizhoushengdizhibowu,"

地址:
贵阳市观山湖区云潭南路与兴筑路交汇处


电话:
85801568

",贵州省地质博物馆内有多个展厅，如多彩贵州厅、神秘贵州厅、奋进贵州厅和富饶贵州厅等，馆内有很多古生物化石，非常珍贵。,9:00-17:30,https://tr-osdcp.qunarzz.com/tr-osd-tr-space/img/7580fa8b9572377f92f6134295c463be.jpg_480x360x95_df209c08.jpg,4.3,建议游览时间：2小时 - 3小时,,具体收费情况以现场公示为主,,3
相思河Xiangsi River,http://travel.qunar.com/p-oi9133658-xiangsihe,"

地址:
贵阳市乌当区水田镇境内

",相思河景区是由泥岩和石灰岩组成的峰林峡谷。茂密的森林、陡峭的山峰、幽静的湖面、直泻的瀑布、奔腾的急流，巧夺天工地组成了52处景点、景物的“世外桃源”。景区设施包括相思河度假村、彩凤坪接待中心、望郎山庄等。建筑风格古朴、极具地道的少数民族农家风情。相思河风景区森林覆盖率高，植物达620多种，不乏极其珍贵的植物，各种珍禽异兽栖息其中，是森林旅游狩猎的好去处。,全年 8:00-20:00,https://tr-osdcp.qunarzz.com/tr-osd-tr-manager/img/88a690231a12909cd575d850a0b8c547.jpg_480x360x95_f220b29b.jpg,3.8,建议游览时间：1小时,,具体收费情况以现场公示为主,,3
小车河城市湿地公园Xiaochehe City Wetland Park,http://travel.qunar.com/p-oi8686369-xiaochehechengshishidi,"

地址:
贵阳市南明区小车河路


电话:
0851-85116666

",小车河城市湿地公园位于贵阳城区西南部，地处南明河城区段上游，这里汇集了溪流、山谷、溶洞、森林等自然景观，不仅风光优美，而且平时游人较少，是贵阳近郊一处免费的郊游之地。公园内设有落英飞雪、碧溪云霞、木兰林语、芰荷深处、茗泉问茶、梓木林香、水磨时光等十多处主题景观。其中“落樱飞雪”是初春欣赏樱花的名地；“木兰林语”可以看到原生的参天大树；“花海拾贝”则是一片植满了柳叶马鞭草、松果菊、鼠尾草、千屈菜等开花植物的谷地，每到花季时五彩缤纷。此外，公园内还建有风雨桥、河滨步道、儿童游乐园等设施，游人们可以在这里惬意漫步，享受优良的自然环境。,全年 6:00-18:30,https://img1.qunarzz.com/travel/d9/1808/69/4c5958adfe2be1b5.jpg_480x360x95_f340a2ff.jpg,4.7,建议游览时间：3小时 - 4小时,,具体收费情况以现场公示为主,,3
南江大峡谷Nanjiang Canyon,http://travel.qunar.com/p-oi712448-nanjiangdaxiagu,,,,,,,,,,3
花溪国家城市湿地公园十里河滩景区Huaxi National Urban Wetland Park Shilihetan Scenic Area,http://travel.qunar.com/p-oi7644792-huaxiguojiachengshishi,"

地址:
贵阳市花溪区花溪大道南段2609号


电话:
0851-83623593

",花溪国家城市湿地公园位于贵阳南部郊区，十里河滩是目前已开放的核心景区。十里河滩南起牛角岛、北至龙王村，紧邻花溪大道，全长6.5公里，是一条风景优美的自然山水观光带，同时拥有宜人的田园风光。花溪国家城市湿地公园距离花溪公园很近，但是分别为两个不同的景区，初来贵阳的游客请勿弄错。目前已开放的十里河滩景区，景区内由南至北设有湿地游赏区、湿地科普区、花圃展示区、生态核心区、民俗文化体验区，并有清水芙蓉、牛角岛、花圃果乡、水乡流韵、溪山魅影、月潭天趣、蛙鼓花田、梦里田园等许多景点。在十里河滩，随处可见群山、河流、稻田、草甸、沟渠，游人可随意漫步在这里的栈道上，慢慢欣赏大自然的景致，也可以三两结队，租几辆自行车穿行其中。景区内植被非常茂盛，春季可来踏青赏山花，夏季也可来欣赏满塘荷花，秋季的水稻田金黄一片，是摄影采风的好去处。,全年 全天开放,https://img1.qunarzz.com/travel/d1/1710/6d/13c3516c727c6fb5.jpg_480x360x95_cfd2123b.jpg,4.5,建议游览时间：3小时 - 4小时,,具体收费情况以现场公示为主,,3
阳明祠Yangming Temple,http://travel.qunar.com/p-oi715755-yangmingci,"

地址:
贵阳市云岩区东山路15号


电话:
0851-85621173,0851-5261821

",阳明祠位于贵阳城东扶风山麓，始建于清嘉庆十九年（1814年）。阳明祠是三组古建筑的总称，它包括阳明祠、尹道真祠、扶风寺三部分。三组古建筑共同组成环境清幽、景色秀丽的扶风山风景区，清代西南巨儒郑珍曾赞之为“插天一朵青芙蓉”。阳明祠是后人为了纪念明代的哲学家、军事家和文学家，心学的创始人王守仁（字伯安，号阳明）(1472年—1528年）而建立的祠堂。祠内殿廊相接，林木葱茏，清幽宜人，诗文碑刻甚多，文物荟萃，引人注目。祠内林木葱茏，根雕、盆景千姿百态，桂树浓香四溢，碑刻甚多，曲径回廊，清幽 宜人。祠内现存有王阳明先生朝服线刻大像。祠内左右两壁还嵌有王阳明先生的《训士四 条》和《论语四条》木刻。建祠以来，文人墨客吟唱题赞，佳作不乏。,全年 周二-周日 09:00-17:00;全年 周一 全天不开放,https://img1.qunarzz.com/travel/poi/201408/07/12a7dee7dc2de7a4c8d65eac.jpg_480x360x95_8dec7004.jpg,4.5,建议游览时间：1小时 - 2小时,,具体收费情况以现场公示为主,,3
地下公园,http://travel.qunar.com/p-oi705712-dixiagongyuan,,地下公园位于贵阳市南郊小车河畔，是贵州开发比较早的溶洞风景区之一。溶洞叫白龙洞，约形成于二百万年前，其岩壁和岩浆凝结物呈乳白色，千奇百怪的石幔、石笋、石柱、石花、浅池、流水，拟人状物，维妙维肖，引人入胜。白龙洞全长587米，中部一天然窗口，将洞分成两段，出洞后又是一番田园风光：群山苍翠，怪石嶙峋，种植着桃、李、紫薇、樱花、雪松、梅花等。四季群芳争艳，清香扑鼻。,,https://tr-osdcp.qunarzz.com/tr-osd-tr-manager/img/5d8b923bafe433511a4dc133980fb920.jpg_480x360x95_e63025bc.jpg,4.6,,,,,4
黔明寺Qianming Temple,http://travel.qunar.com/p-oi713241-qianmingsi,"

地址:
贵阳市南明区阳明路南明河畔

",黔明寺建于明朝末年，清乾隆三十六年（1771年）重修，显笃禅师驻锡于此，弘传禅宗。黔明寺因年久失修，破败不堪。后来又遭严重破坏，佛像被毁，经籍被焚，僧众离散。后经兴建，寺庙现建有大雄宝殿、大悲阁、藏经楼、客堂、斋堂、僧寮、办公楼、山门等，气势宏伟。,全年 8:00-18:00,https://img1.qunarzz.com/piao/fusion/1704/b0/f9d9e96977a38402.jpg_480x360x95_e7358e16.jpg,4.5,建议游览时间：1小时,,具体收费情况以现场公示为主,,4
百花湖Baihua Lake,http://travel.qunar.com/p-oi713596-baihuahu,"

地址:
贵阳市清镇市朱昌镇金朱西路路头


电话:
0851-84361114

",百花湖位于贵阳城区西北郊，是一座大型人工水库，湖中湖汊与岛屿极多，拥有秀丽的岩溶地貌和湖光山色。百花湖水质清澈，湖中群峰耸立，湖畔还有田园风光，春季时湖畔百花齐放，人们可坐船游湖欣赏这些美景。百花湖景区目前已开放松林远眺、双猴守园、蟹洲螺屿、观音洞、百花双狭、群峰叠翠、金蟾嬉水、孤峰独秀、奇石、洪武庙、茶饭营盘、朱昌古堡、鸟岛等景点。其中鸟岛是百花湖珍贵的一景，每当春冬两季，岛上百鸟盘旋，给秀丽的自然景观增添了许多乐趣。田园野趣也是这里的一大特色，湖中有三个小村寨，几十户农家在岛上休养生息，渔家扁舟停泊水边林旁，一派诗情画意。此外，百花湖畔东南是有名的朱昌镇，是明代驻兵的“朱昌古堡”，现仍留有些许遗迹。,全年 8:00-18:30,https://img1.qunarzz.com/piao/fusion/1803/36/dd3428004a7ede02.jpg_480x360x95_e7116377.jpg,4.5,建议游览时间：2小时 - 3小时,,{'贵阳西屿湾露营地【拎包入住轻奢露营】\n\n': ['¥680起']},,4
明皇御温泉,http://travel.qunar.com/p-oi707473-minghuangyuwenquan,,开阳县双流明皇御温泉山庄在开阳县双流镇白马村热水村民组，由贵阳科飞线缆有限公司开发。它主要是利用热水村民组的天然地下温泉资源生产矿泉水，并配套建设洗浴、游泳、餐饮、住宿等服务设施，兼营中小型会议接待。总投资3020万元，占地230亩，计划一期工程投资2100万元，修建三星级宾馆一栋，年产量200万桶水厂一个，480立方米和1860立方米游泳池各一个，现一期已全面完成，由它开发的“科飞农二哥”泉水已畅销贵阳市场；二期工程修建别墅6栋，300平方米网球场一个，六角亭3座，园林...开阳县双流明皇御温泉山庄在开阳县双流镇白马村热水村民组，由贵阳科飞线缆有限公司开发。它主要是利用热水村民组的天然地下温泉资源生产矿泉水，并配套建设洗浴、游泳、餐饮、住宿等服务设施，兼营中小型会议接待。总投资3020万元，占地230亩，计划一期工程投资2100万元，修建三星级宾馆一栋，年产量200万桶水厂一个，480立方米和1860立方米游泳池各一个，现一期已全面完成，由它开发的“科飞农二哥”泉水已畅销贵阳市场；二期工程修建别墅6栋，300平方米网球场一个，六角亭3座，园林绿化210亩，热水村公路改道1公里，河道改造2000米，二期工程已建成。三期工程拟建成集吃、住、娱乐于一体的大型旅游接待中心。,,https://tr-osdcp.qunarzz.com/tr-osd-tr-manager/img/7101a641409142187f15ea61df711f3f.jpg_480x360x95_d67ecad8.jpg,--,,,,,4
紫江地缝Zijiang Ground Seam,http://travel.qunar.com/p-oi702440-zijiangdifeng,,紫江地缝生态旅游区为贵州省级风景名胜区，位于开阳县龙岗镇境内，距开阳县城47公里，距贵阳市区60余公里，全境面积38.37平方公里。紫江地缝生态旅游区，被称为“地球胸前的钻石”、“天然大氧吧”、“动植物王国”和“地质自然生态精品博物馆”、“返璞归真、回归自然的首选之地”。 其喀斯特地地貌景观雄伟壮丽，奇峰异石林立，部分河段如巨斧劈开，形成地缝（裂）一线，奔腾的河水到此凝聚在1.9米宽的狭缝中，蔚为壮观。景区内主要有千佛岭、紫江天龙、紫云神、二泉映月、万瀑云台、春云乍卷、水上倒石莲、地缝、七将军山、紫江大佛、紫江神女、九天银河、凤凰滩瀑布等25处国家3级以上景源，实为是贵州风景名胜区的瑰宝。,,https://tr-osdcp.qunarzz.com/tr-osd-tr-manager/img/8f7008aa7d0aabb87ac1a0c7857042ab.jpg_480x360x95_07926f9e.jpg,4.1,建议游览时间：12小时 - 3天,,具体收费情况以现场公示为主,,4
高坡苗乡Gaopo Miao Nationality Country,http://travel.qunar.com/p-oi714086-gaopomiaoxiang,"

地址:
贵阳市花溪区高坡苗族乡


电话:
+81 858-37-5389

",高坡苗乡位于贵阳花溪区的东南部，这一带自然风光优美，拥有峡谷、石林、草场、瀑布、大盆景、万亩田园等景观。其中有名的当属云顶村的云顶草场，是高原上难得的一处广袤的平地草原。高坡苗乡地处花溪区与龙里、惠水三个县区的交界处，这里居住有苗族、布依族等民族，民风比较淳朴，民族风情浓郁。每逢正月“跳场”、“跳硐”、“四月八”、“斗牛节”和“吃新节”等民族节日。,全年 全天开放,https://img1.qunarzz.com/travel/d8/1612/aa/eaac5867813b4fb5.jpg_480x360x95_8fed6b10.jpg,4.7,建议游览时间：3小时 - 4小时,,具体收费情况以现场公示为主,,4
画马崖,http://travel.qunar.com/p-oi715023-huamaya,,贵州开阳画马崖梯子岩处的岩画地势险要，上为悬崖绝壁，下为陡坡及森林。能够将如此多丰富的图案绘制到“绝地”非常人可及，现代人即使在很多工具的帮助下都难以完成如此难度的工作，更不用说身处遥远时代的古人。究竟是谁采用什么样的技术在这样的环境下达成这样的效果呢？现代人曾经模仿“古人”的做法，试图揭开其中的奥妙，但是始终不能如愿。现代人凭借如此先进的科技都无法做到的事，古人更不可能做到。如果不是古人，那会是？,,,--,,,,,4
翠微园Cuiwei Garden,http://travel.qunar.com/p-oi3762206-cuiweiyuan,,翠微园与城南甲秀楼相毗邻，是一组较大规模的古建筑群，占地四千多平方米，始建于明弘治年间（1488-1505年），为市级重点文物保护单位。园内拱南阁造型敦朴生动，翠微园端庄秀丽，淡花空翠园修竹婆娑，龙门书院浓荫幽静，长廊花墙四围，集幽、雅、雄、朴于一体。这里原先是一片寺庙和园林，王阳明普经游览过的南庵便在这里。近年来改建为翠微园，把寺庙建筑与园林庭院合为一体。,,https://img1.qunarzz.com/travel/d5/1709/c9/1150d9ae4bf938b5.jpg_480x360x95_bcb95191.jpg,4.3,建议游览时间：1小时,四季皆宜。,,,4
香火岩Xianghuoyan Scenic Area Ticket Office,http://travel.qunar.com/p-oi710745-xianghuoyan,"

地址:
贵阳市开阳县禾丰乡香火岩峡谷

",香火岩因半边山自然雕琢的神奇佛龛神位而得名。景区内峰峦叠嶂、怪石峥嵘、飞瀑流泉，蔚为壮观。香火岩神龛位于景区中部半边山下，宽约500多米，高约100多米的悬崖峭壁之上，龛内隐约可见一座佛，高大雄伟，似人工实乃天成，迎面石峰矗立，若石人遥拜，浑然一体，妙不可言。香火岩大瀑布，位于神龛与石人之间，河水至此变窄、变陡，骤然间突现八级瀑布。总落差约250米，宽40米，树林掩映、水雾萦绕、彩虹隐现。沿观瀑亭拾阶而上，山路蜿蜒，奇树夹道，藤绕枝连，绿叶蔽日，行约800米，忽见一景——滴水潭，滴水似鸣琴，深潭似卧龙，予人曲径通幽之感。顺小道前行，曲折似若无路，再行骤然现一大洞，谓之曰：“吐云洞”，洞口云雾萦绕，洞内怪石嶙峋，钟乳倒挂，暗河密布，水流湍急，声若雷鸣。二洞天生桥，雄奇无比，人称“黔中第一天生桥”，桥宽约300米，高约50米，跨度约40米，桥顶中央巧开一“天窗”，阳光飞泻、滴水飘雪，触手可及，人间仙境莫过于此。,全年 8:00-16:30,https://img1.qunarzz.com/piao/fusion/1504/fd/eb581f9018826b.jpg_480x360x95_7ad5194f.jpg,4.2,建议游览时间：1小时 - 2小时,,具体收费情况以现场公示为主,,4
扶风山,http://travel.qunar.com/p-oi711241-fufengshan,,扶风山在贵阳市东门外。俗名尖山，以其石多螺旋，后称螺蜘山，清乾隆五十九年（1794年）改今名。为秀削天成的黔垣第一峰。栖霞障其南，相宝拱其北，后连绵亘蜿蜒的白云山。中有扶峰寺，建于清初，嘉庆年间（1796―1820）增修仓圣楼、字冢楼。左为阳明祠，依山建筑，嵌岩立壁，古雅清幽。祠内沿墙建廊，护壁嵌刻王守仁及清代袁枚、何绍基、莫友芝等名家诗文手迹，真、草、隶、篆，洋洋大观。山半建一亭曰环翠，可以小憩。逶迤及巅，风景绝佳，三面青山，近接眉睫。清人郑珍有诗云：“扶...扶风山在贵阳市东门外。俗名尖山，以其石多螺旋，后称螺蜘山，清乾隆五十九年（1794年）改今名。为秀削天成的黔垣第一峰。栖霞障其南，相宝拱其北，后连绵亘蜿蜒的白云山。中有扶峰寺，建于清初，嘉庆年间（1796―1820）增修仓圣楼、字冢楼。左为阳明祠，依山建筑，嵌岩立壁，古雅清幽。祠内沿墙建廊，护壁嵌刻王守仁及清代袁枚、何绍基、莫友芝等名家诗文手迹，真、草、隶、篆，洋洋大观。山半建一亭曰环翠，可以小憩。逶迤及巅，风景绝佳，三面青山，近接眉睫。清人郑珍有诗云：“扶峰山，在城东，插天一朵青芙蓉。上下蜂房著芙足，春来车马如游蜂。”“俯视城郭销我优，烟花十里烂不收。”,,,1.0,,,,,4
六广河名胜风景区Liuguanghe Scenic Area,http://travel.qunar.com/p-oi708769-liuguanghemingshengfeng,"

地址:
贵阳市修文县六广镇


电话:
0851-82452555

",六广河景区内位于修文县六广镇贵毕高等级公路旁，两岸谷坡陡峭，多呈嶂谷，由水面至山顶高达350～400米，河谷时宽时窄，加上两岸峭崖上多悬挂飞瀑、流泉，山景和水景穿插相映，变幻无穷，令人惊奇万分。,8:00-24:00，23:00停止入场。,https://img1.qunarzz.com/p/tts6/1801/c6/c8cf99d959c16002.jpg_480x360x95_ab6198d7.jpg,4.5,建议游览时间：1小时 - 3小时,,具体收费情况以现场公示为主,,5
三潮水,http://travel.qunar.com/p-oi706155-sanchaoshui,,在修文县城北2公里的观音山下。因夏秋间每日定时发大水三次，故名。在明代后期即作为著名的古迹载入方志。三潮水是一股可鉴毛发的清泉，出自山麓岩洞间，经龙嘴石注入池中。池宽12平米，形如半月，距洞仅6米，中有大石龟一个。遇期则池水奔腾，水量猛增，溢至龟背淹没而止；退潮后，复涓涓细流，声响俱寂。池上建亭，曰“潇洒”，连椅以为栏，供人观潮、憩息。中有碑石刊刻前人记游诗文。碑侧一孔，以口吹气，发海螺声。旁为潮水寺。明末永历年间（1647―1661），右企都御使钱邦芑曾隐...在修文县城北2公里的观音山下。因夏秋间每日定时发大水三次，故名。在明代后期即作为著名的古迹载入方志。三潮水是一股可鉴毛发的清泉，出自山麓岩洞间，经龙嘴石注入池中。池宽12平米，形如半月，距洞仅6米，中有大石龟一个。遇期则池水奔腾，水量猛增，溢至龟背淹没而止；退潮后，复涓涓细流，声响俱寂。池上建亭，曰“潇洒”，连椅以为栏，供人观潮、憩息。中有碑石刊刻前人记游诗文。碑侧一孔，以口吹气，发海螺声。旁为潮水寺。明末永历年间（1647―1661），右企都御使钱邦芑曾隐居于此，更名知非庵。附近有珍珠井，水涌如珠玑串串，晶莹发亮。白马潭众流挹注，传有神物藏身其间。潭上有蔚为大观的“万卷书岩”。四周山峦稠集、石径曲折，观音、玉兔、金龟诸山，形象生动，林木苍翠，风景秀丽。,,,--,,,,,5
清龙河,http://travel.qunar.com/p-oi705810-qinglonghe,,清龙河在贵阳以北60多公里，流经开阳县的禾丰布依族与苗族乡境内。清龙河的景色充满天然野趣，毫不做作的田园风光中点缀着“小桥流水人家”。清龙河漂流，在王车咚咚塘起漂。皮艇顺流而下，一路上，饱览原野风光、布依族的风情和感受激流冲浪带来的惊喜……。漂程长18里水路，经过18个布依寨子，当你看见那叫外婆桥的长长的木桥时，便到了终点――河湾凤凰寨。,,https://tr-osdcp.qunarzz.com/tr-osd-tr-mapi/img/3b36521aa40aec69fa901b384cedc18c.jpg_480x360x95_63f8a3bf.jpg,--,,,,,5
仙人洞Fairy Cave,http://travel.qunar.com/p-oi712229-xianrendong,,贵阳仙人洞位于贵阳市仙人洞路和水口寺路之间的山上是贵阳有名的道教胜地。仙人洞在山腹，仙灯洞在山顶，八仙洞在仙灯洞之上，洞内塑有张果老、吕洞宾等八仙神像。传说八仙在洞中下棋，山下南明河中有巨石与巨龟相斗，八仙中的吕洞宾掷棋子一颗下来，巨龟逃遁，巨石震裂成船形，俗称“船石”。船石位于水口寺小学附近的南明河边，是一块如船形状的天然巨石，高出水面，为仙人洞下一景。今船石尚存，“宛然桅舟野泊”。,,https://img1.qunarzz.com/piao/fusion/1508/25/1912b6bb32b698.jpg_480x360x95_99086357.jpg,4.5,建议游览时间：1小时,,具体收费情况以现场公示为主,,5
开阳风景名胜区,http://travel.qunar.com/p-oi712753-kaiyangfengjingmingsheng,,省级风景名胜区。位于贵阳市北部，开阳县南部。由南洒峡谷、香火岩峡谷、紫江地缝及岩画、温泉、、溶洞群、张学良幽禁旧址等景点组成。南洒峡谷以奇峰、险滩、绝壁、悬空栈道、钟乳石、峡谷漂流著称，峡谷内约有700余种植物，是重要的植物基因库。紫江地缝规划区内植物保护完整，森林覆盖率达90%以上，其中灵芝崖、一线天、水帘宫、凤皇滩、飞水岩瀑布等景点尤为壮观。香火岩景区有飞水潭、珍珠帘、石人拜、香火岩、香火岩瀑布、玉门关、灵芝潭等主要景点，其中香火岩瀑布分为5级泄落...省级风景名胜区。位于贵阳市北部，开阳县南部。由南洒峡谷、香火岩峡谷、紫江地缝及岩画、温泉、、溶洞群、张学良幽禁旧址等景点组成。南洒峡谷以奇峰、险滩、绝壁、悬空栈道、钟乳石、峡谷漂流著称，峡谷内约有700余种植物，是重要的植物基因库。紫江地缝规划区内植物保护完整，森林覆盖率达90%以上，其中灵芝崖、一线天、水帘宫、凤皇滩、飞水岩瀑布等景点尤为壮观。香火岩景区有飞水潭、珍珠帘、石人拜、香火岩、香火岩瀑布、玉门关、灵芝潭等主要景点，其中香火岩瀑布分为5级泄落，落差60余米。,,,--,,,,,5
绿色石林Green Stone Forest,http://travel.qunar.com/p-oi711729-lu:seshilin,"

地址:
贵阳市修文县大石布依族乡回水村“回水湖”旁

",绿色石林地处修文县，景区内众多奇峰怪石拔地而起，似剑如戟，破土直刺苍穹。石峰较高处达30余米，又有地峡石罅幽深曲折。因绿树古藤、蟠枝虬根常年攀附石峰，使石林平添了几许柔情，获得了“绿色”石林的美誉。又因它造型迥异的石形而赢得了“拟态动物园”的美名。,全年 全天开放,,4.4,建议游览时间：1小时,,具体收费情况以现场公示为主,,5
可龙杜鹃,http://travel.qunar.com/p-oi40011295-kelongdujuan,,可龙杜鹃位于贵阳市乌当区，春暖花开的季节，漫山遍野的杜鹃花竞相开放，景色优美，是人们赏花的好地方。,,,0.0,,,,,5
贵阳十字街,http://travel.qunar.com/p-oi39874133-guiyangshizijie,,,,,0.0,,,,,5
霸王坡,http://travel.qunar.com/p-oi39602261-bawangpo,,,,,0.0,,,,,5
云楼,http://travel.qunar.com/p-oi39601663-yunlou,,,,,0.0,,,,,5
洗马河村,http://travel.qunar.com/p-oi39595669-ximahecun,,,,,0.0,,,,,6
阅山湖城市无动力乐园,http://travel.qunar.com/p-oi39595100-yueshanhuchengshiwudong,,,,,0.0,,,,,6
姬昌桥,http://travel.qunar.com/p-oi39588407-jichangqiao,,,,,0.0,,,,,6
SKINOW雪乐山滑雪场,http://travel.qunar.com/p-oi39539238-skinowxueleshanhuaxue,,,,,0.0,,,具体收费情况以景区现场公示为准；,,6
阳朗湿地公园,http://travel.qunar.com/p-oi39525814-yanglangshidigongyuan,,,,,0.0,,,,,6
川主庙,http://travel.qunar.com/p-oi39512029-chuanzhumiao,,,,,0.0,,,,,6
青岩古镇-青岩天主教堂,http://travel.qunar.com/p-oi39497804-qingyanguzhen_qingyan,,,,,0.0,,,,,6
贵阳市图书馆,http://travel.qunar.com/p-oi39486474-guiyangshitushuguan,,,,,0.0,,,,,6
荷花池,http://travel.qunar.com/p-oi39443499-hehuachi,,,,,0.0,,,,,6
神鹊茶场,http://travel.qunar.com/p-oi39439916-shenquechachang,,,,,0.0,,,,,6
半边山,http://travel.qunar.com/p-oi39428329-banbianshan,,,,,0.0,,,,,7
巴喇谷风景区,http://travel.qunar.com/p-oi39357769-balagufengjingqu,,,,,0.0,,,,,7
右七村,http://travel.qunar.com/p-oi39175875-youqicun,,,,,--,,,,,7
龙井村,http://travel.qunar.com/p-oi39167469-longjingcun,,,,,0.0,,,,,7
挞水岩瀑布,http://travel.qunar.com/p-oi39160304-tashuiyanpubu,,,,,5.0,,,,,7
人民广场,http://travel.qunar.com/p-oi39156317-renminguangchang,,,,,--,,,,,7
高坡扰绕村梯田,http://travel.qunar.com/p-oi39156149-gaoporaoraocuntitian,,,,,3.0,,,,,7
筑稷·贵州布依文化创意园,http://travel.qunar.com/p-oi39036599-zhujiguizhoubuyiwenhua,,,,,--,,,,,7
雷打岩,http://travel.qunar.com/p-oi39036539-leidayan,,,,,--,,,,,7
大木村,http://travel.qunar.com/p-oi39020784-damucun,,,,,--,,,,,7
龙门书院 (翠微巷),http://travel.qunar.com/p-oi38950416-longmenshuyuan_,,,,,0.0,,,,,8
贵州省图书馆 (北馆),http://travel.qunar.com/p-oi38943453-guizhoushengtushuguan,,,,,0.0,,,,,8
都溪林场,http://travel.qunar.com/p-oi38942983-douxilinchang,,,,,0.0,,,,,8
百鸟园,http://travel.qunar.com/p-oi38941966-bainiaoyuan,,,,,--,,,,,8
壹簇·世界花园,http://travel.qunar.com/p-oi38940159-yicushijiehuayuan,,,,,,,,,,8
茶饭村,http://travel.qunar.com/p-oi38933141-chafancun,,,,,5.0,,,,,8
天生桥景区,http://travel.qunar.com/p-oi38931012-tianshengqiaojingqu,,,,,,,,,,8
普瑞国际青少年体育训练中心,http://travel.qunar.com/p-oi38930524-puruiguojiqingshaonian,,,,,--,,,,,8
鬼架桥,http://travel.qunar.com/p-oi38925905-guijiaqiao,,,,,0.0,,,,,8
新光里文化创意产业园,http://travel.qunar.com/p-oi38925310-xinguangliwenhuachuang,,,,,--,,,,,8
雷神坡,http://travel.qunar.com/p-oi38887916-leishenpo,,,,,--,,,,,9
党寨村,http://travel.qunar.com/p-oi38876761-dangzhaicun,,,,,--,,,,,9
翁洞滩瀑布,http://travel.qunar.com/p-oi38817213-wengdongtanpubu,,翁洞滩瀑布位于贵阳市开阳县，瀑布如同银链坠潭，水花四溅，和周围的青山绿树相映，形成一幅优美的山水画卷。,,,5.0,建议游览时间：1小时 - 2小时,,具体收费情况以现场公示为主,,9
索风湖风景区,http://travel.qunar.com/p-oi38669819-suofenghufengjingqu,,,,,--,,,具体收费情况以现场公示为主,,9
鲤鱼街,http://travel.qunar.com/p-oi38605965-liyujie,,"鲤鱼街位于贵阳，是当地非常有名的美食街，老街两旁的民居鳞次栉比，非常具有年代感，走在鲤鱼街上，品尝美食的同时，人们还能了解当地的历史文化。
",,,--,建议游览时间：2小时 - 3小时,,具体收费情况以现场公示为主,,9
贵阳市体育文化公园,http://travel.qunar.com/p-oi38593870-guiyangshitiyuwenhuagong,,公园能够满足所有人的运动锻炼需求。有供儿童玩耍的沙坑、游乐堡；有篮球场、五人制足球场、网球场、羽毛球馆、乒乓球馆、游泳馆等全套体育运动设施；有供老年人使用的门球场、保健运动器械区；有山体公园，提供登山木栈道；有滨湖公园，环湖有很不错的塑胶跑道。 ,,,--,建议游览时间：2小时 - 6小时,,具体收费情况以现场公示为主,,9
东林寺,http://travel.qunar.com/p-oi38340569-donglinsi,,,,,--,,,具体收费情况以现场公示为主,,9
甲定苗族洞葬,http://travel.qunar.com/p-oi38337558-jiadingmiaozudongzang,,,,,--,,,具体收费情况以现场公示为主,,9
贵阳恒大童世界,http://travel.qunar.com/p-oi38336347-guiyanghengdatongshijie,,恒大童世界位于贵阳市花溪区，建筑均为色彩鲜艳的马卡龙色系，建造独特，周围还有成片的樱花林，美不胜收。,,,4.5,建议游览时间：2小时 - 3小时,,具体收费情况以现场公示为主,,9
西望山,http://travel.qunar.com/p-oi38335829-xiwangshan,,西望山又名西山，海拔一千多米，山峦叠翠，古树参天。山上木本植物两百多种，有松谷晚钟、双扇门等景点，风景秀丽。,,,0.0,建议游览时间：3小时 - 4小时,,具体收费情况以现场公示为主,,9
青云市集,http://travel.qunar.com/p-oi38335394-qingyunshiji,,青云市集位于阳市南明区，提及此处很多人会想到摆夜市，但现在经过当地管理部门的包装后，已升级为集休闲、娱乐、美食为一体的，传统、复古、工业风的网红集市，吃吃喝喝拍拍照，夜里还有霓虹闪烁，是年轻人集中且放松的地方。,,,4.2,建议游览时间：1小时 - 2小时,,具体收费情况以现场公示为主,,10
三江口星月湾公园,http://travel.qunar.com/p-oi38334849-sanjiangkouxingyuewan,,,,,--,,,具体收费情况以现场公示为主,,10
太平路Taiping Road,http://travel.qunar.com/p-oi38285599-taipinglu,,太平路街道两旁是充满了艺术性的涂鸦墙，有韩剧风、小清新、古典风等，各个角度都可以拍到好看的照片。这里还有奶茶、咖啡、汉堡等各具风格的店铺，人们可以在这里品尝各种美食，非常惬意放松。,,,--,建议游览时间：1小时 - 2小时,,具体收费情况以现场公示为主,,10
凹河村,http://travel.qunar.com/p-oi38157084-aohecun,,,,,4.0,,,具体收费情况以现场公示为主,,10
黄连村百年银杏林,http://travel.qunar.com/p-oi38135125-huangliancunbainianyin,"

地址:
羊昌镇黄连村村委会

",,全年 全天开放,,--,,,具体收费情况以现场公示为主,,10
幸福村银杏树林,http://travel.qunar.com/p-oi38045009-xingfucunyinxingshulin,,,,,--,,,具体收费情况以现场公示为主,,10
南岳山,http://travel.qunar.com/p-oi38035113-nanyueshan,,,,,--,,,具体收费情况以现场公示为主,,10
猫跳河,http://travel.qunar.com/p-oi38035091-maotiaohe,,,,,0.0,,,具体收费情况以现场公示为主,,10
南明河,http://travel.qunar.com/p-oi38034996-nanminghe,,,,,5.0,,,,,10
渡寨布依村,http://travel.qunar.com/p-oi38034604-duzhaibuyicun,,,,,--,,,具体收费情况以现场公示为主,,10
