名字,链接,地址,介绍,开放时间,图片链接,评分,建议游玩时间,建议季节,门票,小贴士,Page
海陵岛Hailing Island,http://travel.qunar.com/p-oi710764-hailingdao,"

地址:
阳江市江城区海港小区三巷8号


电话:
0662-3888240

",海陵岛位于阳江市，是广东的第四大岛，这里不仅有优美的海景和好的海水浴场，还有吃不腻的海鲜可以大饱口福，是旅游度假的理想之地。岛上主要游玩景点集中在西南角海滨，主要游玩景点有闸坡大角湾、马尾岛、十里银滩和海上丝绸之路博物馆（南海一号），除上述景点外，还有望海亭、小港湾、北洛环（铁帽子）、牛塘山文化览胜景区和金沙滩风景区等景区。旅馆多集中在大角湾附近，经济旅馆到酒店都有，所以这里通常是游客集散地。白天来到海陵岛，可以在大角湾海滨浴场游泳，这边的浪比较大，海滩区不仅可以扑浪、游泳、散步，还可以玩水上单车、沙滩摩托车、香蕉船等自费娱乐设施，还可以去淡水区，这边主要是海上乐园，可以玩螺旋道、炮筒、雪橇滑道、波浪毯、彩虹滑道等惊险刺激的水上运动，适合年轻人来玩。从大角湾沿着海岸线往西，还可以从闸坡中心渔港乘船出海去到马尾岛，渔港中心有很多船家，有的专做游客出海游的生意。在海上，可以远眺海陵岛上的巨型风车，看远处马尾岛渔民家的渔排，和其他船上的游客打招呼，感受大海环绕的融洽与自然。大角湾往东走，则是十里银滩和南海一号。特别值得一提的是半路上的大角咀，这里只是一条山路，并不是景点，但是这条路上可以远眺无尽的南海景色，十里银滩的全景也可尽收眼底。如果想要看日出，这里也是较好的观景地。需要注意的是，大角咀拍照留念的游客很多，自驾的话可能会停车不便。十里银滩没有大角湾的大浪，在这里主要玩沙滩车和飞艇，不建议游泳。坐沙滩车可以轻松横跨十里银滩，领略十里银滩作为吉尼斯世界纪录较长海滩的魅力与风光。在海上丝绸之路博物馆，可以看到当年打捞出来的南海一号沉船，还可以看到瓷器、饰物等出土文物，对历史文物感兴趣不妨来这里看看。夜游海陵岛，一个是螺洲海滨公园，基本上游客都会聚集在这里游玩；另一个就是购物天堂“一夜埕”，这里可以买到很不错的当地海鲜，不妨买一些带回去送朋友。推荐晚饭后从放生台出发，这里也是白天的看海点。沿海滩散步到海滨公园，这是个开放式的公园，沙滩可以放烟花，旁边还有个小吃街可以买点宵夜。然后，去到一夜埕采购特产。,全天开放,https://img1.qunarzz.com/travel/d5/1606/92/c30cc463dd7dbd9a.jpg_480x360x95_a53e9682.jpg,4.4,建议游览时间：3天 - 6天,一年四季都适宜出游。海陵岛地处南亚热带，四面环海，山海兼优，年平均气温22.3°С，年降雨量1816毫米，年晴天310天，冬无严寒，夏无酷暑，四季如春，海水浴时间长达8个月。,"{'海陵岛拖伞体验成人票\n\n': ['¥450起'], '海陵岛摩托艇体验门票成人票\n\n': ['¥150起'], '海陵岛深潜体验门票成人票\n\n': ['¥480起']}",节假日期间，大鹏半岛的游客大量增加，大鹏半岛的海鲜价格普遍上涨，宰客现象时有发生，正常情况下，两个人一顿海鲜餐大概200-300元之间。,1
马尾岛Mawei Island,http://travel.qunar.com/p-oi707666-maweidao,"

地址:
阳江市江城区海陵岛西南端


电话:
0662-3892299

",马尾岛位于闸坡西南方，是半封闭型海岛，总面积1.3平方公里，海滩长约1.25公里，水深适度、海底平缓、沙质优良，有“海水大浴缸”之称，适合老人儿童玩乐。马尾岛的北帝庙，供奉“水神”北帝，渔民出海前总虔诚地来这里奉香以求平安。值得一提的是“马尾夕照”，这里是海岛的较西角，观日落的好地点，当晚彩霞漫天时，许多游人驻足于此等待。岛上森林植被丰富，怪石遍布，虫鸣蝶飞，林荫小道弯弯曲曲，保留着很浓的原始气息。山体被海浪千年万载的冲刷雕琢，形成了乱石滩、海蚀滩、一线天等奇异景观。除了观瞻北帝庙、灵曰灵庙和灯塔外，还有碉堡、战壕、古炮台等军事遗址。,全年 全天开放,https://mp-commentcp.qunarzz.com/mp_comment_mp_comment/1563132264641100616000000zg1uf0EAB_D_640_10000.jpg_480x360x95_c460f15e.jpg,4.3,建议游览时间：3小时,,{'【酒店套餐】阳江海陵岛万豪海陵湾1号网红一线海景+十里银滩\n\n': ['¥139起']},,1
闸坡大角湾Zhapo Dajiao Bay,http://travel.qunar.com/p-oi710039-zhapodajiaowan,"

地址:
阳江市江城区海陵岛闸坡镇西南端


电话:
0662-3887080,0662-3888240


官网:
http://www.djwtour.com/

",大角湾是海陵岛的知名海湾，位于海陵岛闸坡镇东南，三面群峰环抱，面向浩瀚南海，因形如牛角，从而得名。大角湾滩长2.5公里，湾内风平浪静，沙质细腻松软、海水清澈纯净，空气清新，是旅游度假的好去处。游玩大角湾可以欣赏这里的浪漫海景，踏浪戏沙，尽享海滨时光。景区还冲浪、摩托艇、动力伞、沙滩车等娱乐项目，都可以体验一番。,4/16-10/15(旺季) 08:00-21:30;10/16-4/15(淡季) 08:00-18:00,https://img1.qunarzz.com/travel/d2/1606/da/b0d1d53f3602ee9a.jpg_480x360x95_7df296bf.jpg,4.3,建议游览时间：12小时 - 3天,夏季是最佳的旅游时节，阳江没有奇寒酷署，气候宜人，夏季可尽情游玩海上项目，感受凉爽。,"{'闸坡大角湾单次门票成人票\n\n': ['¥29.5起'], '闸坡大角湾单次门票优待票\n\n': ['¥15起'], '闸坡大角湾单次门票亲子票(1大1小)\n\n': ['¥45起']}",1、在海滩游泳时，如果风大浪急的话，一定要听从护游人员的指示。2、大角湾附近有一个旧市场卖海鲜，买了海鲜可以到附近的小店加工，7元每斤，既便宜又新鲜。3、 大角湾里面没有免费换衣服的地方。,1
沙扒湾Shaba Bay,http://travel.qunar.com/p-oi703372-shabawan,"

地址:
阳西县沙扒镇海港路26号


电话:
0662-5589995,13824971247

",沙扒湾是阳西县沙扒镇上的一处天然海湾，岸边绿林含翠，海面碧波粼粼，每天来此休闲漫步的居民数不胜数。这里海水清澈，是天然的海滨浴场，海滩上的休闲玩乐项目并不是很多，但也足够，不远处还有一座摩天轮，有兴趣的可以体验一番。这里盛产海鲜，看看海景，吹吹海风，再享用一顿美味海鲜大餐，是这里很常见的休闲度假方式了。,7:00-19:30；青洲岛8:00-17:00。,https://img1.qunarzz.com/travel/d4/201405/30/f845b2c00bd877e8ddb12cfb.jpg_480x360x95_4863c87e.jpg,4.1,建议游览时间：2小时 - 3小时,10月—次年3月是最佳的旅游时节，夏季平均气温为28摄氏度，适宜海边避暑游玩，冬季平均气温12摄氏度，温度适宜，可沐浴阳光。,40元,,1
鸳鸯湖公园Yuanyanghu Park,http://travel.qunar.com/p-oi715173-yuanyanghugongyuan,"

地址:
阳江市江城区东风三路24号


电话:
0662-3324027,0662-2288311

",鸳鸯湖公园位于鸳鸯湖畔。景区面积16.7万平方米，绿化面积10.8万平方米，有鸳鸯湖、南国风筝场、风筝博览馆、海鸥观礼台和广场雕塑“放飞之梦”等景点。鸳鸯湖湖水清澈，湖岸杨柳垂堤，山清水秀，楼台阁榭点缀其间，别具南国湖光韵味，是市区比较大的人工湖。南国风筝场1991年建成，占地12万平方米，可容数万群众同时进行放飞风筝娱乐活动。是市民和游客休闲、娱乐的好去处，是我国享誉盛名的风筝放飞场，每年在这里举办放风筝比赛。近年，风筝场进行了改造，铺设花岗岩地面和草坪，种植风景树，点缀一些人文景观，修建了海鸥造型的观礼台、“放飞之梦”雕塑、环湖路、大型停车场和相关的旅游设施，安装许多亮丽的灯饰。每当华灯初上，风筝场溢彩流光，展现出美丽璀璨的夜景。另外，这里还有漠阳楼、李萁烈士墓等景点，以及游泳池、溜冰场、游乐园、动物园等设施。,全年 全天开放,https://img1.qunarzz.com/travel/d7/1612/f6/024393be992948b5.jpg_480x360x95_759c69c1.jpg,4.6,建议游览时间：3小时,,具体收费情况以现场公示为主,,1
大澳渔村,http://travel.qunar.com/p-oi714659-daaoyucun,"

地址:
位于阳东县东平镇东南

",东平大澳渔村是一个古老的渔港，位于阳东县东平镇东南，史称“六澳之首”，是中国古代南方“海上丝绸之路”的必经港口。昔日港口商贸繁盛，与广州的“十三行”相并列，史称“十三行尾”。大澳渔村至今仍然保持古渔村风貌，遗迹众多，古色古香，为渔家民俗文化之珍品。有“全国首家渔家民俗风情馆”、“爱国主义教育基地”、“古渔民民居群”、“大澳万人坟”、“海上日出”、“葛洲帆影”、“古商会旧址”、“海角琼楼”、“古炮楼”等景点，集旅游观光、博览渔家文化等功能于一体。...东平大澳渔村是一个古老的渔港，位于阳东县东平镇东南，史称“六澳之首”，是中国古代南方“海上丝绸之路”的必经港口。昔日港口商贸繁盛，与广州的“十三行”相并列，史称“十三行尾”。大澳渔村至今仍然保持古渔村风貌，遗迹众多，古色古香，为渔家民俗文化之珍品。有“全国首家渔家民俗风情馆”、“爱国主义教育基地”、“古渔民民居群”、“大澳万人坟”、“海上日出”、“葛洲帆影”、“古商会旧址”、“海角琼楼”、“古炮楼”等景点，集旅游观光、博览渔家文化等功能于一体。大澳渔村是我省唯一保存下来保持着原始渔家小屋风貌的渔村，是现今“阳江十景”之一。,8：00-18：00,https://tr-osdcp.qunarzz.com/tr-osd-tr-space/img/a80d6cd32df1c8b9eee62fe468cf5347.jpg_480x360x95_bd42f4b8.jpg,0.0,,,,,1
珍珠湾旅游度假区Pearl Bay Holiday Resort,http://travel.qunar.com/p-oi722714-zhenzhuwanlu:youdujia,"

地址:
阳江市阳东县东平镇珍珠湾旅游区


电话:
0662-6671328

",珍珠湾海水浴场是一个2000多米长的天然海水浴场，沙质晶莹洁白，沙滩开阔，坡度平缓，海水清澈无污染。蓝天、碧海、白浪、沙滩、一幅美丽的海滨风景画将呈现在游人面前,全年 7:00-21:00,https://tr-osdcp.qunarzz.com/tr-osd-tr-space/img/6a39f382135eb711762adee8d09a76ce.jpg_480x360x95_519635fa.jpg,4.2,建议游览时间：2小时 - 3小时,,度假区免费开放，内部摩托艇等娱乐项目另收费。,,1
十里银滩Shili Silver Beach,http://travel.qunar.com/p-oi7469233-shiliyintan,"

地址:
阳江市江城区闸坡镇海陵岛


电话:
0662-3853333

",十里银滩位于海陵岛中南部，它是海陵岛的众多海滩之一。十里银滩的特点在于海岸线很长，它的海岸线长达16.5公里，金色长滩，一望无际。往海上丝绸之路博物馆的路上，就可见到碧海向金沙涌去的景象。这里沙质洁净均匀，水质清澈透明，是一处海边戏水的好地方。十里银滩另外一个优势是在于干净及人少，这里距离旅游大道比大角湾远，所以游人要比大角湾少。大角湾相对人较多，所以旺季的时候就像下饺子般，而这里的人群就要少很多了，可以图个清静。十里银滩没有大角湾的大浪，在这里主要玩沙滩车和飞艇，不建议游泳。坐沙滩车可以轻松横跨十里银滩，领略十里银滩作为上海大世界基尼斯纪录较长海滩的魅力与风光。除此之外，和一般的海滩一样，这里也设有帆船、游艇、水上垂钓、冲浪等水上项目以及沙滩排球、足球等体育活动项目，可以选择感兴趣的游玩，据说冲浪很不错。结束了，继续往南走就是海上丝绸之路博物馆，有兴趣的可以放一条线上游玩掉。,全天开放；服务及娱乐设施8:00-18:00,https://img1.qunarzz.com/travel/d2/1704/16/1d244b1c2a1bc9b5.jpg_480x360x95_9c1fa057.jpg,4.4,建议游览时间：2小时 - 3小时,每年3月到11月，此间阳光充足，海水温暖，适宜下水游泳。,"{'十里银滩摩托艇体验双人票\n\n': ['¥130起'], '十里银滩深潜体验成人票\n\n': ['¥430起'], '十里银滩快艇出海三山岛体验成人票\n\n': ['¥100起']}",1. 海陵岛上有很多摩的司机，说是可以免费带路去酒店或者饭店，实际上他们会借此收取佣金，已经形成了产业链。出行前不妨提前在网上订好房间。2. 岛上有些黑店专坑游客，有的会通过拉客司机判断你是否是外地人，然后给你比本地人价格高的餐牌。另外，称海鲜的称可能会缺斤少量。如果想要比较保险，可以就在入住的酒店用餐，比较有名的是碧珠楼1楼的海鲜餐厅。早餐建议吃吃闸坡的特色猪肠碌和海鲜粥，非常美味。3. 渔船出海涉及安全问题，最好查看该船的许可证、保险、执业资格证等证件再上船，有部分是无证和无保险船只，所以请务必小心。,1
凌霄岩Lingxiao Cave,http://travel.qunar.com/p-oi704893-lingxiaoyan,"

地址:
阳春市河塱镇西北侧66公里罗阳峰林内


电话:
0662-7879126

",凌霄岩以自然山水溶洞景观为主，洞内分布着形态各异的钟乳石，其规模和形成时长在国内都名列前茅。石柱、石笋遍布，在五彩斑斓的景观灯照耀下，更显得绚丽夺目。凌霄岩洞内主要分三层游览，有凌霄大厅，凌霄殿和观景台。其中底层凌霄大厅有条约400米长的岩底河，游人可乘船穿梭其中，赏洞内石壁的迷人风光。也可沿“百步云梯”登至凌霄殿，赏形态逼真的石花、石果，看绚丽多彩的石笋、石幔、石瀑。,8:30-17:00,https://img1.qunarzz.com/travel/poi/1803/e8/04fa8b9e2db77237.jpg_480x360x95_b2414990.jpg,4.0,建议游览时间：1小时 - 2小时,,"{'凌霄岩门票成人票\n\n': ['¥42.8起'], '凌霄岩门票优待票\n\n': ['¥21.8起'], '凌霄岩电子导览服务大小同价\n\n': ['¥6起']}",,1
金山森林公园Jinshan Forest Park,http://travel.qunar.com/p-oi704141-jinshansenlingongyuan,"

地址:
阳江市江城区金山路大放鸡山路1号


电话:
0662-2698718

",阳江市区森林公园位于市区东面，面积4000多亩，分为植物观赏区、动物观赏区、儿童活动区和游泳区。植物观赏区由针叶林，阔叶林组成。有树种白玉兰、荷花玉兰、乔二玉兰、桃花心、格木、含笑树、马占相思、大叶相思、南洋杉、马尾松、湿地松、火炬松、加勒比松、扁柏、龙柏、质柏、英洛柏、人力楠、龙眼、荔枝、波萝蜜等200多种。动物观赏区可观赏到鹦鹉、大莽蛇、孔雀、猴子等，儿童活动区有小型足球场、秋千、儿童游泳池、滑梯、电动火车等。公园内绿草如茵，花丛处处，景色宜人。,全年 09:00-17:00,https://img1.qunarzz.com/travel/poi/1803/8e/a9b08296b1277537.jpg_480x360x95_9da1dadb.jpg,4.7,建议游览时间：2小时,,具体收费情况以现场公示为主,,1
春湾,http://travel.qunar.com/p-oi710435-chunwan,"

地址:
广东省阳江市阳春市春湾镇东郊


电话:
0662-6157688

",春湾景区位于春湾镇，含龙宫岩、春湾石林、通天蜡烛、慈云岩、通真岩五个景点。龙宫岩长1000多米，景色瑰丽，像传说中的海底龙宫。岩洞分四段。首段迎宾廊，“龙王水族”栩栩如生；二段龙王殿，惟妙惟肖；三段聚宝库，内有“镇宫宝塔”、“定海神针”、“金玉龙床”等宝物；四段龙母阁，“龙宫罗帐”、“龙女浴池”等形象逼真。洞内常年有清溪碧水。身历其境，你会惊叹造物主的鬼斧神工！春湾石林，也称“百页剑门”，从“百页剑门”进入，草地四周矗立着无数如刀似剑的石峰，高60多...春湾景区位于春湾镇，含龙宫岩、春湾石林、通天蜡烛、慈云岩、通真岩五个景点。龙宫岩长1000多米，景色瑰丽，像传说中的海底龙宫。岩洞分四段。首段迎宾廊，“龙王水族”栩栩如生；二段龙王殿，惟妙惟肖；三段聚宝库，内有“镇宫宝塔”、“定海神针”、“金玉龙床”等宝物；四段龙母阁，“龙宫罗帐”、“龙女浴池”等形象逼真。洞内常年有清溪碧水。身历其境，你会惊叹造物主的鬼斧神工！春湾石林，也称“百页剑门”，从“百页剑门”进入，草地四周矗立着无数如刀似剑的石峰，高60多米，宽50多米，极其险峻奇特。珠江电影制片厂、香港亚洲电视台等这里先后拍摄了《岳飞》等30多部影视片。通天蜡烛位于春湾镇春湾公园湖畔，屹立在碧水莲荷之中的通天蜡烛，高近100米，底宽30米，是春湾石群中拔地擎天的园柱形奇峰。峰顶有一石突起，似烛蕊一般，因此叫做“通天蜡烛”。每到春夏之交，满山树木碧绿与水中莲荷晖映成趣，湖边泛舟垂钓，令客留连忘返.慈云岩慈云寺建于岩前高台上，内有天然大山洞，是阳春著名的古迹之一。前有“三圣”造像。殿后崖壁上的石刻题字有20余处，为清朝中叶至民国时所刻。通真岩又名“刘三妹歌台”，传说刘三姐在此传歌台升仙，故此地又叫“通真岩”。宋真宗御赐“通真”二字；有宋理学家周敦颐等题词。在通真岩旁边的小岩洞里，有一个很像妇女乳房的岩石，千百年来，不停地滴下泉水，当地人叫“地母之乳”，意为大地母亲的乳汁。据传有人用来了擦眼睛，有明目之效.,8：00-17：00,https://tr-osdcp.qunarzz.com/tr-osd-tr-mapi/img/02c35b4de1649cde773338e05a5042cc.jpg_480x360x95_06c8febd.jpg,4.0,,,30元,,2
玉溪三洞Yuxi Three Caves,http://travel.qunar.com/p-oi712948-yuxisandong,"

地址:
阳江市阳春市河朗镇玉溪三洞


电话:
0662-7878008

","玉溪三洞是凌霄景区的一景，相距四公里。玉溪三洞原名三洞天，古名甘婪水，离凌霄岩约2公里，由漠阳江上游——甘婪水穿破三个大石山溶洞而成，总长3公里。洞内泛舟，清泉叮咚，溪水清莹如玉，故又名玉溪三洞。玉溪三洞内石钟乳琳琅满目。玉溪三洞均可坐船浏览。第二洞长330米，水深2-5米，水面宽20-30米，河水清澈如玉，水中多生长鲤鱼。洞中景物丰富，尤以“三变石”为趣，诗人张永枚曰：“远似渔翁钓清流,近如狮子滚绣球，忽变犀牛望明月，一石三景迷轻舟”。第一洞顶的“皇冠”石，...玉溪三洞是凌霄景区的一景，相距四公里。玉溪三洞原名三洞天，古名甘婪水，离凌霄岩约2公里，由漠阳江上游——甘婪水穿破三个大石山溶洞而成，总长3公里。洞内泛舟，清泉叮咚，溪水清莹如玉，故又名玉溪三洞。玉溪三洞内石钟乳琳琅满目。玉溪三洞均可坐船浏览。第二洞长330米，水深2-5米，水面宽20-30米，河水清澈如玉，水中多生长鲤鱼。洞中景物丰富，尤以“三变石”为趣，诗人张永枚曰：“远似渔翁钓清流,近如狮子滚绣球，忽变犀牛望明月，一石三景迷轻舟”。第一洞顶的“皇冠”石，酷似皇冠，游人在船上随即可拍摄一幅头戴皇冠的照片。第一洞长400米，上面有一层旱洞，水面距洞顶高48米，该洞以“金盏叠泉”为壮观，一个个金黄色的石盏满载清澈的泉水往下流。诗人韦丘赞道：“串玉溪穿三洞天，柔情碧水石能言，声声燕语留归客，举浆犹疑落浆难”。一洞的“金盏叠泉”，引人入胜。二洞的“三变石”，为奇观：远望如渔翁垂钓，近观似狮子滚球，后看若“犀牛饮水”令人叹为观止。二洞天外有三窿村，依山临水，梯田叠叠，茂林翠竹，农舍宁静，颇有桃园诗意。其它的景观还有倒挂莲花、皇冠巨石等。",9:00-17:30，17:00停止入场。,https://mp-commentcp.qunarzz.com/mp_comment_mp_comment/1557516468956100i14000000vtt292FF1_D_640_10000.jpg_480x360x95_d743cded.jpg,4.2,建议游览时间：3小时,,"{'玉溪三洞门票成人票\n\n': ['¥35.7起'], '玉溪三洞门票优待票\n\n': ['¥20起']}",,2
白水瀑布Baishui Waterfall,http://travel.qunar.com/p-oi716449-baishuipubu,"

地址:
阳江市阳春市八甲镇鹅凰嶂双髻峰


电话:
0662-7879126

",白水瀑布处于广东省阳春市八甲镇鹅凰嶂的双髻峰下面，海拔为585米，垂直落差为225米，10公里外可见其形，5公里内闻其声。,全天开放,https://tr-osdcp.qunarzz.com/tr-osd-tr-manager/img/8034d21ab0c7d4e2ae2e9e8c4543dadd.jpg_480x360x95_d239a141.jpg,3.8,建议游览时间：1小时 - 3小时,春夏为最佳的旅游时节，雨季降雨量较多，瀑布的垂直落差大，流量大，更加壮观。,具体收费情况以现场公示为主,,2
石觉寺Shijue Temple,http://travel.qunar.com/p-oi709993-shijuesi,"

地址:
新港路17号


电话:
0662-3223846

",石觉寺位于阳江市区南边的漠阳江东南岸，座南向北，是阳江古八景之一，谓“石觉禅林”，被列为县首批重点文物保护单位。香火鼎盛，僧侣云集，八角亭题有“登彼岸”名人字迹，边寺联“漠江水汇三摩地，顿钵山呈一指禅”是清代贡生阎守清所书。清朝进士庄大中、清末著名书法家拔贡林葆莹、清末举人陈德鑫、贡生冯锡年以及社会知名人士项仙侣先生等曾为该寺题联赋诗，传颂至今。,全年 6:00-17:00,https://img1.qunarzz.com/travel/poi/1803/1e/919ad2d2e83bea37.jpg_480x360x95_5c5603b0.jpg,4.6,建议游览时间：2小时,,具体收费情况以现场公示为主,,2
崆峒岩风景区Kongtongyan Scenic Area,http://travel.qunar.com/p-oi703628-kongtongyanfengjingqu,"

地址:
阳江市阳春市河西


电话:
0662-7621313

",崆峒岩位于阳春城西3公里处，寺宇始建于明代万历丁丑年，清乾隆二十一年阳春县令姜山重修，崆峒岩是全国“四崆峒山”之一，洞内分五层，石钟乳形成的狮子岩、瀑布岩、冷西一柱观、和尚拜观音等景观，千姿百态。 崆峒岩岩中有寺， 寺外有峰，自然风景和人文景观俱全，以古雅清幽为特色，是广东省文物保护单位，可游面积达3万多平方米。,09:00—17:00,https://img1.qunarzz.com/p/tts0/1712/21/d8ecb8ab3e2a1f02.jpg_480x360x95_5a0fc29d.jpg,4.1,建议游览时间：2小时 - 3小时,最佳的旅游时节是春夏两季，温度适宜，习习的凉风下拾级而上，观看各种奇峰怪石。,"{'崆峒岩风景区门票成人票\n\n': ['¥21起'], '崆峒岩电子导览服务大小同价\n\n': ['¥6起']}",,2
北山石塔,http://travel.qunar.com/p-oi707266-beishanshita,,北山石塔位于阳江市区北山公园内，是原阳江古八景之一，曾用名有“东山泉石”、“北山耸翠”、 “红陵古塔”等。被列为广东省重点文物保护单位。北山石塔建于南宋宝佑年间（1253―1258年），光绪二年重修，1983年重修，是阁楼花岗岩结构，为省内唯一无灰砌石塔。高18.5米，共九层，由1000多块重达几百公斤的长方石条垒成，塔身往上逐渐缩小，美观大方，造型巧妙。上有“福禄来朝”四字。塔旁有著名的瑞禾石，又叫莲花石，它像一朵巨大的莲花。瑞禾石高、宽各5米，上面刻“瑞禾”两字...北山石塔位于阳江市区北山公园内，是原阳江古八景之一，曾用名有“东山泉石”、“北山耸翠”、 “红陵古塔”等。被列为广东省重点文物保护单位。北山石塔建于南宋宝佑年间（1253―1258年），光绪二年重修，1983年重修，是阁楼花岗岩结构，为省内唯一无灰砌石塔。高18.5米，共九层，由1000多块重达几百公斤的长方石条垒成，塔身往上逐渐缩小，美观大方，造型巧妙。上有“福禄来朝”四字。塔旁有著名的瑞禾石，又叫莲花石，它像一朵巨大的莲花。瑞禾石高、宽各5米，上面刻“瑞禾”两字，直径1米。北山石塔旁的烈士陵园占地面积5千多平方米，1957兴建，1984年重修。烈士纪念碑内藏革命烈士骨灰盒120多个，比较著名的有谭作舟和敖昌？烈士，是我市重要的爱国教育基地。北山公园内还有摩崖石刻、亭台楼阁等景点。山上亭台座座，树木参天。,,,--,,,,,2
龙宫岩Longgongyan,http://travel.qunar.com/p-oi707066-longgongyan,"

地址:
阳江市阳春市春湾镇春湾风景区内


电话:
0662-7823362

",龙宫岩（合石林），位于春湾镇东郊。龙宫岩洞长10000米，洞内景点精致瑰丽，犹如海底龙宫之物。岩洞分四段：首段迎宾廓，彩旗招展，“石鼓”咚咚响，“龙王水族”栩栩如生；二段龙王殿，“钟乳宝塔”、“龙宫浮雕”、“宫壁绣锦”，维妙维肖三段聚宝库，内有“镇宫宝塔”、“定海神针”、“金玉龙床”等宝物；四段龙母阁，“龙宫（巾罗）帐”、“龙母宝镜”、“龙女浴池”等形象逼真。洞内长年伴有清溪碧水，景物隐影生辉。旁边的春湾石林，四周石山翠羽龙鳞、夹角锋利，蔚为壮观。龙宫岩被当地百姓称为龙宫。进入岩内，果然龙宫内陈设一应俱全，一根有如定海神针的柱子（孙大圣的千钧棒）稳稳的竖在龙宫里，连李天王的宝塔亦遗落在此。 ,全年 08:00-17:00,https://img1.qunarzz.com/piao/fusion/1711/74/c526c0a9851c4302.jpg_480x360x95_16005325.jpg,3.9,建议游览时间：2小时,,具体收费情况以现场公示为主,,2
大垌山净业寺,http://travel.qunar.com/p-oi703085-datongshanjingyesi,,"大垌山净业寺位于阳西县城西五公里大垌山，是佛的王国,玉佛数量居全国第一，又称万佛城。净业寺历史悠久，清乾隆五十六年（1791）和道光二年（1822年）两次重修。净业寺初名静业庵,清康熙十六年大规模重修时,改名为净业寺。民国二十年阳江县长李伯振组织修缮，成为著名景点。毁于""文化大革命""期间；1988年阳西建县后重建，初具规模.净业寺群山环绕，风光秀美，古树婆娑，寺内有潺潺流水。净业寺坐西朝东南，宝殿斗拱飞檐，黄瓦朱柱，雕梁画栋，巍然耸立；正门上方，悬挂着中国佛教协...大垌山净业寺位于阳西县城西五公里大垌山，是佛的王国,玉佛数量居全国第一，又称万佛城。净业寺历史悠久，清乾隆五十六年（1791）和道光二年（1822年）两次重修。净业寺初名静业庵,清康熙十六年大规模重修时,改名为净业寺。民国二十年阳江县长李伯振组织修缮，成为著名景点。毁于""文化大革命""期间；1988年阳西建县后重建，初具规模.净业寺群山环绕，风光秀美，古树婆娑，寺内有潺潺流水。净业寺坐西朝东南，宝殿斗拱飞檐，黄瓦朱柱，雕梁画栋，巍然耸立；正门上方，悬挂着中国佛教协会会长赵朴初题写的横匾""净业寺""。2000年，妙空法师尽毕生积蓄，打造两千多尊缅甸玉佛，捐赠大垌山净业寺，中有一尊亚洲最大的缅甸玉卧佛，长7米，高2.5米，重27吨，造型精美，为全国最大的玉卧佛。大垌山净业寺是佛教名刹，慕名来访的名人墨客、达官显贵不胜其数。留下名联：""三载游人重访柳，万花绕砌不妨禅""。全国佛教协会会长赵朴初、中国国画大师关山月分别为大垌山净业寺题辞题字。",,,5.0,,,,,2
南鹏岛Nanpeng Island,http://travel.qunar.com/p-oi715132-nanpengdao,,,,,,,,,,2
东水山景区Dongshuishan Sceneic Area,http://travel.qunar.com/p-oi709811-dongshuishanjingqu,"

地址:
阳江市阳西县新墟镇东水村

",东水山景区位于阳西西北山区，距县城约40公里，主峰鹅凰障高达1337米，是广东省第四高山，山顶可直望南海。东水山景区由于特殊的地理环境和气候，使世界濒临绝迹的许多珍贵植物在这里得以保存下来，已发现的珍稀树种有猪血木、红山茶、月杜鹃等以及各种野生动物，是天然的聚宝库。东水山有漫山遍墅的翠竹、形状各异的各种奇石、独具一格的流水瀑布，还有那古法造纸作坊。绿树掩映的村庄，是那浓浓的山乡风情。坐在古色古香的山庄中吃粗粮，嚼野菜，品山茶，你会感到滋味无穷。位于村后的盘古宫，是东水人来源久远的写照。他们崇拜先人，畏敬鬼神，在东水，有无数人居的岩洞。东水山景区内的望夫人为全国九大望夫山之一。,全天开放,https://tr-osdcp.qunarzz.com/tr-osd-tr-manager/img/70de192f40cef428b5fcfad535247d57.jpg_480x360x95_e6c64d12.jpg,4.6,建议游览时间：1小时,,具体收费情况以现场公示为主,,2
通真岩,http://travel.qunar.com/p-oi701751-tongzhenyan,,通真岩又名铜石岩，是春湾峰林开发较早的一个。相传该岩是刘三姐落迹过的地方，在唐以后逐渐成了名胜。当地百姓为纪念刘三姐，曾在岩内建起楼台琼阁、庙寺神像，每逢农历二月十五日刘三姐诞辰日，便把塑神像抬下山，搭起歌台对歌欢庆。宋代哲学家周敦颐曾来此游，并留下了题刻。,,,--,,,,,3
青竹农家乐园,http://travel.qunar.com/p-oi716307-qingzhunongjialeyuan,,青竹农家乐园位于城郊头堡村，这里山青水秀，环境洁静如人。在头堡村内的青竹农家乐园已成为城市人休闲、娱乐和品尝农家菜的 最佳去处。这里的农民纯朴和热情好客，村内有原始古朴的民居，有富有特色的农家菜肴，有风景优美的河塘水景，有连片绿油油的蔬菜和水果种植基地。每逢节假日游客相聚在这里，有品尝原汁原味农家菜的，有怡然自乐垂钓的，有购买特色农产品的，有野炊烧烤的，有赏乡村山光水色的，各地游客在这里尽兴感受多姿多彩的农家生活。特色的农家菜有：泥火局鸡、泥 鸭...青竹农家乐园位于城郊头堡村，这里山青水秀，环境洁静如人。在头堡村内的青竹农家乐园已成为城市人休闲、娱乐和品尝农家菜的 最佳去处。这里的农民纯朴和热情好客，村内有原始古朴的民居，有富有特色的农家菜肴，有风景优美的河塘水景，有连片绿油油的蔬菜和水果种植基地。每逢节假日游客相聚在这里，有品尝原汁原味农家菜的，有怡然自乐垂钓的，有购买特色农产品的，有野炊烧烤的，有赏乡村山光水色的，各地游客在这里尽兴感受多姿多彩的农家生活。特色的农家菜有：泥火局鸡、泥 鸭、泥 蕃莳和芋头等。,,,3.0,,,,,3
青洲岛,http://travel.qunar.com/p-oi7469232-qingzhoudao,"

地址:
广东省阳江市阳西县青州岛

",,08:30-17:30,https://img1.qunarzz.com/travel/poi/1408/27/2e13af33ba150e80ffffffffc8d65eac.jpg_480x360x95_d0ff5d4b.jpg,5.0,,,,,3
合水镇平北村,http://travel.qunar.com/p-oi713719-heshuizhenpingbeicun,,平北石山群峰：平北村位于阳春市合水镇北部，这里群山环绕着一个广阔草地，面积约1.2平方公里。该处具有典型的喀斯特岩溶地貌特征，一座座巍峨峻峭的石山群峰簇拥屏列，层峦叠翠，奇峰怪石状人状物，如剑锋，如石笋，如怪兽。山上许多溶洞奇形怪状，幽深莫测。山下数十座古朴的农屋座落在青山绿水之间，这里阡陷交错，满月苍翠，环境洁静宜人，宁静幽秘，每逢早晚云雾缭绕，田畴景色美不胜收，一番诱人的水墨风景。走过石山西边后背，便看见阳春的母亲河――漠阳江穿山而过；登上群山...平北石山群峰：平北村位于阳春市合水镇北部，这里群山环绕着一个广阔草地，面积约1.2平方公里。该处具有典型的喀斯特岩溶地貌特征，一座座巍峨峻峭的石山群峰簇拥屏列，层峦叠翠，奇峰怪石状人状物，如剑锋，如石笋，如怪兽。山上许多溶洞奇形怪状，幽深莫测。山下数十座古朴的农屋座落在青山绿水之间，这里阡陷交错，满月苍翠，环境洁静宜人，宁静幽秘，每逢早晚云雾缭绕，田畴景色美不胜收，一番诱人的水墨风景。走过石山西边后背，便看见阳春的母亲河――漠阳江穿山而过；登上群山东北边，那乌古桥近在咫尺，楼房与青山，相映成趣；中间绿油青翠的草地，如画般宁静秀丽。平北田原风光：每逢节假日，大批游人自发到这里领略旖旎的自然风光，众多摄影爱好者纷纷到这里捕捉大自然美景，一些诗画创作者也到这里寻找创作灵感，这里已成为人们回归自然、亲近大自然和享受大自然闲情逸趣的好去处。,,,--,,,,,3
东湖,http://travel.qunar.com/p-oi708683-donghu,,东湖旅游区位于阳江市东南部那龙河上游， 距阳江市区30公里。东湖景色幽美，四面环山，湖区面积达21平方公里，其中水域面积9平方公里，容积为1.2亿立方米，碧水青山，清澈晶莹。湖中108个小岛，连片小岛宛如银盘里的108颗翡翠，种着芒果、荔枝、龙眼、湿地松、桃花，一到春天，有如世外桃源，璀璨奇异。东湖还有一棵出土于那龙河的重达58吨，直径4.3米，长26米的古樟树王，据考证树龄在5000年以上。 湖中有水鱼、黄鱼、生鱼和难得一见的娃娃鱼；陆上有鸬鹚、白鹤、大雁、山鸡、鹰、天...东湖旅游区位于阳江市东南部那龙河上游， 距阳江市区30公里。东湖景色幽美，四面环山，湖区面积达21平方公里，其中水域面积9平方公里，容积为1.2亿立方米，碧水青山，清澈晶莹。湖中108个小岛，连片小岛宛如银盘里的108颗翡翠，种着芒果、荔枝、龙眼、湿地松、桃花，一到春天，有如世外桃源，璀璨奇异。东湖还有一棵出土于那龙河的重达58吨，直径4.3米，长26米的古樟树王，据考证树龄在5000年以上。 湖中有水鱼、黄鱼、生鱼和难得一见的娃娃鱼；陆上有鸬鹚、白鹤、大雁、山鸡、鹰、天鹅、野猪、黄？、水獭、穿山甲等二十多种动物；珍稀植物近千种。,,,4.0,,,,,3
集美轩画廊,http://travel.qunar.com/p-oi3698531-jimeixuanhualang,,,,,--,,,,,3
关山月故居,http://travel.qunar.com/p-oi40015251-guanshanyueguju,,关山月故居位于阳江市江城区，青砖灰瓦，装修简朴，现分为生活馆和作品馆两个区域，展出了关山月大师的一些生活用品和代表作。,,,0.0,,,具体收费情况以景区现场公示为主,,3
北洛秘境国际旅游度假区,http://travel.qunar.com/p-oi39889782-beiluomijingguojilu:you,,,,,0.0,,,,,3
阳江牛岭村,http://travel.qunar.com/p-oi39608603-yangjiangniulingcun,,,,,0.0,,,,,3
阳江东岛金沙滩风景区,http://travel.qunar.com/p-oi39595645-yangjiangdongdaojinsha,,,,,0.0,,,,,3
鸡乸朗村,http://travel.qunar.com/p-oi39439873-jinalangcun,,,,,5.0,,,,,4
青湾仔,http://travel.qunar.com/p-oi39366568-qingwanzi,,,,,0.0,,,,,4
龙高山,http://travel.qunar.com/p-oi39366567-longgaoshan,,,,,0.0,,,,,4
西湖公园,http://travel.qunar.com/p-oi39366533-xihugongyuan,,,,,0.0,,,,,4
阳江阳帆豆豉展览馆,http://travel.qunar.com/p-oi39365866-yangjiangyangfandouchi,,阳帆豆豉展览馆坐落于美丽的中国阳江市漠阳江之畔，位于深海高速白沙出口处，由广东阳帆食品有限公司投资兴建，于2022年正式开馆。来到阳帆豆豉展览馆，您能走进千年中国豆豉文化的发展史，了解百年阳江豆豉酿造的老传统，更能看到阳帆工厂是如何坚持用老传统生产制作阳江豆豉的。希望您能享受这次神奇的豆豉文化之旅。豆豉文化源远流长，是中华民族饮食文化的重要组成部分，阳帆豆豉展览馆一共五层，室内建筑面积约6000平方米，场馆内外可参观面积达3300平方米，由阳帆红色展厅、阳帆人才驿站、研学教室、阳帆豆豉非遗馆、阳帆微生物制曲车间、阳帆露天发酵场、阳帆封闭天然晒场、阳帆书法馆、旅游购物商场九大部分组成。设有专门旅游参观专用通道，配有餐饮区、大型绿化停车场，打造集生产、旅游、休闲、研学为一体的新型工业旅游景区。阳帆豆豉非遗馆由：“阳江豆豉地理标志“、”豆豉文化历史”、“阳江豆豉非遗传承”、“阳江豆豉制作工艺”“阳江豆豉功效”“豆豉饮食文化”六个展区组成。走进阳帆豆豉非遗馆，感受阳江百年的豆豉文化，品味具备特色的阳帆豆豉。通过对百年阳江豆豉酿造工艺的传播和普及，展现中华饮食文化的博大精深，展现中国传统酿造工艺的发展历程，展现阳帆独特的人文魅力。阳帆微生物制曲车间、阳帆露天发酵场及阳帆封闭天然晒场的展示，则集中展示了阳帆对阳江豆豉传统晒制工艺的传承和创新。,,,5.0,建议游览时间：1小时 - 2小时,,,,4
大王宫,http://travel.qunar.com/p-oi39314971-dawanggong,,,,,0.0,,,免费景点，免费停车场 人少,,4
渔家文化展览馆,http://travel.qunar.com/p-oi39173068-yujiawenhuazhanlanguan,,在我国的浙江、福建、广东、广西沿海地区生活着一个疍民族群，他们至今仍保持着以前的生活习俗。“舟楫为宅，捕鱼为生”由于他们的艇形状象蛋，称为“疍家人”。也被称为“水上的吉卜赛人”。闸坡渔家文化展览馆便是以此为根本的文化展览馆。         疍民是个特殊的群体，但对其由来，没有相应的文字史料记载，至今对其起源也没有一个确切和权威的说法。有“古越人避秦军逃入丛簿说”，“吕嘉兵败遁逃江河说”“卢循余党入水上岛说 ”，“元末蒙古人避难流徙说”，“南雄珠矶巷富户破产沦落说”等等。也有人认为疍家人由于常年生活在海上与风浪搏斗，生存环境恶劣练就了他们独特的谋生手段，生命没有保障就像蛋壳一样脆弱，所以被称为“疍家”。这就是疍家人的来源。          随着社会的发展和进步，疍家人先后都已离开海上的漂泊生活上岸居住了，但富有海洋风情的疍家文化得到了传承和发扬。作为汉族分支的疍家人，在近两千年的生存繁衍和发展演变过程中，疍家人以自强不息、百折不挠、具有较强抗争能力和生存能力的社会群体。他们在江河沿海，开创了广阔的天地。这些特殊的水上居民，在中国民俗史上占有一定的地位。,,,5.0,建议游览时间：1小时 - 2小时,,,,4
东平镇风车山,http://travel.qunar.com/p-oi39163888-dongpingzhenfengcheshan,,,,,,,,,,4
月亮湾滨海乐园,http://travel.qunar.com/p-oi39057082-yueliangwanbinhaileyuan,,,,,--,,,,,4
谷寮艺术度假村,http://travel.qunar.com/p-oi38942006-guliaoyishudujiacun,,,,,0.0,,,,,4
瓦晒湾·海洋秘境,http://travel.qunar.com/p-oi37385871-washaiwanhaiyangmijing,"

地址:
阳江市江城区达港路(海陵岛)附近


电话:
0662-3800308

",瓦晒湾海洋秘境位于阳江市海陵岛达港路瓦晒村口，项目以“潜水培训、传承海陵岛渔家文化、海洋奇趣研学、海洋运动拓展”为总体定位，立足“大尺度景观构建，小组团体验连接”的设计思路，围绕“海洋文化探秘奇趣体验”布局，拟将项目打造成为充满梦幻与想象的海洋生物乐游基地、益智益教、寓教于乐的富有社会科学教育意义的魅力之境、阳江市海洋文化综合体标杆项目、广东省海洋亲子研学旅行目的地。,全年 09:00-19:00,,4.1,建议游览时间：2小时 - 3小时,,成人门票58,,6
海陵自由岛旅游度假区,http://travel.qunar.com/p-oi37204111-hailingziyoudaolu:you,,,,,0.0,,,具体收费情况以现场公示为主,,6
北湖公园,http://travel.qunar.com/p-oi37190148-beihugongyuan,,,,,0.0,,,具体收费情况以现场公示为主,,6
春城公园,http://travel.qunar.com/p-oi37189479-chunchenggongyuan,,,,,0.0,,,具体收费情况以现场公示为主,,6
西湖公园,http://travel.qunar.com/p-oi37183519-xihugongyuan,,,,,0.0,,,具体收费情况以现场公示为主,,6
东岳公园,http://travel.qunar.com/p-oi37182448-dongyuegongyuan,"

地址:
东风一路44号之1


电话:
3227405

",,全年 周三-周四 11:30-22:00;全年 周五-周六 11:30-00:00,,0.0,,,具体收费情况以现场公示为主,,6
金山植物公园,http://travel.qunar.com/p-oi37182428-jinshanzhiwugongyuan,,金山植物公园位于阳江市，园内植物众多，设有百竹园，梅花园等，环境优美，适合户外野餐，休闲散步。  ,,,0.0,建议游览时间：1小时 - 2小时,,具体收费情况以现场公示为主,,6
沐舍酒店高空天际泳池,http://travel.qunar.com/p-oi36714241-mushejiudiangaokongtian,,,,,,,,,,6
恒大夏威夷风情小镇,http://travel.qunar.com/p-oi36476689-hengdaxiaweiyifengqing,"

地址:
阳江市海陵岛南海一号大道十里银滩东侧

",恒大夏威夷风情小镇是摄影者的福地、拍照者的天堂，一步一景，景景相扣，景区荟萃8国温泉小镇、10国风情酒吧街、14大美食文化馆、16国风情酒店，处处洋溢着浓浓的异国风情。,全年 全天开放,,0.0,,,具体收费情况以现场公示为主,,6
漠阳湖公园,http://travel.qunar.com/p-oi36414056-moyanghugongyuan,,,,,0.0,,,具体收费情况以现场公示为主,,6
名树公园,http://travel.qunar.com/p-oi36413905-mingshugongyuan,,,,,4.0,,,具体收费情况以现场公示为主,,7
春湾中山公园,http://travel.qunar.com/p-oi36413078-chunwanzhongshangongyuan,,,,,0.0,,,,,7
海陵岛山海经农业大观园,http://travel.qunar.com/p-oi36411263-hailingdaoshanhaijing,,,,,0.0,,,,,7
江城中山公园,http://travel.qunar.com/p-oi36410353-jiangchengzhongshangong,,,,,0.0,,,,,7
名扬湖畔公园,http://travel.qunar.com/p-oi36409748-mingyanghupangongyuan,,,,,,,,,,7
三廉公园,http://travel.qunar.com/p-oi36409499-sanliangongyuan,,,,,0.0,,,具体收费情况以现场公示为主,,7
阳春岗美那马水库,http://travel.qunar.com/p-oi36408650-yangchungangmeineimashui,"

地址:
岗美镇岗美中学旁

",岗美镇那马水库面积广阔，拥有丰富的自然资源，沿水库沿岸开发了云山绿湖旅游度假村。,全年 10:00-22:00,,4.0,建议游览时间：1小时,,,,7
仙家垌水库,http://travel.qunar.com/p-oi36405582-xianjiatongshuiku,,,,,5.0,,,具体收费情况以现场公示为主,,7
叶秀炯美术馆,http://travel.qunar.com/p-oi36397658-yexiujiongmeishuguan,,,,,0.0,,,具体收费情况以现场公示为主,,7
旗岭公园,http://travel.qunar.com/p-oi36219317-qilinggongyuan,"

地址:
阳江市阳春市龙湾雅苑对面

",,全年 全天开放,,--,,,具体收费情况以现场公示为主,,7
星空之眼摩天轮,http://travel.qunar.com/p-oi36122997-xingkongzhiyanmotianlun,"

地址:
阳江市阳东区广雅路星港汇5楼摩天轮广场


电话:
0662-6886276

",星空之眼摩天轮是粤西地区一个屋顶摩天轮，为阳江标志性景点，摩天轮直径为52米，乘客座舱有30个，可同时容纳180位乘客，摩天轮旋转一周所需时间为15分钟，当到达80米时，可以独揽全程人文风光，视野宽阔，这里不仅仅是观景的平台，更是一种蕴含着人与摩天轮的城市休闲生活态度，有属实的娱乐环境、温馨优质的服务，将带给人休闲、娱乐、观光一体的生活体验。,暂无,,4.0,建议游览时间：1小时 - 2小时,,38元,,8
阳江红树林生态旅游区Yangjiang Mangrove Eco-Tourism Area,http://travel.qunar.com/p-oi35913770-yangjianghongshulinsheng,,阳江红树林生态旅游区有大片的红树林，观景栈道，风景宜人。,,,0.0,建议游览时间：1小时 - 2小时,,具体收费情况以现场公示为主,,8
大河水库Dahe Reservoir,http://travel.qunar.com/p-oi35913566-daheshuiku,,,,,0.0,,,具体收费情况以现场公示为主,,8
南山海沙滩Nanshan Beach,http://travel.qunar.com/p-oi35913334-nanshanhaishatan,"

地址:
上洋镇南山海村


电话:
13212345678

",沙滩辽阔，可以看到渔民打鱼，您还可以海边拾贝，浅滩游泳等，是个不错的休闲地。,全年 全天开放,,1.0,建议游览时间：2小时 - 3小时,,具体收费情况以现场公示为主,,8
三山岛Sanshan Island,http://travel.qunar.com/p-oi35913207-sanshandao,,三山岛位于海陵岛的东南方，这里生态环境原始，景色十分美丽，是驴友们喜爱的岛屿之一。,,,5.0,建议游览时间：3天 - 6天,,具体收费情况以现场公示为主,,8
大澳商会,http://travel.qunar.com/p-oi35913115-daaoshanghui,,,,,0.0,,,,,8
螺洲海滨公园Luozhou Seaside Park,http://travel.qunar.com/p-oi35912781-luozhouhaibingongyuan,"

地址:
海陵岛试验区闸坡镇蓝波湾大酒店对面


电话:
4008777837

",螺洲海滨公园的风景很美，这里的沙质细软，踩在脚下很舒服，可以在这里看日出和日落，还可以在沙滩上捡到贝壳和寄居蟹，特别可爱。,全年 全天开放,,0.0,建议游览时间：2小时 - 3小时,,具体收费情况以现场公示为主,,8
大塘坞水库Datangwu Reservoir,http://travel.qunar.com/p-oi35912554-datangwushuiku,,,,,0.0,,,具体收费情况以现场公示为主,,8
大洲村古村落Dazhou Ancient Village,http://travel.qunar.com/p-oi35912126-dazhoucungucunluo,,大洲村古村落是由七间大屋、横屋、炮楼等合围而成的古建筑群，距今有240多年历史。,,,3.0,建议游览时间：12小时 - 3天,,具体收费情况以现场公示为主,,8
飞鹅岭森林公园Feieling Forest Park,http://travel.qunar.com/p-oi35911886-feielingsenlingongyuan,,,,https://tr-osdcp.qunarzz.com/tr-osd-tr-space/img/9aeb28d74a6ff5bbe499638aa123e21e.jpg_480x360x95_ee26ebe8.jpg,0.0,,,具体收费情况以现场公示为主,,8
"广东省阳江市竹林禅院Bamboo Forest Temple, Yangjiang City, Guangdong Province",http://travel.qunar.com/p-oi35645256-guangdongshengyangjiang,,竹林禅院位于阳江市阳西县，为原市红十月农场，属罗琴山脉，群峰绵延耸翠，青松弹曲，溪流梵韵，点缀着这座佛教禅院，在宏伟古朴与精工建造中特显幽雅和庄严。,,,--,建议游览时间：1小时 - 2小时,,具体收费情况以现场公示为主,,9
酒饭垌Jiufandong Village,http://travel.qunar.com/p-oi35643534-jiufantong,,,,,5.0,,,具体收费情况以现场公示为主,,9
冷死鸡Lengsiji Hill,http://travel.qunar.com/p-oi35388110-lengsiji,,,,,--,,,具体收费情况以现场公示为主,,9
三佰两银山Sanbailaingyinshan Village,http://travel.qunar.com/p-oi35386203-sanbailiangyinshan,,,,,--,,,具体收费情况以现场公示为主,,9
钟蕉垌Zhongjiaodong Village,http://travel.qunar.com/p-oi35384529-zhongjiaotong,,,,,--,,,具体收费情况以现场公示为主,,9
清湾坑,http://travel.qunar.com/p-oi35384477-qingwankeng,,,,,--,,,具体收费情况以现场公示为主,,9
蜈蚣坑,http://travel.qunar.com/p-oi35320552-wugongkeng,,,,,--,,,具体收费情况以现场公示为主,,9
根竹寨,http://travel.qunar.com/p-oi35305093-genzhuzhai,,,,,5.0,,,具体收费情况以现场公示为主,,9
合岗村林场Hegang Village Forest Farm,http://travel.qunar.com/p-oi35300618-hegangcunlinchang,,,,,--,,,具体收费情况以现场公示为主,,9
"海陵岛水晶宫Crystal Palace, Hailing Island",http://travel.qunar.com/p-oi35216686-hailingdaoshuijinggong,,位置就在南海一号博物馆后面的沙滩，沙滩很漂亮，有沙滩摩托车可以玩，非常的不错，是个休闲度假的好去处。,,,0.0,建议游览时间：2小时 - 3小时,,具体收费情况以现场公示为主,,9
海陵岛山底古村Shandi Ancient Village,http://travel.qunar.com/p-oi35216401-hailingdaoshandigucun,,,,,0.0,,,具体收费情况以现场公示为主,,10
飞龙寺Feilong Temple,http://travel.qunar.com/p-oi35216167-feilongsi,,飞龙寺位于东平镇玉豚山，坐落在半山腰，四周环境优美，三面环海，有“慈航普渡”之意。,,https://tr-osdcp.qunarzz.com/tr-osd-tr-space/img/aa32159713e788eb4bec20d23f9114d4.jpg_480x360x95_c972712b.jpg,0.0,建议游览时间：1小时 - 2小时,,,,10
牛塘山文化览胜景区Niutang Shan Wenhua Lansheng Sceneic Area,http://travel.qunar.com/p-oi35214923-niutangshanwenhualansheng,,这里群山环绕，绵延不绝，山顶还有观景亭，可以俯瞰海港渔船，景色秀丽壮观。,,,2.0,建议游览时间：3天,,,,10
海陵岛国家海洋公园Hailingdao Guojia Haiyang Park,http://travel.qunar.com/p-oi35213589-hailingdaoguojiahaiyang,,海陵岛国家海洋公园位于阳江市西南端的南海北部海域，这里四面环海，有阳光沙滩和海水的结合，被评为中国十大美丽海岛之一。,,,5.0,,,,,10
东平大澳渔家文化邨,http://travel.qunar.com/p-oi35213289-dongpingdaaoyujiawenhua,,东平大澳渔家文化邨 是广东省较为完整保存明原始渔家小屋风貌的渔村，依山傍水，美丽富饶。村内有大澳商会会馆、银库、门楼和街道、万人坟古墓等古迹，和渔家风情博物馆、观音庙等现代景点。,,,4.2,建议游览时间：12小时 - 3天,,具体收费情况以景区现场公示为主。,,10
闸波Zhabo Bay,http://travel.qunar.com/p-oi35198770-zhabo,,,,,5.0,,,,,10
鸡笼顶大草原Jilongding prairie,http://travel.qunar.com/p-oi35198238-jilongdingdacaoyuan,,鸡笼顶大草原风光独特，灌木林与草地泾渭分明，山脊长着厚厚的硬实的一层草皮，山坳全部长着苍翠的灌木林。这里数量繁多的动植物种类、高浓度的负离子及充裕的水资源都十分适合“森林浴”。,,https://tr-osdcp.qunarzz.com/tr-osd-tr-space/img/ff92c17171708d8b74fcb6e5ba583628.jpg_480x360x95_f2fd3cd3.jpg,0.0,建议游览时间：3天,,,,10
阳江市阳江漆器博物馆Yangjiangshi Yangjiang Qiqi Museum,http://travel.qunar.com/p-oi34274344-yangjiangshiyangjiang,"

地址:
阳江市阳东区雅韶镇雅白线广东西部沿海高速雅韶入囗前300米

",,全年 周二-周日 9:00-17:00,https://tr-osdcp.qunarzz.com/tr-osd-tr-space/img/5e448b9eb8fb354c7d2154cfcc980d35.jpg_480x360x95_706c8387.jpg,--,,,免费,,10
阳江漆器博物馆Yangjiangqiqi Museum,http://travel.qunar.com/p-oi32762994-yangjiangqiqibowuguan,,阳江漆器博物馆位于阳江漆艺院内，是2016年底增设的一间民间博物馆，内设有阳江漆器历史展厅、阳江漆艺精品展厅、阳江漆艺制作流程动态展演区与阳江漆艺文创产品展销厅，陈列了300多件颇具代表性的漆器和漆画。阳江漆艺院是广东省非物质文化遗产传承基地及阳江市政府文化强市的重点建设项目，于2014年3月6日经文化部认定为“国家级非物质文化遗产代表性项目保护单位”，因此，阳江漆艺院肩负着对濒危的国家非物质文化遗产名录“漆器髹饰技艺”（阳江漆器髹饰技艺）进行抢救性保护、传承和发展的重任。,,,0.0,,,具体收费情况以现场公示为主,,10
燕山湖生育文化公园Yanshanhu Shengyu Culture Park,http://travel.qunar.com/p-oi31685472-yanshanhushengyuwenhua,,燕山湖生育文化公园依湖而建，绿树成荫，种植有桂圆树，还可以看到与计划生育相关的雕像和宣传语。,,https://tr-osdcp.qunarzz.com/tr-osd-tr-manager/img/ded4d8f0cfee5e86249bce95de3ccbd2.jpg_480x360x95_3e44c6b0.jpg,4.7,建议游览时间：1小时 - 2小时,,具体收费情况以现场公示为主,,10
