名字,链接,地址,介绍,开放时间,图片链接,评分,建议游玩时间,建议季节,门票,小贴士,Page
牛背山Niubei Mountain,http://travel.qunar.com/p-oi5419839-niubeishan,"

地址:
雅安市荥经县牛背山镇建政村


电话:
13388344464

",牛背山，位于四川省雅安市荥经县境三合乡瓢儿沟，因山顶一面悬崖有巨石突出酷似牛头，山脊细长貌似牛背而得名（也称“野牛山”）。这里是山路崎岖，景色秀丽，无论是徒步爱好者或是摄影发烧友，本线路都可谓是难忘的行摄之旅。游客登牛背山有2种选择：徒步前往或是坐当地越野车前往。徒步上山登顶需8小时左右，较为劳累，适合体力好的登山爱好者，而坐当地越野车只需半天。当你到达山顶后，会觉得一切的辛苦和劳累都是值得的。气势磅礴的雪山、云海、佛光一一展现在你的眼前，这般无与伦比的景色只有亲身体会才能感受到。在这拍摄风景大片再合适不过了，几乎不需要PS和滤镜，只需按下快门，一幅壮美的风景照便完成了。,全年 全天开放,https://img1.qunarzz.com/travel/d9/1603/62/147363b58b83faf7.jpg_480x360x95_189ff1b1.jpg,4.4,建议游览时间：3天 - 6天,最佳前往时间是4-5月，处于海拔3800米的牛背山顶，在这个季节空气是非常干燥的，大雾天气相对就会少了许多。当然，这也是牛背山一年中观看壮丽云海最好的时间段。雨季时间是6-11月，由于地处气候分隔带，在这样的时间段受雨季影响也是显而易见的，多雨的季节也给通往牛背山的路增加许多危险和困难。这个时间段的牛背山相对全年来说，大雾和落雨的概率也高了许多。结冰时间是12月-3月，这个时间也并非是一塌糊涂的，反而在这个时间内去牛背山观景看到壮丽云海的几率也很高。只是由于牛背山处于海拔3800米的位置，通往牛背山的自驾线路和徒步线路都盖上了非常厚的雪，甚至很多地方已经结冰，安全无法得到有效保障，因此不做推荐。,"{'牛背山门票成人票\n\n': ['¥160起'], '牛背山门票学生票\n\n': ['¥80起'], '牛背山门票老人票\n\n': ['¥80起']}",住宿问题：由于牛背山未开发，在山顶只有当地藏民和汉民开的几家山顶客栈，条件简陋，夜晚还要用发电机发电，山顶有信号，通铺的话50元一个人，席梦思床略贵，大概100元一人。最好要提前预订。山顶的客栈老板都很热情，在去之前如果大家想知道当前天气情况，都可以打个电话问问他们，他们是一直都待在山顶，对天气情况非常了解。TIPS1、山顶的住宿是按人头而不是按床位收费的，哪怕三个人挤一张床也是一个人50元。2、山上的帐篷是通铺，一个大床上睡6-8个人，是挨在一起睡的，所以要去的朋友应该计划一下，爱干净的童鞋可以带睡袋。3、很多客栈都是山顶山下同时开的，可致电客栈咨询。上山前，请一定提前预定好山顶客栈，不然很有可能没有住宿。山顶温度比较低，建议带厚睡袋，并带上几片暖宝宝，以备不时之需。1、徒步上山，身体要略向前倾；攀登陡峭山坡应走“之”字形路线；下山时，身体应稍后仰，放松下肢肌肉，以免腰腿酸痛。2、驴友们一定不要一直追求速度，正常的徒步速度一般是每小时行进3.6公里，如果实在走不动了，不要逞强，看看路边的美丽风景。3、牛背山地处高原气候，昼夜温差较大，注意保暖。高原日照强，紫外线强。长时间徒步，请戴上太阳帽，涂抹防晒霜，戴上魔术头巾。4、牛背山的垂直度很高，基本上是沿着盘山公路，走山路差不多要12个小时，沿途地形复杂，悬崖峭壁、断崖、河床、山路难走，倘若一个人建议还是谨慎前往，女生最好是结伴。5、爬山时随身携带一根登山棒真的可以减轻你的很多负担，另外请随身带一个垃圾袋，因为随着景区驴友的增多，景区已经开始有所污染了，这已经不仅仅是为了牛背山的明天。,1
上里古镇Shangli Ancient Town,http://travel.qunar.com/p-oi707935-shangliguzhen,"

地址:
雅安市雨城区雅上路


电话:
0835-2316596

",上里古镇位于雅安市雨城区，小镇依山傍水，游客可以欣赏保留至今的许多明清风貌的吊脚楼式建筑。古镇不大，在此游玩可以放慢脚步，慢慢品味古镇的韵味。在古镇内闲逛，可以去感受一下古镇“井”字的布局（取“井中有水”防止火患之意）。古镇流水环绕，面向田野小丘，与四周古树、修竹、溪水、古桥相映成趣，宛若一幅田园山水画，在这拍照取景非常合适。上里古镇初名“罗绳”，是历史上南方丝绸之路临邛古道进入雅安的重要驿站，是唐蕃古道上的重要边茶关隘和茶马司所在地；近代又为红军长征过境之地。又因场镇内有韩、杨、陈、许、张（韩家银子—钱、杨家顶子—官、陈家谷子—田、许家女子—靓、张家锭子—斗）五大家族居住在此，故俗称“五家口”。,全年 全天开放,https://img1.qunarzz.com/travel/d9/1705/50/8243be03fe6e03b5.jpg_480x360x95_0364f2a4.jpg,4.2,建议游览时间：3小时,上里属亚热带湿润季风气候，一年365天，淫雨霏霏之日便有板有眼180天之多，年均降雨量1800毫米。春季：回暖早，雨量相对较小。春季的上里山清水秀，空气清新，景韵独特。夏季：气温较高，5月开始降水会更加集中，出行需要注意携带雨具。秋季：多绵雨，雨量较大，但气温舒适，可以看到不一样的水墨上里。冬季：无严寒，霜雪少。全区属立体性气候，年均气温14.4－17.9度，年日照1000-1200小时，无霜期280－300天，年平均降雨量达1000毫米以上，雅安、天全等市县达1700毫米以上。气候宜人，年平均气温16.2℃，冬暖夏凉，空气清新，享有“雨城”之美称。属亚热带湿润季风气候。雅安自古便有“华西雨屏”、“西蜀漏天”之称。一年365天，雅安淫雨菲菲之日便有板有眼180天之多，年均降雨量1800毫米，降水时数高达2328小时，可谓名副其实的“雨城”。   雅安旅游资源丰富多样，一年四季都可游览，需要注意的是来这里一定要准备好雨。一年均可以来到上里镇，阴雨绵绵的古镇别有一番特色。,具体收费情况以现场公示为主,1.上里古镇雨水丰富，出行应携带雨具。2.走在水边时要注意，地上的碎石小路长着青苔，以防滑倒。3.上里古镇属属山区地貌，因此，从雅安行车至古镇时，弯道多，且沿途三轮摩托较多，要控制车速。另外，古镇至白马泉有急弯，请谨慎驾驶。4.古镇多狗，这也算上里的特色之一。虽然大多数没被拴住的狗据说都不咬人，但还是令人生畏，有小孩同行时，多提请注意。5.古镇住宿单位多木质，请注意防火，尤其是抽烟的游客。,1
孟获城Menghuo Castle,http://travel.qunar.com/p-oi7644498-menghuocheng,"

地址:
雅安市石棉县栗子坪乡孟获新村


电话:
0835-8889888

",,全年 全天开放,https://img1.qunarzz.com/piao/fusion/1906/e7/e7f58ed23c6a7002.jpg_480x360x95_deb34a1d.jpg,3.9,建议游览时间：3小时 - 4小时,,具体收费情况以现场公示为主,,1
碧峰峡Bifengxia Giant Panda Base,http://travel.qunar.com/p-oi709288-bifengxia,"

地址:
雅安市下里乡碧峰镇碧峰峡风景区


电话:
0835-2318091,0835-2318077


官网:
http://www.bifengxia.com/

",碧峰峡位于雅安市雨城区下里乡，整个峡谷走完约需4小时，乘坐景区电瓶车可直达熊猫园。漫步在园中的白熊坪、熊猫幼儿园、豹子山等区域，都能看到半放养状态的大熊猫，看着萌萌的大熊猫，心情也格外好起来了。还有野生动物园也值得一去。游玩碧峰峡，要完整游玩可能需要6小时甚至一天时间，如果想要玩得轻松一点，不妨在景区附近住宿一夜。景区大门外农家乐中心有数十家农家乐，包食宿。此外，景区内也有不少饮食摊档，玩累了可以坐下吃点喝点，受游人欢迎的是家常腊排骨，香辣可口，有兴趣可以尝尝。景区导览图,01/01-04/30 08:30-16:30;05/01-10/07 08:00-16:30;10/08-12/31 08:30-16:30,https://img1.qunarzz.com/travel/d9/1508/cc/daf0cc230340ac.jpg_480x360x95_0a0b8f37.jpg,4.4,建议游览时间：4小时 - 6小时,夏季最为适宜，实乃避暑休闲好去处。,"{'碧峰峡（含大熊猫基地门票+观光车票+电梯票）门票成人票\n\n': ['¥95起'], '碧峰峡（含动物园+猛兽区观光车+动物行为展示）票成人票\n\n': ['¥175起'], '碧峰峡野生动物世界门票(含动物园+猛兽区观光车+动物行为展示)儿童票\n\n': ['¥90起']}",,1
"二郎山喇叭河风景区Laba River Park, Erlangshan National Park",http://travel.qunar.com/p-oi716077-erlangshanlabahefengjing,"

地址:
雅安市天全县二郎山喇叭河景区


电话:
028-84165585


官网:
http://www.labahe.com/

",二郎山喇叭河风景区位于夹金山东南麓，处在绵延起伏的龙门山、邛崃山山脉的南缘，是四川盆地向川西高原过渡的高山深谷地带。整个景区旅游资源可划分为昂洲河、漩漩沟、蜂子河、大峡等八大景点。景区内生态环境良好，动植物种属丰富，珍稀保护品种众多，是国家森林公园自然保护区。保护区内已知兽类约46种、鸟类型约160种、鱼类约7种、爬行类约14种，其中有大熊猫、扭角羚、金丝猴、小熊猫、水鹿、豹、川陕哲罗鲑等重点保护野生动物。这里每年都会举行冰雪节，曾以“圣诞集市”、“冰雪灯光秀”、“浪漫暖冬季”等为主题的热门活动，深受广大游客的喜爱。深冬时节，景区内白雪皑皑，在严寒凛冬中透着生机与雪趣，放眼望去雾凇满枝、奇观秀景，如同雪国般的景色令人沉醉其中。届时，你可以在焦山索道乘坐缆车，将此美景尽收眼底。登山线路推荐一：二郎山喇叭河风景区核桃坪－双石溪－莲香坡－翡翠长廊－鹿池路程：3公里。路面：碎石路，缓缓而上，颇不太陡。特别看点：登山道沿溪而上，两岸绿树成荫、鸟语花香，河中溪水潺潺，清澈见底，可边玩边走。走累了，不愿再走回来，还可以乘坐景区的高山滑水道“漂流而下”。推荐二：五彩谷－滑雪场－箭竹林－牛井沟－原始森林路程：7-8公里。路面：3公里木栈道和4公里多山路。特别看点：原始森林木栈道登山更轻松、更凉快，海拔较高，可俯览景区，山林中经常可见野生动物。红叶观赏期：10月底－11月底（赏红叶较好的时间只不过十来日，所以建议出行前先咨询景区。另外，天气也特别重要，出行时尽量选择晴天）。,全年 08:30-17:00,https://img1.qunarzz.com/travel/d3/1701/a4/500b7d2140ab7cb5.jpg_480x360x95_4af92df5.jpg,4.3,建议游览时间：3小时 - 4小时,四季皆宜。,"{'二郎山喇叭河旅游景区门票+观光车票成人票\n\n': ['¥83起'], '二郎山喇叭河旅游景区门票+观光车票优待票\n\n': ['¥58起'], '二郎山喇叭河旅游景区门票+观光车票学生票\n\n': ['¥58起']}",,1
红石滩,http://travel.qunar.com/p-oi9644787-hongshitan,,二郎山喇叭河旅游景区红石滩于2016年中秋节当天由工作人员巡山途中无人机拍摄偶然间发现。,,https://img1.qunarzz.com/travel/d9/1709/be/defd265deb6e32b5.jpg_480x360x95_21e90469.jpg,--,,,,,1
达瓦更扎Mount Dawagengzha,http://travel.qunar.com/p-oi9533076-dawagengzha,"

地址:
四川省雅安市宝兴县硗碛藏族乡嘎日村嘎日组27号


电话:
0835-5906616

",达瓦更扎位于雅安市宝兴县硗碛藏族乡嘎日村境内，是四姑娘山的幺妹峰。这里海拔在3900米左右，在山峰上向北望，能够看到四姑娘山，南面则是帕格拉神山，西面还有贡嘎群峰。山中景色优美，能够看到森林、草原、峡谷和湖泊，幸运的话还能看到云海和日照金山的美景。,全年 8:00-17:30,https://img1.qunarzz.com/travel/d1/1704/7d/d38358a511c069b5.jpg_480x360x95_629c20ad.jpg,3.8,建议游览时间：12小时 - 3天,,"{'达瓦更扎门票+观光车票成人票\n\n': ['¥140起'], '达瓦更扎门票+观光车票学生票\n\n': ['¥110起'], '【达瓦更扎+神木垒纯玩2日游】云海/日出/星空|可选山顶露营帐篷\n\n': ['¥256起']}",山路这里的路要比牛背山的路好很多，但是还是比较险的，有些弯道坡度较大，比较急，千万要注意，最好选择有四轮驱动的车辆前往，因为一旦下雪，道路会结冰，须挂上防滑链前行，以防打滑。还有就是一切车辆最好停在砂石路面上，千万不要开进草坪里面，以防陷进去。因为我们这次就遇到过这个问题，费了很大的力气才将车推了出来。吃住由于达瓦更扎属于尚未开发的区域，所以山顶无任何住宿与食物，须游客自身携带露营和路餐。如果有需要可以在山下的神木垒景区或硗碛乡住宿。食物的话如果没有带路餐的话，建议在宝兴县采购一切需要的食材与路餐，包括水源，因为山上面没有饮用水，中午饭可以选择在宝兴县解决，吃完饭后直接上山。扎营山上的露营地大概有5处可以供大家扎营的平台，车辆也可以停放，但是由于达瓦更扎山顶的平台较小，停车的地方太窄，所以不建议大家一窝蜂涌往山顶，可以选择在离山顶不远的地方扎营，停车，例如我们扎营的营地大概距离山顶5公里，由于道路结冰，行进较慢，徒步大概2个半小时左右才能到山顶，徒步的时候注意靠山体的这边行走。,1
神木垒Shenmulei,http://travel.qunar.com/p-oi8595112-shenmulei,"

地址:
雅安市宝兴县硗碛藏族乡


电话:
0835-6868999

",神木垒在藏语里是神仙玩耍的地方，以森林、雪山、溪流、高山草甸、高山钙化流池为主体景观。景区主要包括红杉坪、根雕园、帕格拉神山仁赞喇嘛神山、五彩池、松椤园等景点，是成都周边游的好去处。神木垒既有参天古木，也有高原草甸，原始森林的风貌保存得很好。景区内还新修建了旅游山道和木桥，能让人轻松穿行在空气清新的天然氧吧。在这里能看到藏族牧民的牛羊、骡马等动物在山坡草甸惬意地啃食牧草，让人觉得仿佛到了世外桃源。,8:30-17:00，具体开放时间以景区现场公示为准。,https://img1.qunarzz.com/travel/d3/1612/cb/878d71ec2f4388b5.jpg_480x360x95_dcce68a2.jpg,4.1,建议游览时间：2小时 - 4小时,,"{'神木垒门票成人票\n\n': ['¥51起'], '神木垒门票优待票\n\n': ['¥26起'], '神木垒手机智能导游讲解服务大小同价\n\n': ['¥6起']}",,1
蒙顶山Mengding Mountain,http://travel.qunar.com/p-oi708181-mengdingshan,"

地址:
雅安市名山区蒙顶山风景名胜区


电话:
0835-3232089,0835-3232118,028-86182166

",蒙顶山因“雨雾蒙沫”而得名，古称“西蜀漏天”。自古便与青城、峨嵋并称蜀中三大名山，素有“蒙顶天下雅”之美誉。早在西汉时期，蒙顶山就已经形成了对女娲神、大禹神、茶神的信仰。2004年第八届国际茶文化研讨会通过的《蒙顶山世界茶文化宣言》宣告：蒙顶山是世界茶文明发祥地、世界茶文化发源地、世界茶文化圣山。景区面积为45平方公里，海拔1456米，景区内有距今2000多年的古银杏群、1500多年的老茶树、红豆杉以及各种珍贵鸟类27种，森林覆盖率达98%，每立方厘米空气里富含3万负氧离子。这里夏季较高气温仅25°，常年雨水充沛，四季云雾缭绕，温差适度，气候宜人，是万物生长，人类生存的理想之地。更是被古代天文学家袁天罡称之为“天道循环、水之大汇，气之大聚”的中心穴位。,全年 08:30-18:30,https://img1.qunarzz.com/travel/d0/1604/a8/8c9cecf5597f15f7.jpg_480x360x95_0dc694bf.jpg,4.9,建议游览时间：2小时 - 3小时,四季皆宜，需要注意的是来这里一定要备好雨具。,"{' 蒙顶山门票成人票\n\n': ['¥19.9起'], ' 蒙顶山门票儿童票\n\n': ['¥26起'], ' 蒙顶山门票优待票\n\n': ['¥26起']}",,1
夹金山Jiajin Mountain,http://travel.qunar.com/p-oi713504-jiajinshan,"

地址:
雅安市小金县南部


电话:
400-828-0828

",夹金山又名“甲金山”，藏语称为“甲几”，夹金为译音，意为很高很陡的意思。位于小金县东南，属邛崃山脉，横亘于小金县达维乡与雅安地区宝兴县之间，海拔4124米。夹金山还是青衣江的发源地，湍流而上，两岸悬崖陡峭，谷幽峡深，湖泊明净，瀑布飞溅，野生动植物随处可见，构成一幅使人向往的自然景观。这里也是雅安通往小金四姑娘山的必经之道。夹金山是中国工农红军长征徒步翻越的第一座大雪山。1935年6月12日下午，红一方面军一军团2师4团在团长王开湘、政委杨成武带领下，克服千难万险，终于从夹金山南麓的硗碛乡成功翻越夹金山，与正在执行任务的红二十五师七十四团的一部，在山下的达维乡的木城沟沟口地带相遇。意外的相逢，为实现中国工农红军第一、四方面军两大红军主力的胜利会师奠定了基础。,9:00-18:00,https://img1.qunarzz.com/travel/d5/201404/02/ed941babcb65ce68ddb12cfb.jpg_480x360x95_9ebcabfd.jpg,4.4,建议游览时间：2小时 - 4小时,雅安旅游资源丰富多样，一年四季都可游览，需要注意的是来这里一定要准备好雨。,"{'清源山门票成人票\n\n': ['¥58起'], '清源山门票儿童票\n\n': ['¥35起'], '清源山门票老人票\n\n': ['¥35起']}",,1
清代立交桥,http://travel.qunar.com/p-oi7475904-qingdailijiaoqiao,"

地址:
雅安市雨城区上里古镇

",高桥又称清代立交桥，桥面高起，距离水面有十多米，桥身平坦宽阔——这样的设计既保证了人流货运的畅通，也保证了丰水季节的出入安全。高桥是上里古镇过去最大的一座桥梁，也是南丝路驿道进入古镇的主要通道。值得一提的是，在这座石桥东西两端的桥身之下，还各建有一人行通道，这样桥上、桥下皆可通行，被当地人誉为清代的“立交桥”。想当年，高桥上马帮铃响，络绎不绝，桥下则人流如注，来往喧嚣。古镇的热闹，丝路的繁华，在这高桥身上可窥一斑。,全天,https://img1.qunarzz.com/travel/poi/1409/17/4811d34fc56085bffffffffc8d65eac.jpg_480x360x95_09fef857.jpg,5.0,建议游览时间：0.5小时,四季皆宜。,免费,,2
二仙桥,http://travel.qunar.com/p-oi5942820-erxianqiao,"

地址:
四川省雅安上里古镇西约200米处的陇西河

",二仙桥位于古镇西约200米处的陇西河上，属市级文物保护单位。清乾隆初第一、二次建成后均被洪水冲毁，第三次再建于清乾隆四十一年（公元1776年）建成，该桥为高卷拱单孔石桥，桥面两侧有石栏，此桥与周围山峦、河水、田野相映有江南水乡美景之感。站立于桥上物影倒影水中，充满着诗情画意，桥南田野间耸立着数十座馒头小山包，人称“十八罗汉拜观音”；桥北为天台山，如遇晴天可观尝到天台山脉由由山脊构成的巨型卧佛。,全天,https://img1.qunarzz.com/travel/poi/201406/18/3f270e34045ce848ddb12cfb.jpg_480x360x95_dad55584.jpg,4.5,建议游览时间：0.5小时,,免费,,2
雅安周公山国家森林公园Zhougong Mountain Forest Park,http://travel.qunar.com/p-oi711076-yaanzhougongshanguojia,"

地址:
四川省雅安市雨城区周公河畔


电话:
0835-2312009

",周公山古称蔡山，地处于四川省雅安市雨城区东南风景秀丽的周公河畔，距雅安市区（雨城区）仅只有1公里，诸葛武侯征讨西南蛮夷途径于此，而梦见周公，故名周公山。周公山自汉唐以来逐渐成中国历史名山，山上庙宇众多，古建筑鳞次栉比，风光秀丽。周公山已被批为森林公园，是远近闻名的旅游胜地。,全年 全天开放,https://img1.qunarzz.com/travel/poi/201407/30/2e3797db83e6d323c8d65eac.jpg_480x360x95_f3f8e94d.jpg,4.4,,四季皆宜，注意防雨。,具体收费情况以现场公示为主,,2
东拉山大峡谷Dongla Mountain Canyon,http://travel.qunar.com/p-oi706638-donglashandaxiagu,"

地址:
雅安市宝兴县陇东镇


电话:
028-68730898

",东拉山大峡谷位于龙门山脉邛崃山脉南部的宝兴段，地处四川省雅安市宝兴县陇东镇境内，距离成都235公里，雅安市98公里，宝兴县28公里。景区包括东拉山沟、赶羊正沟、鹿井沟、桂嫱湾、猫子湾等5大景片，集典型的峡谷地貌和雪山草原等自然景观于一体，是川西峡谷地貌自然景观的代表。山中奇峰异景，溪水飞瀑，雨雾红叶，林鸟山兽，让人目不暇接。春看万紫千红，夏观草原峡谷，秋赏彩林野桂，冬望雪山冰瀑。尤其秋季来临，接连的秋雨，迎来霜降，东拉山的树叶逐渐由绿色转为红色。放眼望去，秋林尽染，红叶烂漫，在万亩野生桂花林的绿中尽情绽放。此外，东拉山大峡谷在自驾车旅游者中很有名气，是环线自驾游中比较惬意的地方之一。贴士：每年霜降前后至11月中下旬为东拉山大峡谷红叶观赏季节。红叶期按时间划分为：高海拔峡谷红叶期、彩林期、雪山红叶期。,全年 全天开放,https://img1.qunarzz.com/travel/poi/1803/f0/9d7c622522d2037.jpg_480x360x95_069cafbe.jpg,4.2,建议游览时间：1小时,四季皆宜。,具体收费情况以现场公示为主,,2
九襄镇,http://travel.qunar.com/p-oi7527087-jiuxiangzhen,"

地址:
四川省雅安市汉源县

",九襄镇古称汉源场、汉源街，历史悠久，农商发达，为汉源县经济、文化中心，是连接雅、甘、凉三市州的民族走廊，商阜物质集散中心。相传诸葛亮翻过大相岭，遥望九襄坝子沃野平畴，大丞相由衷感叹：天下绝收，此地半收，天下大乱，此地无忧！九襄的建制历史已有1800多年，南丝路和茶马古道在此交汇，这里自古重德尚文，物产丰富，商贸繁荣。戊戌变法时，曾因九襄下辖九个乡镇，民众互助友爱，因而得名九襄。,全天,https://img1.qunarzz.com/travel/d0/1609/60/a4f48c1d986f6db5.jpg_480x360x95_07f6251e.jpg,4.7,建议游览时间：2小时 - 1天,每年5月-8月游玩最佳。古镇内鸟语花香，植被茂盛。,免费,,2
乌斯河镇,http://travel.qunar.com/p-oi7527084-wusihezhen,"

地址:
汉源县凉山彝族自治州甘洛县	

",汉源县乌斯河镇位于汉源县城东37公里处。为汉（源）乌（斯河）、金（口河）乌（斯河）、皇（木）越（西）公路与成昆铁路的交点。北靠皇木镇，西以火草坪、大海子同顺河彝族乡交界，南隔大渡河与甘洛县大桥、黑马二乡相望。面积54.2平方公里，辖复兴、大堡、甘蜜、沙觉、贾托、万里、苏古7个村民委员会41个村民小组，34个自然村，2591户；8927人；为汉、彝、藏杂居地。海拔680-2000米。镇政府驻乌斯河上沙坝，海拔680米。,全天,https://img1.qunarzz.com/travel/d7/1606/5f/50844e37731a689a.jpg_480x360x95_bc9f16f6.jpg,--,,,,,2
金凤寺,http://travel.qunar.com/p-oi706180-jinfengsi,"

地址:
四川雅安市

","金凤寺，西距雅安市区三公里，前临清衣江，后枕蒙山，山形呈“青龙绕凤”之势，环境幽静雅致，是雅安八属之古迹。金凤寺始建于唐初，兴盛于宋，明永乐元年僧宗寿重建，迄今6百多年历史。因山下有莲花池而更名为“莲花寺”，又因山之东状如飞翔的凤凰，且寺庙恰处飞凤头下，遂更名“金凤""。弘治年间增添亭台楼阁、连池水榭。清同治年间，修“揽辉”、“望月”二亭。抗战期间，修建“牌坊”，于公元一九八七年，修建“罗汉堂”。如今，金凤寺宝刹更日益辉煌。",7:00---17:30,https://img1.qunarzz.com/travel/poi/201408/04/6d2e67602cc4023cc8d65eac.jpg_480x360x95_6cd350c8.jpg,5.0,,一年四季都可游览，需要注意的是来这里一定要准备好防雨。,2元,,2
杜鹃山,http://travel.qunar.com/p-oi714499-dujuanshan,"

地址:
四川雅安市


电话:
0835-2223073

",荥经县杜鹃山原始森林公园（泡草湾）距县城30公里，拥有原始森林9628公顷，这里冬无严寒，夏无酷暑，年平均温度13℃，是我省保护最好、典型物种最丰富的亚热带常绿阔叶林带。“珙桐花开鸽飞舞，春来杜鹃映山红，熊猫戏竹金鸡鸣，休闲度假好去处”。景区以原始森林为特色，整个景区均被高大的怪树奇枝覆盖，有大小沟壑河流近百条，形成数百个天然池潭、瀑布，这里四季分明各相争艳，春天满山遍野红、黄、紫、白的杜鹃花，在树叶抽梢的映衬下，显示出了大自然的生机，夏天，各种树木生长...荥经县杜鹃山原始森林公园（泡草湾）距县城30公里，拥有原始森林9628公顷，这里冬无严寒，夏无酷暑，年平均温度13℃，是我省保护最好、典型物种最丰富的亚热带常绿阔叶林带。“珙桐花开鸽飞舞，春来杜鹃映山红，熊猫戏竹金鸡鸣，休闲度假好去处”。景区以原始森林为特色，整个景区均被高大的怪树奇枝覆盖，有大小沟壑河流近百条，形成数百个天然池潭、瀑布，这里四季分明各相争艳，春天满山遍野红、黄、紫、白的杜鹃花，在树叶抽梢的映衬下，显示出了大自然的生机，夏天，各种树木生长旺盛，只见一片碧绿的林海遮荫蔽日，凉爽致及，秋天，万绿丛中又出现片片红枫，似林海灯塔使人向往，冬天，白雪为森林披上一层白纱，玉树银花，使人进入世外桃源，流连忘返。,全天,https://img1.qunarzz.com/travel/d2/1605/97/82e4fe5afa818ff7.jpg_480x360x95_82567302.jpg,0.0,,,16元,,2
白马泉Baima Spring,http://travel.qunar.com/p-oi712609-baimaquan,"

地址:
雨城区上里乡

",    白马泉位于雅安市上里乡石虾子密林中，泉涌处有一水潭，潭底巨石上有石刻龙马浮雕和临水石刻“龙洞”二字。潮歇时潭水平静如镜；潮来时，平静的水面荡起层层涟漪，顷刻间石刻龙嘴、龙腮处泉水外涌，洞中似抛珠溅玉，呼呼有声。当泉水一节一节下跃，巨石上镌刻的龙露出腰身时，池中便渐渐传来“啼嗒啼嗒”的马蹄声，由远至近，由慢到快，清脆广阔，古人曾形容道：“白马龙泉潮圣井”，“灵泉白马嘶芳草”。     白马泉池始建于主唐贞观元年（627年），宋乾道元年（1165年）诏封泉池为“渊泽候”，被奉为神泉。周围还有圣水井、喷珠泉、鹅项顶、舍利塔等人文古迹。属省级文物保护单位。,全天,https://img1.qunarzz.com/travel/poi/1409/11/9197c905da5114ccffffffffc8d65eac.jpg_480x360x95_b7974f83.jpg,4.8,建议游览时间：1小时,四季皆宜，注意防雨。,具体收费情况以现场公示为主,,2
金凤山,http://travel.qunar.com/p-oi705190-jinfengshan,"

地址:
四川雅安市雅安市城区旁

",金凤山公园在雅安市城区旁，以金凤寺和高颐墓阙为主要景点。金凤寺始建于唐初，重建和扩建于明清，寺庙掩映在葱葱苍翠之中，环境幽雅，占地1万平方米。天王、弥勒、大雄、观音四殿和罗汉堂建筑规模宏大，是千年古刹。寺庙藏有经书500多卷，有名人匾对，屏画50余幅，唐卡图及神兽、转轮等象征吉祥如意的装饰物，是汉藏民族团结和睦的见证。罗汉堂内500罗汉雕塑神态各异，栩栩如生。高颐墓阙建于东汉建安14年公元209年，占地2000平方米，是汉代益州太守高颐及弟高实的墓阙，属国家重点文...金凤山公园在雅安市城区旁，以金凤寺和高颐墓阙为主要景点。金凤寺始建于唐初，重建和扩建于明清，寺庙掩映在葱葱苍翠之中，环境幽雅，占地1万平方米。天王、弥勒、大雄、观音四殿和罗汉堂建筑规模宏大，是千年古刹。寺庙藏有经书500多卷，有名人匾对，屏画50余幅，唐卡图及神兽、转轮等象征吉祥如意的装饰物，是汉藏民族团结和睦的见证。罗汉堂内500罗汉雕塑神态各异，栩栩如生。高颐墓阙建于东汉建安14年公元209年，占地2000平方米，是汉代益州太守高颐及弟高实的墓阙，属国家重点文物，墓阙及石兽均体现了汉代文化和建筑的丰富内涵，集建筑雕刻书法艺术于一体，是全国汉墓阙中保存最完整最精美的珍品，具有很高的历史、艺术和美学价值。,7:00 - 19:00,,5.0,,一年四季都可游览，需要注意的是来这里一定要准备好防雨。,10元,,2
张家山公园Zhangjiashan Park,http://travel.qunar.com/p-oi704832-zhangjiashangongyuan,"

地址:
四川省雅安市雨城区张家山路


电话:
0835-2223136

",张家山公园位于四川省雅安市，是雅安市仅有的一家公园，是由原雅安市人民政府于1985年8月发出建议，许多单位和市民纷纷捐赠于1992年建成，供市民休憩养身、陶治情操的场所。公园占地为290多亩，山高沟深。走进张家山公园，桂树葱翠，风景宜人，桂花林内馨香四溢。娇艳的金桂、素雅的银桂、淡红的丹桂，乳黄的四季桂，美不胜收。,9:00 - 17:00,https://tr-osdcp.qunarzz.com/tr-osd-tr-manager/img/3b9d22b6718011040b564064c2851136.jpg_480x360x95_e70743f4.jpg,4.5,建议游览时间：2小时 - 3小时,一年四季都可游览，需要注意的是来这里一定要准备好防雨。,具体收费情况以现场公示为主,,3
高颐阙,http://travel.qunar.com/p-oi714976-gaoyique,"

地址:
四川省雅安市雨城区

","东汉益州太守高颐及其弟高实的墓阙，四川保存最完整、最精美的石阙，全国重点文物保护单位。在雅安市姚桥镇汉碑村。东汉建安十四年（209年）建造。两阙相距13.6米，阙间有高君宋碑及巨型石辟邪。两阙北壁皆有阴刻隶书铭文，东阙为""汉故益州太守武阴令上计史举孝廉诸部从事高君字贯方""，西阙为""汉故益州太守阴平督尉武阳令北府丞举孝廉高君字贯光""。现东阙的主阙斗拱层以上部分和子阙被毁，西阙的主阙和子阙保存完整。西阙主阙高约6没米，子阙高3.39米。为重檐五脊式仿木结构建筑，用多...东汉益州太守高颐及其弟高实的墓阙，四川保存最完整、最精美的石阙，全国重点文物保护单位。在雅安市姚桥镇汉碑村。东汉建安十四年（209年）建造。两阙相距13.6米，阙间有高君宋碑及巨型石辟邪。两阙北壁皆有阴刻隶书铭文，东阙为""汉故益州太守武阴令上计史举孝廉诸部从事高君字贯方""，西阙为""汉故益州太守阴平督尉武阳令北府丞举孝廉高君字贯光""。现东阙的主阙斗拱层以上部分和子阙被毁，西阙的主阙和子阙保存完整。西阙主阙高约6没米，子阙高3.39米。为重檐五脊式仿木结构建筑，用多块红色长条石英砂岩堆砌而成。转角斗拱各雕一角兽，界石南、北各雕一饕餮，顶层四周刻贵胄出游、车盖弛马、宴饮行乐等贵族生活场景及张良椎秦皇、高祖斩蛇、季桂挂剑、师旷鼓琴等历史故事，中层刻九尾狐、三足马、龙虎、朱雀等，惟妙惟肖。是研究汉代建筑艺术、造型艺术、地震史的珍贵文物。",8:00 - 18:00,,--,,,成人：30元 儿童：15元,,3
赶羊沟,http://travel.qunar.com/p-oi714830-ganyanggou,"

地址:
四川雅安宝兴县境内

","赶羊沟位于县西部19公里，陇东镇西部，面积348平方公里。由赶羊沟、青龙峡、猫子湾、贵强湾、鹿井沟、东拉山沟等部分组成，有青龙峡、石窑头、龙揭盖、青草塘、半蓬山、中梁子、穿山梁子、双全窝、银山口、关门山、两河口及万亩桂花等众多景点，区内峰高多雾、气象万千，其云海日出最具特色，被誉为""不是九寨，胜似九寨""的新景区。",6:00 - 19:00,https://img1.qunarzz.com/travel/d6/1612/c6/5621e9cc588009b5.jpg_480x360x95_2c3bae82.jpg,0.0,,,成人：25元 儿童：16元,,3
安顺场渡口与翼王亭,http://travel.qunar.com/p-oi711712-anshunchangdukouyuyiwang,"

地址:
四川雅安市石棉县境内


电话:
0835-2316838

",安顺场原名紫打地，地势险要。清代同治二年5月，太平天国箕王石达开在此全军覆没。1935年5月，中国工农红军长征在此强渡大渡河成功，安顺场由此载人中国革命史册，1980年被列为省级文物保护单位。渡口遗址建有“中国工农红军强渡大渡河纪念碑”，塑红军战土头像，锈刻邓小平同志题词，周围植苍松翠拍、花草。安顺场建有红军强渡大渡河纪念室，陈列红军用过的兵器、马灯等实物47件、图片80幅，还有刘伯承、聂荣臻等老一辈革命家的题词。翼王亭屹立于石棉县城北、大渡河铁索桥畔的石儿山...安顺场原名紫打地，地势险要。清代同治二年5月，太平天国箕王石达开在此全军覆没。1935年5月，中国工农红军长征在此强渡大渡河成功，安顺场由此载人中国革命史册，1980年被列为省级文物保护单位。渡口遗址建有“中国工农红军强渡大渡河纪念碑”，塑红军战土头像，锈刻邓小平同志题词，周围植苍松翠拍、花草。安顺场建有红军强渡大渡河纪念室，陈列红军用过的兵器、马灯等实物47件、图片80幅，还有刘伯承、聂荣臻等老一辈革命家的题词。翼王亭屹立于石棉县城北、大渡河铁索桥畔的石儿山上，为纪念石达开兵败大渡河而建，亭为六角形，四方有吴王靠和坐槛，竖《冀王亭记》石碑，亭外尚有纪念翼王石刻碑文20余通，亭下危岩悬壁，大渡河波涛汹涌，惊涛拍岸，慰为壮观。,全天,https://img1.qunarzz.com/travel/d1/1508/77/be88572c363604.jpg_480x360x95_ef8e7812.jpg,5.0,,,16元,,3
花果山,http://travel.qunar.com/p-oi707703-huaguoshan,"

地址:
位于四川雅安市对岩镇

",美丽、迷人的王家沟花果山旅游度假区位于雅安市对岩镇，距市中心3公里，成雅高速公路穿过对岩镇。花果山旅游度假区，山峦起伏、果林茂密。“春来桃花满山，夏日桃李满园，秋天硕果累累，冬月腊梅映满天”。这里是贡嘎山、跑马山、二郎山、夹金山、碧峰峡的必经之道，是中外游客过境旅游和休闲度假的接待中心。,8:00 - 20:00,https://img1.qunarzz.com/piao/fusion/2104/53/462d971dfa3f0102.jpg_480x360x95_000fd782.jpg,--,,,成人：30元 儿童：15元,,3
大渡河金口大峡谷,http://travel.qunar.com/p-oi39874143-daduhejinkoudaxiagu,,,,,0.0,,,,,3
周公山温泉公园Mt. Zhougong Spa Park,http://travel.qunar.com/p-oi39808642-zhougongshanwenquangong,,,,,0.0,,,,,3
拐子坨水库风景区,http://travel.qunar.com/p-oi38961078-guaizituoshuikufengjing,,,,,,,,,,3
天主堂,http://travel.qunar.com/p-oi38945085-tianzhutang,,,,,,,,,,3
硗碛湖,http://travel.qunar.com/p-oi38618880-qiaoqihu,,,,,0.0,,,具体收费情况以现场公示为主,,3
紫石关村,http://travel.qunar.com/p-oi38612275-zishiguancun,,,,,--,,,具体收费情况以现场公示为主,,4
雅安科技馆,http://travel.qunar.com/p-oi38340969-yaankejiguan,,雅安科技馆有三层，分三个展厅，七个展区，三楼有基础科学展品，可以通过参观体验展品学到很多科学知识。,,,5.0,建议游览时间：1小时 - 2小时,,具体收费情况以现场公示为主,,4
桃花山,http://travel.qunar.com/p-oi38340809-taohuashan,,,,,--,,,具体收费情况以现场公示为主,,4
鸡公山,http://travel.qunar.com/p-oi38336895-jigongshan,,,,,--,,,具体收费情况以现场公示为主,,4
金凤寺,http://travel.qunar.com/p-oi38336655-jinfengsi,,金凤寺位于雅安，该寺始建于唐初，并于明清时期重建和扩建，寺内有弥勒殿、观音殿和罗汉堂等建筑。,,,4.0,建议游览时间：1小时 - 2小时,,具体收费情况以现场公示为主,,4
天河瀑布,http://travel.qunar.com/p-oi38034657-tianhepubu,,,,,,,,,,4
大熊猫国家公园Giant Panda National Park,http://travel.qunar.com/p-oi38026588-daxiongmaoguojiagongyuan,,大熊猫国家公园保护以大熊猫为代表的生物多样性及亚热带山地和高山森林生态系统，区域范围跨四川、陕西和甘肃三省，涉及岷山片区、邛崃山-大相岭片区、秦岭片区、白水江片区，总面积27134平方公里，涉及3省12市（州）30个县（市、区），整合各类自然保护地80余个。大熊猫国家公园涉及的自然保护地较多，主要有四川卧龙国家级自然保护区、四川千佛山国家级自然保护区、四川王朗国家级自然保护区、陕西太白山国家级自然保护区、陕西佛坪国家级自然保护区、甘肃白水江国家级自然保护区等。2021年10月12日，大熊猫国家公园被列入第一批国家公园名单。,,,--,,,具体收费情况以现场公示为主,,4
姜家大院,http://travel.qunar.com/p-oi37807229-jiangjiadayuan,,,,,0.0,,,,,4
牌坊新街,http://travel.qunar.com/p-oi37806975-paifangxinjie,,,,,--,,,具体收费情况以现场公示为主,,4
大川河旅游景区,http://travel.qunar.com/p-oi37806398-dachuanhelu:youjingqu,,大川河旅游景区位于雅安市芦山县，占地面积两百多平方公里，森林覆盖率高达百分之九十，青山、绿水、红叶、杜鹃林海、原始森林、雪域等景观层次分明，景色优美。,,,--,建议游览时间：3小时 - 4小时,,具体收费情况以现场公示为主,,4
红军廊桥,http://travel.qunar.com/p-oi37199525-hongjunlangqiao,"

地址:
雅安市宝兴县沿江路85号

",在宝兴县城西侧的青衣江上，横卧着一座红色的廊桥，桥头匾额上书“红军廊桥”。廊桥全长200余米，中间是两车道通车，两旁是步道走人。整个桥身为仿古建筑，飞檐翘角，古色古香，不失为宝兴一景。廊桥不远处是红军广场和红军翻越夹金山纪念馆。,全年 全天开放,,3.5,,,具体收费情况以现场公示为主,,5
红军村,http://travel.qunar.com/p-oi37195940-hongjuncun,,1935年11月，红四方面军第四军和第九军解放并进驻天全县，在红军村设立红四方面军总部、政治部，红军大学和红军总医院。红军在此驻扎战斗生活了100余天，留下了诸多英雄的故事。,,,5.0,建议游览时间：2小时 - 3小时,,具体收费情况以现场公示为主,,5
汉白玉博物馆,http://travel.qunar.com/p-oi37190708-hanbaiyubowuguan,,,,,0.0,,,具体收费情况以现场公示为主,,5
龙苍沟山地运动公园,http://travel.qunar.com/p-oi37190585-longcanggoushandiyundong,"

地址:
龙苍沟森林公园


电话:
13551802099

", 龙苍沟山地运动公园面积很大，山清水秀，人们可以在这里体验越野车项目、喂小动物。,全年 09:00-17:00,,5.0,建议游览时间：2小时 - 3小时,,具体收费情况以现场公示为主,,5
蜂桶寨自然博物馆,http://travel.qunar.com/p-oi37190417-fengtongzhaiziranbowu,,,,,0.0,,,具体收费情况以现场公示为主,,5
金丝楠艺术馆,http://travel.qunar.com/p-oi37190253-jinsinanyishuguan,,,,,0.0,,,具体收费情况以现场公示为主,,5
芦山科技馆,http://travel.qunar.com/p-oi37189357-lushankejiguan,,,,,0.0,,,具体收费情况以现场公示为主,,5
若水公园,http://travel.qunar.com/p-oi37189352-ruoshuigongyuan,,,,,,,,,,5
青衣江公园,http://travel.qunar.com/p-oi37189173-qingyijianggongyuan,,,,,5.0,,,具体收费情况以现场公示为主,,5
王岗坪景区,http://travel.qunar.com/p-oi37118666-wanggangpingjingqu,"

地址:
雅安市石棉县挖角乡新桥村


电话:
0835-3555555

",王岗坪景区处石棉县挖角乡以北，大渡河以东，贡嘎山南麓。景区与贡嘎山主峰直线距离约30km，是距离贡嘎山最近的的天然观景点之一，也是距离大都市最近的可观海拔5000米以上200多座雪山群峰的观景地。景区海拔从1100米到3600米，所有的观赏景点都尽显独特，从雪山到草甸，悬崖到台地，云瀑到雾凇，春夏秋冬，景色各异，四季更替，气候鲜明。苔藓、高山草甸、高山杜鹃、红石、箭竹、原始森林等资源层次分明、种类丰富。日照金山、云瀑云海、浩瀚星空、云海雾凇 、雪山牧场、杜鹃花海、高山台地、月照银山、牦牛古城、丛林怪树等景观处处皆震撼，可谓“一山观四季，四季皆精彩”的蜀山伊甸园，，是游客休闲、度假、观光、徒步、摄影、娱乐、养生的绝佳旅游目的地，被誉为“星空下的雪山盛宴，云端上的度假天堂”。【索道基本信息】索道全长3500米，是四川最长的索道，上下站高差1200米，是高差很大的索道，最惊险最刺激的索道，全程大约需要10分钟。这是一条雪山观景索道，当索道爬升至第二个台阶，远处的贡嘎群峰就开始慢慢显现出来。【景区温度】年均气温 15℃，年均无霜期 310 天，年均降雨量 800mm，年均日照时数超过 1300 小时。最热月份为 8 月，且气温均在25℃以下，最冷月份为 1 月，但天晴有太阳时气温可达27℃，年均积雪期超过 100 天。 【景区海拔】大坪2200-2600米，二坪2700-2900米，三坪2900-3100米；黄草山3660米；曜雪台（三坪观景平台）海拔2980米【台地面积】大坪、二坪、三坪总面积超过30平方公里 【与贡嘎的距离】直线距离30千米【观贡嘎的范围】景区范围内超过60%的区域可观看不同角度的贡嘎盛景。天气好时，坐着索道可直接看雪山。 ,全年 07:30-18:00,https://tr-osdcp.qunarzz.com/tr-osd-tr-space/img/157383933b6b768068af7042709bf561.jpg_480x360x95_3caf52b4.jpg,4.3,建议游览时间：4小时 - 6小时,,,,5
石棉大桥,http://travel.qunar.com/p-oi36857557-shimiandaqiao,"

地址:
雅安市石棉县S211

",石棉大桥是位于石棉县大渡河上的一座钢缆悬索桥，也称石棉吊桥。桥长110米、单孔跨径105米，是当时我国第二大公路吊桥，是抗战时期乐西公路上的重要桥梁。,全年 全天开放,,4.7,建议游览时间：0.5小时 - 1小时,,,,6
汉源湖,http://travel.qunar.com/p-oi36447194-hanyuanhu,"

地址:
富林镇观湖街汉源湖

","汉源湖位于汉源新县城,湖水为贡嘎雪山冰雪融水,四季清澈透明。湖周群山绵延，水面百鸟翱翔,气候温和，湖区空气清新、冬无严寒、夏无酷暑，是宜于休闲、度假、康体、养生的生态宝地。",全天开放，免费游览,,5.0,建议游览时间：2小时 - 3小时,,具体收费情况以现场公示为主,,6
蟹螺堡子,http://travel.qunar.com/p-oi36270466-xieluobaozi,,,,,,,,,,6
月亮湾·金钟山景区,http://travel.qunar.com/p-oi36156472-yueliangwanjinzhongshan,"

地址:
雅安市汉源县大树镇


电话:
0835-4227117

",月亮湾金钟山景区位于雅安市汉源县大树镇，包括月亮湾葡萄园和金钟山。月亮湾葡萄园于2012年10月开始建设，引进了多种优质葡萄品种，是目前汉源县大规模的集生产、观光、科教于一体的连片葡萄采摘园。金钟山因形如一口金钟罩地面得名，从山顶俯瞰大地，良田万顷，烟波浩渺。山前大渡河蜿蜒东流，晴风山下碧波，蔚为壮观，古称大渡晴波，是汉源旧八景之一。山顶建有观音阁，始建于唐，历经千秋，几度废兴，九十年代重修，三重大殿巍峨壮观，金碧辉煌，遇节假日或佛事活动日，参观、朝拜...月亮湾金钟山景区位于雅安市汉源县大树镇，包括月亮湾葡萄园和金钟山。月亮湾葡萄园于2012年10月开始建设，引进了多种优质葡萄品种，是目前汉源县大规模的集生产、观光、科教于一体的连片葡萄采摘园。金钟山因形如一口金钟罩地面得名，从山顶俯瞰大地，良田万顷，烟波浩渺。山前大渡河蜿蜒东流，晴风山下碧波，蔚为壮观，古称大渡晴波，是汉源旧八景之一。山顶建有观音阁，始建于唐，历经千秋，几度废兴，九十年代重修，三重大殿巍峨壮观，金碧辉煌，遇节假日或佛事活动日，参观、朝拜的旅游者、香客络绎不绝，非常热闹。,08:00-18:00,,5.0,建议游览时间：2小时 - 3小时,,60元,,6
金钟山Jinzhong Mountain,http://travel.qunar.com/p-oi35915107-jinzhongshan,,,,,,,,,,6
汉源县椒香八月种植专业合作社,http://travel.qunar.com/p-oi35559426-hanyuanxianjiaoxiangba,,,,,--,,,,,6
倒插木Daochamu Village,http://travel.qunar.com/p-oi35474069-daochamu,,,,,--,,,具体收费情况以现场公示为主,,6
大山垭口包包Dashan Pass Baobao Peak,http://travel.qunar.com/p-oi35388351-dashanyakoubaobao,,,,,--,,,具体收费情况以现场公示为主,,6
小大岗Xiaodagang Mountain,http://travel.qunar.com/p-oi35385004-xiaodagang,,,,,--,,,具体收费情况以现场公示为主,,6
点灯岗Diandenggang Village,http://travel.qunar.com/p-oi35320668-diandenggang,,,,,--,,,具体收费情况以现场公示为主,,6
"中国桌山黑石公园Heishi Park, Table Mountain, China",http://travel.qunar.com/p-oi35305885-zhongguozhuoshanheishi,,中国桌山黑石公园面积辽阔，花卉品种众多，来到黑石公园仿佛置身于花的海洋。,,,4.9,建议游览时间：12小时 - 3天,,,,7
云境牧场Yunjing Pasture,http://travel.qunar.com/p-oi35294990-yunjingmuchang,"

地址:
龙苍沟国家森林公园许愿池餐厅西北200米


电话:
18080577733

",云境牧场位于四川雅安，是一个充满童趣的景点，牧场内生活着种类丰富的小动物，如马、羊、狗等，还有一个射箭馆，非常适合带孩子来玩。,全年 9:00-20:00,,0.0,建议游览时间：12小时 - 3天,,具体收费情况以现场公示为主,,7
"西康博物馆Xikang Museum (Former Site of Mingde Middle School), Ya'an City",http://travel.qunar.com/p-oi35235445-xikangbowuguan,,西康博物馆位于雅安市雨城区，中西合璧式的现代建筑，非常有特色，吸引了众人纷纷来此拍照。博物馆有两层，展品众多，人们在此可以了解西康的历史。,,,--,建议游览时间：1小时 - 2小时,,具体收费情况以现场公示为主,,7
百丈湖Baizhang Lake,http://travel.qunar.com/p-oi35216964-baizhanghu,,百丈湖景?砂僬珊⒐鸹ǖ骸⒉杪硭尽⑶邃艉木暗愎钩桑挥诿缮蕉矗舭?08、318线。百丈湖湖岸蜿蜒曲折，小岛座落其间，山光水色，淡雅宁静，水碧如蓝，宛若平镜。湖水源于夹金山下的玉溪河，碧水长流，进出不断，水质优异。桂花岛：因桂花遍野而得名。岛上四季浓荫碧翠，花香四溢；岛内林荫小道纵横交错，尤显宁静；竹篱茅舍座落其间，古朴雅致。茶司马：位于百丈湖之西5公里处，108国道旁，即南丝绸之路的商业通道上。建于宋神宗熙宁七年（1072年），并“遣官以主之”，专司茶马事宜。清道光二十九年（1849年）重修的茶马司遗址系纪念性建筑，占地面积约4000平方米，建筑面积1000多平方米，是一座石料檐柱的砖木结构四合院。历史上的茶马司主要与藏族为主的各民族进行以茶换马交易，而用于军事，鼎盛时期达到“岁运名山茶二万驮”之多，有时接待民族茶马贸易通商队伍人数一日竟达2000余人，盛况可见一斑。清漪湖：与百丈湖毗邻，湖中龟山岛，四面环水，被葱木、翠竹和碧绿茶园拥抱，分外幽静。岛上有金龟亭、二王亭、观音阁。林中小道，错落迂回，漫步其间，别有洞天。,,,5.0,建议游览时间：2小时 - 3小时,,,,7
邓池沟Dengchigou,http://travel.qunar.com/p-oi35216604-dengchigou,"

地址:
四川省雅安市宝兴县

",,全年 09:00-17:00,,--,建议游览时间：12小时 - 3天,,,,7
"芦山龙门古镇Longmen Ancient Town, Lushan",http://travel.qunar.com/p-oi35216348-lushanlongmenguzhen,,芦山龙门古镇位于雅安市芦山县，有青龙寺大殿、红三十军军部旧址、青龙关等人文景观和龙门溶洞、青龙峡等自然景观。,,,3.3,建议游览时间：3小时 - 4小时,,具体收费情况以现场公示为主,,7
龙门溶洞Longmen Karst Cave,http://travel.qunar.com/p-oi35216035-longmenrongdong,, 雅安龙门洞是我国乃至亚洲发现的白垩纪砾岩地质中开发旅游的洞穴。芦山龙门洞经中、英、美等国际洞穴专家考察，是中国乃至亚洲发现的白垩纪砾岩层中较大的洞穴群。分布面积约80平方千米，洞穴长约100公里。它是世界上岩层中的地质遗产，是异常宏大的洞穴博物馆。洞穴中拥有分布密集的地表漏斗和峰岭，其中“围塔漏斗”在卫星照片上清晰可见。洞穴纵横交织，别有洞天。洞内悬河飞瀑、暗河、沙滩、地坑、钟乳石、奇石、“山水画”、白虾、风口等景观随处可见，可谓集世界洞穴之大成。,,https://tr-osdcp.qunarzz.com/tr-osd-tr-manager/img/3c579224f57aab10cd14292b8bb2eb59.jpg_480x360x95_876e6d9f.jpg,4.5,建议游览时间：1小时 - 2小时,,50元,,7
红军长征翻越夹金山纪念馆Hongjun Changzheng Fanyue Jiajin Mountain Memorial Hall,http://travel.qunar.com/p-oi35214523-hongjunzhangzhengfanyue,,红军长征翻越夹金山纪念馆位于宝兴县县城西侧的青衣江畔，占地面积约4500平方米，在红军长征翻越夹金山70周年时修建而成。整个纪念馆由红军广场、主题雕塑和红军长征翻越夹金山连环画护栏三部分组成。红军广场占地3300平方米，主要是园林绿化和休闲广场。绿化部分由园形、矩形、不规则的花台组成了一个火炬形的图案，寓意红军精神如星星之火燎原大地。主题雕塑位于广场中央，主体是一块巨形碑，碑宽6米，厚2.5米，高8.5米。碑体雕塑采用了圆雕、浮雕和仿青铜浮雕三种表现手法。碑身南西侧用圆雕手法刻划了藏族向导、红军军官和战士三个人物，反映的是红军将士在藏族同胞的带领下，翻上夹金山顶那一瞬间的情景。碑身下沿四周以浮雕形式描绘了红军翻越夹金山途中四个精典的场面。碑身南面和北面均以仿青铜浮雕手法，各塑造了一组红军群像，有的手拉手、有的相互掺扶、有的则拽着马尾巴，冒着霏霏白雪艰难地行进在陡峭的山路上。碑体西侧是四川师大教授张昌余撰文并手书的铭文“雪山丰碑”。铭文400余字，讲述了红军长征和翻越夹金山的壮举。连环画护栏位于红军广场西侧外沿。连环画护栏共由110块深浮雕板构成，内容分为三个部分：红军长征翻越夹金山；老一辈无产阶级革命家关于长征和翻越夹金山的回忆录及手书；红军在宝兴遗留的文物雕刻。通过这些再现了红军三越夹金山及红军在宝兴境内的整个战斗历程。红军纪念馆位于广场北端，分为红军长征翻越夹金山展厅和出川展厅。纪念馆的外观独特而别具一格，其在设计上融合了川西民居和藏族民居的风格。纪念馆从外到内色调都以红军军装“灰”为基调色，极力烘托出一种疑重，庄严而且深沉的气氛。,,,--,建议游览时间：1小时 - 2小时,,具体收费情况以现场公示为主,,7
"藏茶村Tibetan Tea Village, China",http://travel.qunar.com/p-oi35213973-zangchacun,,在雅安市雨城区多营镇境内，有一座“中国藏茶村”，这是一座集旅游观光、文化展示为一体的茶文化主题公园。园区以文化创意、藏茶历史、美丽乡村、田园度假等内容相结合，并融合茶马古道、民族走廊地域元素，向游客深刻展示了千年藏茶文化的魅力和茶马古道的厚重历史。,,,2.0,建议游览时间：12小时 - 3天,,具体收费情况以现场公示为主,,7
龙苍沟国家级森林公园Longcanggou Guojia Ji Forest Park,http://travel.qunar.com/p-oi35198524-longcanggouguojiajisen,"

地址:
四川省雅安市荥经县龙苍沟


电话:
0835-5805777

",龙苍沟国家森林公园位于四川盆地西部边缘、雅安市中部荥经县内，距成都175公里，车程2.5小时，是距离成都较近的国家森林公园，也被称为中国的治愈系森林。公园总面积7573公顷，园内高差1489米，夏季平均气温23度；积雪期为12月至次年3月。园内动植物资源丰富，森林覆盖率超过97%。公园内溪瀑纵横，空气清新，景色宜人，春赏花、夏避暑、秋彩林、冬戏雪。龙苍沟森林公园涵盖龙苍沟叠翠溪景区，天生桥景区，龙苍沟山地运动公园，龙苍沟国际越野谷，宽山隐庐温泉度假酒店。,8:00-18:00，16:30停止入场,https://tr-osdcp.qunarzz.com/tr-osd-tr-manager/img/84b77a04e65100730a23f7b41579f10f.gif_480x360x95_21aee6cd.gif,3.8,建议游览时间：1小时 - 2小时,,{'龙苍沟叠翠溪景区门票\n\n': ['¥9.9起']},,7
周公山Zhougong Mountain,http://travel.qunar.com/p-oi35198229-zhougongshan,"

地址:
四川省雅安市雨城区孔平乡周公山温泉区四小区(临河)


电话:
0835-2312009

",  ,全年 全天开放,,--,,,,,8
雅安生态博物馆Ya'an Ecology Museum,http://travel.qunar.com/p-oi34274162-yaanshengtaibowuguan,"

地址:
拓海第一江岸西北

",,全年 周二-周日 08:00-17:30,,4.1,,,免费,,8
荥经县博物馆Xingjingxian Museum,http://travel.qunar.com/p-oi34271375-yingjingxianbowuguan,"

地址:
荥经县严道镇民主路129号

",,8；30-5:00（周一及除夕闭馆）,,4.0,,,免费,,8
汉源县博物馆Hanyuanxian Museum,http://travel.qunar.com/p-oi34271301-hanyuanxianbowuguan,"

地址:
汉源县文化大厦（汉源县富林镇江汉大道四段）

",汉源县博物馆通过文字图片展示等形式，让参观者了解汉源的历史文化。,免费开放时间：9:00—17:00（周一闭馆，主馆装修改造、附馆开放）,,5.0,建议游览时间：1小时 - 2小时,,免费,,8
光头山Guangtou Mountain,http://travel.qunar.com/p-oi33083221-guangtoushan,,光头山位于天全县两路乡，主峰正对贡嘎雪山，与牛背山并立，从海拔2500米左右可一路直上观看贡嘎，是雅安境内360度“立体”的观景平台。由于这里地势落差大，草甸、林海、云瀑等自然景观丰富，近年来吸引了不少旅游爱好者前来。山上原始生态环境保护很好，动植物种类繁多，是一座生物宝库。这里盘山公路险峻，群山连绵起伏、溪沟众多、峡谷幽深，集雄、奇、险、幽于一身。山顶视野开阔，四周山峦起伏错落，可以远眺贡嘎雪山、大瓦山、二郎山等名山。光头山海拔3400米的停车场有一个观景平台，此处是看日出云海、雪域高原的好地方。观景平台附近有一处天然大石像，其样貌与“悟空”十分神似，石像表情生动，眼神凝视，似蹙非蹙的眉毛，似笑非笑的脸颊，仿佛坚定的等着紫霞仙子，又仿佛静静的欣赏光头山美景。,,,4.5,建议游览时间：4小时 - 5小时,,,,8
锅底凼Guodi Pit,http://travel.qunar.com/p-oi32763083-guodidang,,,,https://tr-osdcp.qunarzz.com/tr-osd-tr-manager/img/f19887f6691f175ff4b5eafdee2f121e.jpg_480x360x95_945037c5.jpg,0.0,建议游览时间：12小时 - 3天,,具体收费情况以现场公示为主,,8
泥巴山Niba Mountain,http://travel.qunar.com/p-oi32733516-nibashan,,泥巴山位于四川省雅安市荥经县与汉源县两县之间，主峰高3300米，山虽不高，路却艰险，公路一直呈之字形蜿蜒而上。泥巴山是典型的亚热带季风气候，春之绿、夏之凉、秋之爽、冬之雪，四季分明。,,https://tr-osdcp.qunarzz.com/tr-osd-tr-manager/img/d114657089a7421ee6c26f6449fe300d.jpg_480x360x95_d64d29c6.jpg,--,建议游览时间：2小时 - 4小时,,具体收费情况以现场公示为主,,8
草科藏族乡Caoke Tibetan Township,http://travel.qunar.com/p-oi32561943-caokezangzuxiang,"

地址:
雅安市石棉县

",草科藏族乡位于石棉县的西北部，乡政府所在地距石棉县城约63公里，地处大渡河的西岸，贡嘎山南坡的田湾河风景区内，西邻甘孜州康定、九龙两县，南连石棉县蟹螺、新民两乡，东北与本县田湾乡相接。,全年 全天开放,https://tr-osdcp.qunarzz.com/tr-osd-tr-manager/img/8154a3aeaf0212d7dbe20e28a3fb023a.jpg_480x360x95_b692e54d.jpg,4.2,,,具体收费情况以现场公示为主,,8
猴山飞瀑旅游区,http://travel.qunar.com/p-oi29541018-houshanfeipulu:youqu,,,,,--,,,,,8
姜庆楼Jiangqing Tower,http://travel.qunar.com/p-oi27339128-jiangqinglou,"

地址:
四川省芦山县芦阳镇南街

",,全年 7:00-19:00,,5.0,,,,,8
红灵山Hongling Mountain,http://travel.qunar.com/p-oi27338797-honglingshan,"

地址:
四川省天全县紫石乡

",,全年 全天开放,,--,,,具体收费情况以现场公示为主,,9
熊猫繁殖场,http://travel.qunar.com/p-oi26959733-xiongmaofanzhichang,,,,,--,,,,,9
青衣江源景区(建设中),http://travel.qunar.com/p-oi26959528-qingyijiangyuanjingqu,,,,,--,,,,,9
"芦山大川河林场Dachuanhe Forest Farm, Lushan County",http://travel.qunar.com/p-oi26662381-lushandachuanhelinchang,,,,,,,,,,9
茶马古道王建城遗址Chamagudao Wangjiancheng Ruins,http://travel.qunar.com/p-oi26635385-chamagudaowangjiancheng,,,,,--,,,具体收费情况以现场公示为主,,9
雅安市雨城区军达家庭农场,http://travel.qunar.com/p-oi26629223-yaanshiyuchengqujunda,,,,,--,,,,,9
蒙顶山树冠漫步,http://travel.qunar.com/p-oi25917044-mengdingshanshuguanman,"

地址:
四川省雅安市名山县蒙顶山景区

",2015年——“树冠漫步”登陆雅安蒙顶山旅游景区；该项目由四川省名山蒙顶山旅游开发有限责任公司公司投资打造；项目位于蒙顶山风景区之巅的原始森林，从红军百丈关战役纪念馆到蒙山秀色之间，根据森林树木的自然布局，严格按照《高空建筑规范EN15-567-1标准》进行设计、施工。项目建设在不破坏生态与自然的完整性中进行。该项目一期全长约1200米左右，线路由简到难。由树冠漫步桥、空中吊桥、廊桥、梅花桥、脚板桥、轮胎桥、Z形桥、云梯桥、泰山秋千、独木桥、钢丝桥和4条飞索，通过33...2015年——“树冠漫步”登陆雅安蒙顶山旅游景区；该项目由四川省名山蒙顶山旅游开发有限责任公司公司投资打造；项目位于蒙顶山风景区之巅的原始森林，从红军百丈关战役纪念馆到蒙山秀色之间，根据森林树木的自然布局，严格按照《高空建筑规范EN15-567-1标准》进行设计、施工。项目建设在不破坏生态与自然的完整性中进行。该项目一期全长约1200米左右，线路由简到难。由树冠漫步桥、空中吊桥、廊桥、梅花桥、脚板桥、轮胎桥、Z形桥、云梯桥、泰山秋千、独木桥、钢丝桥和4条飞索，通过33个树顶平台连接；集漫步、探险、运动、娱乐、挑战于一体。设计多种障碍环节，将树木连成一条线路，体验者通过攀、走、游、跨、跳、滑、飞等环节越过所有障碍，到达终点。整个旅程，集合了高空、速度、力量、毅力等户外探险必备元素，整个过程惊险、刺激，具有挑战性！ 树冠漫步路线全程均设置安全网，每位体验者均佩带安全帽、安全带、滑轮、安全挂绳等专业探险装备，从7岁至60岁的游客均能参与体验，一期全程体验需1.5-2个小时左右。游客在森林探险的同时，不但能欣赏到蒙顶山优美的自然风光，还能与森林里的珍惜植物、松鼠、鸟类等众多野生动物来一次亲密接触！蒙顶山“树冠漫步”由国外知名户外运动公司全程负责设计及安装调试，所有设备、材料均从国外进口，充分保证项目的安全性及趣味性。经过专业公司评估，完全符合现行欧洲标准。通过专业的教练团队为您保驾护航，让您畅游蒙顶山，体验“浪漫树冠漫步•惊险丛林飞跃”，真正带给您速度与激情的完美体验！,09:00～17:00开放；,https://img1.qunarzz.com/sight/p0/1508/19/19ec251b27ae6277.img.jpg_480x360x95_38044e7b.jpg,--,,,,,9
清漪湖风景区Qingyihu Tourism Scenic Area,http://travel.qunar.com/p-oi24510299-qingyihufengjingqu,"

地址:
雅安市名山区茶都大道

",湖中有岛，四面环水，树木茂盛，环境幽静，空气清新。游人可以在这里一边乘船，一边可以饱览湖边的美景。,全年 全天开放,https://tr-osdcp.qunarzz.com/tr-osd-tr-space/img/6c7447a814aad7e927ab1697b8d5e3fa.jpg_480x360x95_0a17ea27.jpg,5.0,建议游览时间：2小时 - 3小时,,具体收费情况以现场公示为主,,9
红草坪万亩观光茶园Hongcaoping Miles Sightseeing Tea Garden,http://travel.qunar.com/p-oi24502762-hongcaopingwanmuguanguang,"

地址:
雅安市名山区万古乡红草坪村

",红草坪万亩生态观光茶园是万古乡全乡茶园的核心基地，占地面积1.56万亩，茶园内林茶叠翠、鸟语花香、茶韵纷呈、风景迷人，是农业观光、骑游摄影、乡情体验的理想之地。,全年 全天开放,https://tr-osdcp.qunarzz.com/tr-osd-tr-manager/img/8cbb892f37110193f9da77e900f03097.jpg_480x360x95_42c2cffd.jpg,5.0,建议游览时间：3小时 - 4小时,,具体收费情况以现场公示为主,,9
四川雅安市石棉县步行街SiChuan YaAnShi ShiMianXian BuXingJie,http://travel.qunar.com/p-oi24441702-sichuanyaanshishimian,,四川雅安市石棉县步行街是具有当地特色的一条步行街。晚上行人如水流，有特色小吃，晚上还可以欣赏夜景。,,,4.0,建议游览时间：2小时 - 3小时,,具体收费情况以现场公示为主,,9
雅安富林文化Ya'an Fulin Culture,http://travel.qunar.com/p-oi24412230-yaanfulinwenhua,,,,,,,,,,10
西溪溶洞Xixi Karst Cave,http://travel.qunar.com/p-oi24412195-xixirongdong,,,,,--,,,具体收费情况以现场公示为主,,10
硗碛寨Qiaoqi Village,http://travel.qunar.com/p-oi24412102-qiaoqizhai,,硗碛寨位于宝兴县藏族乡夹金山下保护区内，这里人烟稀少，森林密布，野生动植物资源非常丰富，藏家寨楼镶嵌其间，天人合处，是藏族文化和自然景观有机结合的山水画卷，游客在此可以感受多姿多彩的藏族风情。,,https://tr-osdcp.qunarzz.com/tr-osd-tr-manager/img/4fa6c6fcd4bd268a20f6e9062e5af950.jpg_480x360x95_ec69852d.jpg,4.8,,,具体收费情况以现场公示为主,,10
扑鸡沟Puji Valley,http://travel.qunar.com/p-oi24412093-pujigou,,这里位于四川省雅安市宝兴县，有“华西雨屏”之美誉。沟内云雾缭绕，树木葱郁，珍稀动植物种类繁多。沟内有一座海拔五千多米的石喇嘛雪山，巍峨壮观。,,,4.5,建议游览时间：3天,,,,10
开善寺正殿Kaishan Temple Main Hall,http://travel.qunar.com/p-oi24412045-kaishansizhengdian,,,,,--,,,,,10
灵鹫峡Lingjiu Canyon,http://travel.qunar.com/p-oi24411982-lingjiuxia,,,,,--,,,,,10
栗子坪自然保护区Liziping Nature Reserve,http://travel.qunar.com/p-oi24411978-lizipingziranbaohuqu,"

地址:
四川省石棉县新棉镇人民路5号 


电话:
0835-8869729

","景区原始森林郁郁葱葱,古木参天,藤灌互缠。每到暮春夏初,红、白、黄、紫各色鲜花争香斗艳,秋天红叶漫山遍野,枫树、槭树如火如荼,形成亮丽的风景线。茂密的原始森林,为各类野生动物生长繁衍提供了较好的场所。景区内有如大熊猫、白唇鹿、野驴、小贡猫、獐、黑熊、岩羊、猕猴、兰马鸡等珍贵动物。栗子坪风景区有着神秘的民族风情和历史文化。这里主要生活着彝族群众,民风民俗丰富多样,各具特色,如彝族火把节,饮“竿竿酒”、品“砣砣肉”、尝“糌粑面”,对歌、摔跤、抢婚等活动。这里,深谷密林现人家,木石楼房与素桥水磨构成一幅幅优美的山乡风情画，充满幽深古朴的诗情画意。",全年 全天开放,https://tr-osdcp.qunarzz.com/tr-osd-tr-manager/img/4bbc4d5d28842a3454abc928325ae577.jpg_480x360x95_0af3ddc5.jpg,4.5,建议游览时间：2小时 - 4小时,,,,10
九襄古镇Jiuxiang Ancient Town,http://travel.qunar.com/p-oi24411962-jiuxiangguzhen,"

地址:
四川省汉源县九襄镇 625302

",九襄古镇位于四川汉源，约有两千多年的历史，古镇内拥有九襄石牌坊、佛静山、白马公园等重要历史景观，每年3、4月份，镇内万亩梨花盛开，吸引各地游客前来参观。,全年 全天开放,https://tr-osdcp.qunarzz.com/tr-osd-tr-manager/img/07dc22e5991f857d0f980bae5108f49f.jpg_480x360x95_8545fb6a.jpg,4.5,建议游览时间：12小时,,具体收费情况以现场公示为主,,10
庐山青龙寺大殿Lushan Qinglong Temple Hall,http://travel.qunar.com/p-oi24411944-lushanqinglongsidadian,,,,,--,,,具体收费情况以现场公示为主,,10
河西龙洞Hexi Dragon Cave,http://travel.qunar.com/p-oi24411896-hexilongdong,"

地址:
四川省汉源县河西乡香林村

",,全年 全天开放,,--,,,具体收费情况以现场公示为主,,10
