名字,链接,地址,介绍,开放时间,图片链接,评分,建议游玩时间,建议季节,门票,小贴士,Page
红星火山地质公园Red Star Volcano Geopark,http://travel.qunar.com/p-oi707217-hongxinghuoshandizhigong,"

地址:
Z302


电话:
13796486262

",红星火山地质公园是继五大连池之后又新发现的火山地质奇观。这里大片的火山溶岩、石海以及周边多样生态类型为动植物提供了良好的生存环境。丹顶鹤、驼鹿等国家1、2级保护动物达47种，植物511种，被誉为“黑龙江动植物资源保护区”。公园按照地质遗迹与自然景观，划分为四个大类，即：火山地貌景观、水体景观、构造地貌景观、森林湿地景观。按照这四个类别又进一步规划设计了八个景区，即：水上冰上游览景区、石海探险景区，火山口观光景区，地宫探奇景区、半砬山景区、二皮漂河流景区、林区风情园景区、农业观光景区。,全年 全天开放,https://mp-piao-admincp.qunarzz.com/mp_piao_admin_mp_piao_admin/fusion/20195/4bb9f9fc9364935fb5a54de8a617fd53.jpg_480x360x95_93c8538d.jpg,4.6,建议游览时间：1小时 - 2小时,,具体收费情况以现场公示为主,,1
汤旺河国家公园,http://travel.qunar.com/p-oi709541-tangwangheguojiagongyuan,"

地址:
伊春市汤旺河区


电话:
0458-3574024

",,8:00-17:30,https://img1.qunarzz.com/travel/poi/1408/27/c0e6dbe9d7ed22d1ffffffffc8d65eac.jpg_480x360x95_e58a2ff7.jpg,4.4,,,{'汤旺河国家公园林海奇石风景区手机电子导览服务大小同价\n\n': ['¥0.5起']},汤旺河石林风景区旅游注意事项1、 早晚温差大，多备一些衣物；2、 适宜穿旅游鞋或平底鞋，及宽松的衣服；3、 准备一些花露水、邦迪药贴、感冒拉肚药备用；4、 按提示和标识游览，确保安全。每年3月15日-6月15日，9月15日-11月15日为森林防火期，此期间游览绝对禁止烟火。,1
小兴安岭植物园Xiaoxing'anling Botanical Garden,http://travel.qunar.com/p-oi703990-xiaoxinganlingzhiwuyuan,"

地址:
伊春市伊美区山河大道西50米


电话:
0458-3079901

", 小兴安岭植物园，建立于1978年，位于黑龙江省伊春市的市区内，这是全东北较大的植物园，在此栽植的植物数不胜数，种类达到300种之多。园内的广场上矗立着一座雕塑，雕塑高高的举着北方代表性植物红松的果实，寓意这片北国林海将会生生不息的时代相传。植物园是小兴安岭植物园中的一处重要园区，这里展示和培育着约327种小兴安岭特产的野生药植物，五味子、人参、党参、黄芪等等重要材在此都设有栽培区域。除了东北当地的植物外，植物园还引进了不少国外物种，比如日本的落叶松、美国的班克松和欧洲的赤松，这股异域林风相信会让你印象深刻。,全年 全天开放,https://tr-osdcp.qunarzz.com/tr-osd-tr-manager/img/83bbe8cd0027a996857431b43c0d7748.jpg_480x360x95_8454032f.jpg,4.5,建议游览时间：3小时 - 4小时,,具体收费情况以现场公示为主,,1
中国林都木雕园China Lindu Mudiao Yuan,http://travel.qunar.com/p-oi722729-zhongguolindoumudiaoyuan,"

地址:
伊春市伊春区花园路


电话:
0458-3616234

",中国林都木雕园建于2002年4月，位于林都伊春市伊春区花园路畔，占地8800平方米。是伊春市彰显人文特色、艺术品位的重要景观。 整个园区设计采取了功能与景观、雕塑与设施相结合的手法，把林区的传统文化与现代造型的结合起来，突出“自然与生命”的主题思想。根据花园路西畔的地形特点，将木雕园区划分为牌坊景观区、木雕牌廊区、中心观赏区、休闲娱乐区四个部分。每一部分主题相对明确，又能相互联系，形成一个有机整体。,全年 8:00-18:00,https://tr-osdcp.qunarzz.com/tr-osd-tr-manager/img/b28a208cc8e8e8f2598c7537d6ce61ea.jpg_480x360x95_bec93d62.jpg,4.6,建议游览时间：1小时,,具体收费情况以现场公示为主,,1
嘉荫恐龙国家地质公园Heilongjiang Jiayin Dinosaur National Geology Park,http://travel.qunar.com/p-oi709238-jiayinkonglongguojiadi,"

地址:
伊春市小兴安岭北部嘉荫县城西9公里处


电话:
0458-2626567

",北国之行，除了林海雪原的纵情游玩之外，也可以来恐龙之乡——嘉荫龙骨山逛逛，这里是中国早发现恐龙化石的地方，而嘉荫恐龙国家地质公园正是一个了解曾经生活在中国土地上的庞然大物的好去处。如果说云南和四川所出土的恐龙代表着恐龙的兴起和兴盛，那嘉荫的恐龙便是衰亡的特征。这里蕴藏着大量的化石，种类繁多，保存完好，但是出于环境保护，并没有开挖很多。嘉荫恐龙公园坐落于龙骨山附近，主要展示和收藏了白垩纪晚期的恐龙化石，鸭嘴龙是中国特有的品种，在此你可以看到它的身影...北国之行，除了林海雪原的纵情游玩之外，也可以来恐龙之乡——嘉荫龙骨山逛逛，这里是中国早发现恐龙化石的地方，而嘉荫恐龙国家地质公园正是一个了解曾经生活在中国土地上的庞然大物的好去处。如果说云南和四川所出土的恐龙代表着恐龙的兴起和兴盛，那嘉荫的恐龙便是衰亡的特征。这里蕴藏着大量的化石，种类繁多，保存完好，但是出于环境保护，并没有开挖很多。嘉荫恐龙公园坐落于龙骨山附近，主要展示和收藏了白垩纪晚期的恐龙化石，鸭嘴龙是中国特有的品种，在此你可以看到它的身影。此外，公园展示馆内还有不少珍稀的植被化石，为我国研究古代气候和地理提供了很大的帮助。,营业状态调整频繁，建议提前咨询景区。 开放时间：开放时间8:30-16:30，16:00停止入场。,https://mp-piao-admincp.qunarzz.com/mp_piao_admin_mp_piao_admin/fusion/20208/e351d226ac052081c9a94723f54da4d3.jpg_480x360x95_29bdf606.jpg,4.3,建议游览时间：2小时 - 3小时,,80元,嘉荫恐龙国家地质公园旅游小贴士市内交通伊春客运站有车可直达嘉荫，车程大约4小时，车票35元。最佳出游时间伊春地处东北小兴安岭腹地，受北温带大陆性季风气候影响，四季分明，春季多风，夏季温热、短暂，雨水较多，冬季尤为寒冷，而且干燥、漫长，年平均气温在2℃左右，是我国气温最低的城市之一。最佳出游时间在5-7月，但秋、冬季也有其特色风光。,1
茅兰沟国家森林公园Maolangou National Park,http://travel.qunar.com/p-oi708451-maolangouguojiasenlin,"

地址:
黑龙江省伊春市嘉荫县向阳乡


电话:
0458-6198322,0458-2687322

",茅兰沟国家森林公园，位于伊春市嘉荫县。茅兰沟是由亿万年板块迁移挤压而成的一处深谷，有着茂密的树林和纯净的溪流，山谷还有不少奇趣独特的嶙峋怪石，对于喜欢自然风光的游客来说非常值得一看。茅兰沟高海拔仅为400多米，非常适合登高健行的人们来此一爬。爬山的过程中也不会特别无聊，林间有不少秀丽瀑布，飞泻而下的风采虽不比尼亚加拉那么雄伟壮观，但也小家碧玉别有美感。这里虽然名气上远不如九寨沟，但是它胜在幽静。这里的大峡谷也特别让人惊艳，虽然不如塞北的荒凉，但是峡...茅兰沟国家森林公园，位于伊春市嘉荫县。茅兰沟是由亿万年板块迁移挤压而成的一处深谷，有着茂密的树林和纯净的溪流，山谷还有不少奇趣独特的嶙峋怪石，对于喜欢自然风光的游客来说非常值得一看。茅兰沟高海拔仅为400多米，非常适合登高健行的人们来此一爬。爬山的过程中也不会特别无聊，林间有不少秀丽瀑布，飞泻而下的风采虽不比尼亚加拉那么雄伟壮观，但也小家碧玉别有美感。这里虽然名气上远不如九寨沟，但是它胜在幽静。这里的大峡谷也特别让人惊艳，虽然不如塞北的荒凉，但是峡谷中却有一种遒劲之感。风景区内有几处较为有名的石头不可不去，石头人和石头老太太是其中翘楚，它们栩栩如生，在大自然鬼斧神工的刻画下，竟然有着形似人的神韵。除了奇石，山林的四季风景更是有着迷人的韵味，或是春意盎然生机勃勃，野花遍野点缀山坡；或者银装素裹，积雪纯净，造就壮丽的北国风光。,全年 06:00-18:00,https://img1.qunarzz.com/travel/d5/1610/2b/a0270d1b51bc00b5.jpg_480x360x95_92a6085b.jpg,4.4,建议游览时间：3天,,65元,,1
上甘岭溪水国家森林公园Xishui National Forest Park,http://travel.qunar.com/p-oi722700-shangganlingxishuiguo,"

地址:
伊春市上甘岭区204省道伊嘉路24公里处上甘岭林业局溪水林场施业区内


电话:
0458-3833015

","上甘岭溪水国家森林公园是国家4A级景区，距伊春仅28公里。公园东西6.5公里，南北宽4.5公里，总面积为1.684公顷。公园自然分成两个三角形，交通十分便利，已初步形成休闲渡假旅游观光的优势，也是伊春“生态旅游”绿色通道上令人瞩目的亮点。    上甘岭溪水国家森林公园以""世外桃源""般的优雅将浓浓的乡土气息和别致的异国风情融为一体,既有独特的自然景观,也有颇具特色的人文景观, 溪水国家森林公园具有得天独厚的地理位置，不但景色怡人，而且生物多样，极为丰富，是“天保工程”重点生态公益区。    上甘岭溪水国家森林公园景色迷人而壮观,是您休闲,度假.旅游,观光的好地方,也是伊春""生态旅游""通道上令人瞩目的亮点.，上甘岭溪水国家森林公园内主要景点有蘑菇亭、山峰亭、将军亭、长青亭、哨兵树、猎人屋、风倒树、猴头树、獾子洞等，游人可以过盘山道、走悬索桥、桥下山泉水溪、清澈见底，美不胜收。",全年 07:30-17:00,https://img1.qunarzz.com/piao/fusion/1810/4b/b101293b79464002.jpg_480x360x95_9b450ffc.jpg,4.5,建议游览时间：3天,,40元,,1
美溪回龙湾度假村,http://travel.qunar.com/p-oi704510-meixihuilongwandujiacun,,,,,,,,,,1
兴安塔Xin'an Tower,http://travel.qunar.com/p-oi704082-xinganta,"

地址:
黑龙江省伊春市伊美区兴安森林公园

",兴安塔是仿古式宝塔建筑，呈六角型，钢筋混凝土结构，塔身为白色，塔高约67米，共11层。塔的周围建有森林公园，林海莽莽，空气清新。塔兼有防火瞭望与旅游观光双重功能，塔身高出群山，矗立于红松林之中，在群山和丛林的映衬之下，格外雄伟壮观。塔顶架设有高倍望远镜，可瞭望方圆几十公里的森林。登上塔顶，极目远眺，可俯瞰伊春城区全貌，一览林都的秀美风光。通往兴安塔的盘山路穿过风景林带蜿蜒而上，盛夏时节，花红绿草，林木葱茏，风光秀丽，景色宜人，是伊春市重要的人文景观。,全年 全天开放,https://tr-osdcp.qunarzz.com/tr-osd-tr-manager/img/4841f76f8b0a8b76d2da17e068dff2fa.jpg_480x360x95_a29e6255.jpg,4.0,建议游览时间：1小时,,具体收费情况以现场公示为主,,1
丰林自然保护区Fenglin Natural Reserve,http://travel.qunar.com/p-oi707164-fenglinziranbaohuqu,,是红松，东北“林海”的大主角，茂密成长的家园。红松是北方非常有代表性的树木，挺拔苍劲，高耸入云，丰林保留着较为完整的生态环境，这里的红松基本都有百年以上的树龄了，在古木参天的林间行走，应该有种别样的情怀吧，远离尘嚣，被这片绝世安宁尽情的环抱着。此外，丰林保护区还是很多野生动物的栖居地，马鹿是这里的常客，它们轻盈谨慎的穿行其中，不愿被人们打扰，林间自由自在飞舞的是山雀，它们喜爱鸣叫，清脆悦耳，好不欢快。棕熊、猞猁、野猪也是保护区的居民，我们游玩于此，可要注意安全哦。保护区设立了一处40米高的展望台，人们可以登高纵览山景，也可以在底层的标本馆了解这里野生动植物的一些知识，非常值得一去呐。,,https://tr-osdcp.qunarzz.com/tr-osd-tr-manager/img/8de355914b88add73351999abce844d5.jpg_480x360x95_7c3edb54.jpg,4.0,建议游览时间：4小时 - 5小时,,具体收费情况以现场公示为主,,1
金山屯大森林Jinshantun Forest,http://travel.qunar.com/p-oi709507-jinshantundasenlin,"

地址:
黑龙江省伊春市金山屯区大丰河

",,全天,,--,,,具体收费情况以现场公示为主,,2
峰岩山寨,http://travel.qunar.com/p-oi712395-fengyanshanzhai,"

地址:
位于黑龙江伊春市金山屯区

",峰岩山寨位于黑龙江伊春市金山屯区，该度假村具有原始自然风光，群山环绕，森林繁茂，度假村内设有山泉湖和俄式木刻楞别墅等配套设施。屋内陈设十分别致，吸引了众多游客前来观光旅游。,全天,,--,,,20元,,2
龙骨山Longgu Hill,http://travel.qunar.com/p-oi713444-longgushan,"

地址:
伊春市嘉荫县境内

",龙骨山，又名嘉荫龙骨山，嘉荫龙骨山位于喜荫县境的黑龙江省右岸，在县城西南约10公里处。1978-1979年，黑龙江省古生物工作者在这里发掘出1000多件恐龙化石，并装架成3具较完整的恐龙化石骨架。同时发现的有白垩纪的鸭嘴龙、霸王龙、似鸟龙、龟鳖类、鱼类及叶肢介、介形虫等无脊椎动物化石和玄铃木、昆兰树等多种被子植物化石。这说明了当时黑龙江地区处于温暖、潮湿、地势低平、湖泊众多、动植物十分繁茂的自然环境之中。现已被省政府批准为恐龙化石省级自然保护区。嘉荫龙骨山临江壁立，林木繁茂，鸟语花香，环境优美，登山顶可一览界江风光。每年夏秋季节游人络绎不绝。,全年 8:00-17:00,https://img1.qunarzz.com/travel/poi/1803/fe/3e1fed06f14b6437.jpg_480x360x95_89c3985e.jpg,4.1,建议游览时间：12小时,,具体收费情况以现场公示为主,,2
南山风景旅游区,http://travel.qunar.com/p-oi722431-nanshanfengjinglu:you,"

地址:
黑龙江伊春市伊春区

",南山风景旅游区始建于1993年，景区占地面积为3500公顷，山体平均海拔420米，其中兴安塔主峰海拔653米，塔高47米，是景区的标志性建筑。南山景区地势起伏、峰谷迂回、空间富于变化、自然形成山体，峰容坡地构成风景区多种的地貌景观。景区森林覆盖率极高，山林结合，具有较大的开发价值。是一处以森林风光为主要特色，集观赏、游乐、森林浴为一体的综合性游乐场所。　　南山风景旅游区邻近市中心区，交通便利，景区根据地貌特点和自然资源环境，规划和开发了留客谷、醉泉、风林谷、獾...南山风景旅游区始建于1993年，景区占地面积为3500公顷，山体平均海拔420米，其中兴安塔主峰海拔653米，塔高47米，是景区的标志性建筑。南山景区地势起伏、峰谷迂回、空间富于变化、自然形成山体，峰容坡地构成风景区多种的地貌景观。景区森林覆盖率极高，山林结合，具有较大的开发价值。是一处以森林风光为主要特色，集观赏、游乐、森林浴为一体的综合性游乐场所。　　南山风景旅游区邻近市中心区，交通便利，景区根据地貌特点和自然资源环境，规划和开发了留客谷、醉泉、风林谷、獾子岭、卧虎坡、兴安塔等景观游览区。这里群山环绕，风光秀丽，是自然科学和林学科普的理想基地。登塔眺望，涛涛林海跌宕起伏，林城伊春尽收眼底。　　景区主要植被类型是以红松为主的针阔叶混交林，树种有云杉、冷杉、黄菠萝、水曲柳、乔木和灌木等珍贵树木40余种，植被生态群落稳定繁茂，展现了一副自然、原始的风情画。,全天,,0.0,,,20元,,2
小兴安岭恐龙博物馆,http://travel.qunar.com/p-oi701720-xiaoxinganlingkonglong,"

地址:
中国黑龙江大兴安岭地区

",小兴安岭恐龙博物馆位于市中心水上公园西侧，总面积为4500平方米，共展出生活在白垩纪和侏罗纪时期的大小恐龙化石骨架7具。这些恐龙骨架大部分取自无嘉荫县龙骨山。嘉荫县龙骨山位于黑龙江中游右岸，因埋藏着大量的七千万前古生物恐龙化石而得名，由此引起了各国专家学者的极大关注，慕名考察观光的中外学者、专家和游客络绎不绝。,周一至周五上午 8：00---11：10；下午14：00---16：40（周五下午闭馆）；周六、周日9：00---14：40,,5.0,,,10元（学生5元）,,2
石猴山滑雪场,http://travel.qunar.com/p-oi708945-shihoushanhuaxuechang,,"朗乡镇座落在伊春小兴安岭南麓苍翠欲滴,烟浩淼淼的林海中,这里三山半落,绿水中分,恰似格林童话中的意境. 石猴山滑雪场位于朗乡镇南3.5公里处石猴山脚下,它交通便利,离林中园鹿场28公里,离头道沟漂游69公里,古城依兰85公里,已经形成了旅游一条线格局,滑雪场占地面积约15万平方米,是一个自然景观和人文景观相得一章的主体.年积雪期170天,滑雪期达100天,坡度为5度,10度,16度雪质好,滑雪道宽100米,长800米,分中,初级两条.配有拖牵式索道一条,是当今伊春地区最长的一条托牵索道,也是黑龙江...朗乡镇座落在伊春小兴安岭南麓苍翠欲滴,烟浩淼淼的林海中,这里三山半落,绿水中分,恰似格林童话中的意境. 石猴山滑雪场位于朗乡镇南3.5公里处石猴山脚下,它交通便利,离林中园鹿场28公里,离头道沟漂游69公里,古城依兰85公里,已经形成了旅游一条线格局,滑雪场占地面积约15万平方米,是一个自然景观和人文景观相得一章的主体.年积雪期170天,滑雪期达100天,坡度为5度,10度,16度雪质好,滑雪道宽100米,长800米,分中,初级两条.配有拖牵式索道一条,是当今伊春地区最长的一条托牵索道,也是黑龙江省第二条最长的托牵索道,娱乐项目具有:滑冰(乡南垂钓园夏季可以休闲度假.垂钓).滑圈,马爬犁,雪撬,雪地摩托,雪具,雪服齐全,并设有夜间照明滑雪,篝火娱乐等项目.同时还设有多种冰雪,冰雕,雪塑及比赛项目,对初学者有教练指导及演示讲解要领,直到领会为止,令不同层次,不同爱好的滑雪者各得其乐。石猴山滑雪场是集数家滑雪场之长处,是一座功能齐全的现代化滑雪场.对冰雪爱好者及各方游客来说是一处极佳的选择,它正在以安全的保证,便利的交通专线,平民化的价格,整洁的环境,更优质的服务.展现出它特有的风姿,迎接八方来客。",,,--,,,,,2
小兴安岭第一漂,http://travel.qunar.com/p-oi712144-xiaoxinganlingdiyipiao,,位于金山屯区境内的大丰河全长 80公里，平均宽度30米，水深1－1.5米，河水纯净，清澈见底，河床由细沙和鹅卵石组成，赤脚站在滩上如同按摩一般。这里水流湍急，乘上双人橡皮船顺流而下，颠簸旋转，乐趣无穷。这里是伊春最早开发漂流旅游项目的地区，在省内外知名度很高，有“小兴安岭第一漂”之称，每年夏季慕名而来的漂流旅游爱好者络绎不绝。近年来，金山屯林业局依托这里的资源优势，实行招商引资，吸引了许多投资者和当地民营企业家在此开发旅游业，旅游功能设施和服务水平全面提...位于金山屯区境内的大丰河全长 80公里，平均宽度30米，水深1－1.5米，河水纯净，清澈见底，河床由细沙和鹅卵石组成，赤脚站在滩上如同按摩一般。这里水流湍急，乘上双人橡皮船顺流而下，颠簸旋转，乐趣无穷。这里是伊春最早开发漂流旅游项目的地区，在省内外知名度很高，有“小兴安岭第一漂”之称，每年夏季慕名而来的漂流旅游爱好者络绎不绝。近年来，金山屯林业局依托这里的资源优势，实行招商引资，吸引了许多投资者和当地民营企业家在此开发旅游业，旅游功能设施和服务水平全面提高，还开发了竹伐漂等旅游产品。,,,--,,,,,2
朗乡玉兔仙潭风景区Langxiang Yutu Xiantan Scenic Area (North Gate),http://travel.qunar.com/p-oi710457-langxiangyutuxiantanfeng,"

地址:
伊春市铁力市朗乡镇朗乡局头道沟林场


电话:
0458-2586111

",玉兔仙潭风景区位于朗乡局头道沟林场，是集漂流、花卉观赏、度假和水上游乐为一体的综合性旅游景区。游客可自由选择漂流距离，进行惊险刺激的漂流活动。面对起伏的叠岩和两崖之上浩瀚的林海，可体会到人与自然的融洽沟通。玉兔仙潭南侧高峻的石壁上题写着“玉兔仙潭”四个大字，高峻的石壁和碧绿的河水构成一幅美丽的山水画。绿色植物花种植有各种野生花、林区蔬菜，每到夏季来临之际，园内郁郁葱葱，姹紫嫣红，五彩缤纷的绿色植物香气沁人心脾。人工瀑布，高40米，水流从山顶飞流直下，直落玉兔仙潭，气势宏伟。 玉兔仙潭天然浴场，水面宽阔，水流平稳，水质清澈，岸边有天然宽阔的沙滩，虽不及海滩宽阔，却也平添几分山野情趣，炎热的夏季在浴场畅游，清爽的河水会为您消解夏季酷暑。,全年 全天开放,https://tr-osdcp.qunarzz.com/tr-osd-tr-manager/img/2947a18979d934ddfe5ccbdf0a992fb3.jpg_480x360x95_e78d82b7.jpg,4.8,建议游览时间：2小时 - 3小时,,景区免费开放，漂流等娱乐项目另收费。,,2
水上公园Water Park,http://travel.qunar.com/p-oi722429-shuishanggongyuan,"

地址:
伊春市伊春区新兴西路南侧


电话:
0458-3620497

",水上公园位于黑龙江省伊春市内，是当地很受欢迎的市民休闲场所。公园以水上娱乐为主，人们可以在人工湖内划桨泛舟，感受推波的乐趣。或者在岸边游走，拍照嬉戏，把快乐的回忆刻成永恒。水上公园中间的建筑是为了纪念伊春建设开发50年而造的高碑，这是公园的标志，也是伊春市区的象征，纪念碑顶是啄木鸟，它们围绕着太阳展翅飞翔，灵动欢乐。啄木鸟是伊春的市鸟，纪念碑整体设计寓意伊春美好的未来。水上公园附近还有几个参观景点，小兴安岭恐龙博物馆、小兴安岭石苑、林都木雕园，不妨一去哦。,全年 8:00-17:30,https://tr-osdcp.qunarzz.com/tr-osd-tr-manager/img/f9ad61b5ecede16e88b51b699e24af43.jpg_480x360x95_24ed769e.jpg,4.5,建议游览时间：2小时,,具体收费情况以现场公示为主,,2
兴安森林公园Xing'an Forest Park,http://travel.qunar.com/p-oi722430-xingansenlingongyuan,"

地址:
伊春市伊春区南山风景林自然保护区


电话:
0458-8974898

",兴安森林公园位于伊春市，建于1981年，是当地颇有些年头的“资深”原始森林公园。汤旺河和伊春河从此绕过，源源河水滋养着园内的植被，这里多是北国代表性的树木红松，挺拔的红松因为这片美好的环境，一直静谧的生长着，不被打扰，大多数松树都有着三、四百岁的年纪了，可谓是古木参天，苍劲悠远。除了红松，很多国家珍贵保护植物也在四周安然矗立，云杉、黄菠萝、冷杉、水曲柳、榆树、樟子松随处可见，它们见证了这片自然天堂的古往今来，像是一位看尽风云的老者，淡然的迎接着远方的游客。除了原始风景，森林公园还开设了几处游玩设施，人们可以在动物观赏区内看到很多野生动物的身影，了解当地特有的野生奇趣。到了冬季，公园会专门开设滑雪赛道，届时你可以骑着雪地摩托畅玩林海雪原。来兴安森林公园走走玩玩，相信会给你带来不少欢乐。,全年 7:00-18:00,https://tr-osdcp.qunarzz.com/tr-osd-tr-manager/img/62fcc8ca5aa28a6bd1939d22aedaf95a.jpg_480x360x95_67482cb0.jpg,4.3,建议游览时间：12小时,,门票免费，山顶兴安塔（楼梯）10元，观光塔（电梯）30元，汽车进山5元/7座以下，营运车辆不许进园（白天不可，晚上无人看管）,,2
梅花山国家森林公园Meihuashan National Forest Park,http://travel.qunar.com/p-oi711865-meihuashanguojiasenlin,"

地址:
伊春市乌马河区西南13公里处

",梅花山国家森林公园位于伊春区东郊28公里处，占地面积78平方公里。可分为红松原始林景区、虎臀山探险观光区、梅花山探险观光区、梅花湖娱乐区等四个景区。著名的景点有24处。红松原始林景区四季常青，古树参天，苍翠挺拔。梅花山探险观光区有老君山、虎头峰、熊头峰、棒槌山、奶头山、穿云洞和仙女泉等景观。梅花河水源形成湖面4.5平方公里的梅花湖，湖水风平浪静，有游艇、小船、舢板可供游湖，岸边有钓鱼台可供垂钓。湖中鱼类均为冷水鱼，有细鳞、山鲶鱼等十多种。,全年 9:00-17:00,https://tr-osdcp.qunarzz.com/tr-osd-tr-manager/img/b2a12f01e8835b83eab94654421231d1.jpg_480x360x95_ea76218b.jpg,5.0,建议游览时间：3天,,具体收费情况以现场公示为主,,3
峰岩生态旅游区,http://travel.qunar.com/p-oi709323-fengyanshengtailu:you,"

地址:
黑龙江伊春金山屯区东南方的三号北沟

",峰岩生态旅游区位于金山屯区东南方的三号北沟。这里青山含黛，古树参天，花香鸟语，碧水潺潺，此处人文景观与自然景观巧妙结合，体现出人与自然的和谐统一。景区的自然风景主要集中在“峰岩泉”周围。峰岩泉，位于此旅游区西侧的上部，泉水常年保持摄氏零上8度，喝一口全身顿感无比舒畅。山泉上方的悬崖上，生长着一棵百年青松，如同山泉的忠诚卫士日夜恪尽职守。山泉南侧有一条沟，巨石从山顶排到山脚，游人观赏需跳着走，故称此地为“跳石林”。跳石林南侧，有刺嫩芽景区、五味子景...峰岩生态旅游区位于金山屯区东南方的三号北沟。这里青山含黛，古树参天，花香鸟语，碧水潺潺，此处人文景观与自然景观巧妙结合，体现出人与自然的和谐统一。景区的自然风景主要集中在“峰岩泉”周围。峰岩泉，位于此旅游区西侧的上部，泉水常年保持摄氏零上8度，喝一口全身顿感无比舒畅。山泉上方的悬崖上，生长着一棵百年青松，如同山泉的忠诚卫士日夜恪尽职守。山泉南侧有一条沟，巨石从山顶排到山脚，游人观赏需跳着走，故称此地为“跳石林”。跳石林南侧，有刺嫩芽景区、五味子景区和成排的石人阵。状如人形的石人阵，似出兵，似布阵，景观奇特，气势磅礴。人文景观有矿泉水“金水山泉王”生产车间，由透明玻璃与外界隔断，纯天然矿工泉水从海拔牙2700米的山顶顺管道貌岸然引来，游击队人可从玻璃墙外看到各工作间的主产过程，这样的“透明”生产，令游人感受到新鲜有趣。广场的草坪不怕践踏，其中设有5处篝火点燃点，供游人夜间狂欢之用。北侧有木制别墅供游人留宿，每个单间内设施简朴而舒适，山下峰岩湖，湖水平稳如镜，可游泳、划船、钓鱼。冬天还可滑雪、溜冰、观雪景、打雪仗。景点旅游提示门票：5元（另骑马收费标准每小时40元；滑雪收费标准40元/时；滑圈20元/时；冰刀每付20元不计时；大丰河漂流收费标准60元/人）交通：伊春市内有班车前往。,6：00-23：00   淡旺季会有调整,https://img1.qunarzz.com/travel/d6/1610/1c/180d9778a5cd61b5.jpg_480x360x95_df4742e4.jpg,--,,,30元,,3
透龙山,http://travel.qunar.com/p-oi707529-toulongshan,,"透龙山庄位于小兴安岭南麓的铁力市，距哈市240公里，乘火车、汽车只需2-3小时。这里有神秘的千年古洞，罕见的奇石怪树，秀丽的湖光山色，甘甜的清泉溪水，宝贵的原始湿地。是您休闲度假、旅游观光的理想去处。这里天常蓝、水常清、山常绿，有天然""氧吧""之美誉，堪称小兴安岭山脚下的一颗明珠。透龙山以它独特的风姿，迎接着八方宾客，来吧！朋友，到山庄漂流，向森林出发，尽情享受大自然给我们的恩赐.位于铁力市东北 35公里处，哈―伊公路旁。透龙山风景区建筑以木质结构建筑为主，风...透龙山庄位于小兴安岭南麓的铁力市，距哈市240公里，乘火车、汽车只需2-3小时。这里有神秘的千年古洞，罕见的奇石怪树，秀丽的湖光山色，甘甜的清泉溪水，宝贵的原始湿地。是您休闲度假、旅游观光的理想去处。这里天常蓝、水常清、山常绿，有天然""氧吧""之美誉，堪称小兴安岭山脚下的一颗明珠。透龙山以它独特的风姿，迎接着八方宾客，来吧！朋友，到山庄漂流，向森林出发，尽情享受大自然给我们的恩赐.位于铁力市东北 35公里处，哈―伊公路旁。透龙山风景区建筑以木质结构建筑为主，风格简洁明快，很有林区特色，是黑龙江省内外知名的集餐饮、娱乐、住宿于一体的的旅游度假区。透龙山山势平缓，林木茂盛，有九峰十八景，景景稀奇，峰峰秀丽。著名的景点有鸳鸯树、卧虎峰、背靠峰、仙人骨、一线天、迎客松、斧劈沟、杜鹃峰、金蟾石等。置身其中，兴致盎然，乐不思蜀",,,--,,,10元,,3
小兴安岭石苑,http://travel.qunar.com/p-oi38818201-xiaoxinganlingshiyuan,,,,,--,,,具体收费情况以现场公示为主,,3
沿河公园,http://travel.qunar.com/p-oi38341139-yanhegongyuan,,,,,--,,,具体收费情况以现场公示为主,,3
大丰河兴安源头漂,http://travel.qunar.com/p-oi38340438-dafenghexinganyuantou,,,,,0.0,,,具体收费情况以现场公示为主,,3
石林森林公园,http://travel.qunar.com/p-oi38337074-shilinsenlingongyuan,,,,,0.0,,,具体收费情况以现场公示为主,,3
铁路公园,http://travel.qunar.com/p-oi38336142-tielugongyuan,,,,,4.0,,,具体收费情况以现场公示为主,,3
小兴安岭,http://travel.qunar.com/p-oi38034648-xiaoxinganling,,小兴安岭，亚洲东北部兴安岭山系西北－东南走向山脉之一。是中国重点用材林基地。林区面积1206万公顷，其中森林面积500多万公顷，林木蓄积量约4.5亿立方米，红松蓄积量4300多万立方米，占全国红松总蓄积量的一半以上，素有“红松故乡”之美 称。,,,4.0,,,具体收费情况以现场公示为主,,3
伊春小兴安岭石林,http://travel.qunar.com/p-oi37669611-yichunxiaoxinganlingshi,,在小兴安岭北麓的黑龙江省伊春市汤旺河区境内，距区址7公里处，有一闻名遐迩的自然景观--小兴安岭石林。它由三条∽型山脉和近百座花岗岩巨大石峰、石柱组成，每座峰柱都在密林中拔地而起，神工雕塑般此起彼伏，景象千姿百态，万象丛生。其间峰柱自然天成犹如腾跃龙虎、展翅大鹏、嬉戏石猴、翘首悟能、佛手撑天、文殊经、济公钻布袋、天蟾戏松等栩栩如生。更有雄峰、一线天、情侣山、观音隐、钟馗岭、弥勒顶等奇妙景观，让人叹为观止。其内古树参天、小溪穿越、瀑布飞流、珍禽异兽栖息...在小兴安岭北麓的黑龙江省伊春市汤旺河区境内，距区址7公里处，有一闻名遐迩的自然景观--小兴安岭石林。它由三条∽型山脉和近百座花岗岩巨大石峰、石柱组成，每座峰柱都在密林中拔地而起，神工雕塑般此起彼伏，景象千姿百态，万象丛生。其间峰柱自然天成犹如腾跃龙虎、展翅大鹏、嬉戏石猴、翘首悟能、佛手撑天、文殊经、济公钻布袋、天蟾戏松等栩栩如生。更有雄峰、一线天、情侣山、观音隐、钟馗岭、弥勒顶等奇妙景观，让人叹为观止。其内古树参天、小溪穿越、瀑布飞流、珍禽异兽栖息。集山、水、林、泉、洞于一身，融自然、人文景观于一体，得天独厚、犹具风韵。朋友，请到小兴安岭石林观光旅游。这里的奇石山水，稀世罕见，身临其境、一定会让您赏心悦目，美不胜收\r,,,4.4,,,具体收费情况以现场公示为主,,3
金秘洞,http://travel.qunar.com/p-oi37388204-jinmidong,"

地址:
黑龙江省伊春市金林区金山大街金山屯博物馆院内

",金秘洞是小兴安岭地区第一家以山洞为主题打造的特色旅游景点，共分为七厅一走廊。洞内终年恒温零上六度，冬暖夏凉。洞中景观风格各异，趣味盎然。金秘洞曾是金人游猎迁徙的落脚地，金祖文化展示厅、寨王厅、狐仙洞等惊险刺激，妙不可言，钟乳石景观造型奇特，宛若天成，更有罕见的冰笋奇观。,全年 08:00-15:00,,--,建议游览时间：1小时 - 2小时,,,,4
大青山,http://travel.qunar.com/p-oi36385440-daqingshan,,,,,0.0,,,,,4
桃源湖风景区森林书房Forest Study in Taoyuan Lake Scenic Area,http://travel.qunar.com/p-oi35320388-taoyuanhufengjingqusen,,,,,--,,,具体收费情况以现场公示为主,,4
西岭新村,http://travel.qunar.com/p-oi35300787-xilingxincun,,,,,--,,,具体收费情况以现场公示为主,,4
铁力市博物馆Tielishi Museum,http://travel.qunar.com/p-oi34273146-tielishibowuguan,"

地址:
铁力市正阳大街106号

",,8:30-11:3014:00-17:30,,3.0,,,,,4
黑龙江小兴安岭蓝莓博物馆Heilongjiang Xiaoxing'anling Lanmei Museum,http://travel.qunar.com/p-oi34271667-heilongjiangxiaoxingan,,,,,4.0,,,免费,,4
伊春林都文化博物馆Yichunlindou Culture Museum,http://travel.qunar.com/p-oi34271305-yichunlindouwenhuabowu,"

地址:
伊春市青山西大街15号

",,全年 周二-周日 9:00-17:00,,--,,,免费,,4
嘉荫县博物馆Jiayinxian Museum,http://travel.qunar.com/p-oi34270216-jiayinxianbowuguan,,,,,--,,,免费,,4
桃山博物馆Tao Mountain Museum,http://travel.qunar.com/p-oi34270090-taoshanbowuguan,,,,,--,,,免费,,4
伊春博物馆Yichunshi Museum,http://travel.qunar.com/p-oi34270004-yichunbowuguan,"

地址:
伊春区新兴西路


电话:
0458-3603126


官网:
http://www.vcsbwg.org.cn

",位于伊春市中心水上公园西侧，它是继四川自贡之后的第二座地市级恐龙博物馆，同时也是东北三省唯一的一座恐龙博物馆。这是伊春市，也是中国发现的第一架恐龙骨架化石，所以伊春不仅是红松的故乡，同时也是中国的恐龙故乡。小兴安岭恐龙博物馆是一座集人文历史和古生物化石于一体的综合性博物馆。它不权以各历史暑期的文物向您展示了伊春悠久 的历史和灿烂文化，更以生动的实物资料向您展示了早在人类出现前第三纪黑龙江大地上古生物活动的壮观景象。,8:30-11:3014:00-17:30,,4.4,,,免费,,4
金祖峰景区Jinzufeng Sceneic Area,http://travel.qunar.com/p-oi33094631-jinzufengjingqu,,金祖峰景区原名叫大西山。是当地范围内的较高的高峰。景区有许多自然风光，还有很多优美奇特的景观。同时景区也是当地是登山、看日出，观云海的好场所。,,https://tr-osdcp.qunarzz.com/tr-osd-tr-manager/img/05d69eb696f79ed62870eeb23c73da67.jpg_480x360x95_80e19d3c.jpg,5.0,建议游览时间：12小时 - 3天,,具体收费情况以现场公示为主,,5
大箐山Daqing Mountain,http://travel.qunar.com/p-oi32749207-daqingshan,"

地址:
伊春市 带岭区

",,全年 全天开放,,--,,,具体收费情况以现场公示为主,,5
金山屯博物馆,http://travel.qunar.com/p-oi26952448-jinshantunbowuguan,,,,,--,,,,,5
黑龙江省伊春市铁力市步行街HeiLongJiangSheng YiChunShi TieLiShi BuXingJie,http://travel.qunar.com/p-oi24441459-heilongjiangshengyichun,,,,,--,,,具体收费情况以现场公示为主,,5
白山狩猎场Baishan Hunting Field,http://travel.qunar.com/p-oi24409970-baishanshouliechang,,,,,--,,,具体收费情况以现场公示为主,,5
桃山水库Taoshan Reservoir,http://travel.qunar.com/p-oi24409955-taoshanshuiku,"

地址:
黑龙江省铁力市桃山水库

",桃山水库是一座以防洪、城市供水为主以及农田灌溉等综合利用于一体的大型水库。同时也是各地游客休闲观光的旅游胜地。,全年 8:00-18:00,https://tr-osdcp.qunarzz.com/tr-osd-tr-manager/img/d52410b27c131850d45d0513b02ab2da.jpg_480x360x95_7458ca78.jpg,--,建议游览时间：1小时 - 2小时,,具体收费情况以现场公示为主,,5
朗乡石猴山Shihou Mountain of Langxiang,http://travel.qunar.com/p-oi24409952-langxiangshihoushan,"

地址:
黑龙江省铁力市朗乡镇南

",,全年 8:00-17:30,,--,,,具体收费情况以现场公示为主,,5
"汤旺河卧龙湖Wolong Lake, Tangwang River",http://travel.qunar.com/p-oi23344094-tangwanghewolonghu,,,,,,,,,,5
石林河Shilin River,http://travel.qunar.com/p-oi23341758-shilinhe,,,,,--,,,具体收费情况以现场公示为主,,5
小兴安岭林区Xiaoxing'anling Forest,http://travel.qunar.com/p-oi20931391-xiaoxinganlinglinqu,,小兴安岭位于中国黑龙江省中北部，位于北温带大陆季风气候区。林区森林茂密，树种繁多。有林地面积280万公顷，森林覆被率72.6％，活立木总蓄积2.4亿立方米。森林类型是以红松为主的针阔叶混交林。,,https://tr-osdcp.qunarzz.com/tr-osd-tr-manager/img/a3fb6f15493bda5296ee40007954dac3.jpg_480x360x95_f334254d.jpg,4.7,建议游览时间：3天,,,,5
金山国家森林公园Jinshan National Forest Park,http://travel.qunar.com/p-oi20928398-jinshanguojiasenlingong,,,,,--,建议游览时间：1小时 - 3小时,,,,6
兴安奇石Xin'an Rocks,http://travel.qunar.com/p-oi20919366-xinganqishi,,,,,--,建议游览时间：1小时 - 2小时,,具体收费情况以现场公示为主,,6
横山古墓群Hengshan Tombs,http://travel.qunar.com/p-oi20910238-hengshangumuqun,,,,,--,建议游览时间：1小时 - 2小时,,,,6
汤南森林公园Tangnan Forest Park,http://travel.qunar.com/p-oi20907182-tangnansenlingongyuan,"

地址:
黑龙江省伊春市红星区红星林业局

",,全年 8:00-17:00,,--,建议游览时间：12小时 - 3天,,具体收费情况以现场公示为主,,6
浩良河基督教堂Haolianghe Christ Church,http://travel.qunar.com/p-oi19977887-haolianghejidujiaotang,,,,,--,,,具体收费情况以现场公示为主,,6
日月峡广场Riyuexia Plaza,http://travel.qunar.com/p-oi19977618-riyuexiaguangchang,,,,,--,,,具体收费情况以现场公示为主,,6
凉水景区Liangshui Scenic Area,http://travel.qunar.com/p-oi19977384-liangshuijingqu,,位于伊春市带岭区的凉水自然保护区是一片美丽的原始森林，保留着完整典型的小兴安岭森林特色，古木参天，溪水潺潺，是欣赏北国绿林美景的理想场所。凉水颇具特色的莫过于一片一片的从未被世间打扰的原始红松树林，不少红松都有三、四百年的年纪，它们苍劲向上的立于林间，历经百载芳华荣枯。除了红松，凉水还是700多种植物茁壮成长的家园，云杉、白桦、榆树甚至是国家珍贵物种黄菠萝，都在凉水安静的生长着。除了绿色植被，在凉水栖居的野生动物也很值得一提，珍贵的国家保护动物——中华秋沙鸭、紫貂还有大棕熊、马鹿，都隐蔽的生活在凉水丛林之间。游人们来凉水，在这片纯粹的生态天堂中，能够感受自然之美，舒缓身心的疲惫。,,,--,,,具体收费情况以现场公示为主,,6
"黑龙江省伊春市方志馆Yichun City Local Chronicles Museum, Heilongjiang Province",http://travel.qunar.com/p-oi19976891-heilongjiangshengyichun,,,,,--,,,,,6
友好基督教堂Youhao Christian Church,http://travel.qunar.com/p-oi19976528-youhaojidujiaotang,,,,,--,,,具体收费情况以现场公示为主,,6
年轮广场Nianlun Plaza,http://travel.qunar.com/p-oi19976330-nianlunguangchang,,,,,--,,,具体收费情况以现场公示为主,,6
江边公园Jiangbian Park,http://travel.qunar.com/p-oi19976240-jiangbiangongyuan,,,,https://tr-osdcp.qunarzz.com/tr-osd-tr-manager/img/a4d3b7392c03965fb546f86bd1d69e09.jpg_480x360x95_a66ea99e.jpg,4.7,,,具体收费情况以现场公示为主,,7
林中园风景区Linzhongyuan Scenic Area,http://travel.qunar.com/p-oi19976227-linzhongyuanfengjingqu,,,,,--,,,具体收费情况以现场公示为主,,7
地质公园博物馆Geological Park Museum,http://travel.qunar.com/p-oi19976196-dizhigongyuanbowuguan,,,,,--,,,具体收费情况以现场公示为主,,7
悬羊峰国家地质公园Xuanyangfeng National Geopark,http://travel.qunar.com/p-oi19975841-xuanyangfengguojiadizhi,,"素有“北国小黄山”之称的伊春小兴安岭国家地质公园桃山园区,主景区占地面积707公顷，高峰海拔909米，景雅境幽，怪石叠岩，是小兴安岭森林自然景观中具有典型性标志的精品景区，它集山、水、林、泉于一身，融奇峰、怪石、峭壁、石浪、古洞、古松于一炉，主要以观光体验游为主，景区内主要景点有莲花石、石塔青松、狮面山、一线天等。据地质学家考证，悬羊峰生成于古生代末期，山形地貌突兀，怪石嶙峋，岩峰陡峭，拟态奇峰、怪石、峭壁构成险峻景群区。悬羊峰过去叫亮白砬子，因为其山势险峻陡峭，森林里群居的野山羊为逃避食肉动物的追捕，多数时间就生活在此山的悬崖上，故称为悬羊，山峰也由此得名悬羊峰。",,https://tr-osdcp.qunarzz.com/tr-osd-tr-manager/img/07fe201ac2c4df90ce1e25223e7ad649.gif_480x360x95_980ae011.gif,4.3,,,,,7
伊春市新青区基督教会Yichunshi Xinqingqu Christ Church,http://travel.qunar.com/p-oi19971840-yichunshixinqingqujidu,,,,,--,,,具体收费情况以现场公示为主,,7
江边广场Jiangbian Square,http://travel.qunar.com/p-oi19968777-jiangbianguangchang,,,,https://tr-osdcp.qunarzz.com/tr-osd-tr-manager/img/c9a41f5fac4899c64d9158c651f006db.jpg_480x360x95_783e7cce.jpg,4.0,,,具体收费情况以现场公示为主,,7
999休闲广场999 Leisure Square,http://travel.qunar.com/p-oi19968771-999xiuxianguangchang,,,,,--,,,,,7
乌马河广场Wumahe Square,http://travel.qunar.com/p-oi19968754-wumaheguangchang,,,,,--,,,具体收费情况以现场公示为主,,7
人民广场Renmin Square,http://travel.qunar.com/p-oi19968753-renminguangchang,,,,,--,,,具体收费情况以现场公示为主,,7
美辰广场Meichen Square,http://travel.qunar.com/p-oi19968752-meichenguangchang,,,,,--,,,具体收费情况以现场公示为主,,7
星期八休闲广场Xingqiba Leisure Square,http://travel.qunar.com/p-oi19968749-xingqibaxiuxianguangchang,,,,,--,,,,,8
人和广场Renhe Square,http://travel.qunar.com/p-oi19968748-renheguangchang,,,,,--,,,具体收费情况以现场公示为主,,8
同心广场Tongxin Square,http://travel.qunar.com/p-oi19968728-tongxinguangchang,,,,,--,,,具体收费情况以现场公示为主,,8
知青园Educated Youth Park,http://travel.qunar.com/p-oi19968301-zhiqingyuan,,,,https://tr-osdcp.qunarzz.com/tr-osd-tr-manager/img/66dfdc3c253c71c3d23f89394c00a486.jpg_480x360x95_5bf76adc.jpg,--,,,,,8
南山公园Nan Mountain Park,http://travel.qunar.com/p-oi19968285-nanshangongyuan,,南山公园里种植有很多品种的植物，树木参天，园内的设施完善，环境幽雅，是一个天然的氧吧，是散步休闲的好去处。,,https://tr-osdcp.qunarzz.com/tr-osd-tr-manager/img/9a8f72c9b898c5dd0e5352ed34338ce4.jpg_480x360x95_f85b4807.jpg,0.0,建议游览时间：3小时,,,,8
森林博物馆Forest Museum,http://travel.qunar.com/p-oi19968275-senlinbowuguan,,森林博物馆是以小兴安岭森林为主题，以实物、标本以及现代多媒体等多种方法，体现北方森林特色的专业博物馆。,,,5.0,建议游览时间：3小时,,,,8
早教中心天使游乐园,http://travel.qunar.com/p-oi19968271-zaojiaozhongxintianshi,,,,,--,,,,,8
天龙禅寺Tianlongchan Temple,http://travel.qunar.com/p-oi19968267-tianlongshansi,,天龙禅寺是当地香火旺盛，游人如织的名寺。整个寺庙依翠绿之兴安青山，傍清澈之汤旺河水。每每都使香客流连忘返。,,,3.0,建议游览时间：1小时 - 2小时,,具体收费情况以现场公示为主,,8
五色石古陶瓷博物馆Wu Se Shigu Taoci Museum,http://travel.qunar.com/p-oi19968249-wuseshigutaocibowuguan,,,,,--,,,具体收费情况以现场公示为主,,8
崇圣讲寺Chongshengjiang Temple,http://travel.qunar.com/p-oi19968245-chongshengjiangsi,,,,,--,,,具体收费情况以现场公示为主,,8
双丰公园Shuangfeng Park,http://travel.qunar.com/p-oi19968242-shuangfenggongyuan,,,,,--,,,具体收费情况以现场公示为主,,9
明命寺遗址Mingming Temple Ruins,http://travel.qunar.com/p-oi19968241-mingmingsiyizhi,,,,,--,,,具体收费情况以现场公示为主,,9
朗乡东山公园Langxiangdong Mountain Park,http://travel.qunar.com/p-oi19968239-langxiangdongshangong,"

地址:
朗乡镇东山路东50米


电话:
0458-6935232

",朗乡东山公园位于朗乡镇东山路，公园内山高林密，空气清馨，楼台亭阁坐落期间，然花草繁茂，人工痕迹很少。信步蹬上摩天岭，可以俯瞰整个朗乡小镇全景，一览小镇全貌。,全年9:00-18:00,,4.7,建议游览时间：12小时 - 3天,,具体收费情况以现场公示为主,,9
彩虹糖儿童乐园,http://travel.qunar.com/p-oi19968233-caihongtangertongleyuan,,,,,--,,,,,9
怡馨宾馆-啤酒广场Yixin Binguan-Pijiu Square,http://travel.qunar.com/p-oi19967447-yixinbinguan_pijiuguang,,,,,--,,,,,9
神州恐龙博物馆Shenzhou Dinosour Museum,http://travel.qunar.com/p-oi19644623-shenzhoukonglongbowuguan,,黑龙江嘉荫神州恐龙博物馆坐落在中俄大界河黑龙江右岸，距嘉荫县城西12公里。博物馆占地面积13万平方米，建筑面积4650平方米，展厅面积2100平方米，是一座将自然科学和人文景观紧密结合的大型综合博物馆。馆内陈列着由鸭嘴龙、霸王龙、疾走龙、甲龙的骨骼化石组装成的8具恐龙化石骨架。这是我国自四川自贡、云南禄丰、江苏常州、内蒙古二连浩特恐龙博物馆后又一座大型恐龙博物馆，也是我国唯一一座集保护区和展览馆于一身的园中馆。,,,3.9,建议游览时间：2小时 - 3小时,,具体收费情况以现场公示为主,,9
带岭动植物资源馆Dailing Animal and Plant Resources Center,http://travel.qunar.com/p-oi19621171-dailingdongzhiwuziyuan,"

地址:
黑龙江省伊春市带岭区辖区

",,全年 8:00-17:00,,5.0,,,具体收费情况以现场公示为主,,9
小兴安岭资源馆Xiaoxing'anling Resource Center,http://travel.qunar.com/p-oi19621170-xiaoxinganlingziyuanguan,"

地址:
黑龙江省伊春市伊春区中心区北部 165000

",,全年 8:00-17:30,,--,,,具体收费情况以现场公示为主,,9
北疆乌镇湿地景区Beijiang Wuzhen,http://travel.qunar.com/p-oi19599972-beijiangwuzhenshidijing,,湿地景区有着得天独厚的旅游资源。那里气候宜人，物种丰富，风景宜人。是有名的避暑天堂。,,https://tr-osdcp.qunarzz.com/tr-osd-tr-manager/img/843af6bfdda007a2d112a8a1bf4bd94b.jpg_480x360x95_9df3b1fd.jpg,0.0,,,,,9
川珠剧场,http://travel.qunar.com/p-oi19544726-chuanzhujuchang,,,,,--,,,,,9
伊春市戏曲剧院,http://travel.qunar.com/p-oi19539923-yichunshixiqujuyuan,,,,,--,,,,,10
鸿运刻字,http://travel.qunar.com/p-oi19531222-hongyunkezi,,,,,--,,,,,10
快佳乐冷热饮,http://travel.qunar.com/p-oi19524109-kuaijialelengreyin,,,,,--,,,,,10
双丰林业局图书阅览室Reading Room of Shuangfeng Forestry Bureau,http://travel.qunar.com/p-oi19523066-shuangfenglinyejutushu,,,,,--,,,具体收费情况以现场公示为主,,10
黑龙江省朗乡林业局图书馆Heilongjiang Langxiang Forestry Bureau Library,http://travel.qunar.com/p-oi19522460-heilongjiangshenglang,,,,,--,,,具体收费情况以现场公示为主,,10
奶咔骑士,http://travel.qunar.com/p-oi19521505-naikaqishi,,,,,--,,,,,10
林业艺术剧院,http://travel.qunar.com/p-oi19520173-linyeyishujuyuan,,,,,--,,,,,10
快乐宝贝儿童乐园,http://travel.qunar.com/p-oi19510184-kuailebaobeiertongleyuan,,,,,--,,,,,10
童乐园,http://travel.qunar.com/p-oi19510061-tongleyuan,,,,,--,,,,,10
麦幼优儿童游乐园,http://travel.qunar.com/p-oi19501941-maiyouyouertongyouleyuan,,,,,--,,,,,10
