名字,链接,地址,介绍,开放时间,图片链接,评分,建议游玩时间,建议季节,门票,小贴士,Page
杏花沟Xinghua Ditch,http://travel.qunar.com/p-oi5419823-xinghuagou,"

地址:
新疆维吾尔自治区伊犁哈萨克自治州新源县218国道附近

",杏花沟位于新疆伊犁新源县吐尔根乡，是中世纪保留较完整的原始野杏林，集中分布于巩及斯河北岸，是新疆野杏林比较集中的地区之一。新疆杏花沟4月中旬，吐尔根乡朝阳的山坡上杏花便已打苞和开花。大家如约而至汇集到了新疆杏花沟，欣赏杏花兼踏春。浏览时间：新疆杏花沟按往年的经验一般集中在4月20左右，此时新疆杏花沟春雨较多，所以请新疆杏花沟观览者注意天气，同时6月的时候新疆杏花沟的果实也会成熟，是品尝美果的好时机。 新疆杏花沟避免错过花期小贴士，其实杏花的花开到花谢大概只有7天时间，所以大家要时常关注新疆杏花沟的天气和新闻情况。 新疆杏花沟攻略之摄影 由于新疆杏花沟坐北朝南的整体方向，以及鹿角状的整体结构，新疆杏花沟所以在日出后1到2个小时可以形成多样的层次效果，所以此时是摄影的好时机。 ,全年 全天开放,https://img1.qunarzz.com/travel/d3/1411/f4/f41099f9764eeb78213a9cdb.jpg_480x360x95_8cb68036.jpg,4.3,建议游览时间：1小时 - 2小时,预计在4月初到5月初为宜，新疆杏花沟按往年的经验最佳时间一般集中在4月20左右，此时新疆杏花沟春雨较多，所以请新疆杏花沟观览者注意天气，同时6月的时候新疆杏花沟的果实也会成熟，是品尝美果的好时机。,"{'新疆伊犁吐尔根杏花谷纯玩一日游【踏春赏花】\n\n': ['¥150起'], '新疆伊犁吐尔根杏花谷纯玩一日游【6人拼车小团+市区免费接+踏春赏花】\n\n': ['¥438起'], '伊犁吐尔根杏花沟一日游丨无购物无自费·含区间车含午餐丨\n\n': ['¥150起']}",其实杏花的开放到花谢大概只有7天时间，所以大家要时常关注新疆杏花沟的天气和新闻情况。由于新疆杏花沟坐北朝南的整体方向，以及鹿角状的整体结构，新疆杏花沟所以在日出后1到2个小时可以形成极佳的层次效果，所以此时是最佳摄影时机。,1
特克斯八卦城Tekesi Bagua City,http://travel.qunar.com/p-oi5740656-tekesibaguacheng,"

地址:
伊犁哈萨克自治州特克斯县

",新疆的特克斯县因八卦布局而闻名，有关部门1996年取消道路上的红绿灯，八卦城由此成为一座没有红绿灯的城市。 传说特克斯八卦城一开始是由南宋道教全真七子之一的丘处机布置的，当时长春真人丘处机应成吉思汗的邀请前往西域，当他经过特克斯河谷时，被这里的山川形势所打动，于是就布置了这座八卦城。八卦城呈放射状圆形，街道布局如迷宫一般，路路相通、街街相连。同时，八卦城具有浓郁的民俗风情、厚重的历史文化和秀美的自然风光。　,全年 全天开放,https://tr-osdcp.qunarzz.com/tr-osd-vs-dapp-ugc/img/164c315f8d60cae5db0736cedb1613dd.jpg_480x360x95_4f89e0ea.jpg,4.2,建议游览时间：12小时 - 3天,,"{'特克斯八卦城热气球体验热气球私人订制体验\n\n': ['¥20000起'], '特克斯八卦城热气球体验热气球经典之旅体验票\n\n': ['¥780起']}",,1
独库公路Duku Highway,http://travel.qunar.com/p-oi9535135-dukugonglu,"

地址:
伊犁哈萨克自治州奎屯市

",独库公路全长约561公里，连接南北疆，横亘崇山峻岭，穿越深山峡谷，连接了众多少数民族聚居区。它的贯通，使得南北疆路程由原来的1000多公里缩短了近一半，堪称是中国公路建设史上的一座丰碑。独库公路五分之一的地段处于高山永冻层，三分之一是悬崖绝壁，跨越了天山近十条主要河流，翻越了四个常年积雪的雪山，其驾驶难度极大。这里沿途风景只能用神奇来形容，从古龟兹王国往东北方向沿国道217线前行，独库公路就开始一层层剥开它的神秘。沿途可欣赏唐不拉的仙女湖、火红的克孜利亚山地景观、险峻的峡谷风景、植被茂密的天山、浩瀚的草原和美丽的游牧风情。,全天开放,https://img1.qunarzz.com/travel/d8/1810/9b/b0ea51c44efb45b5.jpg_480x360x95_277f6c8d.jpg,4.8,建议游览时间：1小时 - 2小时,,具体收费情况以现场公示为主,公路信息独库公路由于地域特殊，每年11月初到次年5月实行冬季交通管制，且禁制9座以上车辆进入。注意事项在独库公路游玩出现险情时，用手机直接拨打紧急电话，会打到乌苏，加区号0992会打到奎屯。所以出发前一定要记住独山子紧急报警电话。,1
薰衣草园Lavender garden,http://travel.qunar.com/p-oi19519938-xunyicaoyuan,,霍城薰衣草节是以薰衣草为媒介，由新疆旅游局、伊犁哈萨克自治州人民政府主办的，集旅游产品、旅游项目推介，经贸洽谈于一体的休闲旅游类节庆活动。始创于2011年7月8日，在新疆维吾尔自治区霍城县举办。新疆霍城县位于天山北麓的伊犁河谷，这里与世界出名的薰衣草产地——法国的普罗旺斯地处同一纬度带，气候条件和土壤条件非常相似，是世界上为数不多的适合种植薰衣草的地区之一。旅游节以“新疆薰衣草文化博物馆”和“解忧公主薰衣草文化博览园”开幕为标志。节日期间，推出薰衣草系列旅游产品、纪念品展销、洽谈和签约活动，评选以“藏衣草”为主角的旅游产品。还有摄影、征文等系列活动。,,https://tr-osdcp.qunarzz.com/tr-osd-tr-manager/img/8f24bb460334ff93697216dcbb4942b0.jpg_480x360x95_b333a52f.jpg,4.5,建议游览时间：3小时,,,,1
琼库什台Qiongkushitaicun,http://travel.qunar.com/p-oi7587369-qiongkushentai,"

地址:
伊犁哈萨克自治州特克斯县喀英德库什台村

",琼库什台，在哈萨克语中是“大平台子”的意思。 琼库什台沟壑纵横，在草原中颇具阳刚之美，台地上纵切出无数的沟壑，将平静的草原勾画的像大海里掀起的波浪。游客可以在这里看到蓝的天、白的云，白云下面是银色的雪山、墨绿的杉林、淡青色的草原和五颜六色的花海，几种色彩层次分明，色调和谐，构成一幅天然的草原美景。如果换一种说法，也可以说成：蓝天白云下是雪山，雪山杉林下是琼库什台，琼库什台下就是喀拉峻。琼库什台草原上的琼库什台村是个哈萨克牧民村庄，它是天山半坡的一个小村，乌孙古道的北入口，以前没人知道它的存在，自从天山的鲜花显现于世，它的名字才被人了解。琼库什台村几乎所有的民房都是木建筑，有的房子是由整根原木搭建，有的房子则将原木从中间一分为二，通过掏、榫、拱等各种工艺搭起来的。村庄四面环山，房屋依水而建，村里人畜饮水及生活用水均来自库尔代河，河谷较宽，常年水流不止。,全年 全天开放,https://img1.qunarzz.com/travel/poi/1412/5f/5f23700c5a0d96d1cdb.jpg_480x360x95_1186d647.jpg,4.8,建议游览时间：12小时 - 3天,每年5月至9月最佳，不同颜色的花轮流开放，鲜花，草原，雪山，蓝天，白云形成一幅俊美的画面，雨后的彩虹更迷人。,具体收费情况以现场公示为主,1、草原附近气温较低，即使夏季时夜晚也十分寒冷，建议游玩前备好御寒衣物。2、夏季在公路两旁拍照时尽量注意不要踩踏到油菜田和草场，若越过铁丝网有牧民前来要钱可以每人给5-10元左右，以免引起不必要的麻烦。,1
那拉提草原,http://travel.qunar.com/p-oi28692169-neilaticaoyuan,"

地址:
新疆维吾尔自治区伊犁哈萨克自治州新源县那拉提镇218国道

",那拉提草原是世界四大草原之一的亚高山草甸植物区，自古以来就是著名的牧场。优美的草原风光与当地哈萨克民俗风情结合在一起，成为新疆著名的旅游观光度假区。,08:30~20:00,https://tr-osdcp.qunarzz.com/tr-osd-tr-touch/img/b096f351d2786a2e76a8ed8bf164ca75.jpeg_480x360x95_b563c496.jpeg,--,,,,,1
霍城薰衣草Huocheng Lavender Fields,http://travel.qunar.com/p-oi10011755-huochengxunyicao,"

地址:
伊犁哈萨克自治州霍城县218国道


电话:
400-022-0680

",新疆伊犁的霍城县是一座名副其实的薰衣草之城，这里种植了全国面积较大密度较高的薰衣草田，每到6-8月份，霍城附近马路两侧的农田内都会有薰衣草绽放，紫色的田园十分浪漫，也吸引了大批游客过来摄影参观。如果想要深入了解关于薰衣草和精油的知识，可以前去清水河开发区的解忧公主薰衣草园参观，园内有一座薰衣草博物馆。另外还有多种花卉结合的七彩花田和紫色薰衣草田，也是拍摄的好地方。,具体营业状态需咨询景区,https://flight-feed.qunarzz.com/as3/180/image/poi_vishnu/22271b27-7de5-49ca-910a-8adf198ac16e.jpg,4.5,建议游览时间：3小时,每年六七月份最佳，此时薰衣草成片成片绽放。,不同代理商，门票价格不同详情请咨询各代理商。,1、观看薰衣草农田时一般都需要付给农家一点钱，每人5-10元左右，建议予以配合，也不要擅闯农田，以免引起不必要的麻烦。2、若要购买薰衣草精油，建议回到伊犁市区或乌鲁木齐市内再购买，当地质量良莠不齐，且价格一般较高。,1
那拉提旅游风景区Nalati Scenic Area,http://travel.qunar.com/p-oi711647-neilatilu:youfengjing,"

地址:
伊犁哈萨克自治州新源县那拉提镇那拉提旅游风景区


电话:
0999-5291888


官网:
https://www.nalati.com/

",那拉提旅游风景区的草原是世界四大草原之一的亚高山草甸植物区。它位于那拉提山北坡，是处于第三纪古洪积层上的中山地草原，由空中草原、河谷草原及那拉提国家森林公园三部分构成。每年6-9月，那拉提旅游风景区一片碧绿，还有野花盛开，气候适宜，河谷、山峰、深峡、森林交相辉映，是旅游胜地。每年6月之后，大群的牲畜转入，进入草原的黄金季节，会经常在此举办民俗活动，可以体会哈萨克民俗风情。,1/1-4/30 10:00-19:00;5/1-12/31 08:00-20:00,https://img1.qunarzz.com/travel/d1/1507/7b/a2e1b8e8c12c90.jpg_480x360x95_18f958a9.jpg,4.5,建议游览时间：3天 - 6天,伊犁州地处中亚内陆腹地，属温带大陆性气候，相对于新疆整个气候来说，伊犁气候温和，雨量丰沛，年平均气温8℃左右，最佳出游时间为6—10月，百花织锦，瓜果飘香。,"{'那拉提旅游风景区电子导览服务大小同价\n\n': ['¥10起'], '那拉提草原1日游【2-6人轻奢小团]\n\n': ['¥556起'], '【赏花限定】那拉提+杏花沟精致小团两日游\n\n': ['¥898起']}",1、那拉提景区早晚温差较大，出发前应注意收听收看景区的天气预报，以便增减衣物。2、景区海拔较高，夏季请带长袖衣服、防晒用品和雨伞，并多饮水。春秋季请带毛衣或外衣、雨伞等。3、那拉提为哈萨克族聚居区，信仰伊斯兰教，在用餐时，勿提到有关猪的话题。在消费时，请看准想购物品或想参与的娱乐项目，谈妥价格和娱乐时间后，再付款。4、请勿对牧民的家畜和猎犬打骂，以免引起误解。5、新疆与内地有两小时时差，早晨一般09：30—10：00上班，下午15：30—19：30。请根据时间调节时差。,1
巩乃斯森林公园,http://travel.qunar.com/p-oi709616-gongnaisisenlingongyuan,"

地址:
新疆维吾尔自治区伊犁哈萨克自治州新源县

",,9：00－17：00,https://img1.qunarzz.com/travel/poi/1409/12/7390d500739d58a3ffffffffc8d65eac.jpg_480x360x95_6faa2720.jpg,4.5,,最佳出游时间是夏秋季节，夏季的森林公园一片绿意，秋季的公园内则是被金黄覆盖，宛如童话世界。,40元,,1
西公园,http://travel.qunar.com/p-oi39079177-xigongyuan,,,,,0.0,,,,,1
泉水沟水库,http://travel.qunar.com/p-oi38034907-quanshuigoushuiku,,,,,--,,,具体收费情况以现场公示为主,,2
润民河生态园,http://travel.qunar.com/p-oi37532423-runminheshengtaiyuan,,,,,0.0,,,具体收费情况以现场公示为主,,2
伊宁市六星街,http://travel.qunar.com/p-oi37204153-yiningshiliuxingjie,"

地址:
伊宁市江苏路与工人街交叉口西200米

",六星街是中国塞外江南之城的新疆伊犁州伊宁市的一个古老街区，始建于上世纪30年代中期（1934-1936年），根据当时新疆省政府推行的六大政策（反帝、亲苏、民族平等、和平、建设、清廉）理念，由德国工程师瓦斯里规划设计。街区平面呈圆形，有六条主干道从中心向外辐射，把街区分成六个扇形地区，中心为学校、商铺等公共建筑，外围为居住区，形成一个特色的居住模式。当地人民亲切的称为“小八卦城”。,全年 全天开放,,4.7,,,具体收费情况以现场公示为主,,2
奎屯市饮食休闲一条街KuiTunShi YinShi XiuXian YiTiao Jie,http://travel.qunar.com/p-oi24437546-kuitunshiyinshixiuxian,"

地址:
新疆维吾尔自治区奎屯市沙湾街附近

",奎屯饮食休闲一条街，也称乌苏街，每天的车流南来北往，往返穿梭；忙碌的人们熙熙攘攘，从各家店门前进进出出。一条不长的街，街道两旁餐厅林立，显示出小城一派繁荣的景象。这里多的是饭店，小吃店，美味佳肴，品种繁多。,全年 全天开放,https://tr-osdcp.qunarzz.com/tr-osd-tr-manager/img/d46da546d024c74bcbc02989b704a457.jpg_480x360x95_c25ba140.jpg,4.4,建议游览时间：2小时 - 3小时,,具体收费情况以现场公示为主,,2
喀赞其民俗村Kazanqi Folk-custom Village,http://travel.qunar.com/p-oi10034396-kazanqiminsucun,"

地址:
伊犁哈萨克自治州伊宁市伊犁洲政府东


电话:
0999-8020688

",新疆伊宁市喀赞其民俗旅游区是北疆唯一一个大型原生态以反映维吾尔族风情为主的人文景区，她是伊犁城市形象的窗口，也是民族风情的生动写照。她涵盖了南疆厚重的维吾尔族文化，又不失北疆维吾尔族独特的民风民情，欢快、明丽但不失凝重。,10:00-19:30，18:00停止入场,https://tr-osdcp.qunarzz.com/tr-osd-tr-space/img/894b4e3a8749165381c4bb5948de1283.jpg_480x360x95_a5640a6b.jpg,4.5,建议游览时间：1小时 - 2小时,,"{'自贡方特恐龙王国门票成人票\n\n': ['¥278起'], '自贡方特恐龙王国门票儿童票\n\n': ['¥199起'], '自贡方特恐龙王国门票老人票\n\n': ['¥199起']}",,2
果子沟Guozigou,http://travel.qunar.com/p-oi707644-guozigou,"

地址:
伊犁哈萨克自治州霍城县沪霍线


电话:
15199228999

",果子沟是伊犁地区的天然门户，是一条北上赛里木湖，南下伊犁河谷的峡谷孔道，在古代，这里是我国通往中亚和欧洲的丝路北新道咽喉，被成为“铁关”，同时也因为它宜人的风景被誉为“伊犁第一景”、“奇绝仙境”，古人赋诗赞其“山水之奇，媲于桂林，崖石之怪，胜于雁岩”。果子沟全长28公里，地势险要，成吉思汗西征时，始凿山通道，曾架桥48座，可见路之险峻。清乾隆时改建为42座，现在仍是乌伊公路干线的重要路段。虽然如今的果子沟已不再是以果树著称，但仍拥有迷人的风景，沟内幽谷逼仄、奇岩异石、峰峦耸峙、松桦繁茂、山花烂漫、飞瀑涌泉、风光秀丽，堪称自然美景中的绝色之景。果子沟也是一处饱藏着山区资源的地方。整个沟谷的河滩、山坡，长满了野生的塞维氏苹果和山杏、核桃。“果子沟”之名，正是由此而来。元初耶律楚材在《西游录》中就说到果子沟“地皆林檎，树阴蓊郁，不露日色”。这里所说的林檎就是野苹果。果子沟是大自然赋予的天然宝库，不仅分布着广阔的果树，还有丰富的药材资源，茂密的山林中时有野兔、狐狸、狼出没，山花烂漫、蜂蝶飞舞、松桦繁茂，美不胜收。,全年 全天开放,https://img1.qunarzz.com/travel/d9/1703/89/40643a76de3e99b5.jpg_480x360x95_25f8cb22.jpg,4.7,建议游览时间：2小时 - 3小时,七、八月最佳。一到夏季果子沟森林茂密，是避暑的好地方。,具体收费情况以现场公示为主,,2
河谷草原Hegu Grassland,http://travel.qunar.com/p-oi707490-hegucaoyuan,"

地址:
新疆伊犁州新源县境内


电话:
0999-5291888

",河谷草原位于伊犁州新源县境内，是那拉提大草原的一部分，海拔在2000米以上的草原，山坡上的绿草和雪岭云杉形成一处天然大氧吧。河谷草原水草肥美，遍地羊牛、骏马驰骋，每年都有数以万计的游客、摄影爱好者、养蜂工作者齐聚在美丽的河谷草原，享受着大自然的恩赐。,全天,https://img1.qunarzz.com/wugc/p149/201207/26/0e3cc80b8c92104493835fbb.jpg_480x360x95_c6f1b74a.jpg,4.6,建议游览时间：1小时 - 3小时,,免费,,2
惠远古城Huiyuan Ancient City,http://travel.qunar.com/p-oi713790-huiyuangucheng,"

地址:
伊犁哈萨克自治州霍城县


电话:
0999-3322699

",惠远城清朝政府于1763年筑城，直到1881年惠远都是当时新疆的政治、军事中心和伊犁九城之首。也是全疆保存最为完整的清代古城。古城内有伊犁将军府、惠远古城陈列馆、文庙、钟鼓楼等景点。是4A级旅游景区、历史文化名镇、爱国主义教育基地。这里不仅有历史文化底蕴深厚的惠远古城，还有首批命名的“中国乡村旅游模范村”——央布拉克民俗村。央布拉克是一座有着霍城特色的民俗村落，有着伊犁乡村民俗特色庭院为游客提供住宿、美食、歌舞表演等体验，不妨小住几日，在这里像当地人一样生活。民居和环境建设始终保持着百年前的传统风貌与格局，中亚特色和本地塔兰奇文化的完美结合，使央布拉克具有很高的民族艺术欣赏和民俗文化研究价值。,10:00-19:30，17:00停止入场，冬季营业时间可能会有变更，具体请以景区内公示为准,https://img1.qunarzz.com/travel/poi/201211/15/fcb6ce8ff772c9bfddb12cfb.jpg_480x360x95_05c3b6fb.jpg,4.0,建议游览时间：4小时 - 5小时,,"{'惠远古城陈列馆门票成人票\n\n': ['¥10起'], '惠远古城钟鼓楼门票成人票\n\n': ['¥20起'], '惠远古城伊犁将军府门票成人票\n\n': ['¥45起']}",,2
夏塔旅游区Xiata Tourist Area,http://travel.qunar.com/p-oi703581-xiatalu:youqu,"

地址:
伊犁哈萨克自治州昭苏县夏塔柯尔克孜民族乡


电话:
0999-6267165

",夏塔位于昭苏县城西南70多公里，夏塔是蒙古语 “阶梯”的意思，是古代伊犁至阿克苏的交通驿站，现今是以夏塔河——特克斯河地区的山口、古道、古遗址、民俗和自然景观组成的一条独具特色的古文化旅游区。传说，唐玄奘西行翻越的“凌山”就是当年丝绸之路连通南北极为重要的孔道——夏塔古道，在古道途中基本全是石筑阶梯，大部分是古时候遗留下来的。精彩景点还有草原石人、规模宏大的乌孙古墓群和夏塔古城遗址等，都分布在夏塔河形成的冲积平原上。从夏塔峡谷翻越过天山主脊上的木札尔特，距峡口30余公里处，便是伊犁颇有名气的夏塔温泉疗养院，这里环境幽静，水温高低有别，受到许多游客的赞誉。,9:30-18:00,https://img1.qunarzz.com/travel/d1/1807/47/fd9c0c5612eccab5.jpg_480x360x95_78a63327.jpg,4.3,建议游览时间：3小时 - 5小时,每年5月至9月最佳，不同颜色的花轮流开放，鲜花，草原，雪山，蓝天，白云形成一幅俊美的画面，雨后的彩虹更迷人。,成人票：60元，区间车：20元，温泉洗浴：30元。,这里的区间车并非景区正规的车，而是私人的车临时被景区征用，凑足4人打电话让司机来接即可。区间车往返于夏塔峡谷沟口售票处和温泉之间。,2
喀拉峻草原Kalajun Grassland,http://travel.qunar.com/p-oi5740655-kalajuncaoyuan,"

地址:
伊犁哈萨克自治州特克斯县276乡道南


电话:
0999-7765295,0999-7765111,0999-7765293

",喀拉峻草原位于伊犁特克斯县的县城东南侧，距离县城的车程约30公里，是新疆最著名的草原之一，也是游客游玩新疆西线（伊犁环线）时不能错过的著名景点。喀拉峻草原呈连绵的丘陵状，背靠巍峨雪山，草原上还有树林、花海等景观，景色辽阔秀美，是观光摄影的绝佳胜地。广义的喀拉峻是指喀拉峻生态旅游区，包含东西喀拉峻、阔克苏大峡谷、中天山雪峰和天籁之林几大景区，各景区单独售票且相距较远。一般所指的喀拉峻草原即是指东西喀拉峻景区，也是游客游玩喀拉峻草原的主要去处。东西喀拉峻景区共同售票，且通行同一辆区间车，游玩大约需要1-2天时间，中间可以选择在草原上住宿一晚。也可以早上前来，晚上返回特克斯县城住宿。景区的大门位于库什塔依综合服务区，也是包车或自驾的车辆需要停靠的地方，之后的区域私人车辆不能入内。如果游客是从特克斯县城乘坐景区的大巴前来也可以直接到达布拉克门票站，县城到门票站的车费为35元。到达布拉克门票站后，需要购买门票及景区内的观光车票，然后乘坐观光车游玩。景区内的面积很大，观光车首先会环绕西喀拉峻景区，然后前往东喀拉峻，车程单程大约1小时左右。东西喀拉峻的交界处位于世遗展示中心，也是景区内住宿地的老板一般前来接住客的地方，一般游客是从中午开始游玩景区，可以第一天游玩西喀拉峻，在世遗展示中心处下车，乘坐住宿老板的车前往住宿地。第二天返回世遗展示中心，乘车游玩东喀拉峻景区再行离开。西喀拉峻景区内主要有望玉台、旱獭栖息地、两仪台、叠浪谷、石泉、饮马湾、一棵树等景点，可以乘坐依次停靠游览。其中两仪台、叠浪谷和石泉距离区间车停靠点还有一段距离，需要从停车点徒步约半小时到达，也可以在停车点乘坐当地人的摩托车，大约50元左右。西喀拉峻景区以连绵起伏的丘陵式景观为主，叠浪谷便是典型的丘陵草原，夏季时绿意层叠，是摄影的好地方。东喀拉峻位于深处，也是整个草原的精华区域，这里最著名的有五花草甸、鲜花台、库尔代森林大峡谷、三极夷平面观景台和猎鹰台观景点五处景点，既有雪山、草原风光，也有森林峡谷等，景色多样，非常优美。不过五个景点距离观光车的停车点都有一点距离，可以从停车点徒步0.5-1小时左右到达，或乘坐摩托车前往，大约50元。五花草甸和鲜花台是其中最为精彩的景点，一处是五彩野花遍布的开阔草甸，一处可以拍摄草原背后的雪山，全都非常漂亮，是景区内不能错过的精华。徒步路线喀拉峻也是很多徒步爱好者们喜爱的一条路线，徒步一般是从景区外的琼库什台村开始（这里也是著名的乌孙古道的起点），大约8小时左右可以到达喀拉峻草原，一般会到景区内的加撒干村住宿。需要注意的是，走徒步路线也需要购买景区门票，若第二天需要乘坐区间车出景区，还需要购买单程的区间车票。徒步路程较长，建议不要单独出行，最好跟随户外组织的队伍，并且在琼库什台雇请一位向导，向导每天大约150元。若体力不足，也可以骑马前往，租马一天大约200元左右。,全年 08:00-20:00,https://img1.qunarzz.com/travel/d4/1703/57/5edbd5720da437b5.jpg_480x360x95_aec8bcad.jpg,4.5,建议游览时间：3天 - 6天,每年5月至9月最佳，不同颜色的花轮流开放，鲜花，草原，雪山，蓝天，白云形成一幅俊美的画面，雨后的彩虹更迷人。,"{'喀拉峻草原电子导览服务成人票\n\n': ['¥10起'], '新疆直升机特克斯基地【直升机空中俯瞰喀拉峻草原】\n\n': ['¥980起']}",1、新疆早晚温差大，旅行期间白天气温可达31摄氏度，夜间为20摄氏度。2、新疆气温虽较内地略低，但紫外线照射强烈，应准备防晒霜，同时配备清热、解渴、滋润的药物或冲剂，如夏桑菊冲剂等，以免难以承受干燥和酷热的气候。3、新疆旅游行程长，温差大，一时难以适应，可能会出现水土不服症状，应携带一些常备药品，如感冒药或治疗腹泻的药物如泄痢停、创可贴等。 4、新疆气候特点属典型的大陆干旱性气候，因此，晚上睡觉时应将空调开到适度，不要过凉，睡觉时要盖棉被，以免感冒。 5、新疆是瓜果之乡，吃瓜果要记住不要在吃完后立即喝热茶，以免造成腹泻。 6、新疆信仰伊斯兰教的穆斯林有许多禁忌，我们要尊重他们的风俗习惯。,2
那拉提国家森林公园Nalati National Forest Park,http://travel.qunar.com/p-oi722414-neilatiguojiasenlingong,"

地址:
伊犁哈萨克自治州新源县那拉提镇218国道那拉提旅游风景区


电话:
0999-5291888

",那拉提国家森林公园位于天山支脉那拉提山北麓，巩乃斯河上游。这里那拉提草原非常有名，因平均海拔约2200米，素称“空中草原”。草原上牛羊成群，绿草如茵，有东方瑞士的既视感。那拉提国家森林公园是以自然、人文景观为主，集观光度假、娱乐健身、探险揽胜、科学考察等多功能为一体的森林旅游胜地。公园分大东沟风景区、鹿鸣峰登山区、云杉苗圃观赏区三大区域，有四个知名景点：鹿鸣峰、鹰旋峰、野生动物救护站、自然瀑布。公园内野生动植物种类繁多，资源丰富，常见的有哺乳动物、鸟类、两栖类、爬行类动物30余种，还有雪岭云杉、新疆白桦、密叶杨、马尾松、河柳等植物，遮天蔽日，给人以无限神秘之感。,全年 8:30-19:00,https://img1.qunarzz.com/piao/fusion/2107/2a/47a64b56b4bc8602.jpg_480x360x95_776158b6.jpg,4.6,建议游览时间：3小时 - 5小时,伊犁州地处中亚内陆腹地，属温带大陆性气候，相对于新疆整个气候来说，伊犁气候温和，雨量丰沛，年平均气温8℃左右，最佳出游时间为6—10月，百花织锦，瓜果飘香。,那拉提国家森林公园为那拉提旅游景区内的一个站点。需进入那拉提景区后才可游览,1、那拉提景区早晚温差较大，出发前应注意收听收看景区的天气预报，以便增减衣物。2、景区海拔较高，夏季请带长袖衣服、防晒用品和雨伞，并多饮水。春秋季请带毛衣或外衣、雨伞等。3、那拉提为哈萨克族聚居区，信仰伊斯兰教，在用餐时，勿提到有关猪的话题。在消费时，请看准想购物品或想参与的娱乐项目，谈妥价格和娱乐时间后，再付款。4、请勿对牧民的家畜和猎犬打骂，以免引起误解。5、新疆与内地有两小时时差，早晨一般09：30—10：00上班，下午15：30—19：30。请根据时间调节时差。,3
伊犁将军府遗址Yilijiangjunfu Ruins,http://travel.qunar.com/p-oi714340-yilijiangjunfuyizhi,"

地址:
新疆维吾尔自治区伊犁哈萨克自治州霍城县X725惠远古城内

","伊犁一直是新疆通往中亚的重要通道，历史上曾建有许多城镇在这里扼守边界，发展贸易。自大清朝1762年到1911年的150年间，共有48人次担任过伊犁将军之职,在伊犁将军府内主政。抚今追昔，当年征战边疆的伊犁将军,虽然不可避免带有封建统治阶级的烙印，但他们忠诚国家、献身边疆的行为却永远为后世铭记。经过国家文物部门全面维修的伊犁将军府，依然屹立在代表国家利益和尊严的地方，呵护着边疆的安宁，见证着边疆的繁荣。清代乾隆为了加强在伊犁地区的治理，在这里设伊犁将军，建惠远城，并陆续在其周围建起惠宁、绥定、广仁、宁远、瞻德、拱宸、熙、塔尔奇八座卫星城，统称为“伊犁九城”。现保存较好的是被称为“伊犁九城”之首的惠远城，是当时我国西陲军、政治中心的伊犁将军府所在地。",全年 10:30-18:30,https://img1.qunarzz.com/travel/poi/201211/15/1379797621163e98ddb12cfb.jpg_480x360x95_627c7265.jpg,4.3,建议游览时间：1小时,,具体收费情况以现场公示为主,,3
伊犁河大桥Yi Li He Da Qiao,http://travel.qunar.com/p-oi3714420-yilihedaqiao,,,,,,,,,,3
库尔德宁景区Ku'erdening Nature Reserve,http://travel.qunar.com/p-oi709527-kuerdeningjingqu,"

地址:
伊犁哈萨克自治州巩留县东南部山区（县城88公里）


电话:
0999-7758590,0999-7758580,15299267830

",库尔德宁景区位于伊犁巩留县东南部的山区内，距离巩留县城的车程约80公里，是一处兼具峡谷、森林、田园和雪山风光的自然风景区，景区内有众多的珍贵云杉，所以库尔德宁也是一处云杉自然保护区。这里环境优美，景色绝伦，是很多伊犁游的游客会选择的一站。库尔德宁景区是一条南北走向约14公里长的山谷，景区内没有公共交通，游客可以驾车入内，非自驾的游客可以在巩留县包车前来，直接找当地的出租车即可，一般都提供旅游服务。这里一日可以往返，一般旺季时每天每辆小车400-500左右。在库尔德宁游玩主要是新疆峡谷内的河流、森林、草原和农田的风光，景色绝美，十分适合摄影。景区内大部分都可以驱车到达，个别山坡需要步行攀上，不过一般都修有木制栈道。一般在景区内走走逛逛，在景色较好处野餐一下，再拍拍照片，游玩半天左右为宜。另外也有偏爱拍摄日出、日落的游客，可以在景区内住宿一晚，景区内有牧民的毡房和官方修建的简易小别墅可以居住和用餐。主要景观有荷苍隘口、瀑布、西天山峡谷、提克喀拉尕依林海、喀班巴依峰远眺、林海日出等。适合开发野生植物科考、森林探险、登山等活动。,9:30-20:00,https://mp-piao-admincp.qunarzz.com/mp_piao_admin_mp_piao_admin/fusion/20192/ce0d90e130b4db9a043a4b5f491c4f1e.jpg_480x360x95_a97d5a58.jpg,4.0,建议游览时间：4小时 - 5小时,七、八月,{'新疆库尔德宁旅游风景区电子导览服务大小同价\n\n': ['¥6起']},,3
伊犁河Ile River,http://travel.qunar.com/p-oi5740652-yilihe,"

地址:
伊犁哈萨克自治州伊宁县

",伊犁河又称伊水、伊丽水等，位于伊宁市郊16公里处，它是新疆流量较大的内陆河，河面宽阔、风光秀丽，全长1500公里，自东向西在霍尔果斯河口流入哈萨克斯坦境内，后流入巴尔喀什湖。美丽的伊犁河畔雪峰耸立、绿树成荫，离伊宁河很近的河段处有闻名的伊犁大桥，这里是拍摄落日的好地点，“伊桥落日”已经成为摄影爱好者的良好题材。伊犁河上游为山区河流，在伊犁村以上，河道蜿蜓曲折，穿流在多沼泽与湖泊的宽河谷中。自伊犁村以下，进入横穿卡洛伊高地的康查盖峡谷中，然后又进入卡普恰盖峡谷，闻名的卡普恰盖水电站即修建在此。,全年 全天开放,https://flight-feed.qunarzz.com/as3/180/image/poi_vishnu/dc743e43-8ae5-4b91-bc71-bca8a7bdd356.jpg,4.6,建议游览时间：2小时 - 3小时,7、8、9月是去伊犁河最好的时间，这个时候是伊犁河的丰水期。,具体收费情况以现场公示为主,,3
唐布拉风景区,http://travel.qunar.com/p-oi703894-tangbulafengjingqu,"

地址:
新疆伊犁州尼勒克县

",,全天,https://img1.qunarzz.com/travel/poi/201408/04/4d2bdd845d3ec464c8d65eac.jpg_480x360x95_285306b0.jpg,4.9,建议游览时间：2小时,伊犁州地处中亚内陆腹地，属温带大陆性气候，相对于新疆整个气候来说，伊犁气候温和，雨量丰沛，最佳出游时间为7-9月。,免费,,3
昭苏草原Zhaosu Prairie,http://travel.qunar.com/p-oi7587239-zhaosucaoyuan,,,,,,,,,,3
汉家公主纪念馆Hanjia Gongzhu Memorial Hall,http://travel.qunar.com/p-oi7527489-hanjiagongzhujinianguan,"

地址:
伊犁哈萨克自治州伊宁市江苏路25号


电话:
0999-8235361

",汉家公主纪念馆由江苏省援建，占地面积7000平方米，整个建筑群是鲜明的汉代建筑风格，主要纪念汉代细君、解忧两位公主远嫁乌孙的故事，反映丝绸之路上的政治、经济、军事、文化等社会风貌。,"全年 周二-周日 10:00-13:00,16:30-19:00",https://img1.qunarzz.com/travel/poi/1411/bb/bbba2fe6002e08bb213a9cdb.jpg_480x360x95_1c7db562.jpg,4.2,建议游览时间：1小时 - 2小时,,具体收费情况以现场公示为主,,3
九曲十八弯,http://travel.qunar.com/p-oi5851303-jiuqushibawan,"

地址:
新疆维吾尔自治区伊犁哈萨克自治州特克斯县	

",九曲十八弯只是一种概数的说法，形容道路非常曲折。九曲十八弯的阔克苏河是特克斯河的一条支流，九曲十八弯是这条支流中的一处奇景。因为峡谷的特殊地势，阔克苏河流经此地时随着河床形成了曲折的河形，细数河曲，不多不少，正是九曲，九曲河道又回折成了十八个弯道。 清澈见底、水明如镜的九曲十八弯流域，多为草场和林地，两岸植被丰富，草原丰茂，顺着河道，它又流进另一段河床里。九曲，曲曲转得优雅，十八弯，弯弯转得美丽。,全天,https://img1.qunarzz.com/travel/poi/201405/28/6820fec9fa81a66addb12cfb.jpg_480x360x95_7fc5f011.jpg,4.9,,夏季最佳。 夏季短，冬季长；春季升温快但不稳定；秋季降温迅速。,免费,,3
伊宁城市海景公园Yining City Seascape Park,http://travel.qunar.com/p-oi722335-yiningchengshihaijing,,,,,,,,,,3
巩乃斯草原Gongnaisi Grassland,http://travel.qunar.com/p-oi706953-gongnaisicaoyuan,"

地址:
伊犁新源县境内

",伊犁巩乃斯，蒙语意为“太阳坡”分布在伊犁新源境内，是新疆细毛羊的故乡，也是“天马---伊犁马”的有名产地。新源县，位于新疆西部天山北麓的伊犁河谷东端，距伊宁市196km，巩乃斯草原四季景色俱佳，6月哈萨克牧民从“冬窝子”转场而来，盛装的少女，骠悍的骑手，为大草原增添了盎然生机。,周一至周日 10:00 - 21:00，17:00停止入园,https://img1.qunarzz.com/travel/poi/201408/04/cbf961f5ca44eabac8d65eac.jpg_480x360x95_326f8096.jpg,4.8,建议游览时间：1小时 - 2小时,春夏季最佳。乃斯草原四季景色俱佳，而以春色为最，6月哈萨克牧民从“冬窝子”转场而来，盛装的少女，骠悍的骑手，为大草原增添了盎然生机。每年6-9月是草原的黄金季节，辽阔的草原， 美丽的山岗、群群牛羊和点点毡房构成草原之夏的生活圈。草原恰似五彩织成的地毯，绿底银边花带，在蓝天映衬下尤显华丽而气势恢宏。,具体收费情况以现场公示为主,,4
草原石人风景区Grassland Stone Human Scenic Area,http://travel.qunar.com/p-oi703937-caoyuanshirenfengjing,"

地址:
伊犁市哈萨克自治州昭苏县东南5公里


电话:
0999-6023955

",草原石人是亚欧大草原上一种重要的文化遗迹，近百年来，中外学者进行了大量研究。据国内和日、英、法、德等国家学者考证，分布在昭苏大草原上的石人，系隋唐时突厥游牧民族的的墓前石人。其中一尊小洪纳海石人高230厘米，面东而立，双手抱置胸前，右手似执有硫、盏之类东西，头发多辫，分技在身后，腰间刻有古代民族文字。2013年国务院公布为第七批全国重点文物保护单位，国家2A级景区。,7/2-12/31 10:00-19:00,https://img1.qunarzz.com/travel/poi/201408/08/28c61678b354b753c8d65eac.jpg_480x360x95_14fecbc2.jpg,4.0,建议游览时间：1小时,四季皆宜,80元,,4
秃黑鲁克帖木尔汗麻扎,http://travel.qunar.com/p-oi709069-tuheiluketiemuerhanma,"

地址:
伊犁哈萨克自治州霍城县

",,全天,,0.0,建议游览时间：2小时,,30元,,4
雪岭云杉自然保护区,http://travel.qunar.com/p-oi702378-xuelingyunshanziranbao,"

地址:
新疆伊犁地区巩留县东南60千米

",,9:00-17:00,https://img1.qunarzz.com/travel/poi/1408/20/5e591bf183934183ffffffffc8d65eac.jpg_480x360x95_0c817e06.jpg,5.0,建议游览时间：2小时,,30元,,4
恰西森林公园Qiaxi Forest Park,http://travel.qunar.com/p-oi714142-qiaxisenlingongyuan,"

地址:
伊犁州巩留东南部山区，距离县城78公里


电话:
13779506653

",恰西风景区位于巩留东南部山区，距离县城78公里，谷地海拔1270—1600米，宽500—1000米，谷底平坦，有恰西河贯穿其间，两侧为中低山，远景为那拉提山诸高峰。水草丰茂，环境优美，民族风情浓厚，适合开发哈萨克歌舞、饮食、马背文化等活动，打造民族文化内涵，是避暑休假的好地方也是知名度比较高的景区。主要景观有恰西谷口瀑布、燕子桥、十三同胞树、石门柳树、云杉王等。主要接待点为哈萨克牧民的毡房，日接待量可达1000人。,每年4月20日-10月30日：10:00-18:00,https://img1.qunarzz.com/travel/poi/201408/04/e9c2105942790e1bc8d65eac.jpg_480x360x95_cad4ee3d.jpg,4.7,建议游览时间：12小时 - 3天,,30元,,4
伊犁河民族文化旅游村,http://travel.qunar.com/p-oi722412-yiliheminzuwenhualu:you,"

地址:
新疆伊犁伊宁市塔什库勒克乡

",伊犁河民族文化旅游村座落在伊宁市南环路伊犁河北岸，原称塔什库勒克乡果园，占地面积80余亩，园内正中央建有一座高达5米、可容纳200人的凉亭，是伊宁市民举办结婚、割礼等民间活动的主要场所。另外还有民族特色的小凉亭16座，大凉亭5座，其中有一次性接待400名游客的音乐大棚一个，每天均由专业民族歌舞演员进行日常演出，来自海内外游客能够在这里欣赏到体现伊犁特色民族歌舞表演。同时，该民族文化旅游村还能够为游客提供维吾尔族、哈萨克族、回族、乌兹别克族特色餐饮近200个品种...伊犁河民族文化旅游村座落在伊宁市南环路伊犁河北岸，原称塔什库勒克乡果园，占地面积80余亩，园内正中央建有一座高达5米、可容纳200人的凉亭，是伊宁市民举办结婚、割礼等民间活动的主要场所。另外还有民族特色的小凉亭16座，大凉亭5座，其中有一次性接待400名游客的音乐大棚一个，每天均由专业民族歌舞演员进行日常演出，来自海内外游客能够在这里欣赏到体现伊犁特色民族歌舞表演。同时，该民族文化旅游村还能够为游客提供维吾尔族、哈萨克族、回族、乌兹别克族特色餐饮近200个品种。,全天,https://img1.qunarzz.com/piao/fusion/1701/e4/4baaf2eed76e8102.jpg_480x360x95_8fab9464.jpg,4.5,,,5元/人,,4
察布查尔靖远寺Jingyuan Temple,http://travel.qunar.com/p-oi706588-chabuchaerjingyuansi,"

地址:
新疆维吾尔自治区察布查尔锡伯自治县孙扎奇乡


电话:
0999-3629159（察布查尔县旅游局）

",“靖远寺”规模宏伟壮观，建筑面积为1000平方米。四周筑有高大围墙，山门前有砖雕影壁，正门上方刻有锡、汉文“靖远寺”大金字，笔法工整，苍劲有力。庭院宽阔幽静，连接各殿房的路面皆为砖铺。靖远寺整个建筑错落有致，布局对称，工程精细，雕梁画栋，异角飞檐，极为秀丽。靖远寺整个建筑都采用砖雕、木雕艺术，配有彩绘、泥塑。靖远寺对于研究锡伯族从东北西迁伊犁后的历史、文化、宗教信仰、建筑工艺美术和各民族文化交流都有一定意义。近几年来，经国家拨出专款维修，现已修葺一新。,全年 10:00-19:00,https://img1.qunarzz.com/travel/d3/1701/86/5dbfb8b043bec3b5.jpg_480x360x95_f02b2836.jpg,4.8,建议游览时间：1小时,,具体收费情况以现场公示为主,,4
清水湖生态旅游度假村,http://travel.qunar.com/p-oi722411-qingshuihushengtailu:,"

地址:
新疆维吾尔自治区伊梨州察布查尔锡伯自治县霍尔乡，距察布查尔县城北9公里，伊犁河边

",伊犁清水湖生态旅游度假村位于新疆维吾尔自治区伊梨州察布查尔锡伯自治县霍尔乡，距察布查尔县城北9公里，伊犁河边。距伊宁市约22公里。是集伊犁河风光和河谷林游览、观光、休闲、度假为一体的综合型生态旅游度假区。　　度假村占地300亩，现已建成多功能厅、综合服务中心、餐饮部、洗浴中心、小宾馆、荷香榭、六角亭、蘑菇亭、双层圆亭、白色拱桥、水榭等，总建筑面积2800余平方米。有清水湖露天游泳场、垂钩池、绿草地、生态园林、停车场、林间小道等露天旅游设施。度假村三面环水，...伊犁清水湖生态旅游度假村位于新疆维吾尔自治区伊梨州察布查尔锡伯自治县霍尔乡，距察布查尔县城北9公里，伊犁河边。距伊宁市约22公里。是集伊犁河风光和河谷林游览、观光、休闲、度假为一体的综合型生态旅游度假区。　　度假村占地300亩，现已建成多功能厅、综合服务中心、餐饮部、洗浴中心、小宾馆、荷香榭、六角亭、蘑菇亭、双层圆亭、白色拱桥、水榭等，总建筑面积2800余平方米。有清水湖露天游泳场、垂钩池、绿草地、生态园林、停车场、林间小道等露天旅游设施。度假村三面环水，水域面积上百亩。已初步形成踏青、垂钓、划船、露天泳池、餐饮服务为一体的度假游乐服务功能。可同时接待餐饮300多人。春节前后，到这里滑冰、观雪景更是一大乐趣。　　景区亮点：　　度假村内的荷香榭，位于荷花池中央，为仿古水榭建筑，建筑面积约200平方米，夏季，池塘里荷花竟相开放，在荷叶上滚动着露珠的争奇斗妍，美不胜收，令人流连忘返。,全天,,--,,,免费,,4
火龙洞Huolongdong,http://travel.qunar.com/p-oi708358-huolongdong,"

地址:
伊犁哈萨克自治州伊宁市惠远镇东北约15公里的界梁子处

",火龙洞位于伊宁市西北19公里处，巴彦岱乡境内的铁厂沟西山中。“火龙”是指这里的地热，这是因地下煤海自燃，常年有热气从山体断裂的缝隙中喷出，内含有大量硫磺、水晶、白矾等多种矿物质。这些洞穴虽同属一个山体，但温度、湿度、所含所体均不一样。其中有一个温度很高的小洞，在这里可煮鸡蛋、炖羊肉、烤馕打饼。,全年 全天开放,https://tr-osdcp.qunarzz.com/tr-osd-tr-manager/img/8e608e3cd24259750bab5d34c0455569.jpg_480x360x95_a71e95c0.jpg,3.3,建议游览时间：2小时,,具体收费情况以现场公示为主,,4
回族大寺Hui Ethnic Temple,http://travel.qunar.com/p-oi702617-huizudasi,"

地址:
伊宁市新华东路南侧


电话:
0999-8351663

",伊宁市回族大寺，原名宁固寺，并有凤凰寺、金顶寺、陕西大寺、陕甘大寺等名称。是伊犁哈萨克自治州境内的一座出名大寺。这座大寺始建于清乾隆计五年（1760年），乾隆四十六年（1781年）增建，完成了大寺建筑。迄今已有200多年的历史。 伊宁回族大寺是典型的中国传统建筑，前有山门、正门，两侧有影壁及门楼，寺院以礼拜殿为主体建筑，殿堂楼亭，结构严整，古雅优美，布局考究，气势宏伟、礼拜殿分外殿、中殿、里殿，共42间，面积600多平方米，殿前后、两侧分别有卷棚、走廊，可容1000多人礼拜。大殿3个屋顶为勾连搭结构，里殿外形是4层八角的攒亭式建筑，内部是穹窿结构。这座古寺，每逢节日（肉孜节、古尔邦节等），有几千人参加会礼。,全年 9:00-17:00,,4.5,建议游览时间：1小时 - 2小时,,具体收费情况以现场公示为主,,4
麻扎,http://travel.qunar.com/p-oi713130-mazha,"

地址:
伊犁州察布查尔锡伯自治县坎乡

",位于察布查尔锡伯自治县坎乡，不知墓主为何方圣人，也不知为何忝列伊犁四大麻扎，或许其另有神秘的缘由，还要认真地寻访。,全天,,--,,,15元,,5
察布查尔锡伯风情园Xibo National Museum,http://travel.qunar.com/p-oi722336-chabuchaerxibofengqing,"

地址:
伊犁哈萨克自治州察布查尔锡伯自治县孙扎齐牛录乡313省道


电话:
+86 999 394 8899

",锡伯民族博物院原名为锡伯民俗风情园，位于伊犁察布查尔锡伯自治县西侧，距离县城约7公里，距伊宁市区约22公里，是一处以展示新疆锡伯族的民俗风情、西迁屯垦历史为主的园区。在这里可以参观展示锡伯族事迹的博物馆，也可以在园内体验民俗风情，是了解锡伯族文化、历史上伟大西迁事迹的好去处。园内的博物馆共分为三个展厅，分别是西迁历史展厅、民族民俗展厅和近现代史展厅。可以通过很多反映锡伯民族文化的物品、文字图片、纪录片和沙盘等，了解民族风情和西迁的历史。在院子里，则有一些锡伯族民族英雄首领的雕像和娱乐区。其中娱乐以射箭很受欢迎，同时这也是锡伯族世代擅长的技艺，如今可以在这里体验这一项民俗风情。园内的茶楼是休息的好地方，当地锡伯族的一些阿姨们还自发组织了锡伯族舞蹈团，常在茶楼内表演，可以前去观看。另外，景区里还有格吐肯书画艺术展览馆、锡伯族传统工艺品店等，可以去参观游玩,全年 周一-周五 09:00-19:00;全年 周六 09:00-16:00,https://img1.qunarzz.com/piao/fusion/1704/f4/e1ae30794ba00f02.jpg_480x360x95_0f9cd105.jpg,4.5,建议游览时间：2小时,,具体收费情况以现场公示为主,,5
吐虎鲁克铁木尔汗麻札,http://travel.qunar.com/p-oi714818-tuhuluketiemuerhanmazha,,吐虎鲁克铁木尔汗麻札位于新疆维吾尔自治区霍城县西北38公里的大麻扎乡，是成吉思汗（公元1162～1227）次子察合台汗的后裔吐虎鲁克？铁木尔汗的陵墓。“麻扎”，阿拉伯语的音译，意思是“圣地”、“圣徒墓”。吐虎鲁克铁木尔汗于1346年登上汗王宝座，1354年正式信奉伊斯兰教，是新疆境内最早信仰伊斯兰教的蒙古可汗，在位期间致力推行伊斯兰教。1363年去世后，后人修建了规模宏大的麻扎宣扬其功德。麻扎完全采用阿拉伯建筑形式，平面呈方形，寝殿用砖砌拱顶，殿内无木柱栋梁。正门朝...吐虎鲁克铁木尔汗麻札位于新疆维吾尔自治区霍城县西北38公里的大麻扎乡，是成吉思汗（公元1162～1227）次子察合台汗的后裔吐虎鲁克？铁木尔汗的陵墓。“麻扎”，阿拉伯语的音译，意思是“圣地”、“圣徒墓”。吐虎鲁克铁木尔汗于1346年登上汗王宝座，1354年正式信奉伊斯兰教，是新疆境内最早信仰伊斯兰教的蒙古可汗，在位期间致力推行伊斯兰教。1363年去世后，后人修建了规模宏大的麻扎宣扬其功德。麻扎完全采用阿拉伯建筑形式，平面呈方形，寝殿用砖砌拱顶，殿内无木柱栋梁。正门朝东，呈拱形，门两侧是用阿拉伯文书写的、赞颂可汗和可敦的铭文。麻扎正面墙壁上用紫、蓝、白3色釉砖，镶嵌出20余种几何图案和植物纹样。吐虎鲁克？铁木尔汗麻扎是新疆著名的伊斯兰教古代建筑之一，建筑主体仍然保存完好。它是研究考证元代以后新疆地区宗教变迁、民族关系、建筑艺术的重要遗迹，具有较高的历史价值。,,,5.0,,,,,5
格登山记功碑,http://travel.qunar.com/p-oi715578-gedengshanjigongbei,,位于昭苏县城以西60余公里，苏木拜河东岸的格登山上，全名为《平定准噶尔勒铭格登山碑》。该碑是一场具有决定意义的战役的见证。乾隆二十年（1755年）2月，派兵平定在沙俄唆使下继续分裂祖国、大搞武装叛乱的准噶尔部蒙古贵族首领达瓦齐。乾隆皇帝为纪念这一战役的巨大胜利，于乾隆二十四年（1759年）命令勒石记功于格登山。是竖立在格登山上的一方巨型花岗岩石碑。该碑高3.03米，宽0.98米，厚0.27米。分碑额、碑身、碑座3个部分。碑额两面都镌刻有双龙戏珠图案，正面刻“皇清”，背...位于昭苏县城以西60余公里，苏木拜河东岸的格登山上，全名为《平定准噶尔勒铭格登山碑》。该碑是一场具有决定意义的战役的见证。乾隆二十年（1755年）2月，派兵平定在沙俄唆使下继续分裂祖国、大搞武装叛乱的准噶尔部蒙古贵族首领达瓦齐。乾隆皇帝为纪念这一战役的巨大胜利，于乾隆二十四年（1759年）命令勒石记功于格登山。是竖立在格登山上的一方巨型花岗岩石碑。该碑高3.03米，宽0.98米，厚0.27米。分碑额、碑身、碑座3个部分。碑额两面都镌刻有双龙戏珠图案，正面刻“皇清”，背面刻“万古”二字，碑座是红日沧海浮雕。碑身两面，坚书阴刻汉、满、蒙、藏4种文字碑文。碑文为日出东海浮雕图案。全文竖排，以汉文共计210余字，主要记载了清军平定准噶尔部首领达瓦齐叛乱的经过和战绩。格登山碑建于公元1760年，200多年来，格登山因此石碑而声名远扬，现石碑虽经风蚀雨剥，碑文漫漶斑驳，但整体碑石完整无损。1975年，政府拨款加固整修。乾隆皇帝曾为西域书写过4块有重大历史价值的御碑，这是仅存的一块，已被列入自治区重点保护文物。,,https://img1.qunarzz.com/travel/d4/1703/19/29371414ae5114b5.jpg_480x360x95_960ed37a.jpg,0.0,,,,,5
阿克塔斯避暑山庄,http://travel.qunar.com/p-oi711778-aketasibishushanzhuang,"

地址:
新疆勒克县城东105千米处的唐布拉沟


电话:
0999-8020055

",避暑山庄位于远近闻名的避暑胜地唐布拉大草原，横贯天山南北的省道315线途径于此，对面是奇俊挺拔的“小华山”、身旁是日夜歌唱的喀什河、往东30公里处即是为纪念修筑天山公路而长眠于此的英雄们修建的乔尔玛烈士纪念碑。草原上处处绿草茵茵，山花烂漫，雪岭云杉交相辉映，高山白云相依相伴，一步一景，如诗如画，具有瑞士风光之神韵。在阿克塔斯避暑山庄，既可避暑疗养修身养性，又可与哈萨克族姑娘载歌载舞，一品民族风情，既可一登华山，览众山之雄姿，又可骑马畅游草原风光。为了...避暑山庄位于远近闻名的避暑胜地唐布拉大草原，横贯天山南北的省道315线途径于此，对面是奇俊挺拔的“小华山”、身旁是日夜歌唱的喀什河、往东30公里处即是为纪念修筑天山公路而长眠于此的英雄们修建的乔尔玛烈士纪念碑。草原上处处绿草茵茵，山花烂漫，雪岭云杉交相辉映，高山白云相依相伴，一步一景，如诗如画，具有瑞士风光之神韵。在阿克塔斯避暑山庄，既可避暑疗养修身养性，又可与哈萨克族姑娘载歌载舞，一品民族风情，既可一登华山，览众山之雄姿，又可骑马畅游草原风光。为了增加新的旅游项目，今年又投资10万元在喀什河架起一卒吊桥，对面是人迹罕至的原始森林，古朴而神秘的茫茫林海引来众多游客探险观奇，走进原始森林约800米，眼前顿时一亮，高山之上只见两道瀑布飞奔而下，飞银泻珠，美不暇接，瀑布之下，有一水帘洞忽隐忽现，让人浮想联翩。唐布拉多年盛传的野人出没，想该是藏身于此吧！,8:00～18:00,https://img1.qunarzz.com/travel/d3/1512/d3/5a659d7ee38921f7.jpg_480x360x95_1be61753.jpg,0.0,,,80元,,5
林则徐纪念馆Linzexu Memorial Hall,http://travel.qunar.com/p-oi707399-linzexujinianguan,"

地址:
伊犁哈萨克自治州伊宁市福州路885号


电话:
0999-8123131

",林则徐纪念馆位于伊宁市边境经济合作区。以禁毒和抗英而声誉卓著的民族英雄林则徐，被谪戎伊犁，虽身处逆境，仍忠诚报国。在两年时间里，他致力勘垦，兴修水利，造福人民，受到伊犁各族人民的尊敬和爱戴。为纪念他的功绩，弘扬他的精神，在这里修建了这座纪念馆。纪念馆占地面积为10000平方米，建筑面积为2000平方米，在展厅内陈列展出的照片、实物等有2000多件。,"4/1-10/31(夏季) 周二-周四 09:30-19:30;4/1-10/31(夏季) 周一,周五-周日 全天不开放 ;11/1-3/31(冬季) 周二-周四 10:30-19:00;11/1-3/31(冬季) 周一,周五-周日 全天不开放",https://tr-osdcp.qunarzz.com/tr-osd-tr-manager/img/98e76efa4dc093e072980f0f799e3015.jpg_480x360x95_8110c466.jpg,4.9,建议游览时间：1小时,,景区暂时停业，详情请以景区公示为准。,,5
大莫乎尔和小莫乎尔,http://travel.qunar.com/p-oi711604-damohuerhexiaomohuer,"

地址:
新疆-伊犁巩留县莫乎尔乡

","伊犁大莫乎尔位于莫乎尔乡东面,沟口乡政府2.5公里,因大莫乎尔河而得名.大莫乎尔是重要林区之一,也是著名景区,支沟众多,各有特色,如老鹰沟,狗熊沟,阿勒玛勒沟等,都是以物产和动植物特点而命名.使其成为具有多种旅游资源的宝地.主沟长26公里,沟顶为小库尔德宁.大莫乎尔以野苹果面积大,品种多而著称,是巩留县有多种旅游资源的宝地.主沟长26公里,沟顶为小库尔德宁.大莫乎以野苹果面积大,品种多而著称,是巩留县野苹果主要主要集中分布区,出是黑加仑,马林重要产区之一.有林区公路通往库尔德...伊犁大莫乎尔位于莫乎尔乡东面,沟口乡政府2.5公里,因大莫乎尔河而得名.大莫乎尔是重要林区之一,也是著名景区,支沟众多,各有特色,如老鹰沟,狗熊沟,阿勒玛勒沟等,都是以物产和动植物特点而命名.使其成为具有多种旅游资源的宝地.主沟长26公里,沟顶为小库尔德宁.大莫乎尔以野苹果面积大,品种多而著称,是巩留县有多种旅游资源的宝地.主沟长26公里,沟顶为小库尔德宁.大莫乎以野苹果面积大,品种多而著称,是巩留县野苹果主要主要集中分布区,出是黑加仑,马林重要产区之一.有林区公路通往库尔德宁风景区.大莫乎尔以风景秀丽,风光独特而取胜,不仅是著名景区,更是绘画和摄影艺术爱者的天堂和乐园,不少摄影家以拍摄大莫乎尔风光而获国际,国内大奖.小莫乎尔位于莫乎尔乡东面,大莫乎尔以西,沟口距乡政府2公里,因小莫乎尔河而得名.主要有东沟,西沟和中沟,均为著名林产地.其中主沟长20公里,沟顶去杉林特别繁茂,稠密处牛马不能行.小莫乎尔以盛产马林(树莓)而驰名,故又被戏称为""马林沟"".小莫乎尔动植物种类丰富,除马林外,还有数量众多成片生长的野苹果,山杏,黑加仑,枸杞等,野生中草药资源极为丰富.小莫乎尔以物产丰富,风景秀丽而著称,是人们向往和旅游景区.",全天,,--,,,,,5
圣佑庙Shengyou Temple,http://travel.qunar.com/p-oi708643-shengyoumiao,,,,,,,,,,5
平定准噶尔勒铭碑,http://travel.qunar.com/p-oi716279-pingdingzhungaerleming,"

地址:
新疆维吾尔自治区昭苏县城西南60公里的格登山上

",平定准噶尔勒铭碑全名为《平定准葛尔勒铭格登山之碑》，位于新疆维吾尔自治区昭苏县城西南60公里的格登山上，北距松拜边防站哨所约100米。立于清乾隆二十五年（1761年）。碑石为青砂石质，由清官兵1000余人从南疆叶城县运进，整个立碑事宜由伊犁参赞大臣督办。通高3．03米，宽0．98米，厚0．27米，分碑额、碑身、碑座三部分，保存基本完好。碑额两面均刻二龙戏珠图案，正面中部刻竖书“皇清”二字，背面中部刻 “万古”二字。碑座两面雕刻万里碧波烘托出一轮朝日的图景。碑身两面竖书...平定准噶尔勒铭碑全名为《平定准葛尔勒铭格登山之碑》，位于新疆维吾尔自治区昭苏县城西南60公里的格登山上，北距松拜边防站哨所约100米。立于清乾隆二十五年（1761年）。碑石为青砂石质，由清官兵1000余人从南疆叶城县运进，整个立碑事宜由伊犁参赞大臣督办。通高3．03米，宽0．98米，厚0．27米，分碑额、碑身、碑座三部分，保存基本完好。碑额两面均刻二龙戏珠图案，正面中部刻竖书“皇清”二字，背面中部刻 “万古”二字。碑座两面雕刻万里碧波烘托出一轮朝日的图景。碑身两面竖书阴刻四种文字的碑文，正面为满文和汉文，背面为蒙文和藏文，其中汉文碑文共计8行240字，用四言叶韵体写成。碑文由乾隆皇帝亲撰，记述乾隆二十年（1756年）清军在格登山平定准噶尔部叛众，叛军首领达瓦齐逃窜南疆，终被乌什回部阿奇木堆集斯伯克擒获并押交清廷这一历史事件的经过，赞颂格登山之战中参战勇士的英雄精神。格登山纪念碑是维护祖国统一，反对民族分裂的历史见证，具有较高的历史价值。,全天,,5.0,,,10元,,5
尼勒克次森林度假村,http://travel.qunar.com/p-oi722413-nilekecisenlindujiacun,"

地址:
新疆维吾尔自治区伊犁州尼勒克县喀什河次生林内

",尼勒克次生林度假村位于尼勒克县城3千米，喀什河次生林内，南屏阿布热勒山，北依喀什河，河网交错，丛林郁密，古木参天。喀什河次行林以密叶杨和多种浆果灌木林为主，东西绵延110千米，面积达1.4万公顷，是西北地区面积最大、保护最好的河谷次生林，于度假村营地可领略其风采。尼勒克次生林度假村始建于1990年，度假村仿欧式建筑和游牧毡房已建成10多处建筑，色调艳丽，错落有致，绿树掩隐，独具特色。度假村是尼勒克县城近郊休假、游览胜地之一，环境幽雅，气温凉爽，以接待中...尼勒克次生林度假村位于尼勒克县城3千米，喀什河次生林内，南屏阿布热勒山，北依喀什河，河网交错，丛林郁密，古木参天。喀什河次行林以密叶杨和多种浆果灌木林为主，东西绵延110千米，面积达1.4万公顷，是西北地区面积最大、保护最好的河谷次生林，于度假村营地可领略其风采。尼勒克次生林度假村始建于1990年，度假村仿欧式建筑和游牧毡房已建成10多处建筑，色调艳丽，错落有致，绿树掩隐，独具特色。度假村是尼勒克县城近郊休假、游览胜地之一，环境幽雅，气温凉爽，以接待中小型会议、短斯集训、疗养为主要发展目标。目前可同时容纳150-200人食宿，水、电、暖、通讯、购物、公共交通等设备基本具备。景区亮点：喀什河次行林以密叶杨和多种浆果灌木林为主，东西绵延110千米，面积达1.4万公顷，是西北地区面积最大、保护最好的河谷次生林，于度假村营地可领略其风采。,08:00～18:00,https://img1.qunarzz.com/travel/poi/1708/d7/1f8bf24ee812d637.jpg_480x360x95_864879d6.jpg,4.8,,,20元,,5
洪那海麻扎Mazar of Hongnahai Lake,http://travel.qunar.com/p-oi702530-hongneihaimazha,"

地址:
察布查尔锡伯自治县西南琼博拉乡洪纳海沟口

",洪那海麻扎为伊犁四大麻扎之一。洪那海麻扎于1990年12月被定为自治区级文物保护单位。麻扎坐北朝南，陵园分里外两层，呈南北向长方形，面积约1000平方米。建筑风格与歪思汗麻扎相同，为典型的中式砖木结构。北部的独立小陵院呈正方形，陵殿为兰亭阁式单檐建筑，顶部覆盖彩色玻璃瓦，由12根木柱支撑，颇有气势。这里地处险峻的乌孙山北麓，青山绿水，古松挺拔，相映成趣。相传陵主为葛逻禄人厄色拉吉丁·阿布·牙合甫·玉素甫·伊本·艾比·伯克里·赛喀克（1160-1228），系西辽时期著名的突厥学者，曾担任过察合台宫庭大臣，位居宰相，著有《知识之钥》传世。曾追随成吉思汗西征，后因获罪于统治伊犁河流域的察合台，被囚于今察布查尔地域致死。麻扎始建年代无考证，重建于1912年。Tips：从洪那海河谷的狭窄地带，还有可以继续深入，进入腹地山谷后会豁然开阔，这就到了新近开发的景点昂格尔提。这里的风景异常清秀，只是气候多变，注意防雨、防寒。,全天,,0.0,建议游览时间：1小时 - 2小时,,具体收费情况以现场公示为主,,6
奴拉赛铜矿遗址,http://travel.qunar.com/p-oi715594-nulasaitongkuangyizhi,,奴拉赛铜矿遗址位于新疆维吾尔自治区尼勒克县城南约3公里的喀什河南岸、阿吾拉勒山北坡的天山奴拉赛沟中，是一处春秋战国时期的遗址，距今约2600－2400年。遗址包括圆头山古铜矿遗址和奴拉赛古铜矿开采、冶炼遗址。在圆头山古铜矿遗址，发现有露天采掘矿坑和大型石器。奴拉赛铜矿采矿区已发现十余处竖井洞日，已塌毁，洞口约5米见方，有的竖井深达20米左右，宽约5米。洞口周围和竖井中发现大量矿石和圆形或扁圆形的石锤。冶炼遗址位于奴拉赛沟谷内较平坦的地方。奴拉赛铜矿遗址是新...奴拉赛铜矿遗址位于新疆维吾尔自治区尼勒克县城南约3公里的喀什河南岸、阿吾拉勒山北坡的天山奴拉赛沟中，是一处春秋战国时期的遗址，距今约2600－2400年。遗址包括圆头山古铜矿遗址和奴拉赛古铜矿开采、冶炼遗址。在圆头山古铜矿遗址，发现有露天采掘矿坑和大型石器。奴拉赛铜矿采矿区已发现十余处竖井洞日，已塌毁，洞口约5米见方，有的竖井深达20米左右，宽约5米。洞口周围和竖井中发现大量矿石和圆形或扁圆形的石锤。冶炼遗址位于奴拉赛沟谷内较平坦的地方。奴拉赛铜矿遗址是新疆地区发现最早的矿冶遗址，从工艺流程、冶炼温度、矿渣和钢坯等几个方面看，都已达到较高技术水平，为研究中国新疆地区早期冶钢技术的起源和发展提供了重要的实物资料。,,,--,,,,,6
伊利布拉草原,http://travel.qunar.com/p-oi40011351-yilibulacaoyuan,,,,,0.0,,,,,6
伊犁天山花海景区,http://travel.qunar.com/p-oi40005112-yilitianshanhuahaijing,,伊犁天山花海景区地处新疆伊犁州伊宁县喀什镇，2022年申报挂牌AAAA景区，是集地区民俗演绎、花田观光、果蔬采摘、自驾宿营、康养研学为一体的大型田园度假休闲旅游综合体。园内包含全球最壮观的连绵起伏12公里薰衣草花海和多样化的生态作物种植区，疆域特色有机林果和特色生物种植和萌宠动物乐园。2021年6月营业以来，迎接游客逾万人次。伊犁天山花海景区坚持生态优先、产业兴旺、乡村文明、融合发展的规划思路，以“大农业”为基础，以“花语世界”为核心，以“精深加工体验”为亮点，积极布局“农业+体验＋休闲＋度假”中高端多元化产品，塑造独特的农旅打卡点，申创中国农业公园、国家5A级景区、世界香料花海窗口地，使之成为伊犁河谷农旅休闲新动力和新名片。,,,5.0,,,具体收费情况以景区现场公示为主,,6
锡伯古城·时光隧道,http://travel.qunar.com/p-oi39596003-xiboguchengshiguangsui,,在锡伯古城，游客不仅可以逛古城、体验射箭，还可以品美食、赏花灯、穿越“时光隧道”等，丰富多彩的活动，增强了游客的参与感和体验感,,,0.0,建议游览时间：1小时 - 2小时,,,,6
七十团场,http://travel.qunar.com/p-oi39587431-qishituanchang,,,,,0.0,,,,,6
阿勒推村,http://travel.qunar.com/p-oi39584894-aletuicun,,,,,0.0,,,,,6
古勒巴格街,http://travel.qunar.com/p-oi39033902-gulebagejie,,,,,--,,,,,6
小马薰衣草庄园,http://travel.qunar.com/p-oi39018435-xiaomaxunyicaozhuangyuan,,,,,0.0,,,,,6
塞克云端草原,http://travel.qunar.com/p-oi38943175-saikeyunduancaoyuan,,,,,5.0,,,,,6
伊犁植物园,http://travel.qunar.com/p-oi38933190-yilizhiwuyuan,,"伊犁植物园位于新疆伊犁哈萨克自治州伊犁地区新源县境内的阿勒玛勒乡。植物园建设用地涵盖了河流、湿地、丘陵地、山地、林地资源，并有山体的阴坡、阳坡、山脊、山谷等适宜各种植物的生境存在。在植物园用地范围内，已经形成了野果林、云杉林、缀花草甸、空中草原等摄人心魄的动人景观。植物园以此景观作为依托，独具特色的。植物园按海拔与地貌可分为三个区域：平原区地势平缓，海拔多在945~978m之间；丘陵区地形延绵起伏，海拔多在1070~1620m之间；山地区高山巍耸，海拔多在1360~2600m之间。植物园海拔跨度达1650m，其地形地貌随着高跨度的海拔变化有着显著差异，特点鲜明。 
",,,4.8,,,,,7
昭苏草原,http://travel.qunar.com/p-oi38627405-zhaosucaoyuan,,,,,--,,,具体收费情况以现场公示为主,,7
西喀拉峻景区,http://travel.qunar.com/p-oi38604270-xikalajunjingqu,,,,,0.0,,,具体收费情况以现场公示为主,,7
独库公路纪念碑,http://travel.qunar.com/p-oi38359099-dukugonglujinianbei,,,,,5.0,,,具体收费情况以现场公示为主,,7
唐布拉国家森林公园,http://travel.qunar.com/p-oi38337110-tangbulaguojiasenlingong,,,,,--,,,具体收费情况以现场公示为主,,7
大西沟景区,http://travel.qunar.com/p-oi38336433-daxigoujingqu,,,,,0.0,,,,,7
六星街民俗文化陈列馆,http://travel.qunar.com/p-oi38157109-liuxingjieminsuwenhua,,,,,,,,,,7
恰西风景区,http://travel.qunar.com/p-oi38135343-qiaxifengjingqu,,这里作为避暑胜地，尤为幽静美丽；皑皑雪山，茂盛的树林，潺潺的流水，碧绿的草场，芬香的野花，夏季在这里都化作了一抹绿色的透心凉。,,,--,,,,,7
夏塔古道国家森林公园,http://travel.qunar.com/p-oi38135046-xiatagudaoguojiasenlin,,,,,5.0,,,具体收费情况以现场公示为主,,7
天山山脉,http://travel.qunar.com/p-oi38034987-tianshanshanmai,,,,,--,,,具体收费情况以现场公示为主,,7
伊犁河谷国家湿地公园,http://travel.qunar.com/p-oi38034923-yiliheguguojiashidigong,,,,,4.0,,,具体收费情况以现场公示为主,,8
康苏河,http://travel.qunar.com/p-oi38034575-kangsuhe,,,,,--,,,具体收费情况以现场公示为主,,8
草原文化博物馆,http://travel.qunar.com/p-oi38001368-caoyuanwenhuabowuguan,"

地址:
伊犁哈萨克自治州新源县那拉提镇218国道那拉提旅游风景区内


电话:
0999-5291888

",草原文化博物馆位于新疆伊犁地区新源县，主要展示和介绍当地哈萨克民族的历史、风土人情和劳动生活情景。,全年 09:00-19:30,,3.5,建议游览时间：2小时,,,,8
千里花海,http://travel.qunar.com/p-oi37806297-qianlihuahai,,,,,,,,,,8
吐达洪巴依旧居,http://travel.qunar.com/p-oi37806153-tudahongbayijiuju,,,,,--,,,具体收费情况以现场公示为主,,8
恰甫其海水库,http://travel.qunar.com/p-oi37654949-qiafuqihaishuiku,,恰甫其海水利枢纽工程位于新疆伊犁地区，是一个具有灌溉、发电、防洪等综合效益的综合水电工程。水库总库容16.3亿立方米，电站总装机容量为320兆瓦，控制灌溉面积523.45万亩，属大一等工程。工程建成后，可新增净有效灌溉面积417.45万亩，有效调节伊犁地区电网供需矛盾，并将伊犁河干流防洪标准从20年一遇提高到100年一遇。,,,0.0,建议游览时间：0.5小时 - 3小时,,具体收费情况以现场公示为主,,8
伊犁老城喀赞其民俗旅游区,http://travel.qunar.com/p-oi37204486-yililaochengkazanqimin,,伊犁老城喀赞其民俗旅游区占地面积二十多平方公里，是以维吾尔族为主，包含回族、哈萨克族、乌孜别克族等少数民族的聚居区，内有陕西回族大寺、维吾尔风格庭院、艾兰木巴格等景点。,,,2.5,建议游览时间：12小时 - 3天,,具体收费情况以现场公示为主,,8
芳香那拉提镇,http://travel.qunar.com/p-oi37204356-fangxiangneilatizhen,,芳香那拉提镇坐落于新疆美丽的空中草原-那拉提景区旁，是新疆原生态度假镇。,,,0.0,建议游览时间：12小时 - 3天,,,,8
特克斯离街,http://travel.qunar.com/p-oi37204120-tekesilijie,"

地址:
伊犁哈萨克自治州特克斯县博斯坦街中国石油北100米

","离街八卦城其中一条街道，“留住一座城，记住一条街”，这是八卦城人常说的一句话，“城”指八卦城，“街”指离街民族风情步行街；熟悉新疆的人都知道，到伊犁，必游八卦城；到八卦城，则必游离街；乾、坤、震、巽、坎、离、艮、兑八卦城一环八条街，离街就是其中之一；“离”在易经卦爻中代表火的意思，象征着吉祥喜庆，红红火火，因街区刚好处在离卦位置，被称为“离街”，离街总长1700米,总面积约9.2万平方米，由7条巷道和多个特色院落组成，自古有着深厚的文化底蕴，集乌孙文化、丝路文化、草原文化、易经文化等于一体；按照“修旧如旧”设计理念，斥资对离街进行升级改造，保留现有民居院落，在居住功能、邻里结构不变的基础上逐步向旅游服务转型，形成民宿、美食、民族特色产品为一体的休闲街区，温暖的气息，亲切的民风，古而不旧，新雅别致的民宿院落，盛开的鲜花，色彩艳丽的雕塑，飘逸灵动的壁画，炉上一串烤肉，啃着西瓜的小孩，一扇扇油漆斑驳的旧门，粗犷简洁的红砖院墙，好似一幅岁月静好的画卷。",全年 全天开放,,5.0,,,,,8
紫苏丽园薰衣草博物馆,http://travel.qunar.com/p-oi37192852-zisuliyuanxunyicaobowu,,,,,0.0,,,具体收费情况以现场公示为主,,8
七师中央公园,http://travel.qunar.com/p-oi37190747-qishizhongyanggongyuan,"

地址:
团结北街与天东路交叉口北50米

",,全年 10:00-22:30,,0.0,,,,,9
汉宾公园,http://travel.qunar.com/p-oi37189668-hanbingongyuan,,,,,0.0,,,具体收费情况以现场公示为主,,9
阿克库勒湖,http://travel.qunar.com/p-oi37184772-akekulehu,"

地址:
新疆维吾尔自治区伊犁哈萨克自治州特克斯县

",这是新疆地区比较少见的大型湖泊，湖畔有草原、雪山、冰川。阿克库勒湖面深邃清澈，形状呈Y字形，静卧在四面高山之中。湖泊周长大约9公里，湖的进水口和出水口都无迹可寻。这座终年不涸的湖泊，在洁白的雪山包围中，和湛蓝的天空，相映出一道魅力无穷的景象。天堂湖在整个乌孙古道徒步的后半段，是整条线路中的一大亮点。随着乌孙古道被更多的人得知，天堂湖的美也慢慢的展现在更多人的眼前。,全年 全天开放,,5.0,,,具体收费情况以现场公示为主,,9
孟克德湖,http://travel.qunar.com/p-oi37163300-mengkedehu,"

地址:
伊犁哈萨克自治州尼勒克县

",孟克德湖是伊犁州境内的高山湖泊之一，海拔2808米，呈梯形状。大约在十九世纪末的时间尼勒克境内依连哈比尔尕山范围内发生了强烈地震，地震导致山体滑坡、碎石滚落，促使孟克德沟谷内两座山之间狭小的空隙堵塞。因此形成了孟克德湖。,全年 全天开放,,0.0,,,,,9
锡伯古城景区,http://travel.qunar.com/p-oi36679138-xiboguchengjingqu,,,,,3.0,建议游览时间：12小时 - 3天,,,,9
帝锚·热岛乐园,http://travel.qunar.com/p-oi36219166-dimaoredaoleyuan,"

地址:
伊犁哈萨克自治州奎屯市呼图壁街一号


电话:
0992-6661333,0992-6688333

",帝锚·热岛乐园位于金三角地区奎屯市，是集大型室内水上乐园、温泉、网红蹦床公园、淘气堡、真冰溜冰场、威尼斯水城、特色餐饮、韩式汗蒸、度假酒店于一体的旅游商业综合体，全年全天候经营且具备容纳一万人以上同时游玩的接待能力。水上乐园可游玩的项目有：海浪池、漂流河、亚马逊水寨、超级大喇叭、大滑板、室内外温泉等十多种水上游玩项目。种类广泛，能够让游客“全身心”投入到游乐当中，充分体验体感互动的乐趣，项目适合于全年龄阶段的游客游玩。,全年 11:30-20:30,,3.4,建议游览时间：12小时 - 3天,,198元,,9
葛洲坝玉湖景区,http://travel.qunar.com/p-oi36183899-gezhoubayuhujingqu,,昭苏玉湖，是一个隐藏在天山冰川腹地神奇的湖泊，蜿蜒曲折的湖水延伸到远方，一年四季，由于光照不同，玉湖水呈现不同的颜色，因此有了“变色湖”的别称。 多彩变幻的湖水颜色让每位见到她的旅客迷醉其中，无不感叹它的神奇的色彩。,,,5.0,建议游览时间：1小时 - 2小时,,具体收费情况以现场公示为主,,9
阿克塔斯草原Aktas Grassland,http://travel.qunar.com/p-oi35887926-aketasicaoyuan,"

地址:
伊犁哈萨克自治州特克斯县

",阿克塔斯一词来源于哈萨克语，意为白石山，因山石光白而得名，象征圣洁美好。 阿克塔斯草原是一个典型的空中草原，被称为“小喀拉峻”。这里处处绿草茵茵，山花烂漫，雪岭云杉交相辉映，高山白云相依相伴，一步一景，如诗如画。 ,全年 全天开放,,5.0,建议游览时间：12小时 - 3天,,具体收费情况以现场公示为主,,9
花海喀拉峻Kalajun Flower Sea,http://travel.qunar.com/p-oi35842088-huahaikalajun,,花海喀拉峻位于特克斯县乔拉克铁热克镇孟布拉克村，介于特克斯县城与喀拉峻景区之间，占地660亩。花海喀拉峻充分结合特克斯县丰富的旅游资源与文化内涵，把现代精品农业与休闲农业观光；构建美丽乡村与新型农业产业化发展充分结合，在伊犁昭苏片区打造出首个多彩农业观光园。园区主要以特色花卉为产业支撑，种植200多种名贵花卉、特色中草药、香料等。结合休闲、观光、旅游、文化的经营理念，园区内建有果蔬采摘、特色农产品、餐饮、娱乐休闲、民族民俗演艺、体验运动区等休闲项目。,,,5.0,建议游览时间：2小时 - 3小时,,具体收费情况以景区现场公示为主。,,9
唐布拉避暑山庄Imperial Summer Resort of Tangbula,http://travel.qunar.com/p-oi35831933-tangbulabishushanzhuang,,,,,0.0,建议游览时间：12小时 - 3天,,具体收费情况以现场公示为主,,9
乔尔玛,http://travel.qunar.com/p-oi35445090-qiaoerma,,乔尔玛位于横贯天山的独库公路与伊乔公路的相汇处，这里地势险要，一桥架通南北，对于南北疆的政治、经济、文化的交流起着重要的作用。乔尔玛地区风景优美，南北与哈比尔尕山和阿布热勒山的冰川纵横交错，盖于山顶者，叫平原冰川。填满山谷的，叫山谷冰川。其他还有形式各样的冰斗、冰碛、冰舌、冰湖、冰谷等。就在冰岩跟前还有野花、雪莲花绽开，花与冰相伴，更显得雪莲的高贵光洁。,,https://img1.qunarzz.com/piao/fusion/1506/d8/8dcfecaf72b94c.jpg_480x360x95_24944f65.jpg,--,,,,,10
锡伯民族博物院,http://travel.qunar.com/p-oi35444868-xibominzubowuyuan,,锡伯民族博物院位于新疆察布查尔锡伯自治县孙扎齐牛录乡境内，锡伯族悠久的历史文化和民俗风情在这里形成了独具风格的旅游特色。在这里，你可以见到锡伯族人民所崇敬的两位英雄——图伯特、喀尔莽阿的雕塑，雕塑的造型或射、或骑，其台基上刻有英雄的生平事迹与成就。锡伯族近现代史展厅，用大兴安岭场景，背景油画与前景景物；嘎仙洞场景，含嘎仙洞实地翻模；养心殿场景，藻井：故宫原工艺实木制作、龙椅、条案、屏风、金砖；家庙场景，与原景1:7比例，古建仿制工艺；油画、国画艺术...锡伯民族博物院位于新疆察布查尔锡伯自治县孙扎齐牛录乡境内，锡伯族悠久的历史文化和民俗风情在这里形成了独具风格的旅游特色。在这里，你可以见到锡伯族人民所崇敬的两位英雄——图伯特、喀尔莽阿的雕塑，雕塑的造型或射、或骑，其台基上刻有英雄的生平事迹与成就。锡伯族近现代史展厅，用大兴安岭场景，背景油画与前景景物；嘎仙洞场景，含嘎仙洞实地翻模；养心殿场景，藻井：故宫原工艺实木制作、龙椅、条案、屏风、金砖；家庙场景，与原景1:7比例，古建仿制工艺；油画、国画艺术品来表现锡伯民族的起源及从东北到伊犁的缘由。,,https://img1.qunarzz.com/p/tts5/1712/6c/5a7b1bb1d78d8a02.jpg_480x360x95_8ea23dd0.jpg,--,,,,,10
伊犁河旅游风景区,http://travel.qunar.com/p-oi35444598-yilihelu:youfengjingqu,,"伊犁河旅游风景区是在伊犁国际旅游谷和伊宁城市旅游整体规划建设中至关重要的核心项目。在城市滨水景观建设的基础上打造高标准的旅游风景区，是对城市风景资源的有效保护与合理利用，也是将伊宁非物质文化遗产进行资本运作的媒介,力求生态、文化、健康的城市发展格局，在改善人居环境的同时，实现旅游富民和社会稳定。伊犁河景区是一个全开放式景区，是改善伊宁人居环境的生态绿道，是丰富市民文化运动生活的文体公园，是展示传承一体多元民族文化的文化长廊，是向内地及中亚中欧进...伊犁河旅游风景区是在伊犁国际旅游谷和伊宁城市旅游整体规划建设中至关重要的核心项目。在城市滨水景观建设的基础上打造高标准的旅游风景区，是对城市风景资源的有效保护与合理利用，也是将伊宁非物质文化遗产进行资本运作的媒介,力求生态、文化、健康的城市发展格局，在改善人居环境的同时，实现旅游富民和社会稳定。伊犁河景区是一个全开放式景区，是改善伊宁人居环境的生态绿道，是丰富市民文化运动生活的文体公园，是展示传承一体多元民族文化的文化长廊，是向内地及中亚中欧进行文化输出的重要平台，用新的方式诠释了丝绸之路的交流文化。",,https://img1.qunarzz.com/piao/fusion/1611/c7/4480bd233b558102.jpg_480x360x95_afafd14c.jpg,--,,,,,10
激光飞碟,http://travel.qunar.com/p-oi35444543-jiguangfeidie,,激光飞碟的问世让老百姓享受射击飞碟带来的乐趣成为可能，让飞碟射击爱好者有一个可以尽情发挥的舞台。是健康时尚的新兴运动，更是平民化的贵族运动项目。让更多的人参与到飞碟射击的运动中来，体会射击的乐趣，提高生活品质。,,,--,,,,,10
三道河,http://travel.qunar.com/p-oi35444540-sandaohe,,伊犁河的三条小支流——伊犁河，而伊犁河，也就在这里走完了她在我国境内205公里的行程，奔流不息地进入哈萨克斯坦共和国境内。三道河盛产鲤鱼，鲶鱼，白鱼，伊犁鲈等，都以其鲜美而著称。,,,--,,,,,10
次生林度假村,http://travel.qunar.com/p-oi35444426-cishenglindujiacun,,次生林度假村位于县城西南5公里处的次生林风景区，园内林荫如盖，幽径曲折，流水潺潺。草丛中野花盛开盛开，林间雀鸟争鸣，偶尔有野兔、野鸡、黄羊、狐狸的出现，更增添了森林公园的天然神韵。愈往深处走，愈是草茂林密。草丛中野花盛开，习习凉风挟带花香，阵阵袭来，沁人心肺。林中的林木有沙棘、沙枣、山楂、红柳、黄柏、小叶白蜡，还有有党参、玉竹、手掌参、甘草、冬花药材混生于千草百花中。林中被野兽和牛马践踏出来的小径，曲折幽深，更具有一种神秘感。林中河叉密布，弯环曲...次生林度假村位于县城西南5公里处的次生林风景区，园内林荫如盖，幽径曲折，流水潺潺。草丛中野花盛开盛开，林间雀鸟争鸣，偶尔有野兔、野鸡、黄羊、狐狸的出现，更增添了森林公园的天然神韵。愈往深处走，愈是草茂林密。草丛中野花盛开，习习凉风挟带花香，阵阵袭来，沁人心肺。林中的林木有沙棘、沙枣、山楂、红柳、黄柏、小叶白蜡，还有有党参、玉竹、手掌参、甘草、冬花药材混生于千草百花中。林中被野兽和牛马践踏出来的小径，曲折幽深，更具有一种神秘感。林中河叉密布，弯环曲折。河水清澈之时，游鱼可数，水鸟成群。每逢春夏之际，各地来观光旅游、避暑的游人络绎不绝。,,https://img1.qunarzz.com/p/tts3/1801/97/d8568a6bb75e2f02.jpg_480x360x95_82a83ef6.jpg,--,,,,,10
琼库什台,http://travel.qunar.com/p-oi35444000-qiongkushentai,,琼库什台草原位于特克斯县南部山区，与喀拉峻大草原隔河相望。这个天山脚下的美丽草原，在光影的映衬下，起伏的草原加上座座毡房和木屋，使草原充满了生机和活力，令无数摄影人向往。,,https://tr-osdcp.qunarzz.com/tr-osd-tr-space/img/563876352a7619c0c079787123ee47e4.jpg_480x360x95_236e48f9.jpg,--,,,,,10
阿拉木图亚风情园,http://travel.qunar.com/p-oi35443368-alamutuyafengqingyuan,,阿拉木图亚风情园,,,--,,,,,10
托乎拉苏,http://travel.qunar.com/p-oi35443326-tuohulasu,,"托乎拉苏大草原位于西天山科古尔琴山南，海拔1440－2345米，方圆15000公顷，夏季载畜量约80万头，是19世纪东迁伊犁河谷的哈萨克中玉兹乃蛮部落支系“克扎依”部的主要牧地之一。穿越托乎拉苏大草原的“伊精牧道”，即丝绸之路北线（碎叶道）穿越天山的“登努勒台通道”，初唐平定西突厥于“弓月城”，唐军走的就是这条古道。这条从伊犁穿过托乎拉苏大草原翻越天山的捷径（从大河沿子至伊宁仅180公里），其实就是唐代丝绸之路北线（碎叶道）穿越天山的“登努勒台通道”，初唐平定西突厥...托乎拉苏大草原位于西天山科古尔琴山南，海拔1440－2345米，方圆15000公顷，夏季载畜量约80万头，是19世纪东迁伊犁河谷的哈萨克中玉兹乃蛮部落支系“克扎依”部的主要牧地之一。穿越托乎拉苏大草原的“伊精牧道”，即丝绸之路北线（碎叶道）穿越天山的“登努勒台通道”，初唐平定西突厥于“弓月城”，唐军走的就是这条古道。这条从伊犁穿过托乎拉苏大草原翻越天山的捷径（从大河沿子至伊宁仅180公里），其实就是唐代丝绸之路北线（碎叶道）穿越天山的“登努勒台通道”，初唐平定西突厥于“弓月城”，唐军走的就是这条古道，群山环抱，山溪密布，秀色天成。每当盛夏, 哈萨克牧民几乎每年都要在此举行传统的叼羊、姑娘追、赛马等民间活动，各族干部群众和经商者也从四面八方来此云集，共赏“天堂美景”。托呼拉苏通道（系哈萨克语为直线翻越的意思）—史上也称为登努勒台古道。托呼拉苏通道穿行在崇山峻岭之中，路况崎岖，秋冬大雪封山更难行走。但明末清初，通达伊犁却仍然是主要依靠这条古道。乾隆二十七年（1726年），经伊犁将军阿桂奏请朝廷重修“塔勒其”（果子沟）旧道后，才逐渐荒废。托呼拉苏通道在伊宁县境内的皮里青沟和恰布坎效塔直线经过哈萨克族著名诗人、音乐家、作曲家艾塞提·乃曼拜墓地的郎布拉、一棵松、卡伊其等大草原，从伊犁至大河沿子镇此通道距离为180公里。托呼拉苏通道和皮里青沟是西突厥可汗（我国唐朝）时期北线丝绸之路通往伊犁河谷库依勒克（库尼格斯）镇的重要路段。",,https://img1.qunarzz.com/piao/fusion/2005/e6/5d790e9c440e0202.jpg_480x360x95_3f4dd930.jpg,--,,,,,10
天马文化园,http://travel.qunar.com/p-oi35441445-tianmawenhuayuan,,昭苏天马文化园东至大喀拉干德河、南至特克斯河，西面与北面皆与省道237衔接。总面积约5万亩合3333公顷，33平方千米。包含坎儿坎特大草原部分片区、昭苏马场、西域赛马场等自然景观和人文资源。地域广阔，风景壮丽，山川草地交相辉映，历西级、滕昆仑的天马在此生活和繁育，是发展旅游。分三期完成，园区按照功能规划建设入口服务区、天马核心区、民俗体验区、生活服务区、休闲度假区、草原文明传承区六大部分。,,,--,,,,,10
