名字,链接,地址,介绍,开放时间,图片链接,评分,建议游玩时间,建议季节,门票,小贴士,Page
大洪山风景名胜区Dahong Mountain Scenic Spot,http://travel.qunar.com/p-oi703782-dahongshanfengjingming,"

地址:
随州市随县长灵路西侧


电话:
0722 483 2353


官网:
http://www.szdhs.cn/

",大洪山风景名胜区横卧江汉，气势磅礴，风光秀丽，拥有丰富的自然景观和人文景观。大洪山是一座天然的动植物宝库，森林覆盖率90%以上，拥有大片的原始森林群落；已知的动物品种中现有兽类11科17种，鸟类20科38种。这些动植物构建了天然的公园，被人们称之为“武汉后花园”。有“不倒翁”之称的千年古银杏，历经苍桑，是大洪山镇山之宝，是“华中第一树”。绿林山风景区：是大洪杉风景名胜区的核心景区，绿林山风景区由五大区域、十大景点、几百个景观构成，独特神秘，奇妙无比。包括以千年古兵寨为主要代表的绿林寨景区，以西线原始森林为代表的古朴神秘原始生态丛林和“亲情”游景区，以众多的瀑布群为代表的水石文化交织的“美人谷景区”，以天然石编钟为神奇特色的空山洞景区，以鄂中久享盛名、柔情蜿蜒6.7公里的鸳鸯溪漂流景区等。黄仙洞：是大洪山风景区的核心景点，有“不到黄仙洞，就没去大洪山”之说。位于钟祥市境内，全长2000米，洞口高100米，宽70米。洞内景点有“洞口避风”、“济公仰天”、“屈子行吟”、“仙鹤顶月”、“大鹏展翅”等数十处。洪山寺：分上下两院，上院位于宝珠峰顶，下院位于山麓南面，上下两院统称洪山禅寺。上院奇峰寺始建于唐朝宝历二年（公元826年），下院万寿禅院始建于北宋绍圣年间（公元1094年—1097年）。洪山寺是禅宗南宗曹洞宗发祥地之一，在佛教界享有盛誉。千年古银杏：在洪山禅寺下院前，传说是建寺院时和尚栽种的。树高近30米，树杆粗围8.2米，直径2.61米，冠幅荫笼半亩余，五人环抱树腰还需多加一手。,全年 08:30-16:30;全年 08:00-17:30,https://img1.qunarzz.com/piao/fusion/2005/72/aaf764d8d6ab6702.jpg_480x360x95_c810693e.jpg,4.4,建议游览时间：12小时 - 3天,,"{'大洪山风景名胜区门票成人票\n\n': ['¥70起'], '大洪山风景名胜区门票老人票\n\n': ['¥35起'], '大洪山风景名胜区门票+景交车票成人票\n\n': ['¥110起']}",,1
渡蚁桥,http://travel.qunar.com/p-oi709500-duyiqiao,,在广水市西原应山县城南郊。为纪念北来宋庠、宋祁以竹渡蚁而建，故名。宋库（996一1066）与其弟宋祁（998-1061），安陆（今属湖北）人，后迁开封雍丘（今河南杞县）。皆北宋大臣，有文名，时称“二宋”。天圣二年（1024年）二宋同举进士，库名列第一。《应山县志》载：二宋少年时随父颐寓应山法兴寺读书，见蚁为雨所溺，即以竹代桥渡之。绍圣间（1094一1098），太常少张来于此立桥以表其事。乡人相继建乡圣祠、联芳坊、双壁坊、状元坊等以资纪念。因岁久倾记，仅存残碑三通。现桥为石...在广水市西原应山县城南郊。为纪念北来宋庠、宋祁以竹渡蚁而建，故名。宋库（996一1066）与其弟宋祁（998-1061），安陆（今属湖北）人，后迁开封雍丘（今河南杞县）。皆北宋大臣，有文名，时称“二宋”。天圣二年（1024年）二宋同举进士，库名列第一。《应山县志》载：二宋少年时随父颐寓应山法兴寺读书，见蚁为雨所溺，即以竹代桥渡之。绍圣间（1094一1098），太常少张来于此立桥以表其事。乡人相继建乡圣祠、联芳坊、双壁坊、状元坊等以资纪念。因岁久倾记，仅存残碑三通。现桥为石砌，长12米，宽4米，高2.3米，桥孔跨度4米，仍甚坚固，唯石栏已毁。,,,--,,,,,1
曾侯乙墓,http://travel.qunar.com/p-oi704803-cenghouyimu,"

地址:
湖北-随州

",战国早期曾国君主乙的墓葬。位于湖北省随州市西郊擂鼓墩。 1978 年发掘。为岩坑竖穴木椁墓，平面呈多边形，无墓道，南北向，墓坑长 21 米，宽 16.5 米，深 13 米。木椁周围填充木炭，顶上敷 10 ～ 30 厘米的青膏泥。椁内分四室，墓主居最大的东室，漆棺，尸体由多层丝织物包裹。殉人共21 个，各配木棺，均为 13 ～ 25 岁的女性。出土随葬品达 1万余件，有青铜礼器、乐器、车马器、兵器和金器、玉器、木器、漆器、竹简等。单乐器即有钟、磬、鼓、瑟、琴、笙、排箫、篪 8 种。曾侯乙成套...战国早期曾国君主乙的墓葬。位于湖北省随州市西郊擂鼓墩。 1978 年发掘。为岩坑竖穴木椁墓，平面呈多边形，无墓道，南北向，墓坑长 21 米，宽 16.5 米，深 13 米。木椁周围填充木炭，顶上敷 10 ～ 30 厘米的青膏泥。椁内分四室，墓主居最大的东室，漆棺，尸体由多层丝织物包裹。殉人共21 个，各配木棺，均为 13 ～ 25 岁的女性。出土随葬品达 1万余件，有青铜礼器、乐器、车马器、兵器和金器、玉器、木器、漆器、竹简等。单乐器即有钟、磬、鼓、瑟、琴、笙、排箫、篪 8 种。曾侯乙成套编钟多达 65 件，并有 2800 多个铭文，是震惊中外的巨大发现，为先秦音乐史研究提供了珍贵的实物和文字资料。其他如多达6600 字的 240 多支竹简及一件自铭“？鳌钡南涓牵？保存写有 28 宿名称的天文图等都具有重要价值。由青铜器上多次出现“曾侯乙乍（作） （持）”之类铭文，可确认此墓的墓主。又据？D钟铭文推知，曾侯乙下葬的年代当为公元前 433 年或稍晚。,8：00-17：00,https://img1.qunarzz.com/travel/d6/1609/ac/96fd137ac600adb5.jpg_480x360x95_710f68e9.jpg,4.3,,,25元,,1
擂鼓墩古墓群,http://travel.qunar.com/p-oi707994-leigudungumuqun,,在随州市城关西北2.5公里的擂鼓墩。擂鼓墩古为随国领地，北望桐柏，南面涡山（即大洪山），东临极水，山岭绵亘，古冢森森。曾侯乙系战国早期曾国君主，其墓营建于红砂岩坡之上，凿石为穴，墓扩面积220平方米，深近20米，停分四室，均以巨木镶隔。主棺分内外两层，全为彩绘，外棺长3.2米，高2.19米，殉葬棺21具，除一格只髹红漆外，皆施彩绘，殉葬人多系13-25岁之青少年女性。随葬物品有礼乐器、兵器、车马器、金玉器、漆木竹器及竹简等达1.5万余件。以九鼎、八簋为中心的铜礼器，品类...在随州市城关西北2.5公里的擂鼓墩。擂鼓墩古为随国领地，北望桐柏，南面涡山（即大洪山），东临极水，山岭绵亘，古冢森森。曾侯乙系战国早期曾国君主，其墓营建于红砂岩坡之上，凿石为穴，墓扩面积220平方米，深近20米，停分四室，均以巨木镶隔。主棺分内外两层，全为彩绘，外棺长3.2米，高2.19米，殉葬棺21具，除一格只髹红漆外，皆施彩绘，殉葬人多系13-25岁之青少年女性。随葬物品有礼乐器、兵器、车马器、金玉器、漆木竹器及竹简等达1.5万余件。以九鼎、八簋为中心的铜礼器，品类齐全，造型奇妙，浮雕、透雕、细镂，错金嵌玉，巧夺天工。金杯、金盏，光灿夺目。壁、环、璜、佩等玉器玲珑璀璨，刻技精湛。漆器造型新颖，图案繁缛，蟠龙、卧鹿，栩栩如生。钟、磐、鼓、瑟、琴、竺、萧、笛等乐器，种类繁多，排列有序，宛如一间古代乐厅。尤其是其中一套拥有64件的编钟，设计精巧，铸造瑰丽，出土时，尚完整地悬挂在钟架之上。音域宽广，音色优美，古今乐曲均能演奏，令人惊叹叫绝。这批反映我国古代科学艺术成就的文化瑰宝，现藏在湖北省博物馆；并在原地加盖厅庑，保存墓坑、椁室及大部分棺木，并陈列着相应的文物及其复制品等。,,,5.0,,,,,1
炎帝神农烈山,http://travel.qunar.com/p-oi710490-yandishennonglieshan,"

地址:
湖北-随州

",华夏始祖炎帝神农的诞生地--烈山，座落在湖北省随州市曾都区厉山镇九龙山南麓。古神农洞位于九农山腰。史书记载“神农母安登，感农而生炎帝”于此。在炎帝神农烈山名胜区内，建有炎帝神农洞、炎帝神农碑、炎帝神农纪念广场、炎帝神农纪念馆、炎帝神农牌坊等纪念性建筑物。炎帝神农烈山名胜区规划建设，以“建筑返古、环境还野”为特色，规划建成“世界烈山宗亲会馆”、“祭祀朝圣”、“圣遗迹游览”、“大同街市”、“炎帝故里经济技术开发”、“服务接待管理”六个区，兴建修复炎帝神...华夏始祖炎帝神农的诞生地--烈山，座落在湖北省随州市曾都区厉山镇九龙山南麓。古神农洞位于九农山腰。史书记载“神农母安登，感农而生炎帝”于此。在炎帝神农烈山名胜区内，建有炎帝神农洞、炎帝神农碑、炎帝神农纪念广场、炎帝神农纪念馆、炎帝神农牌坊等纪念性建筑物。炎帝神农烈山名胜区规划建设，以“建筑返古、环境还野”为特色，规划建成“世界烈山宗亲会馆”、“祭祀朝圣”、“圣遗迹游览”、“大同街市”、“炎帝故里经济技术开发”、“服务接待管理”六个区，兴建修复炎帝神农殿、烈山大宗祠、圣贤殿、功德殿、神农庙、安登泉、百草园、观天坛、神农九井等景点。景观有姜河新潮、九岭晴岚、烟寺晚钟、山村夕照、古洞青雪、断岩缩雾、龙凤旗杆等，因材借景，秀丽非凡。几千年来，每逢炎帝生辰祭日，世界各地数以万计的群众前来烈山敬奉炎帝神农，缅怀华夏始祖，烈山已成为海内外炎黄子孙寻根问祖的圣地。,7:30至17:00,,3.7,,,成人票：20元 儿童票：10元,,1
高挂三潭,http://travel.qunar.com/p-oi710498-gaoguasantan,,又称圣水井。在广水市城北20余公里的高桂山峡谷中。两侧悬崖峭壁，犹如刀削斧劈，高处达百余米，青苔满布，金钗间级，时而云雾缭统，时而彩霞横抹，由底仰望长天，几如一线，幽险而奇丽。三座天然石潭，顺峡底自西而东，依次排列，间隔10一20米，皆呈不规则圆形。上潭深广各约10米余，上有瀑布下注；中潭深广各约15米，底有泉水上涌；下潭深约8米，广20米，溢水由此外泻。三潭喷雪腾雾，趵浪团展，碧波潋滟，各具景趣。尤其日当正午，晴空万里时，常有阵雨突降，击潭水面，而止后即有...又称圣水井。在广水市城北20余公里的高桂山峡谷中。两侧悬崖峭壁，犹如刀削斧劈，高处达百余米，青苔满布，金钗间级，时而云雾缭统，时而彩霞横抹，由底仰望长天，几如一线，幽险而奇丽。三座天然石潭，顺峡底自西而东，依次排列，间隔10一20米，皆呈不规则圆形。上潭深广各约10米余，上有瀑布下注；中潭深广各约15米，底有泉水上涌；下潭深约8米，广20米，溢水由此外泻。三潭喷雪腾雾，趵浪团展，碧波潋滟，各具景趣。尤其日当正午，晴空万里时，常有阵雨突降，击潭水面，而止后即有彩虹飞架崖壁，蔚为奇观。《新唐书》作者宋祁曾有“虬洞耸云峰，缘虚一线通，岭望天斜碧，崖倾日倒虹”写其景色。更耐人寻味者，每当清晨，潭面忽起一股白烟，上升为蘑菇云，经久不散，前人谓之“白龙现”，数天内必有风雨。讹传当年有一孽龙在此作恶，吕洞宾知而擒之，并斩其八子，唯其九子尾部受伤潜入圣井中得免，后行善事，人称“桩尾巴龙”，天旱即兴云布雨，滋润五谷。,,https://img1.qunarzz.com/travel/d7/1506/dd/97a1479bf64cc6.jpg_480x360x95_5680e243.jpg,5.0,,,,,1
徐家河,http://travel.qunar.com/p-oi711071-xujiahe,,位于广水市西南部，水域面积7万余亩，属大型水库，平均水深15米。曲水环山、回峰抱水，烟波浩淼，气候宜人，是镶嵌在中原腹地的一颗旅游明珠。景区水质清澈，四季碧波荡漾，堤柳吐翠，山林绵延，渔船游戈，鹤鸟飞鸣。库区100多个半岛、群岛点缀其中。 景区交通便利，316国道、汉丹铁路穿境而过。南距武汉150公里，北距随州擂墩编钟出土地36公里。,,,4.3,,,,,1
高贵三潭,http://travel.qunar.com/p-oi712169-gaoguisantan,,"高贵三潭风景区位于广水市北部，这里有清奇幽深的三叠瀑布""一线天""；闻名遐迩的雄关古道平靖关；碧波万顷的许家冲水库；峻险的鄂北第一峰大贵寺金顶，海拔908米；还有千姿百态、惟妙惟肖的""双狮夺珠""石，碧玉湖，天池，龙眼圣水井，罗汉池。这里林海茫茫、漫山遍野、四季飞花。",,https://img1.qunarzz.com/piao/fusion/1508/34/f45ce777837120.jpg_480x360x95_9cf25721.jpg,--,,,,,1
平靖关,http://travel.qunar.com/p-oi712700-pingjingguan,,在广水市区北30公里的桐柏山脉与大别山脉交会处。雄关险隘，群峰列峙，系著名的“义阳三关”中的西关（中关武阳，即今广水北武胜关；东关黄崛，即今大悟县九里关），扼鄂豫两省襟喉，为古今中原要道，乃兵家用武之地。历史悠久，胜迹远闻。古名“冥轭”。相传春秋时，吴国借兵伐楚，三军经此，马不能前，遂改名“拦马墙”；三国时蜀将关羽镇守荆州，陈兵于此，恨不能过关直取中原，故更名“恨这关”。北魏拓跋氏在关南设平靖郡，即易名“平靖关”；明清之际，因百年老古遍布山洞与驿路...在广水市区北30公里的桐柏山脉与大别山脉交会处。雄关险隘，群峰列峙，系著名的“义阳三关”中的西关（中关武阳，即今广水北武胜关；东关黄崛，即今大悟县九里关），扼鄂豫两省襟喉，为古今中原要道，乃兵家用武之地。历史悠久，胜迹远闻。古名“冥轭”。相传春秋时，吴国借兵伐楚，三军经此，马不能前，遂改名“拦马墙”；三国时蜀将关羽镇守荆州，陈兵于此，恨不能过关直取中原，故更名“恨这关”。北魏拓跋氏在关南设平靖郡，即易名“平靖关”；明清之际，因百年老古遍布山洞与驿路两侧，又改名“杏遮关”；旋因来往行人成群结队，络绎不绝，又叫“行者关”等。南宋岳飞、李庭芝亦曾驻兵于此。不仅有巍峨的城垣，宏丽的庙宇，并有不少建筑，后毁于白朗讨袁之役。但当年土筑关城绵亘山脊，仍依稀可辨。此地风景奇丽，和“高桂三潭”相互辉映，因而吸引游人。将军寨在广水市东35公里孝子店北山上。县志载：北宋名将狄青南征，曾在此屯兵扎寨所建，故名。为邑中保存较好的古寨之一。全以大片石构筑，长约700米，高4米，厚3.6米，上端每隔4米凿一插旗圆孔，四面各一高出寨墙之券顶砦门。结构坚固，气势威武，俨若巨大盘龙。周围除东一径可盘旋攀登外，余皆悬崖峭壁，尤东西崖下各有一河，婉蜒汇于山寨南麓，益显地势险要．寨内迄今尚存井、塘、窖穴、蹬道等设施。寨北控武胜关，东望九里关，南邻烽火台等，素有南北咽喉之称，历为军家争夺要塞。,,,--,,,,,1
封江生态旅游区,http://travel.qunar.com/p-oi715508-fengjiangshengtailu:you,,封江水库两岸山峦连绵起伏，库汊水岛犬牙交错，形成了封江独具特色的库区风光。27公里长的水域犹如一幅画廊，14万亩山场四季如画：春季山花烂漫，映山红满山遍野；夏日绿树成荫，满目青翠；秋天叶红果熟，四处飘香；冬时雪压青松，银装素裹。库区上游的狮子口更是怪石林立，奇峰耸天，野趣甚浓。由于水库调节而形成的独特小区域气候，使这里冬暧夏凉，气候宜人。万余亩水面碧波荡漾，水美鱼 肥，是一处可供疗养的理想场所。兴建的打靶场、遛马场、游泳场、游乐场、垂钓场将给游人提...封江水库两岸山峦连绵起伏，库汊水岛犬牙交错，形成了封江独具特色的库区风光。27公里长的水域犹如一幅画廊，14万亩山场四季如画：春季山花烂漫，映山红满山遍野；夏日绿树成荫，满目青翠；秋天叶红果熟，四处飘香；冬时雪压青松，银装素裹。库区上游的狮子口更是怪石林立，奇峰耸天，野趣甚浓。由于水库调节而形成的独特小区域气候，使这里冬暧夏凉，气候宜人。万余亩水面碧波荡漾，水美鱼 肥，是一处可供疗养的理想场所。兴建的打靶场、遛马场、游泳场、游乐场、垂钓场将给游人提供丰富多彩的文化生活。这里的人文景观也比较丰富。封江历史悠久，1960年以前，这里是厉山（东风）公社江河管理区，境内原有江家河、刘家河两大古老的集镇，是方圆百里的主要货物集散地，也是随州通往河南的古道。丰水季 节，商船可顺水直达随州、武汉。因此这里商贾云集，经济繁荣。僧人们曾在此建有东安寺、红安寺，香客络绎不绝。历史上这里曾发生过多次战斗。如今狮子口古寨墙仍连绵几公里，完全用青石垒成，高大坚固，气势宏伟，四方寨门保存完好。民间相传薛刚反唐曾屯兵于此。这里盛产香菇、茶叶、蚕茧、木耳、水产品、畜产品。历史上柞蚕享有盛名，年产茧达25万公斤。该库属富库，年可产成鱼25万公斤。封江生态旅游区目前正在加紧建设，以新的面貌迎接四方客人。,,,--,,,,,1
近圣门街Jinshengmen Street,http://travel.qunar.com/p-oi39749008-jinshengmenjie,,,,,0.0,,,,,2
岭子寨,http://travel.qunar.com/p-oi39418441-lingzizhai,,,,,0.0,,,,,2
印台山公园,http://travel.qunar.com/p-oi38339480-yintaishangongyuan,,,,,,,,,,2
印台山生态文化园,http://travel.qunar.com/p-oi37806972-yintaishanshengtaiwen,,,,,0.0,,,具体收费情况以现场公示为主,,2
田王寨景区,http://travel.qunar.com/p-oi36451435-tianwangzhaijingqu,"

地址:
随州市随县万和镇曾家塆


电话:
0722-4698288

","座落在随县桐柏山太白顶风景区内位于桐柏山第二高峰固城山上，海拔1080米，北倚固城山，东、南、西边均为悬崖峭壁，地势险要，易守难攻。据史记载它始建于宋末元初（公元1204年）距今已有800多年，当时为抗元军入侵，由桐柏山田姓农民聚众起义，自称田王，立寨于固城山，养兵聚将，训练兵勇，积草屯粮。寨城依山顺势用块石砌成，围有九个山头，寨墙起伏，宛若长城。寨内面积约1.5平方公里。有高水位泉池，名曰饮马池，用之不竭，东边悬崖千仞，有一孔如月，名曰月儿岩；东北有擂鼓台，...座落在随县桐柏山太白顶风景区内位于桐柏山第二高峰固城山上，海拔1080米，北倚固城山，东、南、西边均为悬崖峭壁，地势险要，易守难攻。据史记载它始建于宋末元初（公元1204年）距今已有800多年，当时为抗元军入侵，由桐柏山田姓农民聚众起义，自称田王，立寨于固城山，养兵聚将，训练兵勇，积草屯粮。寨城依山顺势用块石砌成，围有九个山头，寨墙起伏，宛若长城。寨内面积约1.5平方公里。有高水位泉池，名曰饮马池，用之不竭，东边悬崖千仞，有一孔如月，名曰月儿岩；东北有擂鼓台，巨石斜立，探身寨外；西有鹰子咀，如巨鹰凌空展翅。东边有东旭峰、莲花峰、西霞峰、飞云峰等如众星捧月。南山的放马场，为田王辟建，用来饲养战马。田王寨作为古战场，出兵则居高临下，退过则固若金汤，直至后被元军攻破平寨；到清咸丰四年（公元1854），该寨增扩加固，改名为安和寨，可屯兵数千之众，现有房屋遗址数百间。建有东门、大西门、小西门、大南门、小南门、北门和大北门共七座城门。南大门为正门建有瓮城,为进寨的主要通道,也是御敌的重要防线。内设有东、西、南、北、中五个军营，外设四个哨卡，南门外150米处有烽火台,又名四方城,为第一哨卡，主峰建有“银銮殿”（现仅存遗址），扩建后的田王寨，寨墙长达数十公里。如今的田王寨硝烟早散，遗址尚存，残缺的寨墙城垣，虽没有往日的雄伟，却见证着历史沧桑，见证了中华民族不屈不饶的精神。该遗址规模较大，具有一定的学术价值,是华中地区保存大好的古兵寨群。",全年 08:30-17:00;全年 08:00-17:30,,3.0,建议游览时间：1小时 - 2小时,,40元,,2
龙王坳生态谷景区,http://travel.qunar.com/p-oi36451387-longwangaoshengtaigujing,,龙王坳生态谷景区位于随州市高新区淅河镇大堰坡社区独山村，景区中秀美的独山、大铁山及小铁山呈“品”字形巍然屹立，淅孛公路穿景区而过。景区坚持多元化发展，把农旅融合和研学实践教育贯穿于产业发展全过程， 走进景区可赏万亩茶花、望铁山风电、眺山间梯田、观果树源圃、阅科普展馆、俯水保新园。,,,0.0,建议游览时间：2小时 - 3小时,,30元,,2
随州市曾侯乙墓遗址博物馆,http://travel.qunar.com/p-oi36259076-suizhoushicenghouyimu,,,,,4.0,,,,,2
云峰山万亩茶园景区,http://travel.qunar.com/p-oi36142017-yunfengshanwanmuchayuan,,,,,--,,,具体收费情况以现场公示为主,,2
黑龙潭景区,http://travel.qunar.com/p-oi36141703-heilongtanjingqu,,黑龙潭景区俗称“龙石埂”，从上至下有天口碗、龙宫、龙潭、龙门、二龙戏珠等十几处瀑布，周围悬崖峭壁，山峦叠翠，景色壮丽。,,,0.0,建议游览时间：3小时 - 4小时,,具体收费情况以现场公示为主,,2
三潭毓秀Santan Yuxiu,http://travel.qunar.com/p-oi35832686-santanyuxiu,,三潭毓秀重峦叠嶂，沟壑纵横，以山峭林茂、涧幽泉清而闻名，有海拔九百多米的主峰大贵山，还有竹桥、栈桥、木桥、石拱桥、听泉亭等景观，环境优美。,,,--,建议游览时间：3小时 - 4小时,,具体收费情况以现场公示为主,,2
封江水库风景区Fengjiang Reservoir Scenic Area,http://travel.qunar.com/p-oi35832280-fengjiangshuikufengjing,,,,,,,,,,3
千课老塆Qiankelaowan,http://travel.qunar.com/p-oi35677178-qiankelaowan,,,,,--,,,具体收费情况以现场公示为主,,3
大庙合子Damiaohezi Village,http://travel.qunar.com/p-oi35645810-damiaohezi,,,,,--,,,具体收费情况以现场公示为主,,3
冲栎树塆Chonglishuwan Village,http://travel.qunar.com/p-oi35385023-chonglishuwan,,,,,--,,,具体收费情况以现场公示为主,,3
栎树塆Lishuwan Village,http://travel.qunar.com/p-oi35384130-lishuwan,,,,,--,,,具体收费情况以现场公示为主,,3
枣树塆Zaoshuwan Village,http://travel.qunar.com/p-oi35320760-zaoshuwan,,,,,0.0,建议游览时间：3天,,,,3
西叶家塆Xiyejiawan Village,http://travel.qunar.com/p-oi35320735-xiyejiawan,,,,,--,,,具体收费情况以现场公示为主,,3
上院家畈Shangyuanjiafan Village,http://travel.qunar.com/p-oi35320724-shangyuanjiafan,,,,,--,,,具体收费情况以现场公示为主,,3
响铜塆Xiangtongwan Village,http://travel.qunar.com/p-oi35320572-xiangtongwan,,,,,--,,,具体收费情况以现场公示为主,,3
白檀树村Baitanshu Village,http://travel.qunar.com/p-oi35320454-baitanshucun,,,,,--,,,具体收费情况以现场公示为主,,3
宣家塆Xuanjiawan Village,http://travel.qunar.com/p-oi35320273-xuanjiawan,,,,,--,,,具体收费情况以现场公示为主,,4
梅庙村Meimiao Village,http://travel.qunar.com/p-oi35314510-meimiaocun,,,,,--,,,具体收费情况以现场公示为主,,4
王家楼子Wangjialouzi Village,http://travel.qunar.com/p-oi35304472-wangjialouzi,,,,,--,,,具体收费情况以现场公示为主,,4
盗金寨Daojinzhai Village,http://travel.qunar.com/p-oi35302862-daojinzhai,,,,,--,,,具体收费情况以现场公示为主,,4
郭家岗村Guojiagang Village,http://travel.qunar.com/p-oi35302859-guojiagangcun,,,,,--,,,具体收费情况以现场公示为主,,4
先觉庙水库Xianjuemiao Reservoir,http://travel.qunar.com/p-oi35302642-xianjuemiaoshuiku,,,,,--,,,具体收费情况以现场公示为主,,4
下宁家林,http://travel.qunar.com/p-oi35300916-xianingjialin,,,,,--,,,具体收费情况以现场公示为主,,4
宁家冲Ningjiachong Village,http://travel.qunar.com/p-oi35300608-ningjiachong,,,,,--,,,具体收费情况以现场公示为主,,4
宁家老塆Ningjia Laowan Village,http://travel.qunar.com/p-oi35300449-ningjialaowan,,,,,--,,,具体收费情况以现场公示为主,,4
对窝子塆Duiwoziwan Village,http://travel.qunar.com/p-oi35300344-duiwoziwan,,,,,--,,,具体收费情况以现场公示为主,,4
宁家塆Ningjiawan Village,http://travel.qunar.com/p-oi35300306-ningjiawan,,,,,--,,,具体收费情况以现场公示为主,,5
小对家洼Xiaodujiawa Village,http://travel.qunar.com/p-oi35300255-xiaoduijiawa,,,,,--,,,具体收费情况以现场公示为主,,5
对洼子沟Duiwazigou Village,http://travel.qunar.com/p-oi35300029-duiwazigou,,,,,--,,,具体收费情况以现场公示为主,,5
阴火冲Yinhuochong Village,http://travel.qunar.com/p-oi35297841-yinhuochong,,,,,--,,,具体收费情况以现场公示为主,,5
彭家咀Pengjiazui Village,http://travel.qunar.com/p-oi35296733-pengjiaju,,,,,--,,,具体收费情况以现场公示为主,,5
阮家庄Ruanjiazhuang Village,http://travel.qunar.com/p-oi35293256-ruanjiazhuang,,,,,--,,,具体收费情况以现场公示为主,,5
彭家畈村Pengjiafan Village,http://travel.qunar.com/p-oi35291865-pengjiafancun,,,,,--,,,具体收费情况以现场公示为主,,5
双堰埂Shuangyangeng Village,http://travel.qunar.com/p-oi35291412-shuangyangeng,,,,,--,,,具体收费情况以现场公示为主,,5
阮家庄Ruanjiazhuang Village,http://travel.qunar.com/p-oi35290449-ruanjiazhuang,,,,,--,,,具体收费情况以现场公示为主,,5
下江塆Xiajiangwan Village,http://travel.qunar.com/p-oi35274545-xiajiangwan,,,,,--,,,具体收费情况以现场公示为主,,5
白云公园Baiyun Park,http://travel.qunar.com/p-oi35238460-baiyungongyuan,"

地址:
随州市曾都区白云湖南路2号


电话:
3817630

",白云山公园占地面积大、植被覆盖率高，娱乐设施齐全。园中有动物园，游乐场，盆景园等设施，是一个大型的休闲娱乐的城市公园。,景区暂时停业，详情请以景区公示为准；原开放时间上午场8:30-12:30，下午场14:30-18:00,,4.3,建议游览时间：2小时 - 3小时,,具体收费情况以现场公示为主,,6
神农公园Shennong Park,http://travel.qunar.com/p-oi35236525-shennonggongyuan,"

地址:
乌龙巷附近


电话:
13308661560

",神农公园位于随州市。公园内空气清新，悠闲别致，亭廊水榭、石林曲桥别有意境，闹中取静，让人心旷神怡。是市民休闲放松的好去处。,景区暂时停业，详情请以景区公示为准；原全天开放,,4.7,建议游览时间：2小时 - 3小时,,具体收费情况以现场公示为主,,6
"大洪山金顶Golden Peak Temple, Dahong Mountain",http://travel.qunar.com/p-oi35217224-dahongshanjinding,, 金顶建筑上采用唐式风格，内外全部为铜包结构。其瓦柱门窗四壁皆为黄铜铸造，在阳光照射之下，金碧辉煌、熠熠生辉。,,,0.0,建议游览时间：1小时 - 2小时,,具体收费情况以现场公示为主,,6
娘娘顶Niangniang Peak,http://travel.qunar.com/p-oi35041944-niangniangding,,娘娘顶山体自西向东倾斜，西坡陡峻。地形奇特、壮观。确为一游览胜地。,,,0.0,建议游览时间：3天,,,,6
随州市久洲艺术博物馆Suizhoushi Jiuzhou Art Museum,http://travel.qunar.com/p-oi34274004-suizhoushijiuzhouyishu,"

地址:
随州市曾都区擂鼓墩大道89号

",随州市久洲艺术博物馆是一家集藏品收藏、陈列展览、学术研究、社会教育为一体的博物馆，该馆现有藏品六百余件/套。,全年 周二-周日 9:00-17:00,,0.0,建议游览时间：1小时 - 2小时,,免费,,6
广水市博物馆Guangshuishi Museum,http://travel.qunar.com/p-oi34273727-guangshuishibowuguan,"

地址:
广水市应山办事处东大街文昌路1号

",广水市博物馆是一所地方综合类博物馆。其中大部分收藏以各种货币为主。还有如商周时期的铜鼎、铜鬲、铜等。都有比较重要的历史价值。,全年 周二-周日 8:30-17:00,,5.0,建议游览时间：2小时 - 3小时,,免费,,6
随县博物馆Suixian Museum,http://travel.qunar.com/p-oi34271746-suixianbowuguan,"

地址:
随县烈山湖西路

",,8:30-17:00（周一至周五）,,--,,,免费,,6
洪山畜牧场,http://travel.qunar.com/p-oi26581498-hongshanchumuchang,,,,,--,,,,,6
富饶农业药用植物繁育基地,http://travel.qunar.com/p-oi26579321-furaonongyeyaoyongzhi,,,,,,,,,,6
天生商业街TianSheng ShangYeJie,http://travel.qunar.com/p-oi24441811-tianshengshangyejie,,,,,--,,,具体收费情况以现场公示为主,,6
随州香港街SuiZhou XiangGang Jie,http://travel.qunar.com/p-oi24441807-suizhouxianggangjie,,,,,--,,,,,7
东壕小吃街DongHao XiaoChi Jie,http://travel.qunar.com/p-oi24441781-donghaoxiaochijie,,,,,--,,,具体收费情况以现场公示为主,,7
隆泰商业步行街LongTai ShangYe BuXingJie,http://travel.qunar.com/p-oi24441778-longtaishangyebuxingjie,,,,,5.0,,,具体收费情况以现场公示为主,,7
玉龙商城步行街YuLong ShangCheng BuXingJie,http://travel.qunar.com/p-oi24441425-yulongshangchengbuxing,,,,,--,,,具体收费情况以现场公示为主,,7
随州青岛啤酒美食广场Suizhou QingDao PiJiu MeiShi GuangChang,http://travel.qunar.com/p-oi24440120-suizhouqingdaopijiumei,,,,,--,,,,,7
曾侯乙墓Tomb of Marquis Yi of Zeng,http://travel.qunar.com/p-oi23343338-cenghouyimu,,曾侯乙墓为中国战国初期曾（随）国国君乙的墓葬。位于湖北随州市擂鼓墩。葬于公元前433年或稍后。1978年发掘。墓坑开凿于红砾岩中，为多边形竖穴墓。南北16.5米，东西21米。内置木椁，椁外填充木炭及青膏泥，其上为夯土。椁内分作东、中、北、西四室。东室置曾侯乙木棺，双重，外棺有青铜框架，内棺外面彩绘门窗及守卫的神兽武士。中室放置随葬的礼乐器。北室放置兵器及车马器等。西室置殉葬人木棺13具。墓主45岁左右；殉葬者为13～25岁的女性。,,https://tr-osdcp.qunarzz.com/tr-osd-tr-manager/img/0b7dde40322a567d451d5a2be9bfca95.jpg_480x360x95_5e4ad49f.jpg,4.0,建议游览时间：1小时 - 2小时,,具体收费情况以现场公示为主,,7
擂鼓墩古墓群Ancient Tombs at Leigudun,http://travel.qunar.com/p-oi23342172-leigudungumuqun,,在随州市城关西北2.5公里的擂鼓墩。擂鼓墩古为随国领地，北望桐柏，南面涡山（即大洪山），东临极水，山岭绵亘，古冢森森。曾侯乙系战国早期曾国君主，其墓营建于红砂岩坡之上，凿石为穴，墓扩面积220平方米，深近20米，停分四室，均以巨木镶隔。主棺分内外两层，全为彩绘，外棺长3.2米，高2.19米，殉葬棺21具，除一格只髹红漆外，皆施彩绘，殉葬人多系13-25岁之青少年女性。随葬物品有礼乐器、兵器、车马器、金玉器、漆木竹器及竹简等达1.5万余件。以九鼎、八簋为中心的铜礼器，品类...在随州市城关西北2.5公里的擂鼓墩。擂鼓墩古为随国领地，北望桐柏，南面涡山（即大洪山），东临极水，山岭绵亘，古冢森森。曾侯乙系战国早期曾国君主，其墓营建于红砂岩坡之上，凿石为穴，墓扩面积220平方米，深近20米，停分四室，均以巨木镶隔。主棺分内外两层，全为彩绘，外棺长3.2米，高2.19米，殉葬棺21具，除一格只髹红漆外，皆施彩绘，殉葬人多系13-25岁之青少年女性。随葬物品有礼乐器、兵器、车马器、金玉器、漆木竹器及竹简等达1.5万余件。以九鼎、八簋为中心的铜礼器，品类齐全，造型奇妙，浮雕、透雕、细镂，错金嵌玉，巧夺天工。金杯、金盏，光灿夺目。壁、环、璜、佩等玉器玲珑璀璨，刻技精湛。漆器造型新颖，图案繁缛，蟠龙、卧鹿，栩栩如生。钟、磐、鼓、瑟、琴、竺、萧、笛等乐器，种类繁多，排列有序，宛如一间古代乐厅。尤其是其中一套拥有64件的编钟，设计精巧，铸造瑰丽，出土时，尚完整地悬挂在钟架之上。音域宽广，音色优美，古今乐曲均能演奏，令人惊叹叫绝。这批反映我国古代科学艺术成就的文化瑰宝，现藏在湖北省博物馆；并在原地加盖厅庑，保存墓坑、椁室及大部分棺木，并陈列着相应的文物及其复制品等。,,,--,,,具体收费情况以现场公示为主,,7
烈山Lieshan Mountain,http://travel.qunar.com/p-oi23342168-lieshan,,,,https://flight-feed.qunarzz.com/as3/426/image/poi_vishnu/53a32bcc-b77c-4617-8d31-290c06951667.jpg,--,,,具体收费情况以现场公示为主,,7
文峰塔Wenfeng Tower,http://travel.qunar.com/p-oi23342098-wenfengta,,文峰塔始建于唐宋，几经重建，皆毁于战火，清朝咸丰，同治年间，又分别进行过重修，但又再次毁于兵焚，至光绪十年五月（公元1884年5月）又重新修建。文峰塔高7层、25米，正八面体，锥形，酷拟托塔李天王手中的宝塔。塔身用青砖砌成，塔基以上两层嵌有“菩萨、鲁班、观音、罗汉、祖师、杨将军”等字样。字属颜体，苍劲古朴。字下留有拱门形的“门”，“门”内用方石堵死。顶端以下4层圆孔和拱门穿通，错落排列。全塔共10个“门”，6个圆孔，层层塔角翼然挑起。塔身呈正八面体，锥形，七...文峰塔始建于唐宋，几经重建，皆毁于战火，清朝咸丰，同治年间，又分别进行过重修，但又再次毁于兵焚，至光绪十年五月（公元1884年5月）又重新修建。文峰塔高7层、25米，正八面体，锥形，酷拟托塔李天王手中的宝塔。塔身用青砖砌成，塔基以上两层嵌有“菩萨、鲁班、观音、罗汉、祖师、杨将军”等字样。字属颜体，苍劲古朴。字下留有拱门形的“门”，“门”内用方石堵死。顶端以下4层圆孔和拱门穿通，错落排列。全塔共10个“门”，6个圆孔，层层塔角翼然挑起。塔身呈正八面体，锥形，七层，七丈五尺高，青砖条石砌成，人称文峰塔，名寓“文运宏开”之意。建于清代光绪十年(1884年)五月。清同治《随州志·重建文峰塔记》曰：城东南望城岗回龙寺旧有文笔塔，所以唐宋元明时文人学士层见叠出。明未战乱，此塔坍塌。清道光九年(1829年)，由城南杨秀才倡导，在民间筹款重建了文笔塔。至咸丰、同治两朝，塔多次遭战争破坏。光绪十年(1884年)五月，知州主持在城南沿用文笔塔名另建一座宝塔，改称文峰塔。原受损坏的文笔塔于1966年拆除。,,https://tr-osdcp.qunarzz.com/tr-osd-tr-manager/img/8566983e808c62a1843ff1f8443228eb.jpg_480x360x95_bef1b1aa.jpg,4.3,建议游览时间：0.5小时 - 2小时,,具体收费情况以现场公示为主,,7
神农牡丹谷Shennong Peony Valley,http://travel.qunar.com/p-oi20980734-shennongmudangu,"

地址:
随州市随县尚市镇龙脉村


电话:
0722-7609888

",随县尚市镇龙脉村的神农牡丹谷以牡丹为主，神农牡丹谷内有牡丹品种数以百计，尤其以洁白如暇的油用牡丹居多，站在高处，徜徉在牡丹丛里，除了欣赏高雅的牡丹仙子，不管你置身何处，你都可以闻到牡丹醉人的清香。尚市牡丹谷的牡丹花期从每年的四月初渐次开放，一直持续到五月初，盛花期达到四十余天，游客可以根据自己的时间合理安排旅游时间。,全年 08:00-17:30,,4.6,建议游览时间：2小时 - 3小时,,"{'神农牡丹谷门票成人票\n\n': ['¥50起'], '神农牡丹谷门票优待票\n\n': ['¥29起']}",,7
天主堂路,http://travel.qunar.com/p-oi19977888-tianzhutanglu,,,,,--,,,具体收费情况以现场公示为主,,8
大贵寺Dagui Temple,http://travel.qunar.com/p-oi19977289-daguisi,,大贵寺位于湖北省广水市，景色秀美，动植物种类繁多，有“鄂北天然植物园”之美誉。景区内有水杉、香果、杜仲、银杏、山白、根树等众多珍稀树种，还有山鹰、穿山甲、大舰 、鹿等珍贵动物。,,,0.0,建议游览时间：2小时,,,,8
大洪山火山地质公园Dahong Shan Huo Shan Dizhi Park,http://travel.qunar.com/p-oi19975884-dahongshanhuoshandizhi,,,,,--,,,具体收费情况以现场公示为主,,8
基督教会Christ Church,http://travel.qunar.com/p-oi19974347-jidujiaohui,,,,,--,,,具体收费情况以现场公示为主,,8
淮河镇文化广场Huaihezhen Culture Square,http://travel.qunar.com/p-oi19973392-huaihezhenwenhuaguang,,,,,--,,,具体收费情况以现场公示为主,,8
印台广场Yintai Square,http://travel.qunar.com/p-oi19973107-yintaiguangchang,"

地址:
随州市广水市东正街20栋楼

",广水印台广场的面积很大，周边的古建筑很漂亮。周围环境优美，位置优越，出行也很便捷，很多市民来跑步休闲，很适合踏春运动。是休闲娱乐的好场所。,全年 全天开放,https://tr-osdcp.qunarzz.com/tr-osd-tr-manager/img/5994df757a63a8605cc4979b19522b11.jpg_480x360x95_c5aac418.jpg,4.8,建议游览时间：1小时 - 2小时,,具体收费情况以现场公示为主,,8
佛山禅寺Foshanchan Temple,http://travel.qunar.com/p-oi19972550-foshanshansi,,,,,--,,,具体收费情况以现场公示为主,,8
竹林公园Zhulin Park,http://travel.qunar.com/p-oi19972496-zhulingongyuan,,,,,--,,,具体收费情况以现场公示为主,,8
中华山森林公园Zhonghua Mountain Forest Park,http://travel.qunar.com/p-oi19972494-zhonghuashansenlingong,,景区内森林植被丰富，奇峰怪石遍布，寺庙历史悠久，古堡寨墙众多，是集森林旅游、避暑观光为一体的旅游胜地。,,,3.0,建议游览时间：3天,,,,8
公园1978,http://travel.qunar.com/p-oi19972493-gongyuan1978,,,,,--,,,具体收费情况以现场公示为主,,8
神农宫Shennong Palace,http://travel.qunar.com/p-oi19972486-shennonggong,,,,,--,,,具体收费情况以现场公示为主,,9
回龙寺公园Huilong Temple Park,http://travel.qunar.com/p-oi19972483-huilongsigongyuan,,回龙寺公园呈龙体带状地形，设有观景平台、长廊、广场、雕像、汉唐雄风展示区等，绿树成荫，适合跑步，散心。,,https://tr-osdcp.qunarzz.com/tr-osd-tr-manager/img/35ff8276420685c34e6d475a395b52d0.jpg_480x360x95_1d1426f4.jpg,0.0,建议游览时间：2小时,,,,9
朝阳寺Zhaoyang Temple,http://travel.qunar.com/p-oi19972476-chaoyangsi,,朝阳寺位于湖北省广水市，总占地面积两百亩，建筑面积两千余平方米。寺庙依冈势而筑，粉墙红柱，青砖黛瓦，四角飞檐，齐整有序，现代建筑与旧时庙宇浑然天成，颇具规模。,,,--,建议游览时间：1小时 - 2小时,,具体收费情况以现场公示为主,,9
邓家祠堂Dengjia Citang,http://travel.qunar.com/p-oi19972470-dengjiacitang,,,,,--,,,,,9
黄家祠堂Huangjia Ancestral Hall,http://travel.qunar.com/p-oi19972462-huangjiacitang,,,,,0.0,,,具体收费情况以现场公示为主,,9
随州火车站广场,http://travel.qunar.com/p-oi19971814-suizhouhuochezhanguang,,,,,--,,,,,9
随州市曾都区群众艺术馆Suizhou Zengdu Masses Art Museum,http://travel.qunar.com/p-oi19631349-suizhoushicengdouququn,,,,,--,,,具体收费情况以现场公示为主,,9
西墨水心儿童图书馆,http://travel.qunar.com/p-oi19553758-ximoshuixinertongtushu,,,,,--,,,,,9
随县图书馆Suixian Library,http://travel.qunar.com/p-oi19536964-suixiantushuguan,,随县图书馆随着新随县的诞生而成立，占地面积约12000平方米，建筑面积达5300平方米，图书馆分信息服务区、藏书区、阅览区、公共活动区、馆员工作、办公区、文化资源共享区、技术设备区等，现有藏书约10万册。随县书馆担负着纸质图书、报刊文献、数字图书借阅的功能，古籍和地方文献入藏保护的任务，开展馆际互借、送书下乡、举办展览、讲座和基层业务辅导培训和为未成人及特殊群体服务等活动。,,https://tr-osdcp.qunarzz.com/tr-osd-tr-manager/img/669568e324f36313930feddfa77d754b.gif_480x360x95_3a62f87a.gif,4.0,建议游览时间：1小时 - 2小时,,具体收费情况以现场公示为主,,9
滨水剧场,http://travel.qunar.com/p-oi19536887-binshuijuchang,,,,,--,,,,,9
儿童图书馆Children Library,http://travel.qunar.com/p-oi19536859-ertongtushuguan,,,,,--,,,具体收费情况以现场公示为主,,10
雅歌画廊(分店),http://travel.qunar.com/p-oi19529633-yagehualang,,,,,,,,,,10
花鼓艺术剧院,http://travel.qunar.com/p-oi19519661-huaguyishujuyuan,,,,,--,,,,,10
新四军第五师九口堰纪念馆Xinsijun Diwu Shi Jiukouyan Memorial Hall,http://travel.qunar.com/p-oi19506798-xinsijundiwushijiukou,,"新四军第五师九口堰纪念馆位于随州，广场上有一座铜像，在烈士墓旁边还有一座革命烈士纪念碑，该碑高约十二米，该馆共有五十多个房屋，三进两院，为左右对称结构。
",,https://tr-osdcp.qunarzz.com/tr-osd-tr-manager/img/5ed4c3a47861bd99f65bab610d8e7eef.jpg_480x360x95_96f414d8.jpg,0.0,建议游览时间：2小时 - 3小时,,具体收费情况以现场公示为主,,10
新海豚现代美术馆,http://travel.qunar.com/p-oi19505571-xinhaitunxiandaimeishu,,,,,--,,,,,10
西洋画廊高考美术培训中心,http://travel.qunar.com/p-oi19505307-xiyanghualanggaokaomei,,,,,--,,,,,10
萌宝贝儿童乐园,http://travel.qunar.com/p-oi19505172-mengbaobeiertongleyuan,,,,,--,,,,,10
淘气宝贝儿童乐园,http://travel.qunar.com/p-oi19504753-taoqibaobeiertongleyuan,,,,,--,,,,,10
3D立体魔幻艺术展,http://travel.qunar.com/p-oi19475537-3dlitimohuanyishuzhan,,,,,--,,,,,10
太阳能科技博览中心,http://travel.qunar.com/p-oi19472702-taiyangnengkejibolanzhong,,,,,--,,,,,10
