名字,链接,地址,介绍,开放时间,图片链接,评分,建议游玩时间,建议季节,门票,小贴士,Page
新村,http://travel.qunar.com/p-oi39366361-xincun,,,,,0.0,,,,,1
孟家岭小天池,http://travel.qunar.com/p-oi38336693-mengjialingxiaotianchi,,,,,5.0,,,具体收费情况以现场公示为主,,1
梨树啤酒广场Lishu Beer Square,http://travel.qunar.com/p-oi19967413-lishupijiuguangchang,,梨树啤酒广场是当地知名度较高的广场之一。到了夏天广场到处都是喝酒吃串的地方。很是热闹。,,https://tr-osdcp.qunarzz.com/tr-osd-tr-manager/img/7023db450de710c1bd91574dbf5abb25.jpg_480x360x95_2a3d3edb.jpg,4.9,建议游览时间：1小时 - 2小时,,具体收费情况以现场公示为主,,1
叶赫那拉古城Historic Yehe Nara Hala City,http://travel.qunar.com/p-oi714372-yeheneilagucheng,"

地址:
四平市梨树县东南部


电话:
0434-3560666

",叶赫那拉古城，位于四平市梨树县东南部，是出名的民俗风景旅游点，以富有女真族特色的古建筑闻名。古城的建筑都很有特点，每城有木、土、石三道城墙，城外有护城河环绕，登台而远眺，更觉朔风猎猎四野茫茫；内有八角时楼，古朴肃穆，巍峨雄俊，是我国北方少见的古建筑群体，具有很大的考古及观赏价值。堡体及内部楼台等保存完整，散落着多处清朝历史的遗迹，其中点将台、烽火台尤为引人注目。如今的叶赫那拉景区一分为二，分“古城文化区”和“转山湖风景游艺渡假区”，古城文化区内，有东西二城遗址、古驿站、伽蓝寺、娘娘庙、虫王庙等文化古迹可供游客参观游览；转山湖景区风光迤俪曼妙，湖面约5000亩的水域，再现了“山水共天一色”的诗意境界。,全年 08:00-18:00,https://img1.qunarzz.com/travel/d0/1711/f8/8d1e52a79f126b5.jpg_480x360x95_c292a916.jpg,4.1,建议游览时间：2小时 - 3小时,,具体收费情况以现场公示为主,,1
四平战役纪念馆Sipingzhanyi Memorial Hall,http://travel.qunar.com/p-oi713822-sipingzhanyijinianguan,"

地址:
四平市铁西区南新华大街英雄大街60号


电话:
0434-5011518,0434-5016927


官网:
http://www.spzyjng.cn/

",纪念馆主体建筑座北朝南，建筑外形呈弧形，似在热情环抱八方而来的广大观众。新馆建筑面积5158平方米。新馆划分为陈列区、综合服务区、办公区。其中陈列区面积达3000平方米。陈列区内设有半景画馆、战史陈列厅、临时展厅、电影厅等。四战四平历史陈列共展出图片、历史文献、文物1000多件，结合声、光、电等多种陈展艺术形式，以强烈的视觉冲击力和艺术感染力，回到50多年前四战四平那血火交织的历史情景中。新馆的落成，使四平战役纪念馆的社会影响力和文化辐射力正在迅速扩大。做为全国百家爱国主义教育示范基地之一，全国百个红色旅游经典景区之一的四平战役纪念馆迎着辉煌的未来又将踏上一个新的发展阶梯。,"全年 周二-周日 09:00-11:00,13:30-16:00;全年 周一 全天不开放",https://img1.qunarzz.com/travel/d4/1510/51/0316661f2b35fb.jpg_480x360x95_a4a8c79e.jpg,4.7,建议游览时间：1小时,,具体收费情况以现场公示为主,,1
伊通满族自治县博物馆Museum of Yitong Manchu Autonomous County,http://travel.qunar.com/p-oi705656-yitongmanzuzizhixianbo,"

地址:
中国吉林省伊通满族自治县伊通镇人民大路1129号


电话:
0434-4236949,0434-4375050

",伊通满族博物馆是展示满族民间习俗传世文物的博物馆。其前身为1987年创建的伊通满族民俗馆。博物馆座落在伊通满族自治县伊通镇人民大路1129号，占地10000平方米，建筑面积5800平方米，主楼五层，仿古建筑。伊通满族博物馆，是一座展示满族历史、文化和满族风情的专业性博物馆。自建馆26年来，接待国内社会各界观众和美、日、韩、德、意大利、加拿大及港、澳、台等国家和地区友人近60万人次。博物馆多年来相继被省、市、县命名为爱国主义教育基地和被吉林省社会科学院确定为学术研究基地；2007年被国家民委命名为民族团结进步教育基地；同年被国家旅游局确定为四A级旅游景区。2008年被中国民族博物馆确定为“中国民族博物馆·伊通满族分馆”。,全年 08:00-17:00,https://tr-osdcp.qunarzz.com/tr-osd-tr-space/img/caf416f330eb10607e61e4e76be2320e.jpg_480x360x95_a4b83ca7.jpg,4.8,建议游览时间：2小时,,具体收费情况以现场公示为主,,1
偏脸城遗址,http://travel.qunar.com/p-oi705459-pianlianchengyizhi,"

地址:
中国吉林省四平市

",从四平市梨树县城向北望去，天边有一道山岗，东西走向，绵延十余公里。在城北田间穿行三四公里。过招苏太河，一座古城遗址即在目前。古城顺山坡横下，四面高墙清晰可辨。全城地势不平，西北高而东南低，方向东斜，有如偏歪的人面。故人称偏脸城。偏脸城的城墙为土墙，东墙与西墙，南墙与北墙，大体平行。每面长约千米，宽一米，高五六米左右。四墙有门，门外有瓮城，南北门与东西门，皆成对应。城墙四角，都有突出墙外，高于墙顶的圆形高台。这是角楼，站在上面可以嘹望全城。西墙与北...从四平市梨树县城向北望去，天边有一道山岗，东西走向，绵延十余公里。在城北田间穿行三四公里。过招苏太河，一座古城遗址即在目前。古城顺山坡横下，四面高墙清晰可辨。全城地势不平，西北高而东南低，方向东斜，有如偏歪的人面。故人称偏脸城。偏脸城的城墙为土墙，东墙与西墙，南墙与北墙，大体平行。每面长约千米，宽一米，高五六米左右。四墙有门，门外有瓮城，南北门与东西门，皆成对应。城墙四角，都有突出墙外，高于墙顶的圆形高台。这是角楼，站在上面可以嘹望全城。西墙与北墙外，都有护城壕遗址。偏脸古城在辽金时代最早叫九百奚营，归临津县管辖。统归于韩州统邻。因九百奚营地处交通要道，为南北往来的必经之地。故在辽金时代，九百奚营是相当重要的城镇。在此，曾幽囚过大宋的两朝君主：徽宗，钦宗两年之久。在历史上留下重要一笔。,8：00-18：00,https://img1.qunarzz.com/travel/d0/1802/3a/e622633cce3666b5.jpg_480x360x95_0893bfab.jpg,3.0,,,免费,,1
二龙湖风景区Erlong Lake Scenic Area,http://travel.qunar.com/p-oi705790-erlonghufengjingqu,"

地址:
四平市公主岭市二龙湖风景区


电话:
0434-5619235

",二龙山环抱的二龙湖，诗画般的景色，非常迷人。站在二龙湖大坝的泄水闸旁，俯瞰湖畔两侧的二龙山，如同龙身蜿蜒起伏，守护着茫茫的碧波轻浪。二龙湖水面八千多公顷，盛产青、草、鲢、鲈、池沼虾等二十几个品种的鱼虾。群山环抱，绿树成荫，风光秀丽。春有各种候鸟水禽来这里繁衍栖息，夏天漫山野花竞相开放，秋天各种野果、菌、菇信手可采，冬至白雪皑皑，银装素裹。,全年 8:00-18:00,https://tr-osdcp.qunarzz.com/tr-osd-tr-manager/img/a0a558c146c6bbc20411a5576e23d217.jpg_480x360x95_8f1767dd.jpg,4.2,建议游览时间：1小时,,具体收费情况以现场公示为主,,1
二十家子旅游度假区,http://travel.qunar.com/p-oi706504-ershijiazilu:youdujia,"

地址:
四平市公主岭市二十家子水库

",二十家子满族镇隶属公主岭市管辖，位于公主岭市西南部13公里处，距省城长春60公里，距四平市50公里，全镇有9个行政村，1个街道居民委员会；总人口21086人，其中满族人口占总人口的30.5%；幅员113平方公里，山地占50%，耕地面积4429公顷，是一个“五山一水四分田”的半山区。 这里山清水秀，鸟语花香，资源丰富，物华天宝。温暖的春季姹紫嫣红，浪漫的夏季绿草如茵，金色的秋天色彩斑谰，朔风的隆重冬绿色常在。,全天,https://img1.qunarzz.com/piao/fusion/1604/2e/0f8b178e94a6e1f7.jpg_480x360x95_e7e308ed.jpg,--,,,免费,,1
山门水库,http://travel.qunar.com/p-oi703309-shanmenshuiku,"

地址:
四平市铁东区山门镇内

",从山门水库大堤南侧登杏花山，要攀登山脚下的“登天门”和山顶上的“揽月门”之间的3个样式各异的凉亭连接起来的148阶水泥石阶，石阶两旁，绿树成荫。繁花竟放。游人曾写下“曲曲云山路，巍巍揽月门，春风似有意，故醉旅游人”的语句。登上山顶，远望四野：脚下杏花山松林常翠；东面的石门山，绿树葱葱；北部的半拉山，石光闪烁；西边的长达山，薄雾升腾.......一条数百米长堤横卧南北，和揽月门联成一线，四面青山环抱一湾碧水，一叶轻舟摇碎湖光波影，确是一个令人舒心惬意的所在。,8：00-17：00,,--,,,30元,,1
吉林伊通火山群国家级自然保护区Jilin Yitong Volcano Group National Nature Reserve,http://travel.qunar.com/p-oi712039-jilinyitonghuoshanqun,"

地址:
四平市伊通满族自治县环山路


电话:
0431-12345678

",伊通火山群分布于伊舒地堑上600平方公里的范围内，共有16座230 – 430米高的火山穹丘，其复杂多变的岩石柱状节理，构成了宏伟、奇特、罕见的火山风光和地质景观。该火山群典型、独特的“侵出式”火山成因机制属国内唯一，在国际上也属罕见，具有重要的科学价值和观赏价值。 伊通火山群各火山中，没有常年地表流水，在火山群分布区内可见有三条河流：即伊通河、大孤山河和小孤山河。三条河流中伊通河隶属于饮马河水系；大孤山、小孤山河属东辽水系。河水流量一般均较小。火山群的南部有二龙湖水库，北部有新立城水库，中部有欢喜岭、三联、范家、伊丹等三十余座大、中、小型水库分布。另外，还可见一些泉水露头和水泡子。较大的泉水点为：西尖山泉、东小山和靠山泉等。,8:00-17:00,https://img1.qunarzz.com/travel/poi/1608/b5/96e3aada501ae37.jpg_480x360x95_e2f9f898.jpg,4.2,建议游览时间：2小时,,具体收费情况以现场公示为主,,2
二郎山庄,http://travel.qunar.com/p-oi711486-erlangshanzhuang,"

地址:
四平市铁东区山门镇内

",二郎山庄位于吉林省四平市山门镇境内，建在海拔二百九十三米号称长白第一山上，占地面积15万平方米。风景区内自然景观绚丽多彩、景色宜人，内容丰富，是集自然风光，宗教信仰，历史故事，古老传说为一体。每逢农历四月初用八、十八、二十八庙会之日，热闹非凡。　　二郎山庄是吉林省省级重点旅游风景名胜区，景区由众多景观构成。踏上登山的台阶，迎面是高大的石楼牌坊，牌楼匾额上是溥杰先生题写的“二郎山庄”四个大字。山上150米的仿古长廊由“平二郎山庄步亭”、“佛犬亭”、“鸳...二郎山庄位于吉林省四平市山门镇境内，建在海拔二百九十三米号称长白第一山上，占地面积15万平方米。风景区内自然景观绚丽多彩、景色宜人，内容丰富，是集自然风光，宗教信仰，历史故事，古老传说为一体。每逢农历四月初用八、十八、二十八庙会之日，热闹非凡。　　二郎山庄是吉林省省级重点旅游风景名胜区，景区由众多景观构成。踏上登山的台阶，迎面是高大的石楼牌坊，牌楼匾额上是溥杰先生题写的“二郎山庄”四个大字。山上150米的仿古长廊由“平二郎山庄步亭”、“佛犬亭”、“鸳鸯亭”和“垂花门”相连延续。神台上是手执“赶山鞭”，带着“笑天犬”的杨二郎白玉神像。景区内还有二郎神宫、青云寺、财神堂、观音堂、历代帝王宫、美女荟萃宫、十八层地狱等景点。　　景区内有二郎神宫、青云寺、财神堂、观音堂、历代帝王宫、美女荟萃宫、十八层地狱等景点。还有山庄小街、游乐园歌舞厅，为广大游人提供了一处访古览胜、休闲娱乐的好场所。　　二郎山庄位于吉林省四平市山门镇境内，山高势险，景色壮观。建于1992年5月，占地面积15万平方米，总投资510万元。现已开发9处景点，是吉林省重点旅游风景区之一。年接待游客10余万人次，收入50余万元。　　景区融人文景观与自然景观于一体。有宗教活动场所：青云寺、观音堂、财神堂；有古老的神话传说：二郎神宫、西游记宫；有历史故事：美女名人宫、帝王会萃宫；丰都鬼城、十八层地狱，寓教于乐登二郎山庄，看青松翠柏、紫阁红楼，鲜花遍地，如同仙境；进二郎神宫，看活佛悠闲自在，知山门众传说由来，明孝道之因果； 游“十八层地狱”，观阴朝地府惩治恶人场面，断阳间善恶之念；访青云寺，吃斋念佛，解你世间怨恨，度你平安人生；览美女名人宫，享蔽月羞花、沉鱼落雁之美色；到西游记宫，悟取经之艰难，增加你对事业成功的信心和勇气。 二郎山庄是各位游人和善男信女的好去处。,全年。夏天早6:00至晚18:00;冬天早8:00至晚16:00,,--,,,25元，庙会门票6元,,2
大孤山旅游风景区,http://travel.qunar.com/p-oi722639-dagushanlu:youfengjing,"

地址:
吉林省四平市伊通县城西南14公里

",大孤山旅游风景区为国家AA级旅游风景区，位于县城西南14公里。大孤山以独特的火山地貌景观为核心，集观光游览、科研考察、休闲度假、娱乐为一体综合性景区。　　大孤山为伊通火山群之首，是最高大的一座。满语名为“阿勒坦额墨勒”，意为金色的马鞍子。山有四峰，姿态各异，远在数十里外即可望见。山上绿树成荫，山谷绿荫如毯，风景怡人。　　大孤山主要景观有塔林峰，山峰叠簇，峥嵘毕露，置身其间，犹如到了广西漓江，云南路南。又有金龟望日，其西南峰从西侧看，就像一只大龟昂头...大孤山旅游风景区为国家AA级旅游风景区，位于县城西南14公里。大孤山以独特的火山地貌景观为核心，集观光游览、科研考察、休闲度假、娱乐为一体综合性景区。　　大孤山为伊通火山群之首，是最高大的一座。满语名为“阿勒坦额墨勒”，意为金色的马鞍子。山有四峰，姿态各异，远在数十里外即可望见。山上绿树成荫，山谷绿荫如毯，风景怡人。　　大孤山主要景观有塔林峰，山峰叠簇，峥嵘毕露，置身其间，犹如到了广西漓江，云南路南。又有金龟望日，其西南峰从西侧看，就像一只大龟昂头向天。景区内有青云寺、鹿鸣苑、北方少数民族村落、植物园等景点。,8：00-18：00,,--,,,20元/人,,2
叶赫风景名胜区,http://travel.qunar.com/p-oi704221-yehefengjingmingsheng,,叶赫风景名胜区位于吉辽两省结合部，吉林省梨树县东南部――叶赫满族镇内，是连接开发区内山门、二龙湖风景区旅游线的纽带。总面积 68 平方公里，集满族历史文化特色与自然山水风光于一体，风格独特，是我国北方少有的旅游胜地。叶赫，是满族的重要发祥地之一。在十四世纪，原居松花江北岸的 “ 女真 ” 头人祝孔革率部族南迁至此， 1573 年，祝孔革的两个孙子在叶赫河边选择险要之地建城堡两座（史称叶赫东西二城），兄居西城，弟守东城，都称贝 勒（首领），称雄 “ 女真 ” ，拓...叶赫风景名胜区位于吉辽两省结合部，吉林省梨树县东南部――叶赫满族镇内，是连接开发区内山门、二龙湖风景区旅游线的纽带。总面积 68 平方公里，集满族历史文化特色与自然山水风光于一体，风格独特，是我国北方少有的旅游胜地。叶赫，是满族的重要发祥地之一。在十四世纪，原居松花江北岸的 “ 女真 ” 头人祝孔革率部族南迁至此， 1573 年，祝孔革的两个孙子在叶赫河边选择险要之地建城堡两座（史称叶赫东西二城），兄居西城，弟守东城，都称贝 勒（首领），称雄 “ 女真 ” ，拓疆守土，威名远赫， 在满族发展史上占有重要地位。叶赫，地位山区，属长白山余脉大黑山系，景区内群山环抱，岗峦起伏，苍松翠柏，绿柳成荫，是国家级 “ 天然森林公园 ” 之一。景区内，逢春，杨柳吐绿，山花竞放，百鸟鸣唱，春光格外明媚；入夏，青山林木郁郁，阔叶葱葱，山泉流畅，碧水潺潺，恰如世外桃园；金秋，天高气爽，田野稻谷飘香，果挂枝头，层林尽染，五光十色，山水更为绚丽；寒冬，银装素裹，白雪皑皑，北国风光独具特色。转山湖景区风光秀丽，湖面 5000 亩水域碧波荡漾，湖水呈 “S” 型贮存湖区，轻舟溯水，过花岩，穿山峡，绕城山一派仙境， “ 二龟锁湖 ” 、 “ 龟驼城 ” 等大自然奇观更为引人入胜，人称为 “ 风水宝地 ”。,,,--,,,,,2
迹露向往的花园野奢营地,http://travel.qunar.com/p-oi40015274-jiluxiangwangdehuayuan,,迹露·向往的花园野奢营地，位于吉林省长春市公主岭大岭镇，是迹露露营品牌下的连锁营地，露营地占地1万3千亩，营地配套露营休闲区，天幕餐饮区，拍照打卡区，自助KTV舞台区，酒水区，互动活动区。露营休闲区提供所有设备均为专业级别以上的露营装备及氛围感美陈，拎包入营也能感受自然间的呼吸。天幕餐饮区配备精致BBQ套餐，围炉煮茶套餐及下午茶套餐，满足您多样的餐饮需求。BBQ套餐包含原切牛排，意大利面及清真烤串，食材品质高，质量好，味道如一。互动活动区在不同时间组织飞盘、泡泡秀、橄榄球、露天电影、手工活动、射箭等互动活动，让您在享受一站式露营的同时，还能享受露营活动的别样乐趣。露营地眼前视野开阔，蓝天白云下风景如画，为您在繁忙的都市生活中留下一片心灵栖息之地。自助KTV舞台区，周末有专业歌手举办小型夜光音乐会，经典歌曲让你仿佛置身演唱会现场，平日为客人自助演唱，欢迎您来一展歌喉！几首过后，露天电影的播放让这个夜晚更具氛围。拍照打卡区，由专业设计师策划布置，十余个打卡点，随手一拍既是大片。营地承接朋友聚会、生日派对、家庭聚餐、单位团建，主题派对、品牌发布、婚礼场地等业务。优质的服务、精心的活动设计、悠闲放松的露营方式，成为许多家庭、企业，朋友们再次光临的优质露营地。,,,--,,,,,2
高家屯,http://travel.qunar.com/p-oi39420990-gaojiatun,,,,,0.0,,,,,2
双辽市商业街,http://travel.qunar.com/p-oi39319134-shuangliaoshishangyejie,,,,,0.0,,,,,2
神仙洞,http://travel.qunar.com/p-oi39160299-shenxiandong,,,,,4.0,,,,,2
坤圣园生态农业园,http://travel.qunar.com/p-oi38800822-kunshengyuanshengtainong,,"吉林省坤圣园农业生态园主要经营蔬菜种植、食用菌种植、水果种植、果树种植、农作物种植,养殖，生物科技开发、技术转让，技术咨询;预包装食品的生产、销售;农产品的深加工、生产、销售;农产
品的仓储冷藏冷冻保鲜配送电子商务物流分:场地租:生物科技研发中草研发教音农业研学:开展少年社会实教音 中小学生研学实战教音
传统文化教育、青少年科普教育活动。
",,,0.0,,,,,2
伊通公园,http://travel.qunar.com/p-oi38341146-yitonggongyuan,,,,,--,,,具体收费情况以现场公示为主,,2
七星湖公园,http://travel.qunar.com/p-oi38337646-qixinghugongyuan,,,,,0.0,,,具体收费情况以现场公示为主,,3
英雄广场,http://travel.qunar.com/p-oi38336836-yingxiongguangchang,,,,,--,,,具体收费情况以现场公示为主,,3
南湖公园,http://travel.qunar.com/p-oi38336461-nanhugongyuan,,,,,0.0,,,具体收费情况以现场公示为主,,3
天鹅湖,http://travel.qunar.com/p-oi38335727-tianehu,,,,,--,,,具体收费情况以现场公示为主,,3
双青湖旅游度假风景区,http://travel.qunar.com/p-oi37806118-shuangqinghulu:youdujia,,,,,0.0,,,具体收费情况以现场公示为主,,3
二郎山庄,http://travel.qunar.com/p-oi37680306-erlangshanzhuang,,二郎山庄位于吉林省四平市山门镇境内，建在海拔二百九十三米号称长白第一山上，占地面积15万平方米。风景区内自然景观绚丽多彩、景色宜人，内容丰富，是集自然风光，宗教信仰，历史故事，古老传说为一体。每逢农历四月初用八、十八、二十八庙会之日，热闹非凡。　　二郎山庄是吉林省省级重点旅游风景名胜区，景区由众多景观构成。踏上登山的台阶，迎面是高大的石楼牌坊，牌楼匾额上是溥杰先生题写的“二郎山庄”四个大字。山上150米的仿古长廊由“平二郎山庄步亭”、“佛犬亭”、“鸳...二郎山庄位于吉林省四平市山门镇境内，建在海拔二百九十三米号称长白第一山上，占地面积15万平方米。风景区内自然景观绚丽多彩、景色宜人，内容丰富，是集自然风光，宗教信仰，历史故事，古老传说为一体。每逢农历四月初用八、十八、二十八庙会之日，热闹非凡。　　二郎山庄是吉林省省级重点旅游风景名胜区，景区由众多景观构成。踏上登山的台阶，迎面是高大的石楼牌坊，牌楼匾额上是溥杰先生题写的“二郎山庄”四个大字。山上150米的仿古长廊由“平二郎山庄步亭”、“佛犬亭”、“鸳鸯亭”和“垂花门”相连延续。神台上是手执“赶山鞭”，带着“笑天犬”的杨二郎白玉神像。景区内还有二郎神宫、青云寺、财神堂、观音堂、历代帝王宫、美女荟萃宫、十八层地狱等景点。　　景区内有二郎神宫、青云寺、财神堂、观音堂、历代帝王宫、美女荟萃宫、十八层地狱等景点。还有山庄小街、游乐园歌舞厅，为广大游人提供了一处访古览胜、休闲娱乐的好场所。　　二郎山庄位于吉林省四平市山门镇境内，山高势险，景色壮观。建于1992年5月，占地面积15万方米，总投资510万元。现已开发9处景点，是吉林省重点旅游风景区之一。年接待游客10余万人次，收入50余万元。　　景区融人文景观与自然景观于一体。有宗教活动场所：青云寺、观音堂、财神堂；有古老的神话传说：二郎神宫、西游记宫；有历史故事：美女名人宫、帝王会萃宫；丰都鬼城、十八层地狱，寓教于乐登二郎山庄，看青松翠柏、紫阁红楼，鲜花遍地，如同仙境；进二郎神宫，看活佛悠闲自在，知山门众传说由来，明孝道之因果；游“十八层地狱”，观阴朝地府惩治恶人场面，断阳间善恶之念；访青云寺，吃斋念佛，解你世间怨恨，度你平安人生；览美女名人宫，享蔽月羞花、沉鱼落雁之美色；到西游记宫，悟取经之艰难，增加你对事业成功的信心和勇气。二郎山庄是各位游人和善男信女的好去处\r,,,--,,,具体收费情况以现场公示为主,,3
万科向日葵小镇萌宠乐园,http://travel.qunar.com/p-oi36878232-wankexiangrikuixiaozhen,"

地址:
长春市公主岭市范家屯镇硅谷副街与阜育西路交汇处

",万科向日葵小镇萌宠乐园位于向日葵小镇内，萌宠种类包括羊驼 、小矮马、小香猪、荷兰猪、孔雀、宠物狗、绵羊、长耳兔、鸳鸯、大鹅、白鸽、可达鸭、宠物猫等百余只动物。小镇分为东郡和西郡，东郡包括：萌宠乐园、彩虹滑道、阅书房&山丘书局、金色花田、向日葵公园、魔幻花塔、美奂教堂、青怡坊山丘草堂、帐篷营地、花海营地、向日葵花海、清韵花溪、麓舍、小镇食堂。西郡包括：迪卡侬体验中心、东北虎篮球社区中心、和风乒乓球场、童话爬网、童话树屋、和风羽毛球场、足球先生竞技场、室外篮球场。,5/1-10/7 09:00-18:00,,4.7,建议游览时间：2小时 - 3小时,,19元,,3
响铃公园,http://travel.qunar.com/p-oi36408319-xianglinggongyuan,,,,,0.0,,,具体收费情况以现场公示为主,,3
双辽市郑家屯博物馆,http://travel.qunar.com/p-oi36258255-shuangliaoshizhengjia,,,,,,,,,,3
二龙湖玫瑰山Erlong Lake Rose Mountain,http://travel.qunar.com/p-oi36036298-erlonghumeiguishan,,二龙湖玫瑰山坐落于公主岭市龙山乡风光秀美的二龙湖畔，西依东辽河，南傍二龙湖，东邻伊通县靠山镇，北接二十家子满族镇，其优越的地理位置更适合玫瑰花的生长，玫瑰山致力于打造东北地区以玫瑰花为主题的花海景区。景区建有花海观景台、心花路放草坪、同心桥、许愿廊、罗马亭、荷兰风车、网红大秋千，音乐广场等景点，背山面湖，视野开阔，清风拂面，令人心旷神怡，还有生态停车场、游客接待中心、产品售卖区、帐篷露营区、自助烧烤区、玫瑰山生态餐厅、射箭场、生态环保的集装箱公寓，以及独具风味的特色生态餐饮， 是吃住玩游购娱一体化的旅游度假区。,,,5.0,建议游览时间：2小时 - 3小时,,具体收费情况以现场公示为主,,3
后十二马架Houshi’ermajia Village,http://travel.qunar.com/p-oi35678706-houshiermajia,,,,,--,,,具体收费情况以现场公示为主,,4
于家粉坊,http://travel.qunar.com/p-oi35678339-yujiafenfang,,,,,--,,,具体收费情况以现场公示为主,,4
北赵先屯Beizhaoxian Village,http://travel.qunar.com/p-oi35678224-beizhaoxiantun,,,,,--,,,具体收费情况以现场公示为主,,4
三门莫家Sanmen Mojia Village,http://travel.qunar.com/p-oi35560034-sanmenmojia,,,,,--,,,具体收费情况以现场公示为主,,4
玻璃城子村Bolichengzi Village,http://travel.qunar.com/p-oi35559098-bolichengzicun,,,,,--,,,具体收费情况以现场公示为主,,4
前田家庙Qiantianjia Temple,http://travel.qunar.com/p-oi35474297-qiantianjiamiao,,,,,0.0,,,具体收费情况以现场公示为主,,4
稻谷屯Daogutun Village,http://travel.qunar.com/p-oi35474278-daogutun,,,,,--,,,具体收费情况以现场公示为主,,4
双辽农场三分场,http://travel.qunar.com/p-oi35473963-shuangliaonongchangsan,,,,,--,,,具体收费情况以现场公示为主,,4
县太平池苗圃,http://travel.qunar.com/p-oi35306066-xiantaipingchimiaopu,,,,,--,,,具体收费情况以现场公示为主,,4
新北方巴厘岛水上乐园温泉渡假村Sipinglishu Beifang Balidao Xi Shui Amusement Park,http://travel.qunar.com/p-oi35216666-xinbeifangbalidaoshui,"

地址:
吉林省四平市梨树县霍家店经济园区


电话:
0434-3057777

",新北方巴厘岛水上乐园温泉渡假村斥资1.5亿，历时一年的时间修建，共占地三万平方米，其中泳区占地六千平。景区采用美国约克中央空调系统保证室内达到三亚夏天般的室内温度。馆内所有绿色植被以及沙滩，均为三亚空运到港，以保证场景的真实度。景区内设有超大的儿童戏水区。全天不间断的舞台节目超大LED背景屏幕，配合全套的爱浪音响系统营造一个时尚快乐的海洋氛围。在海洋馆内您可以累了坐下喝杯咖啡或红酒，饿了吃个汉堡或薯条，享受悦耳音乐中的海洋世界。巴厘岛内，分楼层还设立了，超市、汗蒸馆、休息大厅、儿童乐园、健身瑜伽、5D电影。为了方便团体以及各单位团体客人就餐，巴厘岛内有直接的通道可以到达与之相邻的绿色主题生态餐厅，餐厅占地3000平方米同时可容纳1000人就餐。餐厅内热带植物林立，让您尽情享受在鸟语林中就餐的乐趣。,全年 09:00-21:00,,2.8,建议游览时间：12小时 - 3天,,,,4
转山湖水库Zhuanshan Lake Reservoir,http://travel.qunar.com/p-oi27338713-zhuanshanhushuiku,,,,,--,,,具体收费情况以现场公示为主,,5
沈阳铁路局公主岭林场,http://travel.qunar.com/p-oi26963597-shenyangtielujugongzhu,"

地址:
四平市-公主岭市-育文路49号附近

",,00:00-24:00,,--,,,,,5
公主岭市苗圃,http://travel.qunar.com/p-oi26959149-gongzhulingshimiaopu,,,,,--,,,,,5
马鞍山林场,http://travel.qunar.com/p-oi26645149-maanshanlinchang,,,,,--,,,,,5
北三经街南三经街步行街BeiSanJing Jie NanSanJing Jie BuXingJie,http://travel.qunar.com/p-oi24441732-beisanjingjienansanjing,,,,,--,,,具体收费情况以现场公示为主,,5
茂林商业街MaoLin ShangYeJie,http://travel.qunar.com/p-oi24441729-maolinshangyejie,,,,https://tr-osdcp.qunarzz.com/tr-osd-tr-manager/img/7cef64fa7fc14d10391fab4ef6ffb9a3.jpg_480x360x95_135b567e.jpg,--,,,具体收费情况以现场公示为主,,5
佳鑫商业街JiaXin ShangYe Jie,http://travel.qunar.com/p-oi24437740-jiaxinshangyejie,,,,,--,,,具体收费情况以现场公示为主,,5
伊通满族自治县民俗馆YiTong ManZu ZiZhiXian MinSuGuan,http://travel.qunar.com/p-oi24437404-yitongmanzuzizhixianmin,,,,,--,,,具体收费情况以现场公示为主,,5
四平抗日烈士纪念碑Anti-Japanese Martyrs Monument of Siping,http://travel.qunar.com/p-oi24409787-sipingkangrilieshijinian,,,,,--,,,具体收费情况以现场公示为主,,5
四平烈士纪念塔Siping Martyrs Monument,http://travel.qunar.com/p-oi24409781-sipinglieshijinianta,"

地址:
铁西区境内

",四平烈士纪念塔位于四平市，为纪念在战斗中英勇殉国的将士而建立。纪念塔整体建筑由塔、牌坊和塔园三部分组成，塔座上有八面体塔室，塔顶镶嵌着一颗闪闪发光的五角红星。塔园内青松环绕，花草繁茂。,全年 全天开放,https://tr-osdcp.qunarzz.com/tr-osd-tr-manager/img/43e29b746be13ab384f2e322587273be.jpg_480x360x95_cc2636d8.jpg,4.9,建议游览时间：0.5小时 - 2小时,,具体收费情况以现场公示为主,,5
伽蓝寺Jialan Temple,http://travel.qunar.com/p-oi24409775-jialansi,"

地址:
吉林省梨树县叶赫镇

",,全年 全天开放,,--,,,具体收费情况以现场公示为主,,6
向阳寺Xiangyang Temple,http://travel.qunar.com/p-oi24409562-xiangyangsi,"

地址:
辽宁省西丰县西丰镇向阳街

",,全年 全天开放,,--,,,具体收费情况以现场公示为主,,6
二十家子旅游度假区Ershijiazi Tourism Holiday Resort,http://travel.qunar.com/p-oi24407524-ershijiazilu:youdujia,"

地址:
长春市公主岭市

",,全年 全天开放,,--,,,具体收费情况以现场公示为主,,6
偏脸城遗址Pianliancheng Ruins,http://travel.qunar.com/p-oi23344652-pianlianchengyizhi,,从四平市梨树县城向北望去，天边有一道山岗，东西走向，绵延十余公里。在城北田间穿行三四公里。过招苏太河，一座古城遗址即在目前。古城顺山坡横下，四面高墙清晰可辨。全城地势不平，西北高而东南低，方向东斜，有如偏歪的人面。故人称偏脸城。偏脸城的城墙为土墙，东墙与西墙，南墙与北墙，大体平行。每面长约千米，宽一米，高五六米左右。四墙有门，门外有瓮城，南北门与东西门，皆成对应。城墙四角，都有突出墙外，高于墙顶的圆形高台。这是角楼，站在上面可以嘹望全城。西墙与北...从四平市梨树县城向北望去，天边有一道山岗，东西走向，绵延十余公里。在城北田间穿行三四公里。过招苏太河，一座古城遗址即在目前。古城顺山坡横下，四面高墙清晰可辨。全城地势不平，西北高而东南低，方向东斜，有如偏歪的人面。故人称偏脸城。偏脸城的城墙为土墙，东墙与西墙，南墙与北墙，大体平行。每面长约千米，宽一米，高五六米左右。四墙有门，门外有瓮城，南北门与东西门，皆成对应。城墙四角，都有突出墙外，高于墙顶的圆形高台。这是角楼，站在上面可以嘹望全城。西墙与北墙外，都有护城壕遗址。偏脸古城在辽金时代叫九百奚营，归临津县管辖。统归于韩州统邻。因九百奚营地处交通要道，为南北往来的必经之地。故在辽金时代，九百奚营是相当重要的城镇。在此，曾幽囚过大宋的两朝君主：徽宗，钦宗两年之久。在历史上留下重要一笔。,,,--,,,具体收费情况以现场公示为主,,6
吉林师范大学Jilin Normal University,http://travel.qunar.com/p-oi23343941-jilinshifandaxue,,,,https://tr-osdcp.qunarzz.com/tr-osd-tr-manager/img/76b95d37deab6bbf6c83ea419a2c9126.jpg_480x360x95_c5aec648.jpg,4.3,,,,,6
人民英雄纪念碑Renminyingxiong Monument,http://travel.qunar.com/p-oi23343426-renminyingxiongjinian,,,,,--,,,具体收费情况以现场公示为主,,6
天桥山Tianqiao Mountain,http://travel.qunar.com/p-oi20949520-tianqiaoshan,,,,,--,建议游览时间：2小时 - 3小时,,,,6
"叶赫古城-财神殿God of Fortune Temple, Yehe Ancient City",http://travel.qunar.com/p-oi19978671-yehegucheng_caishendian,,,,,--,,,具体收费情况以现场公示为主,,6
海丰广场Haifeng Square,http://travel.qunar.com/p-oi19977894-haifengguangchang,,,,https://tr-osdcp.qunarzz.com/tr-osd-tr-manager/img/12ef410f206c829b63f23151554afd30.jpg_480x360x95_691bc400.jpg,--,,,具体收费情况以现场公示为主,,6
解放广场Jiefang Square,http://travel.qunar.com/p-oi19976777-jiefangguangchang,,,,,--,,,具体收费情况以现场公示为主,,6
胜利广场Victory Square,http://travel.qunar.com/p-oi19976520-shengliguangchang,,,,https://tr-osdcp.qunarzz.com/tr-osd-tr-manager/img/a1ea2b9e43168c04fd720a66b4959c01.jpg_480x360x95_c1ff9820.jpg,--,,,具体收费情况以现场公示为主,,7
朝阳坡教会Chaoyangpo Church,http://travel.qunar.com/p-oi19971834-chaoyangpojiaohui,,,,,--,,,,,7
河南广场Henan Square,http://travel.qunar.com/p-oi19970870-henanguangchang,,,,,--,,,具体收费情况以现场公示为主,,7
中宫格五天练字,http://travel.qunar.com/p-oi19968928-zhonggonggewutianlian,,,,,4.0,,,具体收费情况以现场公示为主,,7
公主岭市法治文化广场Gongzhulingshi Fazhi Culture Square,http://travel.qunar.com/p-oi19968840-gongzhulingshifazhiwen,,,,https://tr-osdcp.qunarzz.com/tr-osd-tr-manager/img/af17ca1d10f8ee3cc19332f5f3bd2d4a.jpg_480x360x95_c436caeb.jpg,--,,,具体收费情况以现场公示为主,,7
安全文化广场Anquan Culture Square,http://travel.qunar.com/p-oi19968624-anquanwenhuaguangchang,,,,,--,,,,,7
梦沙龙音乐广场Mengshalong Yinyue Square,http://travel.qunar.com/p-oi19968621-mengshalongyinleguang,,,,,--,,,具体收费情况以现场公示为主,,7
四平市紫昕广场Sipingshi Zixin Square,http://travel.qunar.com/p-oi19968599-sipingshizixinguangchang,,,,,4.7,,,具体收费情况以现场公示为主,,7
叶赫镇鑫水韵生态园Yehezhen Xin Shuiyun Ecological Park,http://travel.qunar.com/p-oi19968578-yehezhenxinshuiyunsheng,,,,,--,,,具体收费情况以现场公示为主,,7
宝德寺Baode Temple,http://travel.qunar.com/p-oi19968181-baodesi,,宝德寺寺院幽静，建筑雄伟气魄，香火绵延，是朝圣拜佛的好地方。,,,4.5,建议游览时间：2小时,,,,7
茂林烈士陵园Maolin Martyrs Cemetery,http://travel.qunar.com/p-oi19968168-maolinlieshilingyuan,,,,,--,,,具体收费情况以现场公示为主,,8
天主教堂Tianzhu Church,http://travel.qunar.com/p-oi19968154-tianzhujiaotang,,,,,--,,,具体收费情况以现场公示为主,,8
西桥基督教会Xiqiao Christ Church,http://travel.qunar.com/p-oi19968150-xiqiaojidujiaohui,,,,,--,,,具体收费情况以现场公示为主,,8
普化禅寺Puhuachan Temple,http://travel.qunar.com/p-oi19968149-puhuashansi,,,,,5.0,,,具体收费情况以现场公示为主,,8
伊通县南山保雍寺Yitongxian Nan Shan Baoyong Temple,http://travel.qunar.com/p-oi19968145-yitongxiannanshanbaoyong,,伊通县南山保雍寺位于吉林省四平市伊通满族自治县，相传此寺为康熙所建，历史悠久。寺院占地面积高达一万多平米，包含大雄宝殿、弥勒佛殿、藏经阁等几个部分。寺院幽静，香雾缭绕，庄严肃穆。,,https://tr-osdcp.qunarzz.com/tr-osd-tr-manager/img/ce11341025440ca3a0fcbbee7a9044b0.jpg_480x360x95_4f1bebea.jpg,0.0,建议游览时间：1小时 - 2小时,,具体收费情况以现场公示为主,,8
报国普乐寺Baoguopule Temple,http://travel.qunar.com/p-oi19968144-baoguopulesi,,,,,--,,,具体收费情况以现场公示为主,,8
睿鹏红色文化主题教育博物馆聚落Ruipeng Red Culture Theme Education Museum Cluster,http://travel.qunar.com/p-oi19968143-ruipenghongsewenhuazhu,,,,,0.0,,,具体收费情况以现场公示为主,,8
公主岭市岭东基督教堂Gongzhulingshi Lingdong Christ Church,http://travel.qunar.com/p-oi19968134-gongzhulingshilingdong,,,,,--,,,具体收费情况以现场公示为主,,8
公主岭市博物馆Gongzhulingshi Museum,http://travel.qunar.com/p-oi19968132-gongzhulingshibowuguan,,该博物馆曾是市文物管理所，为更好的宣传、保护和展览境内出土的历史文物，经上级部门批准，于2007年9月正式成立了博物馆。  ,,https://tr-osdcp.qunarzz.com/tr-osd-tr-manager/img/0f006a3d39b169b670a505b2e3be202e.jpg_480x360x95_0466e2b8.jpg,4.9,建议游览时间：2小时 - 3小时,,具体收费情况以现场公示为主,,8
铁东基督教会Sipingshi Tiedong Christ Church,http://travel.qunar.com/p-oi19968127-tiedongjidujiaohui,,,,,--,,,具体收费情况以现场公示为主,,8
基督教会Christ Church,http://travel.qunar.com/p-oi19967784-jidujiaohui,,,,,--,,,具体收费情况以现场公示为主,,9
绿色植物生态园Lvsezhiwu Ecological Park,http://travel.qunar.com/p-oi19967412-lu:sezhiwushengtaiyuan,,,,https://tr-osdcp.qunarzz.com/tr-osd-tr-manager/img/fe672e813a07e933f065dd2945216eeb.jpg_480x360x95_e702a79e.jpg,--,,,具体收费情况以现场公示为主,,9
香格里拉啤酒广场Xianggelila Pijiu Square,http://travel.qunar.com/p-oi19967401-xianggelilapijiuguang,,香格里拉啤酒广场位于四平市铁西区，这里是啤酒美食的聚集地，更是夏日消暑清凉的好去处。,,,5.0,建议游览时间：1小时 - 2小时,,,,9
四平市科技馆SiPingShi KeJiGuan,http://travel.qunar.com/p-oi19630465-sipingshikejiguan,,四平市科技馆有学术报告厅、展教厅、青少年科技活动厅，图书阅览室、科技培训教室、办公室等。,,,0.0,建议游览时间：1小时 - 2小时,,具体收费情况以现场公示为主,,9
四平市城市规划展览馆Sipingshi Chengshi Guihua Exhibition hall,http://travel.qunar.com/p-oi19559573-sipingshichengshiguihua,,四平市城市规划展览馆呈宝鼎状，造型别致，寓意“鼎盛四平，和谐四平”。展馆占地面积广，展厅众多，配备巨大展屏和现代化的展屏操作平台。展馆周边建有八柱亭、木制栈道、观景荷塘，是您周末休闲娱乐的好地方。,,https://tr-osdcp.qunarzz.com/tr-osd-tr-manager/img/c59273b55abee2642658ca674d448ca1.jpg_480x360x95_e03072e9.jpg,3.0,建议游览时间：1小时 - 2小时,,具体收费情况以现场公示为主,,9
金地售楼中心,http://travel.qunar.com/p-oi19547284-jindishoulouzhongxin,,,,,,,,,,9
吉林工程职业学院-图书馆Jilin Gongcheng Zhiye Xueyuan- Library,http://travel.qunar.com/p-oi19540762-jilingongchengzhiyexue,"

地址:
长发路吉林农业工程职业技术学院内

",,全年 09:00-21:00,,0.0,,,具体收费情况以现场公示为主,,9
四平市图书馆Siping Library,http://travel.qunar.com/p-oi19537313-sipingshitushuguan,,四平市图书馆是国家创办的综合性市级公共图书馆，是多功能的学术性质的服务机构，是全市藏书、目录、馆际协作与协调、图书馆学研究和业务培训的中心。同时，四平市图书馆也是全国文化信息共享工程市级分中心所在馆。,,,4.7,建议游览时间：1小时 - 2小时,,具体收费情况以现场公示为主,,9
国税图书馆,http://travel.qunar.com/p-oi19534098-guoshuitushuguan,,,,,--,,,,,9
根艺山奇馆,http://travel.qunar.com/p-oi19530837-genyishanqiguan,,,,,--,,,,,9
佳艺艺术馆,http://travel.qunar.com/p-oi19530782-jiayiyishuguan,,,,,--,,,,,10
东南生态新城植物园Dongnan Shengtai Xincheng Botanical Garden,http://travel.qunar.com/p-oi19527887-dongnanshengtaixincheng,,东南生态新城植物园内植物种类众多，在观赏到同时还可以看到巨大的摩天轮，还设有游玩区。是亲子同乐，休闲娱乐的好地方。,,https://tr-osdcp.qunarzz.com/tr-osd-tr-manager/img/c8c932aba33dfbc6f27e33875ac18fc9.jpg_480x360x95_9a6b7acc.jpg,4.0,建议游览时间：2小时 - 3小时,,具体收费情况以现场公示为主,,10
梨树县图书馆Library,http://travel.qunar.com/p-oi19517934-lishuxiantushuguan,"

地址:
四平市梨树县梨树南大路26-4号

",梨树县图书馆是集书刊借阅、科技信息服务、文献收藏、参考咨询服务为一体的公共文化服务机构，馆藏各类书刊资料七万余册。,春季、冬季 周一至周日 08:30-16:30 夏季、秋季 周一至周日 08:30-17:00,,--,建议游览时间：1小时 - 2小时,,具体收费情况以现场公示为主,,10
四平市朝鲜族艺术馆Siping Korean Ethnic Minority Art Gallery,http://travel.qunar.com/p-oi19516714-sipingshichaoxianzuyi,,,,,0.0,,,具体收费情况以现场公示为主,,10
老干部文化艺术中心,http://travel.qunar.com/p-oi19515153-laoganbuwenhuayishuzhong,,,,,--,,,,,10
名家画廊,http://travel.qunar.com/p-oi19508526-mingjiahualang,,,,,--,,,,,10
民俗博物馆Minsu Museum,http://travel.qunar.com/p-oi19508074-minsubowuguan,,,,,--,,,,,10
金童年幼儿园(福安街),http://travel.qunar.com/p-oi19505952-jintongnianyoueryuan,,,,,--,,,,,10
伊通火山博物馆Jilin Yitong Volcano Museum,http://travel.qunar.com/p-oi19475898-yitonghuoshanbowuguan,,,,,4.0,,,具体收费情况以现场公示为主,,10
郑家屯博物馆Zhengjiatun Museum,http://travel.qunar.com/p-oi19471159-zhengjiatunbowuguan,"

地址:
辽河大街1799号


电话:
0434-7223176

",郑家屯博物馆是吉林省第一家县级博物馆，原为奉系军阀吴俊升私宅，民间俗称“大帅府”，吉林省重点文物保护单位。位于双辽市辽河路中段，市中心。是展示中国清代官式建筑风格和双辽历史的综合性博物馆（原为奉系军阀二号人物吴俊升的行辕）。,全年 周二-周日 09:00-17:00,https://tr-osdcp.qunarzz.com/tr-osd-tr-manager/img/297959506d180a13328e5587f1d3213d.jpg_480x360x95_0633501a.jpg,4.3,建议游览时间：2小时,,具体收费情况以现场公示为主,,10
