名字,链接,地址,介绍,开放时间,图片链接,评分,建议游玩时间,建议季节,门票,小贴士,Page
乾陵Qinling Mausoleum,http://travel.qunar.com/p-oi705880-qianling,"

地址:
咸阳市乾县城北6公里梁山上


电话:
029-35510222,029-35510353

",乾陵，位于咸阳市乾县城北6公里的梁山上。乾陵修建于公元684年，经过23年的时间，工程才基本完工，陵区仿京师长安城建制，四面有城墙，南有朱雀门，北有玄武门，东有青龙门，西有白虎门，但如今陵园的地面建筑，已经基本荡然无存了。独一无二的夫妻皇帝合葬陵乾陵，是中国乃至世界上独一无二的一座两朝帝王、一对夫妻皇帝合葬陵，里面埋葬着唐高宗李治和他的妻子——中国唯一的女皇帝武则天。乾陵也是中国古代帝王陵墓中少数没有被盗掘的陵墓，乾陵至今也没有被挖掘过，所谓乾陵出土文物都来自乾陵的陪葬墓，如永泰公主墓、懿德太子墓等。乾陵景区面积较大，除了乾陵外，还有多个陪葬墓，分别埋葬着多位皇亲（太子与公主们）和大臣，目前挖掘的主要有章怀太子墓，懿德太子墓和永泰公主墓。乾陵博物馆就是建在永泰公主墓的遗址上，博物馆中展出的文物以唐三彩、彩绘俑和壁画等为主，其中《宫女图》是壁画中的精品。懿德太子墓旁也有文物陈列室，但规模不大，章怀太子墓的墓道中有精美的壁画，但基本都是复制品，真品保藏在陕西历史博物馆内。博物馆和陈列室都无需另外付费。游览景区方式游览乾陵景区可以全程步行，景区还提供了观光车（车费不包含在景区门票内，30元/人），观光车来往于乾陵与其余的三个陪葬墓之间。游客在景区大门售票处可以购买观光车的车票，持车票的游客，在景区内的各观光车站台可以多次上下车。售票处靠近乾陵，三个陪葬墓位于售票的南部，从乾陵到懿德太子墓步行约15分钟，从懿德太子墓到永泰公主墓步行也需要约15分钟，游客可以根据自身情况决定是否乘坐观光车。六十一蕃臣像，很赞乾陵虽然没有被发掘，但也是有很多看点。在朱雀门外的神道东西两侧，分布着两组石人群像，整齐恭敬地排列于陵前。西侧32尊，东侧29尊，共61尊。这些石人残像的大小和真人差不多，但都是没有头的石像（都被敲掉了），人们习惯上把这些石像称之为“蕃像”，也称“六十一蕃臣像”。这些与真人大小相仿的石人，穿着打扮各不相同，但他们都双双并立，两手前拱，姿态极为谦恭。至于为什么六十一尊石像都没有“头”，至今没有个准确的说法。著名的无字碑无字碑，也是乾陵的另一个看点。在朱雀门外的司马道东侧，耸立着闻名于世的“武则天无字碑”。在整个乾陵陵园的石雕中，无字碑不仅位置醒目，而且雕刻艺术精湛，这块无字碑后，充满了种种富于传奇色彩的传说故事。无字碑上为何无字，民间出现了三种说法。第一种说法认为，武则天立无字碑是用以夸耀自己，表示功高德大非文字所能表达；第二种说法认为，武则天立无字碑是因为自知罪孽重大，感到还是不写碑文为好。第三种说法认为，武则天是一个有自知之明的人，立无字碑是聪明之举，功过是非让后人去评论。此外，你也可以漫步在朱雀门内宽阔笔直的神道上，神道两边是巨大的石人、石马和石鸵鸟等石像，看着远方高耸的山峰，山峰的内部就是埋葬着唐高宗和武则天的合葬墓。此时此刻，距离那个辉煌的年代已经千年，一种浓厚的历史沧桑感油然而生。,3月1日-11月30日（旺季）8:00-18:00；12月1日-次年2月29日（淡季）8:30-17:30。,https://img1.qunarzz.com/travel/d5/1612/a4/1d74eaadf77bb8b5.jpg_480x360x95_e719bc6e.jpg,4.5,建议游览时间：2小时 - 3小时,,"{'乾陵门票成人票\n\n': ['¥50起'], '法门寺门票+乾陵门票成人票\n\n': ['¥148起'], '乾陵电子讲解（不含门票）服务大小同价\n\n': ['¥0.6起']}",,1
懿德太子墓Tomb of Prince Yide,http://travel.qunar.com/p-oi710109-yidetaizimu,"

地址:
咸阳市乾县东南隅的韩家堡北，乾陵东南2公里处


电话:
029-35510100

",懿德太子墓是唐高宗李治及武则天之孙，唐中宗李显和韦皇后长子李重润之墓。它是距乾陵较近的一座土陪葬墓，也是迄今为止所发掘唐代墓葬中规模大、规格高、属帝王级的陵墓。懿德太子李重润因与妹妹永泰公主、妹夫武延基窃议武则天晚年私生活，被“杖杀”于洛阳。公元705年，唐中宗李显即位，追封为皇太子，谥曰“懿德”。公元706年将其灵柩由洛阳迁至陕西“号墓为陵”，以帝王礼陪葬乾陵。墓道全长100.8米，宽3.9米。由墓道、六个过洞、七个天井、八个便房、前后甬道、前后墓室组成。墓内较为宝贵的是壁画。这些壁画内容丰富，色彩绚丽，生活气息浓郁，充分展现出盛唐的气势和环境，对研究唐代的历史和文化提供了很重要的实物资料，也向人们展示了唐朝画师高超的艺术造诣和将近一千三百年前中国已高度发展的绘画水平。,全年 8:00-18:00,https://img1.qunarzz.com/travel/poi/201408/12/f10aff3bfba049c9c8d65eac.jpg_480x360x95_1f4352cc.jpg,4.4,建议游览时间：1小时 - 2小时,,具体收费情况以现场公示为主,,1
乾陵黄土民俗村Qianling loess Folk Village,http://travel.qunar.com/p-oi705007-qianlinghuangtuminsucun,"

地址:
咸阳市乾陵镇乾陵脚下的西兰公路旁


电话:
029-35510223

",民俗村依地热修建一级大型窑洞民居群，每处窑洞既是民居，又是不同内容的民俗陈列室。里面的黄土“龙洞”蜿蜒曲折，犹如地下长廊，间隔有序地陈列着关中地区炎黄子孙繁衍生息、婚丧嫁娶、寿诞庆典、传统礼节、节令活动、文化娱乐、集市贸易、农耕狩猎和衣、食、住、行等民俗实物或塑像，并在“龙洞”长廊中设有地下餐厅，内容十分丰 富，集中展示了黄河流域关中地区的民俗文化和黄土风情。,周一至周日08:00-18:00,https://img1.qunarzz.com/travel/poi/201408/12/3fc9907dd09be978c8d65eac.jpg_480x360x95_8a591ed6.jpg,4.3,建议游览时间：1小时 - 3小时,,门票：25元，无优待政策。,,1
汉阳陵国家考古遗址公园Hanyang Mausoleum Museum,http://travel.qunar.com/p-oi713317-hanyanglingguojiakaogu,"

地址:
西安市咸阳国际机场专用公路东段


电话:
029-62657530,029-62657588,029-86031470


官网:
http://www.hylae.com/

",汉阳陵国家考古遗址公园位于西安市北部的咸阳市渭城区，是汉景帝刘启和皇后王氏同茔异穴的合葬陵园。汉景帝刘启（公元前188-141年）是西汉第四位皇帝。执政期间，他和亲匈奴，与民休息， 与其父汉文帝刘恒共同开创“文景之治”，为其子汉武帝刘彻开疆拓土奠定了雄厚的基础。汉阳陵目前开放的区域分为北区和南区，游客从位于北区的售票处购票入内。两区之间有观光车相连（车费包含在门票内），约20分钟一班，如果你步行往来，约需10分钟。进入景区后，首先看到的是一个高耸的封土堆，这就是汉景帝的陵墓，需要注意的是，景帝陵墓并没有被发掘（或许被盗过），在景区内参观的“地宫”（地下博物馆）并不是封土堆下的真正的地宫，而是周边的一些陪葬坑；在景区内看到的文物，也是从陪葬坑中发掘的。封土堆不对外开放，游客不能攀登。在陵园的北区设有地下博物馆（帝陵外藏坑遗址保护展示厅）和南阙门遗址保护展示厅，前者是参观的重点。地下博物馆使用玻璃幕墙和玻璃通道，将游客和文物完全分隔在两个不同的温湿度环境中。当你走入墓道进入博物馆后，会发现一个个陶俑和瓦罐就陈列在你的面前，你还可以低头向下望去，你的脚下是数以万计的文物，各种造型的陶俑，有士兵俑、歌舞俑、宫女俑、动物俑等，这些陶俑只有真人的1/3大小，还有当时的生活器皿、车撵马具等，加上四周的昏黄灯光，会产生一种不真实的穿越感。你在这里还能观看到滚动播放的“幻影成像”节目，节目中演绎了当年丰富多彩的宫廷生活，节目长约20分钟。距离地下博物馆不远处矗立着高大的“南阙门遗址”保护厅，这座保护厅内就是“阙门遗址”，这里有两千多年前的柱础石，黄土墙上保留着当时的楼梯、砖瓦。而保护厅本身是一座仿汉式阙门建筑，展示了汉代帝王才可享用的“三出阙”高台的雄伟高大。陵园的南区有考古陈列馆和宗庙遗址等景点。陈列馆中主要陈列了从陪葬坑、墓中发掘出土的文物。你能看到青铜兵器，如矛、剑、箭等，钱币、陶制罐、铜镜等生活用品。除此之外，最吸引的是大量的陶俑，有骑兵、武士、侍从等，最有特色的是一部分女性骑兵俑，其中有些女兵五官比较独特，颧骨突出，眼角上翘，有人认为这是汉朝军队中的少数民族女士兵。陈列馆以西是宗庙遗址，也就是“德阳宫”遗址，规模很大，但没有地面建筑，只能看到整理过的挖掘现场。,旺季（3月1日-11月30日）8:30-18:30，17:00停止入馆。淡季（12月1日-次年2月29日）8:30-18:00。,https://img1.qunarzz.com/travel/poi/1502/3e/8baa11b96434a7.jpg_480x360x95_31cff96a.jpg,4.5,建议游览时间：2小时 - 3小时,,"{'汉阳陵博物馆门票成人票\n\n': ['¥65起'], '汉阳陵博物馆门票学生票\n\n': ['¥35起'], '汉阳陵国家考古遗址公园手机智能语音讲解服务大小同价\n\n': ['¥1.9起']}",,1
永泰公主墓Tomb of Princess Yongtai,http://travel.qunar.com/p-oi710325-yongtaigongzhumu,"

地址:
咸阳市乾县城关镇乾陵东南2.5公里处


电话:
029-35510222,029-35510458

",永泰公主墓是乾陵十七座陪葬墓之一，位于乾陵东南2.5公里处。墓的主人李仙惠是唐高宗李治和武则天的孙女，唐中宗李显的第七个女儿。她死时年仅17岁，与丈夫武延基合葬在一起，陪葬乾陵。永泰公主墓是建国后陕西省发掘较大、保存较为完好的一座唐代女性陪葬墓。墓南北走向，由墓道、5个过洞、6个天井、8个便房、前后甬道、前后墓室组成。此墓虽然早年被盗，但仍出土各类珍贵文物高达一千多件，尤其是墓室壁画，内容丰富，生活气息浓厚。,全年 08:00-18:00,https://img1.qunarzz.com/travel/d2/1508/d0/fc9804299a964c.jpg_480x360x95_01fc469e.jpg,4.6,建议游览时间：1小时,,包含于乾陵景区内，通用乾陵景区门票。,,1
茂陵Maoling,http://travel.qunar.com/p-oi714919-maoling,"

地址:
咸阳市兴平市茂陵博物馆


电话:
029-38456140


官网:
http://www.maoling.com/

",茂陵，是西汉时期的汉武帝刘彻的陵墓，公元前139年-前87年历时53年建成，是西汉帝陵中规模最大、修建时间最长、陪葬品最多的一座。陵体高大宏伟，形为方锥，有“东方金字塔”之称。至今东、西、北三面的土阙犹存，茂陵周边有李夫人、卫青、霍去病、霍光、金日磾等陪葬墓20多座，星罗棋布，蔚为壮观。茂陵在历史上曾经多次被盗，如今在这里出土的文物多是来自陵园中各个陪葬墓。当年的陵园分为内、外两城，四周环以围墙（如今早已不存在了）。茂陵的四周遍布嫔妃、宫女、功臣贵戚的陪葬墓。在这一带发现有众多的文物，如精美的青玉兽面纹铺首、错金银的云纹钢犀尊，以及朱雀纹、龙纹、几何纹等大型的空心砖和文字瓦当。1981年在茂陵东陪葬墓中发掘出鎏金铜马、鎏金鎏银竹节熏炉、提链铜暖炉等珍贵文物。如今，游客在茂陵的博物馆中都能观赏到这些文物。在博物馆中还能观赏到国宝级的石刻，尤其是其中“马踏匈奴”和“跃马”最为珍贵。“马踏匈奴”像，马昂首威然，四蹄稳稳踩在一个匈奴人身上；匈奴人长怒目圆睁，手握弓弩，垂死挣扎。“跃马”，马的后身伏地，前向上伸展，马颈下的石料并没有精细的凿去，整体的石块，更加承托出跃马灵动之美。,全年 08:00-18:00,https://img1.qunarzz.com/travel/d4/1508/eb/f3f4b723c0247b.jpg_480x360x95_8eb93459.jpg,4.3,建议游览时间：2小时 - 3小时,,"{'茂陵门票成人票\n\n': ['¥37起'], '茂陵博物馆电子讲解票大小同价\n\n': ['¥0.7起'], '茂陵博物馆人工讲解服务大小同价\n\n': ['¥800起']}",1、文物是国家的宝贵财富。保护文物，人人有责。石刻国宝禁止抚摸涂写、拓印、攀登，展室文物谢绝担照。2、游览区内请勿随地吐痰，乱扔果皮、纸屑、异物等。大人要看管好自己的小孩，不得任其随地便溺。3、为了您和他人的健康，请勿在无烟游览区内吸烟，需吸烟时请进入馆内西苑吸烟区。4、爱护花草树木，请勿进入花园内摄影，更不允许在翠竹、树林和建筑物上刻字留言。5、严禁携带易燃易爆、剧毒物品入馆。6、为了保证参观效果，使您和他人得到满意的收获，游览区内请勿大声喧哗，弹秦乐器或进行各种球类活动。,1
无字碑,http://travel.qunar.com/p-oi717663-wuzibei,"
",自秦汉以来，帝王将相无不希望死后能树碑立传，中国历史上唯一一个女皇帝的石碑却没有刻一个字。无字碑上为何无字，民间出现了三种说法。第一种说法认为，武则天立无字碑是用以夸耀自己，表示功高德大非文字所能表达。第二种说法认为，武则天立无字碑是因为自知罪孽重大，感到还是不写碑文为好。第三种说法认为，武则天是一个有自知之明的人，立无字碑是聪明之举，功过是非让后人去评论，这是最好的办法。,"3月至11月：8:00~18:00
 12月至2月：9:00~17:00",https://img1.qunarzz.com/travel/poi/201408/12/a3c39c647e0ef8ecc8d65eac.jpg_480x360x95_cdbd34b0.jpg,5.0,,除了较寒冷的冬季外，其它时间都比较适合旅游。,"包含在乾陵门票中
 淡季票价 全票:82元 半票:42元
 旺季票价 全票:122元 半票:62元
",,1
咸阳博物馆Xianyang Museum,http://travel.qunar.com/p-oi706896-xianyangbowuguan,"

地址:
咸阳市渭城区中山街53号


电话:
029-33213015,029-33231998,0910-3213015

",,全年 08:00-18:00,https://img1.qunarzz.com/travel/d6/1505/b8/240a39f489c46.jpg_480x360x95_35c63628.jpg,4.6,建议游览时间：1小时 - 2小时,,免费开放,,1
霍去病墓Tomb of Huo Qubing,http://travel.qunar.com/p-oi712454-huoqubingmu,"

地址:
咸阳市兴平市茂陵茂陵博物馆内


电话:
029-38456140

",霍去病墓位于兴平市东北约15公里处，汉武帝茂陵东北1公里左右的地方。霍去病去世时年仅23岁，汉武帝为纪念他的战功，将他的陵墓修建在了茂陵东北作为陪葬墓。据记载，霍去病墓“为冢像祁连山”，意在表彰他在河西走廊、祁连山一带立下的赫赫战功。在中国，只有立下巨大战功的将军才能建这样的墓冢。据说他去世之后，汉武帝非常悲伤，调来玄甲军，列成阵沿长安一直排到茂陵霍去病墓地。霍去病墓墓冢上下，墓地周围，乱石嶙峋，苍松翠柏，荫蔽墓身，一派山林幽深景象。墓南东西两角，各...霍去病墓位于兴平市东北约15公里处，汉武帝茂陵东北1公里左右的地方。霍去病去世时年仅23岁，汉武帝为纪念他的战功，将他的陵墓修建在了茂陵东北作为陪葬墓。据记载，霍去病墓“为冢像祁连山”，意在表彰他在河西走廊、祁连山一带立下的赫赫战功。在中国，只有立下巨大战功的将军才能建这样的墓冢。据说他去世之后，汉武帝非常悲伤，调来玄甲军，列成阵沿长安一直排到茂陵霍去病墓地。霍去病墓墓冢上下，墓地周围，乱石嶙峋，苍松翠柏，荫蔽墓身，一派山林幽深景象。墓南东西两角，各有回栏曲经，通向墓顶。其封土上堆放着巨石，墓前置石人、石兽等。其中“马踏匈奴”为墓前石刻的主像，长1.9米，高1.68米，为灰白细砂石雕凿而成，石马昂首站立，尾长拖地，腹下雕手持弓箭匕首长须仰面跼蹙挣扎的匈奴人形象，是具代表性的纪念碑式的作品。也因为这件雕塑，使霍去病墓相较他舅舅卫青的墓而言，更具有人气。,9:00-17:00（16:30停止进入景区）,https://img1.qunarzz.com/travel/poi/201408/12/7389596d5d3a7b86c8d65eac.jpg_480x360x95_41dea14b.jpg,4.7,建议游览时间：0.3小时 - 0.5小时,除了较寒冷的冬季外，其它时间都比较适合旅游。,包含在茂陵博物馆门票内，通用茂陵博物馆门票。,文物是国家的宝贵财富。保护文物，人人有责。石刻国宝不摇抚摸涂写、拓印、攀登，展室文物谢绝担照。,1
袁家村Yuanjia Village,http://travel.qunar.com/p-oi5857896-yuanjiacun,"

地址:
咸阳市礼泉县


电话:
029-35767888,029-35970111

",袁家村位于陕西关中平原地，距村子一公里便是唐太宗昭陵，周边还有关中地区帝王诸陵中数量多、保存完整的石雕石刻群唐肃宗建陵石刻。袁家村主要分为两个区，一个是关中民俗，另一个则是农家乐，被称为“关中印象体验地”。走进古朴典雅的小巷，两边店铺林立，作坊鳞次栉比。仿古的油坊、豆腐坊、面坊、茶坊、醋坊等，应有尽有。踩着青石板，欣赏颇具关中风味的明清式建筑，看着布坊中的老人细心的织布，面坊中的工人认真的推着石磨，别有一番风味。,全年 07:30-20:00,https://img1.qunarzz.com/travel/d8/1704/e4/fdfb129826d064b5.jpg_480x360x95_8bec204b.jpg,4.5,建议游览时间：3小时 - 4小时,,"{'袁家村关中大观园门票成人票\n\n': ['¥68起'], '旅者营地通票门票儿童票\n\n': ['¥78起'], '旅者营地【冲浪体验】门票大小同价\n\n': ['¥90起']}",1、节假日期间，游客量较大，在游览时请照顾好老人、小孩，保管好随身物品；进出景区的车辆请按照交通指示牌以及工作人员引导停入景区正规停车场内，关闭好车窗，不要将贵重物品放置车内。2、袁家村各茶楼每天有不定时演出，皮影戏、弦板腔、风箱音乐等表演；酒吧、咖啡一条街有激情演唱和丰富夜生活，欢迎您前去感受。3、袁家村大剧院每天两场大型关中民俗怀旧情景剧--《再现袁家村》。该剧再现了袁家村的发展历程，剧情跌宕起伏，欢迎您前往观看。4、袁家村冰雪大世界内有冰雕艺术，冰上儿童乐园等，为您呈现美轮美奂的冰雪世界。5、袁家村各茶楼、咖啡馆、游客接待中心均有空调开放，欢迎您的光临。,1
昭陵博物馆,http://travel.qunar.com/p-oi711719-zhaolingbowuguan,"

地址:
陕西省咸阳市礼泉县烟霞镇107国道


电话:
029-35767009

",昭陵是唐代第二任皇帝唐太宗李世民与长孙皇后的陵墓。昭陵博物馆有出土文物陈列室、壁画陈列室和两座碑石陈列室。该馆馆藏文物4500多件，现存唐墓壁画500平方米。“昭陵碑林”集中了昭陵陪葬墓前现存的40多通墓碑和已发掘墓葬的十几合志石。诸多陪葬墓出土的神态各异的胡俑和骆驼俑，反映了初唐时期丝绸之路的盛况，体现着初唐时期中国各民族的大融合。,"淡季：09:00-17:30 （12月1号—3月1号） 
 旺季：08:30-18:00（3月1号—12月1号）",https://img1.qunarzz.com/piao/fusion/1906/16/54efb163e3d21802.jpg_480x360x95_f29ce2b8.jpg,5.0,建议游览时间：2小时 - 3小时,,"{'昭陵博物馆门票成人票\n\n': ['¥30起'], '昭陵博物馆门票儿童票\n\n': ['¥15起'], '昭陵博物馆门票学生票\n\n': ['¥15起']}",,2
西北农林科技大学昆虫博物馆Northwest A & F University North Campus Insect Museum,http://travel.qunar.com/p-oi701834-xibeinonglinkejidaxue,"

地址:
陕西省咸阳市杨陵区西北农林科技大学内


电话:
029-87080888

",西北农林科技大学昆虫博物馆成立于1987年，属于杨凌博览园的一部分。博物馆分收藏、展览、科学研究和附属机构四个部分。收藏部分收藏了国内外各类昆虫标本120多万号，是重要的昆虫物种多样性保藏基地。 研究部分包括农业部昆虫研究所、昆虫学博士点、杨凌农林科大昆虫资源研究发展地、实验工作室和图书馆等。昆虫博览馆有3个附设机构，办有《昆虫分类学报》和《中国蝴蝶》书刊。展览部分是目前全球展览面积大、展品丰富的昆虫学科普基地，参观者在这里可以通过丰富的标本、实物及光电模型、幻影成像等了解一个充满奇趣的昆虫世界。展览部分基本陈列包括5个展厅和蝴蝶园。博物馆内世界名蝶展区展出了世界上珍贵的巴西国蝶大兰闪蝶、中国国蝶金斑喙凤蝶、马来西亚国蝶红颈鸟翼蝶等数千只稀有蝴蝶。蝴蝶园为大型网室结构，园内种植有大量的蝴蝶访花植物和寄主植物，5-10月园内鲜花烂漫、蝴蝶飞舞，游人与蝴蝶交错园中，让人留连忘返。,景区暂时停业，详情请以景区公示为准。原开放时间：9:00-17:00,https://img1.qunarzz.com/travel/poi/201408/12/6f492798489e581ec8d65eac.jpg_480x360x95_002bccd4.jpg,4.8,建议游览时间：1小时 - 2小时,,包含在西北农林科技大学农林博览园内，通用于西北农林科技大学农林博览园门票。,,2
汉高祖长陵Long Mausoleum of Emperor Gaozu,http://travel.qunar.com/p-oi704853-hangaozuzhangling,"

地址:
咸阳市渭城区正阳镇怡魏村南

","汉高祖长陵位于咸阳市渭城区正阳镇怡魏村南，是西汉太祖高皇帝刘邦的陵墓，其皇后吕雉合葬于此，据载萧何、周亚夫、曹参、张耳、田蚡及周勃父子等功臣贵戚大都陪葬长陵。汉高祖墓坐北朝南，南面川流不息的渭河，北枕巍峨壮观的九嵕山。现墓底部东西长153米，南北宽135米，高32.8米。长陵仿西汉都城长安城建造，内有豪华的寝殿、便殿。寝殿内陈设汉高祖的""衣冠几仗象生之具""，完全像皇帝生前时一样侍奉。刘邦的墓冢在陵园的偏西处，形状像覆斗，是夯土迭筑而成的。陵前的墓碑是清乾隆年间陕西巡抚毕沅所立，上书“汉高祖长陵”几个大字。长陵东面二百多米的地方是吕后的合葬陵。陵园的北面是长陵邑，略呈长方形，城墙由夯土筑成，是侍奉陵园的人所居之地。刘邦生前就迁徙大姓和贵戚之家在陵邑中，陵邑户口多达五万多。这里曾发现了树木双兽纹半瓦当和大量瓦片堆积、水管道、生产工具等。",全年 8:00-18:00,https://img1.qunarzz.com/travel/poi/201408/12/4281464457077616c8d65eac.jpg_480x360x95_fd070c66.jpg,4.0,建议游览时间：1小时,,具体收费情况以现场公示为主,,2
昭陵Zhao Mausoleum,http://travel.qunar.com/p-oi713118-zhaoling,"

地址:
咸阳市礼泉县烟霞镇袁家村2号近


电话:
029-35767009

",昭陵陵园周长60公里，占地面积200平方公里，共有陪葬墓180余座，从唐贞观十年（公元636年）太宗文德皇后长孙氏首葬到开元二十九年（公元743年），昭陵陵园建设持续了107年之久，地上地下遗存了大量的文物，是初唐走向盛唐的实物见证。上世纪70年代，考古工作者先后发掘了徐懋功、尉迟敬德、程咬金、张士贵、郑仁泰、长乐公主、韦贵妃等40余座陪葬墓，建成了昭陵博物馆。昭陵博物馆位于昭陵陵园中心的李勣（徐懋功）墓前，在陕西省礼泉县烟霞镇，西距县城15公里，北距陵山11公里，是一座遗址型博物馆。馆内藏有文物8000余件，现有陈列室四座，即昭陵文物精品展陈列室，唐墓壁画陈列室，碑石陈列室两座（昭陵碑林），四座陈列室共集中展示昭陵陵园近40座陪葬墓出土的精品文物400余件（组）。在昭陵文物精华展厅里，陈列着昭陵祭坛遗址和部分陪葬墓出土的大批珍贵文物，其中有昭陵独有的彩绘釉陶和绚丽多彩的唐三彩。张士贵墓出土的贴金彩绘文武官俑被定为国宝级文物。唐墓壁画陈列室展出诸多出陪葬墓出土的大量壁画，是唐代政治、外交、文化和军事活动的视觉再现。昭陵碑林始建于1974年，共收集昭陵六骏碑、唐太宗像碑、昭陵图碑等60余通，多件为国家一级文物。,8:00-20:00,https://img1.qunarzz.com/travel/d7/1508/6c/35602c4a29a58e.jpg_480x360x95_47b5bfaf.jpg,4.2,建议游览时间：1小时 - 2小时,,"{'昭陵博物馆门票成人票\n\n': ['¥30起'], '昭陵博物馆门票儿童票\n\n': ['¥15起'], '昭陵博物馆门票学生票\n\n': ['¥15起']}",,2
杨贵妃墓The Tomb of Yang Guifei,http://travel.qunar.com/p-oi714391-yangguifeimu,"

地址:
咸阳市兴平市马嵬镇西


电话:
029-38240024

",杨贵妃墓位于兴平市西12公里处古称“马嵬坡”的地方，以“古冢留香，诗碑放彩”的独特魅力而驰名海内外。杨贵妃墓是唐玄宗李隆基的宠妃杨玉环之墓，距今1200余年。整个墓园依山而建，呈阶梯状，气势雄伟。园内有唐献殿、青砖墓冢，两厢碑廊镶有唐以后历朝名人学士题诗石刻32通，存诗300余首。高5.8米的贵妃汉白玉雕像耸立园中，其形态雍容华贵，神情安逸。杨贵妃墓园中有胜景园、太真阁、望都亭、观音殿仿唐建筑。建筑内绘制有“太真入道图”，四周镶嵌八组展板，展示有关“马嵬双谜”、“贵妃遗迹”、“贵妃东渡”等的史实与传说。“长恨歌画廊”以三十幅壁画的诠释白居易这一传唱千古的诗篇，展现了从开元盛世到天宝弥难的兴衰轨迹。景区内还有牡丹园、观鱼池等景点。,全年 8:30-18:00,https://img1.qunarzz.com/travel/poi/201408/12/fbe3e44dbcfca209c8d65eac.jpg_480x360x95_6a333f09.jpg,4.4,建议游览时间：1小时,,{'杨贵妃墓电子导览服务大小同价\n\n': ['¥7起']},,2
咸阳古渡,http://travel.qunar.com/p-oi703611-xianyanggudu,"

地址:
陕西咸阳渭城区南阳街与渭阳东路交叉口东50米

",咸阳的渭河渡口，横贯关中的渭河，从古秦都咸阳旁边流过。古桥遗迹，在隐没百年后，数年前重现人间。据咸阳地方志记载，“咸阳古渡”建筑于明嘉靖年间，渡口处建有一座木桥，通陇通蜀，过客众多，为秦中第一渡。“咸阳古渡”为古长安通往西北西南的咽喉要道，处于十分重要的地理位置。木桥遗址的发现，为研究明清时期西北地区的交通、经济、军事，以及渭河流域的桥梁建筑提供了一个重要的物证。,全天开放,https://img1.qunarzz.com/travel/d6/1605/64/347172fb4ff9cf7.jpg_480x360x95_fc379940.jpg,4.4,建议游览时间：1小时 - 2小时,,免费开放,,2
周陵Zhouling Residential District,http://travel.qunar.com/p-oi716418-zhouling,"

地址:
咸阳市渭城区周陵镇迎宾大道周陵中学内


电话:
029-33116191

",周陵相传为西周文王和武王的陵墓。周文王陵底部周长310米，高11.8米，墓前有清代毕沅所立的碑石。陵北100米处为周武王陵，底部周长285米，高12.3米。两个陵丘保存基本完好，献殿、木牌楼经过修葺和彩绘。也有说这实际上是战国晚期的秦国君王陵墓。陵园以西2000多株古柏，郁郁葱葱，蔚为壮观。 陵园除周文、武王的陵墓之外，还有木牌坊戏楼一座，献殿一座，配殿一座，历代帝王祭祀碑石40余通及姜太公等西周陪陵墓等，是我国御制祭祀碑文较多的陵园，为“咸阳八景之一”，有“小碑林”之称。,全年 8:00-17:00,https://img1.qunarzz.com/travel/poi/1803/d1/a8a85892547b9537.jpg_480x360x95_4fa7241d.jpg,4.6,建议游览时间：1小时,,具体收费情况以现场公示为主,,2
马踏匈奴,http://travel.qunar.com/p-oi710789-mataxiongnu,"

地址:
陕西省兴平县东北约15公里处

",“马踏匈奴”为霍去病墓石刻群的主像，高168厘米，长190厘米，宽48厘米。石马与真马大小相近，昂首站立，肌肉丰满，尾长拖地。马腹下仰卧一老朽。头对马嘴，两颊有胡须，面目狰狞，两足上曲，手持利器，妄图作垂死挣扎。作者运用了富有象征色彩的圆雕艺术手法，高度概括了霍去病生前抗击匈奴的战功。,8:00-18:00,,4.5,,,45元,,2
章怀太子墓Tomb of Prince Zhang Huai,http://travel.qunar.com/p-oi703824-zhanghuaitaizimu,"

地址:
咸阳市乾县城关镇乾陵东南约3公里处


电话:
029-35510222,029-35510458

",章怀太子墓是武则天乾陵的陪葬墓之一，位于乾陵东南约3公里处。墓主是唐高宗李治和武则天的次子李贤。他聪明过人，读书过目不忘，曾为《后汉书》作注。后因政见与武则天不同，在太子宫私藏兵器以谋反罪被武则天贬到巴州（今四川巴州县），死时年仅31岁。唐中宗即位后，将其尸骨运回长安，以雍王身份陪葬乾陵。章怀太子墓结构与永泰公主墓基本相似，只是小些。墓封土为覆斗形，周设围墙，南置土阙与石羊各一对。墓道全长71米，宽3.3米，由墓道，4个过洞，4个天井，6个便房，前后甬道，前后墓室组成。墓中壁画五十多幅，保存基本完好，如《客使图》、《马球图》、《狩猎出行图》等都是其中的精品，具有浓厚的宫廷生活气息。另外还出土了大量形体高大、色釉艳丽唐三彩，如大型文吏和武士俑及驼、马、镇墓兽等。,全年 8:00-18:00,https://img1.qunarzz.com/travel/d3/1508/d0/0ca11c3ba623e6.jpg_480x360x95_a883e7ba.jpg,4.4,建议游览时间：1小时,,包含在乾陵景区门票内，通用于乾陵景区门票。,,2
昭仁寺Zhaoren Temple,http://travel.qunar.com/p-oi705798-zhaorensi,"

地址:
咸阳市长武县东街村39号


电话:
029-34202637

",昭仁寺位于咸阳长武县城东街路北，系唐贞观年间（公元627－649年）唐太宗李世民为纪念与军阀薛举、薛仁杲作战阵亡的将士而建立的寺院。昭仁寺大殿为全国重点文物保护单位。昭仁寺坐北向南，由相连的小型四合院建造而成，现有山门、碑亭、大殿、东西配庑各3间。寺中门额题有“昭仁寺”三字。寺内现存主要建筑物是一座九梁十八担的三间挑角大雄宝殿，内部不见立柱，全由四周大梁架叠而起，即俗传八卦悬顶方式。结构颇为特殊，为我国古建筑中所罕见。寺内现有唐碑一通“幽州昭仁寺碑”，朱子奢撰文，传为虞世南手笔，书法秀丽而刚劲，整碑三千余字，基本完好。现在昭仁寺内建有长武县博物馆，作为地方性历史陈列。馆内有3个陈列室，藏有文物2600余件，分历史陈列、石刻艺术、建筑艺术三部分。,全年 09:00-17:00,https://img1.qunarzz.com/piao/fusion/1801/dc/9d27a268711fc702.jpg_480x360x95_45d48940.jpg,4.6,建议游览时间：1小时,,具体收费情况以现场公示为主,,2
顺陵,http://travel.qunar.com/p-oi7644516-shunling,"

地址:
陕西省咸阳市东北20公里处渭城区底张镇韩家村

",中国唐武则天(武曌)之母杨氏墓冢。位于陕西省咸阳市东北18公 顺陵里的陈家村南(唐时称洪渎原)。杨氏死于唐高宗咸亨元年 (670)九月，年92岁，以太原王妃礼葬。武则天即位后，于永昌元年 (689)尊母为忠孝太后，改墓为明义陵。天授元年 (690)九月又追尊为孝明高皇后，改称顺陵。1962 年陕西省考古研究所对顺陵进行勘察。1961年中华人民共和国国务院公布为全国重点文物保护单位。,8:00-18:00,https://img1.qunarzz.com/travel/poi/1504/ac/7d7635987ec8cd.jpg_480x360x95_8a6366b6.jpg,4.0,建议游览时间：1小时,,10元,,3
统一广场,http://travel.qunar.com/p-oi7569141-tongyiguangchang,"

地址:
咸阳市乐育南路

",咸阳市统一广场位于咸阳市商业中心区乐育路南端，北接渭阳路，南至湖滨亲水平台，是咸阳湖景区主入口，总占地面积约5公顷。广场由地上铺装、主题雕塑、大型喷泉及地下一层建筑物组成，统一广场的布景点缀要把现代城市气息和悠久历史文化内涵有机结合，凸显大气，彰显特色。咸阳市统一广场座落在咸阳湖北岸，在渭滨公园东面，离市区最近。巨大的秦始皇石雕像踞中间，两边各4个巨大的石雕立柱，立于湖水中，广场相当宽阔。,全天,https://img1.qunarzz.com/travel/poi/1412/96/96a686abfc7f3766cdb.jpg_480x360x95_176af02e.jpg,4.1,建议游览时间：2小时,全年皆宜,,,3
崇文塔Chongwen Pagoda,http://travel.qunar.com/p-oi702455-chongwenta,"

地址:
咸阳市泾阳县崇文乡泾河大道


电话:
029-38952115

",崇文塔位于泾阳县城东南10公里崇文中学内，泾河北岸，为省级重点文物保护单位。据崇文塔寺的碑文记载，崇文塔为倡导泾阳、三原、高陵三县学童努力向学而建，始建于明万历十九年（1591年），耗时19年建成，修塔人为明刑部尚书、泾阳县人李世达。崇文塔为八棱柱体，塔为楼阁式，塔体中空，有螺旋形砖梯400余级直通塔顶。塔顶为铜板制，状似葫芦，上置铁相轮，加塔体全高83米，共13层。各层均有四门四龛，龛内置有石佛，形态各异。有门通往塔上的腰檐，可步出塔体，沿腰檐绕塔浏览。塔顶原暗藏有鎏铜佛造像8尊，现存于泾阳县博物馆。,全年 09:00-18:00,https://img1.qunarzz.com/travel/d2/1511/6e/b3c25409d29d29f7.jpg_480x360x95_0ec7b5ec.jpg,4.5,建议游览时间：1小时,,具体收费情况以现场公示为主,,3
中国大地原点,http://travel.qunar.com/p-oi708632-zhongguodadiyuandian,"

地址:
陕西省泾阳县永乐镇

",,9:00～18:00,https://img1.qunarzz.com/travel/poi/201408/12/154d7a72761dbe6dc8d65eac.jpg_480x360x95_c347e1ab.jpg,3.8,,四季皆宜,5元,,3
西汉帝陵The Emperor’s Mausoleum of the Western Han Dynasty,http://travel.qunar.com/p-oi707834-xihandiling,"

地址:
咸阳市渭城区机场公路汉阳陵博物馆


电话:
+1 916-442-6802

",西汉帝陵是全国重点文物保护单位，为西汉时期11位皇帝的陵墓，地处陕西省咸阳市、西安市境内。,全年 8:00-17:00,,5.0,建议游览时间：2小时 - 3小时,,通票旺季（3～11月）45元；淡季（12、1、2月）30元，包括汉阳陵考古陈列馆和南阙门遗址两部分,,3
章怀太子李贤墓,http://travel.qunar.com/p-oi721649-zhanghuaitaizilixianmu,,李贤字明允，生于永徽五年（654），是高宗第6子，武则天所生。先后封为潞王、雍王，上元二年（675）立为太子。他幼时聪敏过人，读书时过目既颂，为李治所喜爱。立太子后，李贤奉诏监国。处事明决。在监注《后汉书》时，指责武则天临朝和任用外戚，后在调露二年（680）被武则天以私藏兵器和谋反朝廷的罪名废为庶人，徙于巴州（今四川巴中）。文明元年（684），武则天又密使丘神绩逼令自杀。李贤死时年仅31岁。中宗复位后的神龙二年（706），迁尸陪葬乾陵。关于李贤的死因尚有三说：其...李贤字明允，生于永徽五年（654），是高宗第6子，武则天所生。先后封为潞王、雍王，上元二年（675）立为太子。他幼时聪敏过人，读书时过目既颂，为李治所喜爱。立太子后，李贤奉诏监国。处事明决。在监注《后汉书》时，指责武则天临朝和任用外戚，后在调露二年（680）被武则天以私藏兵器和谋反朝廷的罪名废为庶人，徙于巴州（今四川巴中）。文明元年（684），武则天又密使丘神绩逼令自杀。李贤死时年仅31岁。中宗复位后的神龙二年（706），迁尸陪葬乾陵。关于李贤的死因尚有三说：其一认为是被迫自杀身亡；其二认为被丘神绩所杀；其三是确认被裴炎派人暗中杀害。孰是谁非，还可做进一步地研究和探讨。李贤墓在永泰公主墓西北的杨家洼村。陵园长180米，宽143米。覆斗形的封土底边各长43米，高约18米，封土之南有土阙1对，阙近旁有石羊1对。1971年7月至1972年2月，陕西省文物管理委员会、陕西省博物馆对李贤墓进行了发掘。,,https://img1.qunarzz.com/piao/fusion/1511/30/2edccc73f9fd94f7.jpg_480x360x95_83172f6d.jpg,--,,,,,3
千佛铁塔,http://travel.qunar.com/p-oi713558-qianfotieta,"

地址:
咸阳市北杜镇

",在距咸阳市15公里的北杜镇。塔方形十级，高33米，边宽3米，纯铁铸成，层层有窗，门南向，中空有梯可攀登，四角柱铸造成金刚力士像，顶立层楼，分外得体。各层环周有铸铁佛多尊，故名。间铸以奇花异草、珍禽怪兽，铸工精巧。塔身有铭文：“大明万历十八年（公元1590年），南书房行走太监杜茂”铸造。一个宦官竟能出资铸造这样巨大的铁塔，其权势和富贵，盖可想见。塔身保护完好，唯塔刹稍倾斜。现为省级重点文物保护单位。,8:00-18:00,,--,,,10元,,3
西北农林科技大学博览园Xi'an Yangling Agriculture Expo Park,http://travel.qunar.com/p-oi7471038-xibeinonglinkejidaxue,"

地址:
咸阳市杨陵示范区邰城路3号


电话:
029-87080555,029-87080666


官网:
http://www.cnbly.com

",杨凌博览园，又称西北农林科技大学博览园，包括逸夫科技馆动物博物馆和昆虫博物馆、土壤博物馆、植物博物馆、中国农业历史博物馆5个专业博物馆和蝴蝶园、植物分类园、树木园及多种种质资源圃等，是集教学、科研、科普于一体的重要学科基地。杨凌博览园是学校在整合科教资源的基础上建立起的博物馆群，全面、系统地宣传农业科技知识和展示了我国农业科技成就。西北农林科技大学在70多年的长期建设和发展过程中，在农业科教方面取得了瞩目的成绩，特别是杨凌的几代农业科教专家收藏积累了大量珍贵的动物、植物、土壤、昆虫标本（实物）和农史典藏，成为学校的重要科教资源。目前博览园的展馆和室外展示区对外开放。其中的昆虫博物馆有6个展厅，大量采用了光电模型、幻影成像、多媒体技术等现代化展示手段，系统地向游客展示一个充满奇趣的昆虫世界。馆外配套建设有 蝴蝶网室，用于蝴蝶和多种昆虫的饲养研究和观赏。,全年 周二-周日 09:00-17:00;11/8-2/28 周一 全天不开放,https://img1.qunarzz.com/travel/poi/1806/c2/c1cc822c949f3c37.jpg_480x360x95_3e39b5b2.jpg,4.6,建议游览时间：3小时 - 4小时,,"{'杨凌博览园门票成人票\n\n': ['¥48.5起'], '杨凌博览园门票儿童票\n\n': ['¥30起'], '杨凌博览园门票双人票\n\n': ['¥99起']}",,3
古渡公园,http://travel.qunar.com/p-oi7482275-gudugongyuan,,,,,,,,,,3
蓝波湾温泉水世界Lanbowan Hot Spring Water World,http://travel.qunar.com/p-oi715883-lanbowanwenquanshuishi,"

地址:
咸阳市渭城区朝阳五路中段


电话:
029-38018222

",咸阳地热城是陕西省首家以绿色休闲和温泉养生于一体的大型休闲、商务中心，它以中国古典文化为内涵进行构造与装修，天然温泉为特色，营造了中国传统文化意境。大型日式户外温泉区，在蓝天、沙滩的衬托和园林艺术特色风景的围绕下别具情趣，儿童娱乐区更别具一格，而且带有音乐的喷泉更让您耳目一新，室内温泉动态区：游泳馆、水上舞台、翻斗浴，当您置身于此，动中有静，让您留连忘返。室内温泉静态区：享尽自然，带入温浴，各具特色的花瓣、牛奶、禅定、薄荷、姜汁浴等。让您饱受视觉的美感后，再次享受温泉带给您的神奇感觉，让您的身心瞬间得到很好的放松和无比的快感。商务会议区、别墅区、中餐厅、韩式烧烤、生态餐厅等无一例外的让您感受到咸阳地热城的与众不同。,8:00-23:00,https://img1.qunarzz.com/piao/fusion/1605/76/81f043795069aaf7.jpg_480x360x95_08268438.jpg,4.3,建议游览时间：1小时 - 3小时,,68元,,3
医史博物馆Shanxiyishi Museum,http://travel.qunar.com/p-oi705407-yishibowuguan,"

地址:
秦都区渭阳中路


电话:
38185278

",陕西医史博物馆位于古都咸阳的陕西中医学院院内，在教学、科研和宣传普及医学史知识及加强中外文化交流等方面作出了重大贡献，十年多来，共接待国内外参观者6万余人。1965年开展展出，是国内高等中医药院校中创建较早的一所专业博物馆。医史博物馆配备有专业技术人员，下设办公室、医史文献研究室、文物陈列保管以及资料室等。馆舍700多平方米，其中陈列展室面积500多平方米，收集珍藏文物2000余件。,全年 9:00-18:00,https://img1.qunarzz.com/travel/d3/1507/7f/23a7d75385129a.jpg_480x360x95_b2998f1c.jpg,4.7,建议游览时间：1小时 - 2小时,,具体收费情况以现场公示为主,,4
开元寺塔Kaiyuan Temple Tower,http://travel.qunar.com/p-oi701775-kaiyuansita,,,,,,,,,,4
槐树旅游区,http://travel.qunar.com/p-oi709369-huaishulu:youqu,"

地址:
咸阳永寿县北部山麓

",槐树林生态旅游区，处在乾陵与彬县大佛寺中间，312国道穿梭而过，交通方便。旅游区内有10万余亩槐树林，每当槐花盛开时节，千山竞秀，漫野飘香，姹紫嫣红，蜂鸣蝶舞。区内有占地3万余亩的翠屏山森林公园，林木繁茂，花草芬芳，动植物种类丰富。水面200多亩的水库，湖水清澈，碧波荡漾。整个旅游区生态资源丰富，环境优美，在这里休闲度假旅游，有返璞归真，回归大自然的清新感受。槐树林生态旅游区主要旅游项目有翠屏山狩猎场、滑草场、越野赛车场，翠屏山森林公园和槐树林风情度假山...槐树林生态旅游区，处在乾陵与彬县大佛寺中间，312国道穿梭而过，交通方便。旅游区内有10万余亩槐树林，每当槐花盛开时节，千山竞秀，漫野飘香，姹紫嫣红，蜂鸣蝶舞。区内有占地3万余亩的翠屏山森林公园，林木繁茂，花草芬芳，动植物种类丰富。水面200多亩的水库，湖水清澈，碧波荡漾。整个旅游区生态资源丰富，环境优美，在这里休闲度假旅游，有返璞归真，回归大自然的清新感受。槐树林生态旅游区主要旅游项目有翠屏山狩猎场、滑草场、越野赛车场，翠屏山森林公园和槐树林风情度假山庄等。主要景点和旅游活动内容有滑草场、民俗广场、狩猎场、吉普赛车场、新几内亚、巴提亚、水车之恋、槐花梦床、箐火夜宴等。景观设施有赏星亭、揽月阁、相思居、爱神洞和山之恋北国艺园等。旅游设施有窑洞、风情木屋和西式别墅，有野味餐厅、综合娱乐广场，以及其他旅游配套服务设施。2000年5月咸阳市和永寿县旅游部门与西安、大连合作，在槐树山庄隆重举办千喜之旅大连--西安国际槐花节，受到人们欢迎。,9：00—17：00,,--,,,5元,,4
中富苗木扩繁基地,http://travel.qunar.com/p-oi722448-zhongfumiaomukuofanji,,,,,,,,,,4
三原博物馆,http://travel.qunar.com/p-oi716028-sanyuanbowuguan,"

地址:
陕西省咸阳市三原县东大街城隍庙内

","三原城隍庙位于三原县城东渠岸街中部。城惶是古代神话中守护城池的神,后为道教所信奉。自三国起到清末历代建庙祭祀。三原城隍庙建于明洪武八年(公元1375年),是宫廷式建筑,用均衡对称方式把楼、殿、廊、庭、坊、亭等40多个单座建筑按主次布局在纵横轴线上。五个廊院相套向纵深和两侧伸展。中轴线上分布着三道门、四重牌坊、五座重檐殿楼。庙内应门、戏楼、钟鼓楼、献殿、拜殿、陪殿、寝殿等主体建筑各具特色。体现了我国古建筑的特点:平面轮廓正规,整体布局合理,结构严谨,疏密得当,刻镂...三原城隍庙位于三原县城东渠岸街中部。城惶是古代神话中守护城池的神,后为道教所信奉。自三国起到清末历代建庙祭祀。三原城隍庙建于明洪武八年(公元1375年),是宫廷式建筑,用均衡对称方式把楼、殿、廊、庭、坊、亭等40多个单座建筑按主次布局在纵横轴线上。五个廊院相套向纵深和两侧伸展。中轴线上分布着三道门、四重牌坊、五座重檐殿楼。庙内应门、戏楼、钟鼓楼、献殿、拜殿、陪殿、寝殿等主体建筑各具特色。体现了我国古建筑的特点:平面轮廓正规,整体布局合理,结构严谨,疏密得当,刻镂精致,纹饰典雅。三原博物馆设在城惶庙内,收藏了近3000件珍贵文物和100多通碑刻,其中岳飞书""出师表""和于右任书法石刻为世称颂。是省级重点文物保护单位。",夏8：30-17：30 冬9：00-17：30,https://img1.qunarzz.com/travel/d3/1508/72/1354cab4d06f3.jpg_480x360x95_617d6033.jpg,4.5,,,25元,,4
于右任纪念馆Yuyouren Memorial Hall,http://travel.qunar.com/p-oi706885-yuyourenjinianguan,"

地址:
咸阳市三原县包茂高速公路


电话:
029-32255575

",于右任纪念馆位于三原县城内池阳大街东段，在西铜高速公路出口南侧 ，是联谊海峡两岸、缅怀弘扬先生精神风范和进行文化书法交流的胜地。于右任纪念馆分为“于右任先生爱国事迹展”、“于右任先生墨品展”、“现代书法作品展”等3个展厅，以丰富详实的照片、手扎、实物资料、书法真迹、书刊报章、名人题词等资料，全方位的展示了于右任先生的生平事迹和艺术作品。于右任先生晚年思念故乡所作的知名诗篇——《望大陆》：“葬我于高山之上兮，望我大陆。大陆不可见兮，只有痛哭。葬我于高山之上兮，望我故乡。故乡不可见兮，永不能忘。天苍苍，野茫茫，山之上，国之殇。”于右任先生名伯循、字右任，1879年出生于咸阳三原，他是民主革命家、诗人，同时也是一代书法大师，被誉为“当代草圣”。他一生爱祖国、爱人民、爱故乡，兴水利、建农场、办学校，护持民族文化遗产，深受海内外崇仰。1992年，三原各界群众等界人士筹措集资兴建“陕西于右任纪念馆”，1997年11月开馆，馆内树建“陕西于右任纪念馆创修记”碑及六角碑亭，“于右任先生纪念碑”及六角碑亭，并在亭子周围修建于右任书法碑石二十多方。,全年 9:00-17:30,https://img1.qunarzz.com/p/tts2/1811/47/6628676352884d02.jpg_480x360x95_9c8d3daa.jpg,5.0,建议游览时间：1小时,,具体收费情况以现场公示为主,,4
泰塔,http://travel.qunar.com/p-oi715118-taita,"

地址:
陕西咸阳旬邑县

",泰塔是楼阁式砖塔，八角七层，高五十六米。在第一层北面正中辟有半圆形卷门。通过门里的甬道，进到塔心小室后。有木梯可攀登远眺。第二层起，每层都有拱形的门洞与长方形的假门相间，逐层依次变换方位。各层塔檐于转角部位的中线上。用青石制成角石一根。它的外端均特意被加工雕琢成螭首，自翼角伸出。相传此塔建于唐代，但据塔身第六层北面东侧窗上的一块砖刻题记，起塔的时间为嘉佑四年正月中。由此证明，它的历史已经有九百年了。,8：00—17：30,,--,,,18元,,4
武功古城油菜花基地,http://travel.qunar.com/p-oi40015268-wugongguchengyoucaihua,,武功古城油菜花基地位于武功县，这里有大片的油菜花田，到了春暖花开的季节，油菜花竞相绽放，绚烂多彩，是人们赏花的好地方。,,,0.0,,,,,4
唐昭陵陵山景区,http://travel.qunar.com/p-oi40011436-tangzhaolinglingshanjing,,"昭陵是唐朝第二代皇帝唐太宗李世民的陵墓，是陕西关中""唐十八陵""中的一座，位于陕西省礼泉县城西北22.5公里的九嵕山上，西距西安市70公里，咸阳市30公里，咸阳国际机场25公里。昭陵陵园周长60公里，占地面积200平方公里，共有陪葬墓180余座，被誉为""天下名陵""，是中国帝王陵园中面积大、陪葬墓多的，共有180余座陪葬墓;也是唐代具有代表性的一座帝王陵墓。",,,0.0,,,,,4
西安恒大文化旅游城,http://travel.qunar.com/p-oi39773307-xianhengdawenhualu:you,,,,,4.0,,,具体收费情况以景区现场公示为主,,4
袁家村书院街,http://travel.qunar.com/p-oi39631969-yuanjiacunshuyuanjie,,,,,0.0,,,,,5
袁家村艺术长廊,http://travel.qunar.com/p-oi39627558-yuanjiacunyishuzhanglang,,,,,0.0,,,,,5
秦琼墓,http://travel.qunar.com/p-oi39627554-qinqiongmu,,,,,3.0,,,,,5
郑国湖,http://travel.qunar.com/p-oi39611361-zhengguohu,,,,,0.0,,,,,5
黑沟奇峡区,http://travel.qunar.com/p-oi39611307-heigouqixiaqu,,,,,4.0,,,包含在郑国渠风景区内，通用郑国渠风景区门票,,5
雁岭冰雪公园,http://travel.qunar.com/p-oi39610832-yanlingbingxuegongyuan,,今年雁岭冰雪公园营业面积约10万㎡，娱雪项目丰富，包含：赏雪、雪地寻宝、雪圈、雪滑板、无动力滑雪车、雪地平衡车、雪地摩托自驾、雪舟、香蕉艇、雪地坦克等。,,,0.0,,,,,5
汉阳陵帝陵外藏坑保护展示厅,http://travel.qunar.com/p-oi39608718-hanyanglingdilingwaizang,,,,,0.0,,,,,5
渭河湿地公园-同德广场,http://travel.qunar.com/p-oi39608631-weiheshidigongyuan_tong,,,,,0.0,,,,,5
渭河湿地公园之丝路观廊,http://travel.qunar.com/p-oi39600061-weiheshidigongyuanzhi,,,,,0.0,,,,,5
咸阳湖二期湿地公园-唐王渡,http://travel.qunar.com/p-oi39597021-xianyanghuerqishidigong,,,,,3.0,,,,,5
王世清大师工作室,http://travel.qunar.com/p-oi39595481-wangshiqingdashigongzuo,,,,,0.0,,,,,6
兴平银杏林,http://travel.qunar.com/p-oi39577526-xingpingyinxinglin,,,,,,,,,,6
李家庄防卫楼,http://travel.qunar.com/p-oi39414899-lijiazhuangfangweilou,,,,,0.0,,,,,6
夜游金茯城,http://travel.qunar.com/p-oi39414695-yeyoujinfucheng,,置身金茯城中，你将在中式赛博朋克实景夜游旅程中探秘奇幻之境，在真人RPG妙趣剧本推动下玩转超时空挑战，在万国美酒佳肴鲜享体验里渐入深度游玩……体验电子科技与古典元素的碰撞、行浸式夜游的观赏交互剧情，与赛博未来世界的NPC们互动飙戏，感受吃喝游娱购一体的中式赛博风消费业态。尤其是街区巨大的艺术置景，让人眼前一亮，仿佛置身未来幻境，不知今夕何夕。,,,0.0,,,,,6
金龟寺塔,http://travel.qunar.com/p-oi39368832-jinguisita,,,,,0.0,,,,,6
兴淳塔,http://travel.qunar.com/p-oi39160630-xingchunta,,,,,4.0,,,,,6
海泉宝贝亲子乐园,http://travel.qunar.com/p-oi39156979-haiquanbaobeiqinzileyuan,,海泉宝贝亲子乐园位于温泉中心二楼，运营面积2600平米，项目空间构建借鉴亚特兰蒂斯遗址，结合欧洲建筑及纹样元素，同时海洋生物主题贯穿整个空间场景内，应用现代儿童游乐场的设计手法及理念，莫兰迪色系，基于传统上的创新，实现对亲子业态设计动向的引领。重塑海泉湾品牌形象，打造真正的文化+教育+亲子+游乐的理念，延续文化与教育的同时，让每个家庭能享受并沉浸其中，体验不一样的亲子游玩空间。,,,0.0,,,,,6
沣河金湾沙滩南沙滩,http://travel.qunar.com/p-oi38952610-fenghejinwanshatannan,,,,,--,,,,,6
五峰山,http://travel.qunar.com/p-oi38948276-wufengshan,,,,,--,,,,,6
小灵山道观,http://travel.qunar.com/p-oi38910306-xiaolingshandaoguan,,,,,5.0,,,具体收费情况以景区现场公示为主,,6
韦水乡邻,http://travel.qunar.com/p-oi38887905-weishuixianglin,,,,,--,,,,,7
马家底村,http://travel.qunar.com/p-oi38887654-majiadicun,,,,,--,,,,,7
电影里步行街,http://travel.qunar.com/p-oi38876681-dianyinglibuxingjie,,,,,3.0,,,,,7
赵家洞石窟,http://travel.qunar.com/p-oi38818003-zhaojiadongshiku,,,,,0.0,,,,,7
三只熊儿童乐园 (王府井奥莱机场店),http://travel.qunar.com/p-oi38675794-sanzhixiongertongleyuan,,三只熊儿童乐园 (王府井奥莱机场店)位于咸阳市渭城区，内有小型旋转木马、彩虹滑梯、儿童迷宫等儿童游玩设施，可以释放儿童天性、开发儿童智力。,,,3.5,建议游览时间：3小时 - 5小时,,具体收费情况以现场公示为主,,7
河堤路城市运动公园,http://travel.qunar.com/p-oi38674646-hediluchengshiyundong,,,,,,,,,,7
029艺术区,http://travel.qunar.com/p-oi38634358-029yishuqu,,,,,--,,,具体收费情况以现场公示为主,,7
彬州城隍庙,http://travel.qunar.com/p-oi38624190-binzhouchenghuangmiao,,,,,,,,,,7
千佛铁塔,http://travel.qunar.com/p-oi38340523-qianfotieta,,,,,--,,,具体收费情况以现场公示为主,,7
沣西文化公园,http://travel.qunar.com/p-oi38340382-fengxiwenhuagongyuan,,沣西文化公园又叫沣西新城中心绿廊，占地面积宽广，具有生物迁徙信息、公共休闲、雨水调蓄和城市景观等重要功能。公园内的湖泊根据原始地势改造而成的，园内还种植了白杨、柳树、竹子、柿子、苹果等等植物，景色宜人。,,,5.0,建议游览时间：1小时 - 2小时,,具体收费情况以现场公示为主,,7
安国寺,http://travel.qunar.com/p-oi38336927-anguosi,,,,,--,,,具体收费情况以现场公示为主,,8
彩汇薰衣草庄园,http://travel.qunar.com/p-oi38335584-caihuixunyicaozhuangyuan,,,,,0.0,,,,,8
新渭沙湿地公园,http://travel.qunar.com/p-oi38040112-xinweishashidigongyuan,,,,,0.0,,,,,8
茯茶文化温泉,http://travel.qunar.com/p-oi37996319-fuchawenhuawenquan,"

地址:
咸阳市泾阳县茶香街与茶苑二巷交叉路口往南约90米


电话:
029-36693989

",茯茶文化温泉是一个集露天温泉、室内水乐园、私密商务温泉及SPA、中医理疗为一体的休闲温泉项目。温泉水取自地下1500米的地热层，日出水量约1000多立方米，出水温度83℃，富含多种矿物质成分。,全年 13:00-21:00,,0.0,建议游览时间：3天,,,,8
西安国际美术城,http://travel.qunar.com/p-oi37807316-xianguojimeishucheng,,,,,,,,,,8
东黄小镇,http://travel.qunar.com/p-oi37806366-donghuangxiaozhen,,,,,--,,,具体收费情况以现场公示为主,,8
泰塔,http://travel.qunar.com/p-oi37660384-taita,,泰塔是楼阁式砖塔，八角七层，高五十六米。在第一层北面正中辟有半圆形卷门。通过门里的甬道，进到塔心小室后。有木梯可攀登远眺。第二层起，每层都有拱形的门洞与长方形的假门相间，逐层依次变换方位。各层塔檐于转角部位的中线上。用青石制成角石一根。它的外端均特意被加工雕琢成螭首，自翼角伸出。相传此塔建于唐代，但据塔身第六层北面东侧窗上的一块砖刻题记，起塔的时间为嘉佑四年正月中。由此证明，它的历史已经有九百年了。,,,--,,,具体收费情况以现场公示为主,,8
长武县文化广场,http://travel.qunar.com/p-oi37204454-zhangwuxianwenhuaguang,,,,,--,,,具体收费情况以现场公示为主,,8
博萃书画院,http://travel.qunar.com/p-oi37190368-bocuishuhuayuan,,,,,0.0,,,具体收费情况以现场公示为主,,8
袁家村村史馆,http://travel.qunar.com/p-oi37189914-yuanjiacuncunshiguan,,,,,3.0,,,具体收费情况以现场公示为主,,8
三原博物馆,http://travel.qunar.com/p-oi37189552-sanyuanbowuguan,,,,,0.0,,,具体收费情况以现场公示为主,,9
金川湾石窟,http://travel.qunar.com/p-oi37184232-jinchuanwanshiku,,金川湾石窟位于咸阳市淳化县，是一处始建于唐代的石窟。石窟位于山崖上，窟内有一大型温和慈祥的坐佛，窟前建有保护大佛的二层殿堂式房屋。,,,3.0,建议游览时间：0.5小时 - 1小时,,,,9
唐昭容上官氏公园,http://travel.qunar.com/p-oi37183466-tangzhaorongshangguan,,,,,4.0,,,,,9
三原人民广场,http://travel.qunar.com/p-oi37182420-sanyuanrenminguangchang,,,,,0.0,,,,,9
唐家民居石刻园,http://travel.qunar.com/p-oi37162879-tangjiaminjushikeyuan,"

地址:
咸阳市旬邑县太村镇唐家村旬邑县唐家民俗博物馆旁


电话:
029-34655177

","唐家民居石刻园内收藏了种类丰富的石刻，一部分石刻来自于民间，石刻的种类包括石碑、石兽和拴马桩等。
",全年 08:30-17:30,,3.5,建议游览时间：2小时 - 3小时,,具体收费情况以现场公示为主,,9
豳州驿,http://travel.qunar.com/p-oi37162865-binzhouyi,"

地址:
咸阳市彬州市128乡道北

",豳（bin）州驿，也叫豳州驿门户景区，位于陕西省咸阳市彬州市太峪镇，是丝绸之路出长安后的第一个驿站。景区内由果香花海园林公园、太平湖、商业风情街三部分组成，形成了以餐饮、观光、采摘、购物、休闲为特色的旅游风景线。,全年 06:00-21:00,,3.0,建议游览时间：1小时 - 2小时,,具体收费情况以现场公示为主,,9
秦直道起点,http://travel.qunar.com/p-oi37161613-qinzhidaoqidian,"

地址:
咸阳市淳化县铁王镇凉武帝村甘泉宫遗址北侧

",秦直道遗址陕西淳化县段是整个遗址的起点段，自汉甘泉宫遗址宫墙北门起至北庄子村处，逐渐收窄，一路向北进入旬邑县境内。,全年 全天开放,,4.0,建议游览时间：1小时 - 2小时,,具体收费情况以现场公示为主,,9
咸阳植物园,http://travel.qunar.com/p-oi36920128-xianyangzhiwuyuan,"

地址:
咸阳市秦都区河堤路(丽彩溪悦城东北侧约200米)

",咸阳植物园位于陕西省咸阳市，也是两寺渡公园中的园中园。这里植物丰富，鲜花竞开，是一处集观赏、教育、游乐、休闲等诸多功能为一体的植物园。,全年 06:01-22:00,,4.3,建议游览时间：1小时 - 2小时,,具体收费情况以现场公示为主,,9
李小超乡村记忆主题雕塑馆,http://travel.qunar.com/p-oi36857451-lixiaochaoxiangcunjiyi,"

地址:
咸阳市秦都区西宝高速咸阳西出口东100米两寺渡公园内


电话:
029-33337281

","李小超乡村记忆主题雕塑馆位于咸阳，这里的雕塑作品取材于喜闻乐见的乡村生活，真实地再现了黄土高原的生活场景。
",全年 周一 全天不开放 ;全年 周二-周日 09:00-18:00,,3.5,建议游览时间：2小时 - 3小时,,具体收费情况以现场公示为主,,9
明星书画艺术馆,http://travel.qunar.com/p-oi36855623-mingxingshuhuayishuguan,,,,,,,,,,9
农业科技展览中心高新技术展馆,http://travel.qunar.com/p-oi36852008-nongyekejizhanlanzhong,,,,,--,,,具体收费情况以现场公示为主,,10
兴宁陵,http://travel.qunar.com/p-oi36414251-xingningling,"

地址:
后排村北

",,全年 10:00-22:00,,5.0,,,具体收费情况以现场公示为主,,10
都之风文化广场,http://travel.qunar.com/p-oi36414034-douzhifengwenhuaguang,,,,,0.0,,,具体收费情况以现场公示为主,,10
古渡公园,http://travel.qunar.com/p-oi36413886-gudugongyuan,,,,,0.0,,,具体收费情况以现场公示为主,,10
昌隆佛学院,http://travel.qunar.com/p-oi36412979-changlongfoxueyuan,"

地址:
胡家庙乡寇北村

",,全年 09:00-17:00,,--,,,,,10
牛弘墓,http://travel.qunar.com/p-oi36412975-niuhongmu,,,,,0.0,,,,,10
泾干湖公园,http://travel.qunar.com/p-oi36412805-jingganhugongyuan,,,,,0.0,,,,,10
爷台山战地主题公园,http://travel.qunar.com/p-oi36412770-yetaishanzhandizhutigong,,,,,0.0,,,,,10
周康王陵,http://travel.qunar.com/p-oi36412350-zhoukangwangling,,,,,0.0,,,,,10
怡和公园,http://travel.qunar.com/p-oi36412166-yihegongyuan,,,,,0.0,,,具体收费情况以现场公示为主,,10
