名字,链接,地址,介绍,开放时间,图片链接,评分,建议游玩时间,建议季节,门票,小贴士,Page
云龙湖旅游景区Yunlong Lake,http://travel.qunar.com/p-oi7526901-yunlonghulu:youjingqu,"

地址:
徐州市云龙湖湖中路1号


电话:
0516-83960925,0516-83960208,0516-83960298


官网:
http://www.ylhfjq.com/

","云龙湖地处市区中心，湖东有云龙山，湖南有珠山，湖西有小长山和卧牛山。景区内湖波浩渺，山色叠翠，古往今来，吸引了众多游子。北宋文学家苏轼任徐州知府时即情钟此湖。如今的云龙湖，东湖游览区以水上活动和参观游览主为，西湖游览区以疗养度假为主，湖南则主要以娱乐及宾馆为主。另有儿童水上乐园、沙滩浴场、万人游泳场等。小南湖景区：小南湖景区内有一池二岛、三轩五园，整个景区水面精巧、环湖布景，以“江南园林”特色的会馆艺苑、水乡人家、小桥流水、名苑流香、荷塘鱼藕为主体景观，形成“静湖幽园”的中国古典人文及自然景观特色。水上世界：坐落在云龙湖湖心岛上，由水族馆、海洋剧场、海洋珍奇标本馆、4D动感电影组成。水族馆七个主题展区展示了来自世界各地的200多种10000余条珍贵鱼种，置身其中仿佛潜入一个扑朔迷离的水中世界。滨湖公园：坐落在云龙湖北岸，东接云龙山，西连韩山，南依云龙湖，北靠滨湖绿地，是一座带状生态园林公园，内有万人游泳场。滨湖新天地：位于云龙湖北大堤，由市民广场、步行街和艺术馆组成，是集休闲、娱乐、餐饮、购物等功能于一体的现代都市滨湖生态休闲文化场所。南湖水街：原名南湖别院，位于小南湖景区内的半岛上，北临风光秀丽的云龙湖，东望蜿蜒起伏的云龙山，古朴典雅的白墙黛瓦与碧水环绕的自然景观相依相映，景色雅致。主要建设内容分为两部分，一部分是商务会所，另一部分是企业会所,是融文化性、娱乐性、观赏性于一体的高档度假、餐饮、休闲娱乐消费街区。",全天开放；游船9:00-17:30,https://img1.qunarzz.com/travel/d6/1703/1c/f1b1a3cb581c1bb5.jpg_480x360x95_cf242989.jpg,4.7,建议游览时间：5小时 - 6小时,,"{'云龙湖旅游景区4人座电动自驾船票大小同价\n\n': ['¥118起'], '云龙湖旅游景区快艇门票大小同价\n\n': ['¥59起'], '云龙湖旅游景区画舫船票大小同价\n\n': ['¥59起']}",,1
龟山汉墓Guishan Han Dynasty Tombs,http://travel.qunar.com/p-oi702927-guishanhanmu,"

地址:
徐州市鼓楼区襄王北路3号


电话:
0516-85770107

",龟山汉墓是龟山景区的主要景点之一，为西汉第六代楚襄王刘注的夫妻合葬墓，由人工开凿的两条墓道和十五间墓室组成，此墓工程浩大，气势雄伟，实为罕见。尤其是至今尚未揭开的四大谜团，吸引着海内外无数游人。龟山汉墓依山为陵，完全是掏空山体而建。南为楚王刘注墓，北为其夫人墓，有南北两条甬道，是迄今世界上打凿精度最高的甬道。墓室十五间，由人工开凿而成，室室相通，主次分明；两甬道均由26块塞石分上下两层堵塞，每层13块，每块塞石重达6-7吨。最奇异的是，两甬道无限延伸后交汇于当时的首都长安。,8:30-17:00,https://img1.qunarzz.com/travel/d0/1608/9e/47a0646b08a590b5.jpg_480x360x95_17951d39.jpg,4.6,建议游览时间：1小时 - 2小时,,"{'龟山汉墓门票成人票\n\n': ['¥72起'], '龟山汉墓电子导览票大小同价\n\n': ['¥9起']}",,1
窑湾古镇Yaowan Ancient Town,http://travel.qunar.com/p-oi7468833-yaowanguzhen,"

地址:
徐州市新沂市窑湾镇


电话:
0516-88557679


官网:
http://www.ywgz.com/

",窑湾古镇国家4A级旅游景区，位于新沂市西南边缘，京杭大运河及骆马湖交汇处，与宿迁、睢宁、邳州三市县相连，是一座具有千年历史、闻名全国的水乡古镇。素有“东望于海，西顾彭城，南瞰淮泗，北瞻泰岱”之描述和“黄金水道金三角”、“苏北水域胜江南”之美誉及“小上海”之称。窑湾集古镇景观、水泊景观、名胜古迹、神话仙境于一体，具有很高的观赏、游览和历史研究价值。千年古镇窑湾历史文化悠久而灿烂。据典籍记载，这里，东周时属钟吾国辖地。秦汉时，作为军需品烧窑处。唐时，位于邳州、海州交界处，因周边窑多，故称窑湾。千年运河百道湾，黄金分割在窑湾；千年古槐，见证了古镇窑湾的兴衰；后院酱缸，雕琢着岁月久远的痕迹；老式建筑，散发出浓厚的文化气息。她像苏南的周庄有湖有水，水网相连；她又像山西的平遥，有着古老的街巷，文化相袭数千年。窑湾古镇人文历史景观厚重。古镇始建于唐朝初期，随着明清漕运和盐业的兴盛，昔日店铺栉比，商贾云集，街上行人如织，水上舟楫连绵。古镇中，城门、楼、店、院、宫、寺、庙、殿，自宋至清，代有营建。古老的街巷、宅院、会馆、作坊、商行、货栈、典当、码头等古镇昔日风貌仍基本犹存。       ,全年 09:00-17:00,https://img1.qunarzz.com/travel/d8/1508/cd/6ab8fc12c14b98.jpg_480x360x95_97789b1c.jpg,4.4,建议游览时间：4小时 - 5小时,,{'窑湾古镇导览服务成人票\n\n': ['¥0.7起']},,1
云龙山Yunlong Mountain,http://travel.qunar.com/p-oi707738-yunlongshan,"

地址:
徐州市泉山区和平路（徐州博物馆对面）


电话:
0516-83865118


官网:
http://www.xzyls.cn/

",云龙山山形蜿蜒如龙，因山上常有云雾缭绕而得名。云龙山虽然海拔只有142米，但文物古迹众多，历来是苏北的名胜。宋苏东坡在徐为太守时，常登山览胜，醉卧山石。他写并书《放鹤亭记》碑文现存山中。从北魏至近代，山上留有北魏时代的大石佛，唐宋摩崖石刻，宋代的放鹤亭、招鹤亭、饮鹤泉、张山人旧居；明代的兴化禅寺、清代的大士岩、山西会馆、船厅、御碑亭、碑廊等历史文物古迹。现在又修复和新建了幽邃轩、洞天小庐、跨云阁、云龙书院、杏花村、观景台、同心台等一大批历史景点。,7:00-21:00，21:00停止入场；以上信息仅供参考，具体以景区当日实际公示信息为准。,https://img1.qunarzz.com/travel/d2/1608/3b/fe2de6e77ef94cb5.jpg_480x360x95_fb06c370.jpg,4.6,建议游览时间：2小时 - 3小时,,"{'徐州云龙山索道门票成人票\n\n': ['¥40起'], '徐州云龙山索道门票儿童票\n\n': ['¥20起'], '云龙山手机智能导游讲解服务大小同价\n\n': ['¥10起']}",,1
徐州博物馆Xuzhou Museum,http://travel.qunar.com/p-oi706232-xuzhoubowuguan,,,,,,,,,,1
徐州汉文化景区Xuzhou Han Culture Scenic Spot,http://travel.qunar.com/p-oi706508-xuzhouhanwenhuajingqu,"

地址:
徐州市云龙区东三环兵马俑路1号


电话:
0516-83566263,0516-83167053


官网:
http://www.hwhjq.com/

",徐州汉文化景区距离徐州市区很近，其中汉兵马俑博物馆、水下兵马俑博物馆、汉画长廊、1995中国十大考古新发现之首狮子山楚王陵，被誉为“两汉三绝”，其他还有羊龟（鬼）山王后陵、刘氏宗祠、竹林寺等景点。在这里你可以一睹汉代楚王陵墓的内部构造，看楚王的地下部队兵马俑，探寻墓主神秘的身份之迷，如果你是汉代文化或《盗墓笔记》一类小说的粉丝，来这旅行最合适不过。景区有多个入口。东门进去是汉文化广场，有勺子形状的司南雕塑，两汉大事年表石刻，站立着的刘邦雕像等景点，再往里一点是王后陵。南门与西门间的兵马俑路上能看见楚王车马出行的雕塑，南门进去是狮子山楚王陵，陵前立着楚王骑着战马的雕像，西门进去是汉兵马俑博物馆。北门进去是竹林寺，但是北门附近没有公交到达。因为南门进去是最重要的景点，而且有多辆公交到达南门附近，所以一般从南门进景区开始参观。,4/1-10/31 09:00-17:00;11/1-3/31 08:30-16:30,https://img1.qunarzz.com/travel/d6/1711/eb/c5d0f23a69f45db5.jpg_480x360x95_96ef9214.jpg,4.5,建议游览时间：12小时 - 3天,,"{'徐州汉文化景区门票成人票\n\n': ['¥78.5起'], '汉文化景区电子讲解服务大小同价\n\n': ['¥0.5起']}",,1
淮海战役纪念馆Huaihai Battle Memorial Hall,http://travel.qunar.com/p-oi7588151-huaihaizhanyijinianguan,,,,,,,,,,1
狮子山楚王陵The Tomb of Chu King on the Shizi Mountain,http://travel.qunar.com/p-oi706114-shizishanchuwangling,"

地址:
徐州市云龙区兵马俑路1号


电话:
0516-83566263,0516-83167053

",狮子山楚王陵位于徐州市区以东4公里处，是汉文化景区内精华的景点。海拔54.3米的狮子山几乎被掏空，陵墓的宏伟气势可见一斑，而种种蛛丝马迹又显示出该墓尚未完工，墓主人的身份有点神秘，有可能是西汉第三代楚王刘戊（尚有争议），参与“七国之乱”兵败后，为不牵连家族被迫自杀，匆匆下葬。如果你是汉文化迷或“盗墓”迷，不妨来此一探究竟。从汉文化景区的南门进去，便是狮子山楚王陵，陵前立着楚王骑着战马的雕像。陵墓南北走向，进入墓中先看到的是位于南部的外墓道，长27.6米，...狮子山楚王陵位于徐州市区以东4公里处，是汉文化景区内精华的景点。海拔54.3米的狮子山几乎被掏空，陵墓的宏伟气势可见一斑，而种种蛛丝马迹又显示出该墓尚未完工，墓主人的身份有点神秘，有可能是西汉第三代楚王刘戊（尚有争议），参与“七国之乱”兵败后，为不牵连家族被迫自杀，匆匆下葬。如果你是汉文化迷或“盗墓”迷，不妨来此一探究竟。从汉文化景区的南门进去，便是狮子山楚王陵，陵前立着楚王骑着战马的雕像。陵墓南北走向，进入墓中先看到的是位于南部的外墓道，长27.6米，比起后面的墓道稍微开阔一些，沿着台阶不停向下，到两侧墙壁陡然变窄形成“一线天”的地方，就是中墓道了。中墓道长20.3米，东侧有一座侍奉楚王饮食的近臣陪葬墓。继续向北，是内墓道，长19.3米，上方天井通向山顶，当年工匠就是从天井挖进来修造楚王陵的。内墓道两侧共有3间耳室，东边的耳室是庖厨间，有两扇门，是所有墓室中大的一间，可以看到里面放置着古代厨具仿制品；西边靠南的耳室是贮藏礼器和兵器的御府库，出土过精美的金带扣；西边靠北的耳室是放沐浴器具的御府库。再往前，能看见主墓门，为了防止盗墓，当年用16块塞石封住，之前的三间耳室虽然幸免，可是主墓门后的其余墓室还是被盗了，据推测是王莽篡位时（公元8年左右）的一场大规模官盗。主墓门后是通往主墓室的甬道，长33.8米，两侧共有6间侧室，分别是钱库，放日常用具的御府库，放楚王国官印、金器的御府印库，嫔妃的陪葬墓室等。甬道尽头便是前堂，即主墓室，东侧原先摆放十分罕见的镶玉棺椁，挖掘楚王陵时主墓室出土过金缕玉衣，用4000多片上好的和田玉片制成，可惜金丝已被盗墓贼抽走。当然现在在墓室里看到的棺椁、金缕玉衣都是仿制品。后到达北端的后室，一定要注意一下这里粗糙的开凿痕迹，是陵墓还没完工的有力证明。后室中央立着根据楚王遗骨恢复出来的楚王雕像，两侧放置在此出土的编钟和编磬的仿制品，据推测这里可能是乐舞厅。游完狮子山楚王陵后，你还可以去看看汉文化景区内的汉兵马俑博物馆、水下兵马俑博物馆、汉画长廊，和楚王陵合为“两汉三绝”。因为狮子山楚王陵里的文物都是仿制品，觉得不过瘾，可以去徐州博物馆，不少墓中真迹在那能看到。,4月1日-10月31日8:30-17:00；11月1日-次年3月31日8:30-16:30。,https://img1.qunarzz.com/travel/d6/1801/7a/cdb1ff26199d16b5.jpg_480x360x95_dec8de96.jpg,4.5,建议游览时间：1小时 - 2小时,,{'徐州汉文化景区门票成人票\n\n': ['¥78.5起']},,1
徐州九顶山野生动物园,http://travel.qunar.com/p-oi38806341-xuzhoujiudingshanyesheng,, 徐州九顶山野生动物园位于徐州市睢宁县岚山镇九顶山山脉，依山傍水，独具自然风貌优势。度假区总占地面积 3600亩，总投资50亿元，分两期建设开发：一期有徐州九顶山野生动物园，占地2500亩左右；怡游国际大马戏，占地50亩左右；非洲草原树屋酒店，30客房+特色餐厅。二期有亲子研学乐园，占地430亩左右；动物主题野奢酒店，占地120亩左右；古邳传奇--两汉文化大型实景演出，占地200亩左右；两汉民俗古镇，占地约300亩左右。 ,,,4.0,,,,,1
水月禅寺Shuiyue Temple,http://travel.qunar.com/p-oi10024652-shuiyueshansi,"

地址:
徐州市睢宁县下邳大道（徐淮公路睢宁城西收费站北200米）


电话:
0516-68063553


官网:
http://www.shuiyuechansi.cn/

",水月禅寺位于白塘河湿地公园东南部，可由公园北大门进入，沿东侧环湖路前行寻访禅寺，亦可由湿地公园东大门进入，经一座拱桥进入水月广场。水月禅寺是在睢宁县地藏寺的基础上复建的，地藏寺坐落在睢宁县睢城镇境内，距今已有600多年历史，始建于明朝永乐年间，不幸毁于日寇侵华战争，几成一片废墟。改革开放后，地藏寺由于历年来当地党委及政府部门大力落实宗教政策，附近佛教徒及广大群众大力维护，又恢复旧貌。2010年10月，因天虹二期扩建，地藏寺迁建到白塘河湿地公园，园区内环境...水月禅寺位于白塘河湿地公园东南部，可由公园北大门进入，沿东侧环湖路前行寻访禅寺，亦可由湿地公园东大门进入，经一座拱桥进入水月广场。水月禅寺是在睢宁县地藏寺的基础上复建的，地藏寺坐落在睢宁县睢城镇境内，距今已有600多年历史，始建于明朝永乐年间，不幸毁于日寇侵华战争，几成一片废墟。改革开放后，地藏寺由于历年来当地党委及政府部门大力落实宗教政策，附近佛教徒及广大群众大力维护，又恢复旧貌。2010年10月，因天虹二期扩建，地藏寺迁建到白塘河湿地公园，园区内环境静谧秀美、曲径幽深，是寺院建设的圣地。因地藏寺迁建之处周边临水，又因佛学所称因、果、圆、缺的信仰似月亮，故地藏寺迁建后更名为“水月禅寺”。水月禅寺的建筑格调独具匠心，设计将佛教元素与现代建筑艺术达到了完美结合，打破传统寺庙建筑理念，形成别具特色的佛教道场。,7:00-17:00,https://img1.qunarzz.com/p/tts4/1801/7c/095e46b7cc116702.jpg_480x360x95_d7e75049.jpg,4.8,建议游览时间：3小时 - 5小时,,景区入园门票需提前预约,,1
徐州动物园Xuzhou Zoo,http://travel.qunar.com/p-oi10012560-xuzhoudongwuyuan,"

地址:
徐州市泉山区泰山路21-1


电话:
0516-83950021

",徐州动物园位于徐州市彭祖园的南部，曾经是江苏省第二大动物园。动物园区占地110亩，有造型迥异，风格不同的动物笼舍30余组，动物品种81种。每逢节假日，动物园都会举办大型动物演展活动，幽默风趣的动物表演，是游人与动物相互交流的一大品牌景观。徐州动物园饲养展出的国家保护动物有：东北虎、金钱豹、棕熊、黑熊、麋鹿、小熊猫、猕猴、蜂猴、梅花鹿、马鹿、牦牛、丹顶鹤、白枕鹤、蓑羽鹤、白鹤、灰鹤、红腹锦鸡、红腹角雉、白鹇、蟒等；饲养展出国外动物有非洲狮、斑马、鸵鸟、鸸鹋等，共80余种，800余只（头）动物。还曾经租借展出过大熊猫、亚洲象、袋鼠、黑猩猩、犀牛、北极熊、长颈鹿、河马、企鹅等珍稀动物。,全年 8:00-17:30,https://tr-osdcp.qunarzz.com/tr-osd-tr-manager/img/eb4db8b99d134a432c9d76a435c0b46c.jpg_480x360x95_2fff40bd.jpg,4.4,建议游览时间：1小时 - 2小时,,具体收费情况以现场公示为主,,2
徐州海底世界Xuzhou Underwater World,http://travel.qunar.com/p-oi10095069-xuzhouhaidishijie,,,,,,,,,,2
马陵山风景名胜区Maling Mountain Scenic Area,http://travel.qunar.com/p-oi706878-malingshanfengjingming,,,,,,,,,,2
彭祖园Pengzu Garden,http://travel.qunar.com/p-oi711730-pengzuyuan,"

地址:
徐州市泉山区泰山路


电话:
18952119231

",彭祖园，简称彭园，位于徐州云龙湖东边，西连云龙山，为纪念徐州的始祖彭祖所以名叫“彭祖园”。公园北部为福山，南部为寿山，山都不高，环境很好，绿树成荫，当地人常来此散步、爬山、放风筝，公园里还有徐州游乐园和徐州动物园，是孩子们的天堂。福山和寿山之间东西走向的道路贯通公园，东边通向东门，西边通向西门，在靠近西门的地方立着彭祖像，从哪一扇门进入公园都行，无特别的讲究。福山南麓有彭祖祠，可以祭拜彭祖，寿山顶有三层高的大彭阁。福山西边是秀气的不老湖，可以参观下不老湖北端的徐州名人馆，里面介绍了彭祖、徐偃王等徐州名人。带小孩的游客不妨去东门南边的徐州游乐园，里面的过山车、碰碰车等游乐设施需另外付费。还可以去公园南端的徐州动物园，需另买门票，动物园不算小而且动物也不少，还有动物表演可看。彭祖园的植被也是公园的一大亮点，梅园又名俏春园，位于彭祖园西门与动物园之间，冬天可赏梅。而有盛名的要属彭祖园的樱花，樱花林景区在公园的北端，福山北麓有中日友好友谊樱花林，规模不是很大，但不影响3月-4月花开时的绝美。,夏季（5月1日-9月30日）7:00-18:00；冬季（10月1日-次年4月30日）7:30-17:30，具体开放时间详见景区公示。,https://img1.qunarzz.com/travel/d5/1807/49/338b2a108990c9b5.jpg_480x360x95_c7c9e0ae.jpg,4.5,建议游览时间：2小时 - 3小时,,景区免费进入，景区内其他景点或项目需收费，彭祖园游乐场门票成人票140元，详情可电话咨询景区。,,2
徐州市回龙窝历史文化街区Huilongwo Historical and Cultural Block in Xuzhou City,http://travel.qunar.com/p-oi32839489-xuzhoushihuilongwolishi,,徐州市回龙窝历史文化街区是一个仿古建筑的老街，有许多小吃，商业氛围较浓。,,https://tr-osdcp.qunarzz.com/tr-osd-tr-manager/img/31830c8c8877c458e37c461a9a218108.jpg_480x360x95_b99fabed.jpg,4.6,建议游览时间：2小时 - 3小时,,具体收费情况以现场公示为主,,2
户部山Hubu Mountain,http://travel.qunar.com/p-oi10006697-hubushan,,,,,,,,,,2
云龙公园Yunlong Park,http://travel.qunar.com/p-oi716413-yunlonggongyuan,"

地址:
徐州市和平路150号


电话:
0516-85694094

","云龙公园有盆景园、知春岛、荷花厅水榭、假山花廊、花圃、游乐区6个景区。园内以水域为中心，亭台楼阁各胜其妙。知春岛景区，因多植迎春、春梅等早春花木，故名。景区内主要建筑燕子楼为古代徐州五大名楼之一。传说是唐代名妓关盼盼居住之地，在这里演绎忠贞不渝的凄美爱情故事，白居易曾有“燕子楼中霜雪夜，秋来只为一人长”的诗句。历代文人如苏轼、文天祥、陈师道、阎尔梅等都有咏怀燕子楼的作品。元、明、清的戏剧和小说亦有许多描写关盼盼独居燕子楼的作品。盆景园，又名""以林""，是盆景专类园。园中陈列和展出的3000余件具有浓厚地方特色的盆景作品。荷花厅水榭区由茶社水榭、长廊、平台组成，此处凭榭东望，潋滟湖水映衬着树木葱绿的云龙山景，山光水色令人陶醉；假山花廊位于南湖临水半岛上，由大假山、花廊、花坛组成。公园南部为花圃，有龙柏、园柏、水杉、紫藤、剑麻、月季等植物100余种。游乐区在公园北部，设有海陆空电动游戏机、碰碰车，""洞天福地""等多种游艺设备及湖面游乐项目。该区东北隅有一土丘，丘上松柏苍翠，古意幽幽，相传为西汉王陵母墓。",全年 8:30-17:00,https://img1.qunarzz.com/piao/fusion/1511/d5/36b5252721b9abf7.jpg_480x360x95_5e5b85ea.jpg,4.7,建议游览时间：1小时 - 2小时,,{'云龙公园手机智能导游讲解服务大小同价\n\n': ['¥5起']},,2
汉兵马俑博物馆Han Dynasty Terracotta Warriors Museum,http://travel.qunar.com/p-oi715377-hanbingmayongbowuguan,"

地址:
徐州市云龙区兵马俑路1号


电话:
0516-83167053


官网:
http://www.xzhbmy.com/

",徐州汉兵马俑博物馆是中国遗址性博物馆。汉兵马俑博物馆改扩建工程从2004年10月开始动工，博物馆面积在原有基础上增加了5000多平方米。改扩建后的博物馆不仅建筑风格具有浓郁的历史文化气息，而且增加了一个军事展厅和一个临时展厅。军事展厅有500多平方米，主要陈列一些汉代兵器、兵马俑的军阵及演变过程；临时展厅主要用来临时展览一些从外地兄弟单位引进的古代文物。狮子山兵马俑，不仅数量众多，而且种类繁多，显示出丰富的内容：有博袖长袍的官员俑、冠帻握兵器的卫士俑、执长器械的发辫俑、足登战靴和抱弩负弓的甲士俑等十余种。狮子山兵马俑既是汉代的艺术珍品，又是徐州作为军事重镇的历史见证，不仅对研究汉代雕塑艺术有极高的价值，对于研究汉代社会生活、丧葬制度、军制战阵都有着同样的价值。,8:30-16:30（16:00停止售票）。,https://img1.qunarzz.com/travel/d9/1703/fc/bc53a302aadb2bb5.jpg_480x360x95_7508cd8e.jpg,4.3,建议游览时间：2小时 - 3小时,,包含在徐州汉文化景区门票内，通用于徐州汉文化景区门票。,,2
"中央电视台外景基地徐州汉城Xuzhou Han City, CCTV's Exterior Base",http://travel.qunar.com/p-oi713526-zhongyangdianshitaiwai,"

地址:
徐州市鼓楼区汉城路1号


电话:
0516-85771073

",中央电视台外景基地一处典型的再现汉代风格的大型仿古建筑群，由汉宫、相府、汉阙、钟室及藏书阁等组成。,08:00-19:00,https://img1.qunarzz.com/travel/d6/1702/8c/b0509c8ebd0f76b5.jpg_480x360x95_9521035b.jpg,3.5,建议游览时间：12小时 - 3天,,具体收费情况以现场公示为主,,2
淮海战役烈士纪念塔‎园林Huaihai battle martyrs memorial tower,http://travel.qunar.com/p-oi706409-huaihaizhanyilieshiji,"

地址:
徐州市泉山区解放南路2号


电话:
0516-83843254,0516-83867162

",淮海战役烈士纪念塔园林位于徐州云龙湖东边约3公里处，游客来此可缅怀先烈、了解淮海战役历史。园区里的主要建筑有一座淮海战役烈士纪念塔和三座纪念馆，三座纪念馆分别是淮海战役纪念馆新馆、徐州国防教育馆（抗日战争纪念馆）、淮海战役纪念馆老馆。园林内的纪念馆周一闭馆，不过园林周一是开放的，所以周一也能游览园林，只是纪念馆不能参观而已。园林主要有三个大门，南门、东门和北门。要参观纪念馆的话，可以凭身份证等有效证件在各大门发票处领取免费参观票，到了馆门口需要安检，打火机等不能带入馆内。由南门进入往东行是淮海战役纪念馆新馆，馆内介绍淮海战役的过程，每个故事下都有相关的文物陈列，其中位于全馆中心的360度全景画馆不容错过，周围一圈的战争场景非常逼真。由南门进入往西行是国防教育馆（抗日战争纪念馆），门口停着飞机、大炮，馆内介绍武器的发展、徐州人民抗日的事迹和徐州会战的历史。由淮海战役纪念馆新馆往北行，是淮海战役纪念馆老馆，建成于1965年，顶覆琉璃瓦，现已不对外开放，只能在外面看看。往园区的西北部走，也就是东门进来笔直往西走，便能到达淮海战役烈士纪念塔，塔高38.15米，塔底刻满烈士的名字。园区内的其他景点还有淮海战役纪念碑林等。因为整个园区类似大公园，绿化很好，晚上也有当地老人在园里散步。,全年 周二-周日 09:00-17:00;全年 周一 全天不开放,https://img1.qunarzz.com/p/tts8/1806/b9/7175e9cc957a3902.jpg_480x360x95_39f61cc0.jpg,4.7,建议游览时间：1小时 - 2小时,,{'淮海战役烈士纪念塔园林电子讲解票大小同价\n\n': ['¥9起']},,2
徐州民俗博物馆Xuzhou Folk Custom Museum,http://travel.qunar.com/p-oi706726-xuzhouminsubowuguan,"

地址:
徐州市云龙区户部山崔家巷2号


电话:
0516-83800265,0516-83805809,0516-83820966


官网:
http://www.xzmsbwg.com/

",徐州民俗博物馆坐落在江苏省徐州市历史名山户部山上，依明清古民居而设，是一座以收藏、展示、研究徐州地区民俗文物及民俗文化为主的专题性博物馆。博物馆分徐州古民居展示、生产和生活展示、婚嫁和生育展示、民间艺术和工艺展示、地方戏曲和曲艺展示以及民俗、民风、民间绝活演展等六大部分。其中古民居中的鸳鸯楼建筑在全国独树一帜。馆内还设有茶艺室、棋牌室、民间工艺品小卖部，并提供传统的婚礼、寿礼、送粥米服务。,全年 9:00-16:30,https://img1.qunarzz.com/travel/poi/1803/bf/fec1f4a8270d8337.jpg_480x360x95_73d4b41a.jpg,4.4,建议游览时间：1小时 - 2小时,,"{'徐州民俗博物馆门票成人票\n\n': ['¥25起'], '徐州民俗博物馆门票老人票\n\n': ['¥12起'], '徐州民俗博物馆门票学生票\n\n': ['¥12起']}",,3
黄楼huang lou,http://travel.qunar.com/p-oi711256-huanglou,,"在徐州市区古黄河畔，矗立着一座双层飞檐的仿古高楼。这就是1988年修复的黄楼，历史上的黄楼是900年前徐州知府苏轼率领徐州军民战胜洪水之后，于宋神宗元丰年（1078年）八月在徐州城东门之上建造的。因为土能克水，所以涂上黄土，取名黄楼。黄楼内有许多碑刻，其中有名的要数苏辙撰写，苏轼亲笔所书的《黄楼赋》。""黄楼赏月""亦成为徐州古八景之一。 ",,https://img1.qunarzz.com/travel/poi/1803/c0/017ac03633f3d637.jpg_480x360x95_cb933cad.jpg,4.6,建议游览时间：2小时,,,,3
徐州汉画像石馆Xuzhou Art Museum of Han Stone Gravings,http://travel.qunar.com/p-oi707040-xuzhouhanhuaxiangshiguan,"

地址:
徐州市泉山区湖东路汉画像石馆


电话:
0516-85690228,0516-5690889


官网:
http://hhxs.xz.gov.cn/

",徐州汉画像石艺术馆位于云龙湖东岸，分南馆和北馆两个馆。南馆是新馆，靠近云龙山索道下站，具有现代化的外观；北馆是旧馆，外观仿唐宋建筑。汉画像石是汉代地下墓室、墓地祠堂、墓阙和庙阙等建筑上的画像石刻，南馆和北馆中展出了数百件汉画像石，刻画手法古朴浑厚，内容涉及神话传说、历史故事、现实生活等方方面面，一定会让人文爱好者大呼“过瘾”。北馆（旧馆）展出的主要是清代末年至1989年的汉画像石，这些汉画像石镶嵌在长廊和7个展室内。其中第一展室的炎、黄帝升仙图，第二...徐州汉画像石艺术馆位于云龙湖东岸，分南馆和北馆两个馆。南馆是新馆，靠近云龙山索道下站，具有现代化的外观；北馆是旧馆，外观仿唐宋建筑。汉画像石是汉代地下墓室、墓地祠堂、墓阙和庙阙等建筑上的画像石刻，南馆和北馆中展出了数百件汉画像石，刻画手法古朴浑厚，内容涉及神话传说、历史故事、现实生活等方方面面，一定会让人文爱好者大呼“过瘾”。北馆（旧馆）展出的主要是清代末年至1989年的汉画像石，这些汉画像石镶嵌在长廊和7个展室内。其中第一展室的炎、黄帝升仙图，第二展室内目前发现的汉画像石中时代早的西王母图象，第三展室的纺织图，第四展室的迎宾宴饮图，第五展室的泗水捞鼎图，第七展室内在历史课本上出现过的牛耕图等，都是不容错过的精品。南馆（新馆）展出的是1900年后新收藏的汉画像石，分六大部分。“神道天路”展出的是陵墓神道两边的石刻，“承天敬祖”展出祠堂石刻，“天工神韵”指具有艺术性、构图上有创意的汉画像石，“汉石春秋”展出的汉画像石内容再现了汉代社会生活的各个方面，“千秋地宫”展出的是墓地里的石刻，“碑刻题记”展出的是徐州出土的汉代刻字石碑。如果你对汉画像石感兴趣，在艺术馆的汉画商店里可以买到汉画像石拓片，以留作纪念，拓片较贵，至少两、三百元。,全年 周二-周日 09:00-17:00;全年 周一 全天不开放,https://img1.qunarzz.com/travel/d2/1602/1a/b7106ae23a7daaf7.jpg_480x360x95_dc17a3c9.jpg,4.7,建议游览时间：3小时,春秋。春秋季节绿树成荫、百花齐放，整体建筑廊房相连，白墙、黛瓦、赭柱，与山石峭壁、松林绿叶相映，将建筑与自然融为一体，别有一番滋味。,观众凭身份证领取参观券进入。,,3
回龙窝,http://travel.qunar.com/p-oi29540929-huilongwo,,,,,--,,,,,3
银杏湖玻璃栈道Ginkgo Lake Glass Road,http://travel.qunar.com/p-oi10070757-yinxinghubolizhandao,,银杏湖玻璃栈道位于邳州市银杏湖上。栈道浮于水库之上，与橡胶坝相融合。透明的玻璃在枣红色的格木衬托下更显明亮，游人走在玻璃栈道上可以看见下方清澈的湖水。沿着栈道远远望去，湖畔的花海极为惊艳，为这里的景色更添一缕浓重的色彩。,,https://tr-osdcp.qunarzz.com/tr-osd-tr-manager/img/5b0feb660f8a2aeff03911d8ab6dc88a.jpg_480x360x95_5d102a36.jpg,4.4,建议游览时间：1小时 - 3小时,,具体收费情况以现场公示为主,,3
大运河da yun he,http://travel.qunar.com/p-oi10010876-dayunhe,"

地址:
徐州市邳州市京杭运河(沿河路南200米)

",京杭运河邳州段沿线水面宽阔、鱼虾丰富、环境优美，两岸植被茂盛，景色怡人。沿途历史文化古迹众多。运河流域共有古迹遗址及文物点116处，其中有名的有6000多年前的大墩子遗址、新石器时期大汶口文化系统的刘林遗址、春秋时期的梁王城遗址以及战国时期的九女墩古墓群。运河沿线还蕴藏着大量的古生物化石，1988年考古学家在这里发掘的一对古象牙，距今已有40万年，是亚洲纳玛象象牙化石。此外，从这些遗址中还出土了一万多件精美的彩陶铜器、玉器、陶器等文物。溯水而上，沿途可以看到几座造型各异的大桥，与千年古运河交相辉映，形成崭新的人文景观。陇海铁路桥像一个钢铁巨人屹立在河面上，电影《大决战》、《车轮滚滚》里的一些精彩的镜头就是在这里取的景。,全年 全天开放,https://tr-osdcp.qunarzz.com/tr-osd-tr-manager/img/d4213706d2923d009d4c60909c588d62.jpg_480x360x95_c811a3f4.jpg,4.6,建议游览时间：1小时,,具体收费情况以现场公示为主,,3
徐州植物园Xuzhou Botanical Garden,http://travel.qunar.com/p-oi10008417-xuzhouzhiwuyuan,"

地址:
徐州市鼓楼区平山路3号


电话:
0516-85656668,0516-82166106,0516-82166116

",徐州植物园位于二环北路北侧、九里山南、平山路东，此次对原苗圃内道路、绿化进行改造，同时建设花卉交易中心、服务中心和温室自然生态馆等。植物园按功能分为5大区：植物专类园区、树木园区、盆景园区、观赏温室科普教育区、花卉交易展示区。其中植物专类园以北方特色的蔷薇科植物为主，同时有木樨园、禾草园、柏类园、彩叶园、水生植物园、药用植物园等多个小园区。走进温室生态馆大门，只见东区栽植了很多高大的热带、亚热带植物，有高山榕、橡胶榕、盆架木、皇后葵、南阳盈、万寿果、鸡蛋花、榕柳、杨桃……不仅很多树种本地很少见到，就连名称很多人也是第一次听说。 温室自然生态馆西北侧是沙生植物区，有两三米高的佛肚树、非洲霸王树、武轮柱狼牙棒，矮的有金星、大凤龙、南美翁、沙漠玫瑰，还有奇形怪状的贝信麒麟、铜绿麒麟、人参大戟、膨珊瑚等。,全天开放；温室馆9:00-16:30。,,4.4,建议游览时间：1小时 - 2小时,,具体收费情况以现场公示为主,,3
泉山森林公园Quanshan Forest Park,http://travel.qunar.com/p-oi10006695-quanshansenlingongyuan,"

地址:
徐州市泉山区三环南路259号


电话:
0516-83796666,0516-83797692

",泉山森林公园是1992年经国家林业部门批准的徐州环城国家森林公园的主要风景旅游公园，称为国家森林公园的“掌上明珠”。泉山公园内有五座山峰，所以又称“五老峰”，为徐州高峰，可远眺市区全景。公园森林茂密，生物资源丰富，有植物590种，动物200多种。野生动植物相映成趣，具有“绿、奇、秀、静”的特色。主要景观有：绵羊石坡、世外桃源、银杏园、牡丹园、藤蔓谷等。园内还有全国较大的鸟园——鸟悦园，所有鸟类均为散养。园中有国内和世界各地珍奇鸟类150余种，设有人鸟对话、鸟艺表演、孔雀东南飞等表演项目。,8:00-18:00,https://mp-commentcp.qunarzz.com/mp_comment_mp_comment/1563132816787100t16000000zlpz6F0D4_D_640_10000.jpg_480x360x95_bed9ddaf.jpg,4.6,建议游览时间：2小时 - 3小时,,{'泉山森林公园手机智能导游讲解服务大小同价\n\n': ['¥5起']},,3
潘安湖国家湿地公园Pan'an Lake Wetland Park,http://travel.qunar.com/p-oi9202101-pananhuguojiashidigong,"

地址:
徐州市贾汪区310国道与徐贾快速通道交汇处


电话:
0516-69820606,0516-85529380,400-106-1998


官网:
http://www.pananhu.cn/

","潘安湖国家湿地公园位于徐州市区东北20多公里处，是一个由采煤塌陷区改造的湿地公园，经过数年打造，已成为国家湿地公园，4A级景区。公园内拥有大片湖面，水草丰茂，湖中坐落着一座座小岛，岛上种有各种花草树木，春天百花齐放，夏天荷花、睡莲盛开，秋季池杉红遍。这里很适合周末休闲游，沿着湖边的栈道走走，吹吹湖风、拍拍照，非常舒服。潘安湖国家湿地公园主入口在310国道上，进入后便是主岛，主岛有路与陆地相连。主岛东边为枇杷岛，西边为哈尼岛，主岛上分别有路和两者相连。主...潘安湖国家湿地公园位于徐州市区东北20多公里处，是一个由采煤塌陷区改造的湿地公园，经过数年打造，已成为国家湿地公园，4A级景区。公园内拥有大片湖面，水草丰茂，湖中坐落着一座座小岛，岛上种有各种花草树木，春天百花齐放，夏天荷花、睡莲盛开，秋季池杉红遍。这里很适合周末休闲游，沿着湖边的栈道走走，吹吹湖风、拍拍照，非常舒服。潘安湖国家湿地公园主入口在310国道上，进入后便是主岛，主岛有路与陆地相连。主岛东边为枇杷岛，西边为哈尼岛，主岛上分别有路和两者相连。主岛上面酒店、餐厅、商业街齐全。主岛拥有大假山，池杉林栈道，中心花坛、儿童乐园、小沙滩等景点及娱乐设施。也是观赏湿地公园自然景观的地点。主岛面积较大，为方便游客游览方便快捷，目前提供景区入口处至码头电瓶车接送（需另购票），另外景区内还有摇撸船，电瓶小游船，自助助力车租赁，客人可根据具体情况选择。主岛有画舫游船通往潘安水镇及鸟岛。潘安水镇上有仿古街道、仿古建筑、寺庙，是看民俗文化的地方,展现北方水镇青砖黛瓦建筑风格，又不失南方水镇的温婉娇柔，水镇商铺林立，还有古装汉风馆，可以袭一身汉服，体验一把穿越之旅。鸟岛上有小朋友喜欢的天鹅、鹦鹉、孔雀、鸵鸟、火鸡、羊驼等众多奇珍异兽。主岛池杉林为湿地保育区，每年只有10月11月开放，为游客展现池杉林秋红的魅影。池杉林保育区有池杉林栈道，吊脚楼，砖窑，四合院等景观小品。主岛上有潘安湖假日酒店，可提供住宿、餐饮、会议等服务，酒店装修典雅轻奢。潘安水镇有客栈民宿集群，以四合院的形式存在，可以定单间，也可包院，环境优美。",9:00-17:30,https://img1.qunarzz.com/travel/poi/1604/50/2b09bb73778d1f7.jpg_480x360x95_d49c6ab5.jpg,4.2,建议游览时间：2小时 - 3小时,,"{'潘安湖湿地公园门票成人票\n\n': ['¥19.9起'], '潘安湖湿地公园门票学生票\n\n': ['¥10起'], '潘安湖鸟岛动物园门票成人票\n\n': ['¥50起']}",,3
珠山公园zhu shan gong yuan,http://travel.qunar.com/p-oi8451124-zhushangongyuan,,珠山景区位于徐州市云龙湖西部珠山脚下，环绕整个珠山山脉，总占地面积80公顷，工程全长3.6公里，总投资2亿元，由市政园林局负责实施。整个工程自2011年3月19日开工建设，历时一年于2012年“五一”全面竣工。本工程以道教文化为核心，以徐州丰县籍道教创始人张道陵仙路历程（得道、修炼、斗法、立教、升天）为主线，设有鹤鸣台、百草坛、天师广场、创教路、神道、天师岭、辅元广场等景点，来展示道家文化。同时充分注重人的参与性与融入性，以植物配植进行合理的空间布局和动静分区，特色鲜明，基础设施完备，是集休闲、生态、自然为一体的开放式主题性景区。,,https://img1.qunarzz.com/travel/poi/1507/28/ecdac9da4a91de.jpg_480x360x95_9100b920.jpg,4.8,建议游览时间：1小时 - 2小时,,具体收费情况以现场公示为主,,3
蟠桃山佛教文化景区Pantao Mountain Buddhist Cultural Scenic Area,http://travel.qunar.com/p-oi7647400-pantaoshanfojiaowenhua,,,,,,,,,,4
戏马台Ximatai Ruins,http://travel.qunar.com/p-oi708482-ximatai,"

地址:
徐州市云龙区户部山项王路1号


电话:
0516-83827740

",戏马台是徐州现存早的古迹之一。公元前206年，盖世英雄项羽灭秦后，自立为西楚霸王，定都彭城，于城南里许的南山上，构筑崇台以观戏马，故名戏马台。戏马台依山岗地形，逐步上递，错落有致。历代在台上营建了不少建筑物，诸如台头寺、三义庙、名宦祠、聚硅书院、耸翠山房、碑亭记等。戏马台北侧有曲廊、追胜轩、集萃亭和系马桩、鸟骓槽等景点。曲廊内嵌有历代文人雅士吟咏戏马台的诗词石刻50余通。戏马堂是主殿，堂周环以回廊，24根丹柱绕堂排立，四壁为雕花窗棂。堂中屏风为“秋风戏...戏马台是徐州现存早的古迹之一。公元前206年，盖世英雄项羽灭秦后，自立为西楚霸王，定都彭城，于城南里许的南山上，构筑崇台以观戏马，故名戏马台。戏马台依山岗地形，逐步上递，错落有致。历代在台上营建了不少建筑物，诸如台头寺、三义庙、名宦祠、聚硅书院、耸翠山房、碑亭记等。戏马台北侧有曲廊、追胜轩、集萃亭和系马桩、鸟骓槽等景点。曲廊内嵌有历代文人雅士吟咏戏马台的诗词石刻50余通。戏马堂是主殿，堂周环以回廊，24根丹柱绕堂排立，四壁为雕花窗棂。堂中屏风为“秋风戏马”图；反映当年项羽在虞姬陪侍下，观看士卒驰马操练的场景。东配殿的壁画，由144块大小不等的正方形和长方形砖坯雕刻烧制而成，长9米，高2米。项庄舞剑画面，描述了当年鸿门宴的紧张气氛。西配殿为一大型壁画，勾勒了兵败垓下后霸王诀别爱姬的离愁场景。由于戏马台地势较高，登台四眺，古城尽入眼帘，所以也是徐州市区观景的好地方。,全年 08:30-17:00,https://img1.qunarzz.com/travel/d4/1702/79/f95e5cb8dff64ab5.jpg_480x360x95_a719640d.jpg,4.4,建议游览时间：1小时 - 2小时,,{'戏马台电子讲解票大小同价\n\n': ['¥2.5起']},,4
彭城广场Pengcheng Square,http://travel.qunar.com/p-oi704175-pengchengguangchang,,"彭城广场由中心广场、副广场和南广场三个部分组成。广场按""鼎""字形分割绿地，""鼎""的四只脚为伸向四方的游览道，""鼎""身用安溪红、太行红花岗岩铺装成象棋盘，象征着徐州自古为兵家必争之地。",,https://img1.qunarzz.com/travel/poi/201211/15/36b39e246e483062ddb12cfb.jpg_480x360x95_6d9616a5.jpg,4.3,建议游览时间：1小时 - 2小时,,具体收费情况以现场公示为主,,4
滨湖公园Xuzhou Binhu Park,http://travel.qunar.com/p-oi722407-binhugongyuan,"

地址:
韩山路与湖北路交叉口


电话:
051683960925

",滨湖公园座落于徐州市区南部秀美典雅的云龙湖风景区内，它东依人文历史悠久的云龙山，西接绵延不绝的韩山，南壤碧波万顷的云龙湖（滨湖公园由此得名），北依座拥163万人口的徐州市区，自然条件得天独厚，置身公园如人在画中。滨湖公园全长4038米，宽140米，占地面积约800亩。公园以回归自然为主题，分为东西两园，东园以动为主，集休闲旅游与健身娱乐为一体；在青草茵茵与绿树掩映之间人工作品与自然景观浑然一体，各景点高低跌宕，错落有致，游乐设施新奇刺激，极富动态之美，绿化总面积达75%以上西园以静为主，欧式建筑和中式园林有机融合，相得益彰，散发独特魅力，绿化总面积达90%以上。,全年 全天开放,https://img1.qunarzz.com/travel/d3/1702/52/fbf53ac6a6ce03b5.jpg_480x360x95_128296f6.jpg,4.7,建议游览时间：1小时 - 2小时,,具体收费情况以现场公示为主,,4
古黄河公园gu huang he gong yuan,http://travel.qunar.com/p-oi703426-guhuanghegongyuan,"

地址:
黄河南路81号


电话:
87636924

",,全年 8:00-18:00,https://flight-feed.qunarzz.com/as3/180/image/poi_vishnu/b9a01e04-9e9f-4d14-948d-e77759d47dbe.jpg,4.4,,,具体收费情况以现场公示为主,,4
快哉亭公园Kuaizaiting Park,http://travel.qunar.com/p-oi712060-kuaizaitinggongyuan,,快哉亭公园面积宽广，林木茂盛，园内有亭楼、逍遥堂等仿古建筑，也有凉亭、水榭、曲桥、荷塘等景点，景色优美。,,,4.4,建议游览时间：2小时 - 3小时,,,,4
徐州电视塔,http://travel.qunar.com/p-oi715158-xuzhoudianshita,,1990年建成的徐州电视塔塔楼，采用直径21m单层联方型全球网壳，并采用地面组装、整体提升到99mm设计标高就位的施工安装方法。,,,2.0,,,,,4
徐州老东门时尚街区Xuzhou Old Dongmen Fashion Street,http://travel.qunar.com/p-oi5362517-xuzhoulaodongmenshishang,"

地址:
徐州市云龙区淮海东路104号


电话:
0516-83615551

",徐州老东门位于淮海东路104号，解放前是国民军军部，后成为驻徐某集团军军部。城墙遗址、碉堡、军部大门、民国礼堂……徐州老东门留下的文化符号复合了上世纪不同时期、不同风格的建筑。红砖青瓦，鱼鳞松、香樟树、法国梧桐，绿树成荫，彭城徐州近现代的“历史符号”藏于其中，军部的哨岗亭依然保存完好。多数建筑是解放前，少数建筑史解放后新建的。在徐州打造东部CBD时老东门成为发展“月光经济”的中心区之一，打造徐州的“APM24”时尚街区成为徐州东大门的主要任务。东大门作为“开放式的博物馆”，重现民国风韵和海派文化，同时要配合淮海东路CBD的整体风貌。,全年 全天开放,https://img1.qunarzz.com/travel/d3/1506/ed/032d8f651aaada.jpg_480x360x95_2b32e2c0.jpg,4.3,建议游览时间：2小时 - 3小时,,具体收费情况以现场公示为主,,4
辛山山体公园,http://travel.qunar.com/p-oi40011134-xinshanshantigongyuan,,辛山山体公园位于徐州市鼓楼区，随处可见的樱花树，绚烂多彩的樱花，是人们赏花的好地方。,,,--,,,,,4
苏轼纪念馆,http://travel.qunar.com/p-oi39874619-sushijinianguan,,,,,0.0,,,具体收费情况以景区现场公示为主,,4
山西会馆,http://travel.qunar.com/p-oi39874438-shanxihuiguan,,,,,0.0,,,,,5
云龙山风景区-云龙书院,http://travel.qunar.com/p-oi39874243-yunlongshanfengjingqu,,,,,0.0,,,具体收费情况以景区现场公示为主,,5
徐州小桂林,http://travel.qunar.com/p-oi39708356-xuzhouxiaoguilin,,,,,0.0,,,,,5
石头部落,http://travel.qunar.com/p-oi39590393-shitoubuluo,,,,,0.0,,,,,5
宝莲寺,http://travel.qunar.com/p-oi39583894-baoliansi,,,,,0.0,,,,,5
徐州银山大裂谷,http://travel.qunar.com/p-oi39583840-xuzhouyinshandaliegu,,,,,0.0,,,,,5
第十三届中国国际园林博览会（徐州）,http://travel.qunar.com/p-oi39522341-dishisanjiezhongguoguo,,,,,0.0,,,,,5
徐州园博园,http://travel.qunar.com/p-oi39514243-xuzhouyuanboyuan,,园博园的十大场馆建筑群，以及十大国际展园，总建筑面积约9.58万㎡，由6名院士4位大师聚智打造。,,,4.7,建议游览时间：4小时 - 6小时,,,,5
桃花源湿地公园,http://travel.qunar.com/p-oi39439960-taohuayuanshidigongyuan,,,,,0.0,,,,,5
潘安湖乐园,http://travel.qunar.com/p-oi39414857-pananhuleyuan,,摩天轮，大摆锤，小朋友大朋友都能玩,,,0.0,,,,,5
天融·山水间旅游风景区,http://travel.qunar.com/p-oi39414625-tianrongshanshuijianlu:,,山水间位于徐州市贾汪区大洞山旅游度假区，依山傍水，环境秀美，交通便利，可谓是贾汪旅游度假区的集大成者。,,,0.0,,,,,6
迷马水库,http://travel.qunar.com/p-oi39366345-mimashuiku,,,,,0.0,,,,,6
白家桥,http://travel.qunar.com/p-oi39317794-baijiaqiao,,,,,0.0,,,,,6
燕桥,http://travel.qunar.com/p-oi39317781-yanqiao,,,,,0.0,,,,,6
徐州城下城遗址博物馆,http://travel.qunar.com/p-oi39160262-xuzhouchengxiachengyi,,,,,0.0,建议游览时间：1小时 - 2小时,,10元,,6
秋水湾,http://travel.qunar.com/p-oi38942024-qiushuiwan,,,,,5.0,,,,,6
淮海战役总前委群雕,http://travel.qunar.com/p-oi38932102-huaihaizhanyizongqian,,,,,0.0,,,,,6
淮海战役烈士纪念塔-淮海战役碑林,http://travel.qunar.com/p-oi38930950-huaihaizhanyilieshiji,,,,,0.0,,,,,6
津浦铁路抗战殉难员工纪念碑,http://travel.qunar.com/p-oi38928001-jinputielukangzhanxun,,,,,0.0,,,,,6
圣泉湖风景区,http://travel.qunar.com/p-oi38853816-shengquanhufengjingqu,,,,,--,,,具体收费情况以现场公示为主,,6
蘑菇岭,http://travel.qunar.com/p-oi38691901-moguling,,,,,--,,,具体收费情况以现场公示为主,,7
水善汇,http://travel.qunar.com/p-oi38672140-shuishanhui,,水漾年华汗蒸生活广场由水漾年华酒店投资管理有限公司斥资约3000万元精心打造的沛县大型绿色温泉汗蒸旗舰店，坐落于红光路与汤沐路交界处剑桥商业中心1－3楼，大型免费停车场，营业面积近8000平米。由国内设计师以现代中式轻奢风格结合健康消费理念精心设计，是一家集温泉洗浴、休闲汗蒸、大型演出、百味自助餐、多功能娱乐区、儿童游乐场、超大型儿童水上乐园、国风窑洞、足道养生、SPA按摩等为一体的综合性温泉汗蒸生活广场,,,5.0,,,,,7
金地儿童成长中心游乐场,http://travel.qunar.com/p-oi38633411-jindiertongchengzhang,,"金地儿童成长中心游乐场位于徐州，里面有海洋球和滑滑梯等玩乐项目，非常适合带孩子来玩。
",,,0.0,建议游览时间：2小时 - 3小时,,具体收费情况以现场公示为主,,7
月亮湾生态庄园,http://travel.qunar.com/p-oi38627415-yueliangwanshengtaizhuang,,,,,0.0,,,,,7
丰县博物馆,http://travel.qunar.com/p-oi38624681-fengxianbowuguan,,,,,0.0,,,具体收费情况以现场公示为主,,7
大沙河镇,http://travel.qunar.com/p-oi38337377-dashahezhen,,,,,--,,,具体收费情况以现场公示为主,,7
禹王山抗日阻击战遗址纪念园,http://travel.qunar.com/p-oi38157078-yuwangshankangrizujizhan,,禹王山抗日阻击战遗址纪念园位于邳州市戴庄镇禹王山上，占地247亩，由清华大学建筑设计院负责设计，是徐州乃至苏北地区面积、保存抗战遗址。禹王山主峰海拔124.6米，西控运河，北临台儿庄，是周边地区制高点，战略位置十分重要。1938年4月22日—5月19日，国民革命军第60军在军长卢汉的指挥下，奉命在以禹王山为中心的邳北地区阻击日军，重创日军较精锐的两个师团，掩护第五战区数十万部队实施战略转移，为部署抗战初期关键大会战“武汉保卫战”赢得了宝贵时间。第60军为此付出了巨大牺...禹王山抗日阻击战遗址纪念园位于邳州市戴庄镇禹王山上，占地247亩，由清华大学建筑设计院负责设计，是徐州乃至苏北地区面积、保存抗战遗址。禹王山主峰海拔124.6米，西控运河，北临台儿庄，是周边地区制高点，战略位置十分重要。1938年4月22日—5月19日，国民革命军第60军在军长卢汉的指挥下，奉命在以禹王山为中心的邳北地区阻击日军，重创日军较精锐的两个师团，掩护第五战区数十万部队实施战略转移，为部署抗战初期关键大会战“武汉保卫战”赢得了宝贵时间。第60军为此付出了巨大牺牲，阵亡13869人、失踪430人、负伤4545人，其中连排级以上官佐178人。禹王山抗日阻击战遗址纪念园包括战地遗址、纪念广场、纪念馆、纪念亭、禹王园、鉴湖等设施，被列入第二批公布的抗战纪念设施、遗址名录，是徐州市抗战纪念遗址。,,,0.0,建议游览时间：12小时 - 3天,,,,7
张良殿景区,http://travel.qunar.com/p-oi38157043-zhangliangdianjingqu,,"在古邳丰富的旅游发展资源中，张良殿是其中最具历史文化内涵，圯桥以张良进履而名扬华夏，留侯以佐汉功高永垂千古。张良,字子房，刘邦的首席军师，汉初三杰之一，封留侯。张良的祖父、父亲共担任韩国五代国王的相国。秦灭韩国后，张良为报答韩国的厚恩，用尽全部家财，聘请刺客，行刺秦始皇。失败后，为躲避通缉逃到下邳隐藏，后在圯桥巧遇黄石公，得到《太公兵法》（也就是圯桥进履的故事）。公元前209年，陈胜、吴广在大泽乡起义，张良积极响应，巧遇刘邦，自此张良成为刘邦的重要谋士，为汉朝的建立贡献了巨大的功绩，被刘邦誉为“运筹于帷幄之中，决胜于千里之外”的汉初三杰之一。今人为了纪念先人张良，在张良进履的原址上重建了一座的圯桥，并建了一处留侯祠，亦曰“张良殿”。圯祠构成圯园风景区，集观赏、娱乐、学习与一体，不仅是一幅人文学的历史长卷，而且是新时代人才教育的基地，具有浓厚的历史气息和强烈的时代色彩。2012年，张良殿景区成功创建国家AA级景区。",,,0.0,建议游览时间：1小时 - 2小时,,,,7
刘沙坡,http://travel.qunar.com/p-oi38042502-liushapo,,,,,--,,,具体收费情况以现场公示为主,,7
墨上集民俗文化园,http://travel.qunar.com/p-oi38035611-moshangjiminsuwenhuayuan,"

地址:
徐州市贾汪区龙山路


电话:
18361207440

",,全年 09:00-20:00;全年 09:00-17:00,,0.0,,,,,7
成山,http://travel.qunar.com/p-oi38034733-chengshan,,,,,--,,,具体收费情况以现场公示为主,,8
黄河故道,http://travel.qunar.com/p-oi38034596-huanghegudao,,,,,4.7,,,具体收费情况以现场公示为主,,8
淮海花博园,http://travel.qunar.com/p-oi38019498-huaihaihuaboyuan,"

地址:
江苏省徐州市铜山区北三环大周屯海淮花博园


电话:
18052138111

",徐州北区一处漂亮的花海，近看花海小湖，远看夕阳高铁,全年 08:30-18:00,,0.0,建议游览时间：2小时 - 3小时,,,,8
卡依萌宠乐园,http://travel.qunar.com/p-oi38018897-kayimengchongleyuan,"

地址:
徐州市泉山区地铁一号线人民广场站内


电话:
14752216325,18352213030

",卡依萌宠乐园沉浸室场景，60+种国内外网红小动物，多个互动区域让宝贝可以零距离接触另外还有萌宠展览，科普运动会，寓教于乐，简直是孩子们的天堂，300㎡儿童乐园，淘气堡、沙池、大型乐高···让遛娃不再头疼！,全年 09:30-20:30,,--,建议游览时间：3小时 - 4小时,,,,8
汉城公园,http://travel.qunar.com/p-oi38017885-hanchenggongyuan,,,,,--,,,具体收费情况以现场公示为主,,8
哈尼鹿梦幻王国,http://travel.qunar.com/p-oi38009619-hanilumenghuanwangguo,,,,,,,,,,8
华山水世界亲子探险乐园,http://travel.qunar.com/p-oi37997738-huashanshuishijieqinzi,"

地址:
徐州市丰县322省道华山水世界北门旁


电话:
18914807778

",华山水世界亲子探险乐园攀、爬、玩、乐在这里样样都有，除了适合孩子的游乐设施餐饮区、家长舒适休闲区...各种能想到的这里都有！超多无动力设施各异的卷曲弧度孩子们攀爬穿梭，不仅好玩还能锻炼勇敢无畏的精神连大人看了都忍不住跃跃欲试！眼一闭一滑就完了！,全年 10:00-16:30,,5.0,建议游览时间：3小时 - 4小时,,,,8
贾汪恐龙园,http://travel.qunar.com/p-oi37799505-jiawangkonglongyuan,"

地址:
江苏省徐州市贾汪区山水大道26号


电话:
4008596858

",贾汪恐龙园区以仿真恐龙、传统彩灯为核心，努力打造仿真活体恐龙（动物及昆虫）研发展示中心。园区规划包含恐龙博物馆及前期生产车间、教育科普馆、彩灯文化馆、果蔬植物馆、标本展示馆、儿童体验馆、DIY手工馆、恐龙狩猎场等。这些恐龙模型都是由该园区独立自主创新制作而成。,全年 09:00-17:30,,0.0,建议游览时间：2小时,,,,8
大吴街道滨河公园,http://travel.qunar.com/p-oi37532384-dawujiedaobinhegongyuan,,,,,0.0,,,具体收费情况以现场公示为主,,8
大风歌广场,http://travel.qunar.com/p-oi37532235-dafenggeguangchang,,,,,0.0,,,,,8
老街坊文玩街,http://travel.qunar.com/p-oi37198860-laojiefangwenwanjie,,,,,0.0,,,具体收费情况以现场公示为主,,9
徐州市防空防灾科普馆,http://travel.qunar.com/p-oi37190714-xuzhoushifangkongfang,,,,,0.0,,,具体收费情况以现场公示为主,,9
马场湖公园,http://travel.qunar.com/p-oi37190021-machanghugongyuan,,,,,0.0,,,,,9
滨河天地城市公园,http://travel.qunar.com/p-oi37189997-binhetiandichengshigong,"

地址:
青年路汉锦城

",,全年 全天开放,,0.0,,,具体收费情况以现场公示为主,,9
睢宁公园,http://travel.qunar.com/p-oi37189770-suininggongyuan,,,,,5.0,,,,,9
徐州城墙博物馆,http://travel.qunar.com/p-oi37189756-xuzhouchengqiangbowuguan,,徐州城墙博物馆内的城墙有六百多年的历史，为明代遗存，博物馆分为地上和地下两层，其中，在地下博物馆内，有古代历史沿革、古城的历史和古城墙遗址等内容的介绍。,,,5.0,建议游览时间：2小时 - 3小时,,具体收费情况以现场公示为主,,9
徐州红枫公园,http://travel.qunar.com/p-oi37189663-xuzhouhongfenggongyuan,,徐州红枫公园位于邳州市，枫叶变红，满地落叶是秋日独有的魅力，随手一拍就是大片。园区中还有一个户外大草坪，特别适合野餐，嬉戏。,,,0.0,建议游览时间：1小时 - 2小时,,,,9
徐州人民广场,http://travel.qunar.com/p-oi37183473-xuzhourenminguangchang,,,,,0.0,,,具体收费情况以现场公示为主,,9
沙虎山公园,http://travel.qunar.com/p-oi37183142-shahushangongyuan,,,,,0.0,,,具体收费情况以现场公示为主,,9
云龙法制公园,http://travel.qunar.com/p-oi37183028-yunlongfazhigongyuan,,,,,0.0,,,具体收费情况以现场公示为主,,9
滨河公园,http://travel.qunar.com/p-oi37182755-binhegongyuan,,,,,0.0,,,具体收费情况以现场公示为主,,10
铜山县规划展示馆,http://travel.qunar.com/p-oi36832372-tongshanxianguihuazhan,,,,,0.0,,,具体收费情况以现场公示为主,,10
九凤园·,http://travel.qunar.com/p-oi36414187-jiufengyuan,,,,,0.0,,,具体收费情况以现场公示为主,,10
大成山,http://travel.qunar.com/p-oi36413937-dachengshan,,,,,0.0,,,具体收费情况以现场公示为主,,10
果树盆景艺术园,http://travel.qunar.com/p-oi36413870-guoshupenjingyishuyuan,,,,,,,,,,10
沭河之光,http://travel.qunar.com/p-oi36413695-shuhezhiguang,,,,,0.0,,,,,10
烤古地铜山万达金街,http://travel.qunar.com/p-oi36413587-kaoguditongshanwandajin,,,,,5.0,,,具体收费情况以现场公示为主,,10
佛手山公园,http://travel.qunar.com/p-oi36413534-foshoushangongyuan,"

地址:
大学路

",,全年 全天开放,,4.0,,,具体收费情况以现场公示为主,,10
丁万河水利风景区,http://travel.qunar.com/p-oi36413235-dingwanheshuilifengjing,,,,,0.0,,,具体收费情况以现场公示为主,,10
淮海战役碾庄战场,http://travel.qunar.com/p-oi36412674-huaihaizhanyinianzhuang,,,,,0.0,,,,,10
