名字,链接,地址,介绍,开放时间,图片链接,评分,建议游玩时间,建议季节,门票,小贴士,Page
徽杭古道Huihang Ancient Road,http://travel.qunar.com/p-oi7468885-huihanggudao,"

地址:
安徽省宣城市绩溪县伏岭镇江南村


电话:
400-806-2889,0563-8155777


官网:
http://www.huihanggudaolvyou.com/

",徽杭古道全长15公里，它连接着安徽绩溪县的伏岭镇和浙江临安市的马啸乡，是古时候连接徽州和杭州的重要运输通道，而如今已经成为了初级徒步者的天堂。而这条古道保存较完整的一段则是绩溪县境内的盘山石阶小道，它位于古道起始一段，也是徽杭古道的精华所在。而徒步古道的较好季节是3月下旬，此时满山的杜鹃花盛开，非常好看。游玩推荐徒步古道建议从绩溪县进，临安市出，因为古道沿途几个较好的景点都在绩溪县境内。虽然有徒步者一天走完全程，但是这样会错过很多景点，体会不到沿途风景，比较好的方式建议在古道中段住宿一晚。徒步古道要先坐车至绩溪县伏岭镇的鱼川村（古道的入口），当天的上午开始在此进入古道，此处就是盘山石阶小道，这里的手机信号非常弱，几乎处于与世隔绝的状态。过了入口途中会先经过逍遥河水电站，一路沿着石阶向上攀爬，沿途的左手边是陡峭的石壁，春天会有流水从石壁中渗出，右手边则是悬崖，对面的山峰造型奇特，不妨留意一下，像人脸。爬过长长石阶小道，便来到了关门。关门是由4根岩石构成，门楣上刻有几个大字。在关口东侧有一个依山修建的拱形石亭，过往行人可在此避雨休息。过了关门之后没有了石阶路，但还需继续往上爬，而且路比较窄，午餐需自备，在这段路上吃，因为这段山路上没有任何地方吃饭。之后继续走，下午左右便可来到黄茅培村，建议可以在此多休息一会。之后离开黄茅培村继续往前走，走过一段平地后会有两条岔路，两条路都可以走，大路比较绕，也不太好走，但小路更具有挑战性。走小路的话，走过一段独木桥，继续往上爬，山坡比较陡而且没有台阶，约走半个小时左右便可来到了下雪堂，这里也是当天晚上住宿所在地。需提一下的是，来此徒步的游客当天晚上住宿有两个选择，一就是在此找当地人家的农舍，二则是自带帐篷在此或者再走一个小时去蓝天凹安营扎寨。次日一早从此出发继续往上爬，这一段路程相对也较为吃力，爬一个多小时左右可以抵达蓝天凹，这里也是整个古道中较美的一处景点，也是徽杭古道的较高点。蓝天凹是古道中自然风景较美的地方，也是清凉峰主道的入口。这里是一块较为平缓的山坡，坐在山坡上可以一览周围群山景色。过了蓝天凹便是下山的路，走到永来村，就是古道的终点，双休日可以在此坐班车前往昌化汽车站。住宿当晚可以住在下雪堂，这里有逍遥人家、水云间和雪堂小院三户农家，都是新房子，比较干净。蓝天凹是农家搭建的木头房间，可住宿，也可搭帐篷露营，且帐篷店家有出租。,全年 08:00-16:30,https://img1.qunarzz.com/travel/d7/1708/17/420ae1d79a4fb9b5.jpg_480x360x95_78567942.jpg,4.6,建议游览时间：6天,,"{' 徽杭古道门票\n\n': ['¥58起'], '徽杭古道电子导览服务大小同价\n\n': ['¥9起']}",,1
月亮湾,http://travel.qunar.com/p-oi705632-yueliangwan,"

地址:
安徽宣城泾县蔡村镇大康村

",驱车而至，扑面而来的是阵阵清风，夹杂着翠竹的清香；闯入眼帘的是巍巍青山，静静流淌的小河；耳旁是一片的静谧，只偶尔闻得远处传来的船工号声……月亮湾，美在自然，美在自然的景观、自然的山水。这里还被多家电影制片厂选为外景拍摄基地，《渡江侦察记》、《月亮湾的笑声》、《月亮湾的风波》等优秀影视作品都曾在此拍摄外景。,8：00~17：00,https://img1.qunarzz.com/travel/d2/1503/10/3852acb438a3dd.jpg_480x360x95_6c26c201.jpg,4.1,,,"成人62元/位,儿童40元/位",,1
储家滩Chujiatan,http://travel.qunar.com/p-oi23344562-chujiatan,,储家滩位于素有“国家水利景区”“国家森林公园”之称的青龙湾下游的青龙乡龙阁村，距离宁国市区约16公里，依山傍水，风景宜人，烟雨朦胧，十里画廊，不仅是旅游、露营的好地方，还是摄影爱好者和影视制作团队的创作和取景之地，更是皖南“川藏线”上的一颗璀璨的明珠。,,https://tr-osdcp.qunarzz.com/tr-osd-tr-space/img/7f784115f4322ddab6bf54f6370db593.jpg_480x360x95_2bc89a24.jpg,4.3,建议游览时间：12小时,,具体收费情况以现场公示为主,,1
江南第一关Jiangnan First Pass,http://travel.qunar.com/p-oi703662-jiangnandiyiguan,"

地址:
宣城市绩溪县伏岭镇江南村


电话:
400-806-2889,0563-8155777

",江南第一关位于绩溪县伏岭镇，海拔424米，是当年徽商古道的重要关隘。关脚有岩口亭，依山傍水，景致清幽，亭门上书“径通江浙”四个魏体大字。出亭后拾级而上，高峰巨岩，南北夹峙，怪石嶙峋，峭壁峻立；北岩的石壁之中，用人工凿开横档，嵌入长约2米的花岗石板，筑成栈道。石栈宛若天梯，向上伸展，直插白云深处。天梯顶端，一孔云天，即为江南第一关隘口。从关脚到顶，有石阶1400级，其关之险要于此可见。关口垒石为门，楣石东刻“徽杭锁钥”，西刻“江南第一关”。人立关口，风吻耳际，远山如球，举目回望，怪石森森，向下眺视，逍遥河咆哮其中，水声如雷，慑人心魄。,8:00-18:00,https://img1.qunarzz.com/travel/d5/1501/2e/f716633f6726a4.jpg_480x360x95_721d49ac.jpg,4.1,建议游览时间：1小时,,{' 徽杭古道门票\n\n': ['¥58起']},,1
敬亭山Jingting Mountain,http://travel.qunar.com/p-oi710218-jingtingshan,"

地址:
宣城市宣州区昭亭北路敬亭山东大门广场


电话:
0563-2515505


官网:
http://www.xcjts.com.cn

",敬亭山位于宣城市中心以北5公里处，主峰一峰海拔317米，谢脁、李白等文人为它留下许多诗篇，其中以李白的“相看两不厌，只有敬亭山”最为出名。外地人来此为了追寻李白足迹；当地人则喜欢来爬山，大片的茶园和竹林带来了清新空气，站在山顶俯看山下的视野也很好。公交都停在昭亭北路靠近水阳江大道的敬亭山东大门广场（停车场）附近，广场上能看见两座牌坊和一尊李白雕像，这里距正式登山的台阶路尚有2公里，所幸沿途风景值得驻足。经过东大门广场边上的敬亭湖，沿平整的公路北行200米，便能看到广教寺双塔，古寺已不复存在，只留下一对微微倾斜的砖塔，它们是敬亭山的地标，建于北宋绍圣3年（公元1096年）。继续往北，路边都是茶园，还能看到板栗树，到达敬亭广场，便算到达了正式登山的道口。与敬亭广场隔太白湖相望的是现代新建的弘愿寺，仿唐代建筑风格，非常气派。自驾游客不用把车停在遥远的东大门广场，敬亭广场可以停车，弘愿寺门口也有停车场。弘愿寺旁有上山的盘山公路，但是路不好走，景区是禁止自驾车上山的。敬亭山上面有不少岔路，路口都有指示牌，敬亭广场-太白独坐楼这一段景点最集中，爬上去约需30分钟-50分钟。拾级而上，先看见古昭亭坊，该石牌坊始建于明代，清咸丰二年（公元1852年）重修，它的名字和敬亭山原名昭亭山或许有些渊源。再往上，青翠可爱的竹林立于山道旁，依次会看到皇姑泉（相思泉）、玉真公主雕像和墓志，若感兴趣，可事先在网上了解一下公主和李白的爱情传说。经过绿雪茶社后遇岔路，往左去翠云庵，往右去太白独坐楼，两条路会在不远处交汇，一般游客到太白独坐楼即折返下山。若继续向西北攀爬1小时，可到达主峰一峰；若由太白独坐楼向东北攀爬1小时，则可到达高度仅次于主峰的净峰，上有望江亭。云桥靠近望江亭，是用木条铺成的栈道，走在上面能俯看宣城、农田和水阳江。不论爬到山的哪里，下山时走敬亭山东大门方向，从那里出景区即可。敬亭山平日游人不多，但节假日游人很多。想要避开人群并另辟蹊径，非常推荐冬天雪后来游览，整座山万籁俱静，对着空山大喊一声，竹叶上的雪会扑簌簌地往下落，别有趣味。古昭亭坊下方的古昭亭茶社提供需付费的餐饮，吃完再在竹林环抱的露天茶座喝一壶敬亭绿雪茶，十分惬意。弘愿寺可以挂单，免费住宿，免费吃素斋，斋堂旁打开水也免费，但是必须跟随寺院修行，每天4:30就要打板起床了。,8:00-17:30,https://tr-osdcp.qunarzz.com/tr-osd-tr-space/img/053efc6658b24a5831d6e0e5a5bd8dd5.jpg_480x360x95_89c304ab.jpg,4.4,建议游览时间：3小时 - 4小时,,30元,,1
查济Chaqi,http://travel.qunar.com/p-oi714071-chaji,"

地址:
安徽省宣城市泾县城西60公里处


电话:
0563 599 5299


官网:
http://www.zhajijingqu.com/

",查济距东边李白写下“桃花潭水深千尺”的桃花潭约20多公里，游客常把两者放在一起游览。这座建于唐初的徽派古村，自始祖查文熙定居于此开始，一直聚居着查姓家族。岑溪、许溪、石溪三溪在村中汇流，白墙黑瓦的徽派建筑沿溪而建。村中祠堂众多，建筑上的徽派三雕砖雕、木雕、石雕很是精美。随处可见的来写生的学生，也是一道靓丽的风景。查济的主要游览路线呈环形，主入口在东边，步行街（新街）入口的皖南查济艺术博物馆珍藏着玉器、古建筑构建、碑刻等丰富文物，若不赶时间，可参观一下。走过步行街，就算正式进村。建议先游览环线的南半圈，因为南边许溪沿岸的景点比较集中。清同治年间重建的宝公祠（敦素堂）位于许溪东段，这里会遇到一条往西南方向的岔路，有两座重要的建筑在路深处。先到达德公厅屋，这是全村最古老的屋子，建于元代，大门的模样别出心裁，是一块牌坊，大厅里的柱子用珍贵的楠木制成。接着到达明代的爱日堂，鬼片《荒村客栈》里的客栈便是它了，可惜虽然号称是村中保存最完整的宅第，如今却不对外开放。返回宝公祠，沿许溪向西游览，记得留意溪上一座座造型各异的古桥，明代的红楼桥一侧有红楼亭，桥与亭的组合很独特。参观了洪公祠等景点后，若继续西行，可以到达画家村，因许多画家在此盖起了自己的作画基地而得名，《生活启示录》里胡歌的老家便在附近，名叫悦桂山庄。最后走环线的北半圈，有清代的馀庆堂、明代的翔义堂等景点，其中二甲祠是全村最大的祠堂，建于清初，建筑上的徽派三雕非常值得一看。快回到步行街时不要漏掉不起眼的药铺存仁堂，老板是很懂中医的高手。常规玩法大致如此，若喜欢野趣，可以从存仁堂到步行街的路上找到去青山的岔路，翻一道山岭拜访青山塔，闻满山的云雾茶香；也可以沿查济小学-发丰井-麟趾桥进行半山漫步；还可以登东南边的如松山，拜访如松塔；或者骑行到东北5公里处的厚岸，参观王稼祥故居纪念馆，沿途饱览田园风光，自行车在步行街上或一些客栈里能租到。这些线路若不知道具体怎么走，问问当地人即可。食宿在查济非常便利，吃饭可在客栈解决，毛豆腐、茶、桂花米酒、秋天的板栗和猕猴桃，都是当地特产。村子深处的住宿条件相对简单，不过风景好。村口的步行街住了不少学生，年轻人在一起很容易聊得欢畅，街上还有台球、网吧、KTV等简易的娱乐活动。村中一些客栈在高处设有观景台，如果不住宿，上楼拍照需要额外付费，比如口碑不错的广源楼，据说查济的宣传照就是在他家拍的。,8:00-17:00,https://img1.qunarzz.com/travel/d5/1512/1b/986cad19ee0f35f7.jpg_480x360x95_1768c996.jpg,4.4,建议游览时间：3小时 - 4小时,,"{'查济古村门票成人票\n\n': ['¥60起'], '查济古村门票优待票\n\n': ['¥32起'], '桃花潭门票+查济门票成人票\n\n': ['¥98起']}",,1
龙川风景区Longchuan Scenic Area,http://travel.qunar.com/p-oi713792-longchuanfengjingqu,"

地址:
宣城市绩溪县龙川村中央


电话:
0563-8315763,0563-8315766


官网:
http://www.longchuanly.com/

",龙川，又名坑口，位于绩溪县以东11公里处，是座典型的徽派村落，村庄呈南北走向的船形。村中聚居胡氏家族，开宗始祖可追溯至东晋散骑常侍胡焱，历代人杰辈出。龙川虽属宣城，但离宣城远，离黄山市区近，约70公里，所以还是从黄山市区出发比较方便。村中有小溪横穿，马头墙下是临溪伸出的美人靠，石头台阶一直延伸进溪里，村妇依旧在溪水里洗衣服，岁月在这里流淌得很慢。村南的看点在于奕世尚书坊，它是建于明嘉靖四十一年（公元1562年）的正宗古物，除却牌坊上精美的石雕，文徵明手迹“奕世尚书”和“奕世宫保”弥足珍贵。和奕世尚书坊隔溪相望的是为明代副都御史胡宗明而建的都宪坊。村北的看点胡氏宗祠是全村的精华所在，始建于宋，明嘉靖年间胡宗宪大修该祠，建筑上的木雕非常精美。正厅一扇扇门窗上的荷花，正厅上首一扇扇门窗上的鹿，以及后进门窗上的各个花瓶，都无一雷同，仔细看有一扇门窗的荷花下还躲藏着螃蟹，寓意“和谐”。更有意思的是，胡氏宗祠的旁厅里有一丁氏宗祠，据说因为龙川像船，而“丁”字像铁锚，船有了锚才能在港口停靠，于是特意从外村请来一位丁姓到这里定居。村中其他还可以参观下灵山庵、介绍胡宗宪身平的胡宗宪少保府纪念馆等景点，村子不大，转一圈基本景点都能玩到。村子东北首的龙须山可以爬，每年4月，来龙川可赏油菜花。距龙川风景区仅200米的胡宗宪尚书府不属于景区，需另付门票，但非常值得过去一观。尚书府极其庞大宏伟，鼎盛时曾七世同堂，宅子里犹如迷宫，绣楼、戏园、私塾、医馆一应俱全，胡宗宪家族在过去足不出户就能上私塾、看大戏、请郎中……位于龙川东北的太极湖村也是可一并游览的景点，以砖雕门楼著称，在龙川可坐当地人的小客车前往。龙川开发得比较成熟，村内商铺、农家乐都有。可以在村中的小餐馆品尝下当地美食，比如胡氏一品锅，铁锅中铺一层肉、一层豆腐包、一层鸭肉等等，层数越多越好，温火炖熟后烂而不化，还有竹笋、绩溪火腿都很棒，小商贩售卖的木槌糖、烧饼则可以买来边逛边吃。若要买纪念品，龙川竹刻还不错。村中有农家乐能住宿，但是在村中留宿的游客不多，回到绩溪县住也是可以的。,8:00-17:00,https://img1.qunarzz.com/travel/d5/1701/84/b800146c00e2b2b5.jpg_480x360x95_9a9e2df4.jpg,4.3,建议游览时间：12小时,四季皆宜。每年4月来龙川可赏油菜花。,"{'龙川风景区门票成人票\n\n': ['¥64起'], '龙川风景区门票优待票\n\n': ['¥39起'], '龙川风景区门票双人票\n\n': ['¥129起']}",1、距龙川风景区仅200米的胡宗宪尚书府不属于景区，需另付65元门票，但非常值得过去一观。尚书府极其庞大宏伟，鼎盛时曾七世同堂，宅子里犹如迷宫，绣楼、戏园、私塾、医馆一应俱全，胡宗宪家族在过去足不出户就能上私塾、看大戏、请郎中。位于龙川东北6公里的太极湖村也是可一并游览的景点，以砖雕门楼著称，在龙川可坐当地人的小客车前往。2、龙川开发得比较成熟，村内商铺、农家乐都有。可以在村中的小餐馆品尝下当地美食，比如胡氏一品锅，铁锅中铺一层肉、一层豆腐包、一层鸭肉等等，层数越多越好，温火炖熟后烂而不化，还有竹笋、绩溪火腿都很棒，小商贩售卖的木槌糖、烧饼则可以买来边逛边吃。若要买纪念品，龙川竹刻还不错。村中有农家乐能住宿，但是会在村中留宿的游客不多，回到绩溪县住也是可以的。3、龙川的风水，徽派三雕（砖雕、木雕、石雕）的细致处自己看不一定了解得全面，建议在景区门口的售票处请个导游，30元讲解一次。,1
谢朓楼Xietiao Building,http://travel.qunar.com/p-oi7642396-xietiaolou,"

地址:
宣城市宣州区锦城北路116号

",谢朓楼位于宣城市区，系南齐著名诗人谢朓任宣城太守时所建。谢月兆于南齐明帝建武年间（公元494年-496年）出任宣城太守，于城关陵阳山顶建造一室取名曰“高斋”，在任期间理事、生活于此。      唐初，宣城人为怀念谢朓，于“高斋”旧址，新建一楼，因楼位于郡治之北，取名“北楼”，又因该楼建成时，敬亭山已经扬名，登楼可眺望敬亭山，故又称为“北望楼”。唐代李白曾多次来宣城，登此楼凭吊，赋诗抒怀。《秋季登宣城谢朓北楼》诗脍炙人口，千古传唱。诗曰：“江城如画里，山晚望晴空。两水夹明镜，双桥落彩虹。人烟寒橘柚，秋色老梧桐。谁念北楼上，临风怀谢公。”由于李白之诗广为传颂，故该楼又被称为“谢公楼”、“谢朓楼”。此后在楼的周围建有条风、清署、迎春、观风、双溪、怀谢等亭阁。历代文人名士慕名而来，登楼观赏者络绎不绝，赋诗题咏者难以计数。      唐代白居易曾随长兄白幼文寓居宣城并作有《窗中列远岫》一诗，抒发登此楼的观感。该诗被当时的宣歙观察使所知，大为赞赏，并举荐其赴京应试，得中为第四名进士，从而步入仕途。直至他晚年还作有《寄题郡斋》诗曰：“……无复新诗题壁上，虚教远岫列窗间。再喜宣城章句动，飞觞遥贺敬亭山。”      唐咸通末年（874年），御史中丞兼宣州刺史独孤霖将北楼改建，因其地势高且险，崖叠如嶂，故题名“叠嶂楼”，并作记以志。明嘉靖年间知府方逢时重修，并复名“高斋楼”，也作题记。清康熙四十年（1701年）知府许廷式重新修葺，并说：“叠嶂之名以地命也，谢公之称以人传也。北楼为古今所共知，而人而地并在其中矣。”遂题名曰：“古北楼”。清光绪初，知府鲁一员，重修一新。修整后的北楼分上下两层，上圆下方，全木结构，顶盖琉璃瓦，四边飞檐翘角。上层题额曰“叠嶂楼”，围以木栏杆，下层题为“谢朓楼”，四方置屏风门。楼基周围有历代诗文碑刻和修楼碑记。      抗日战争时期（1937年）该楼被日机炸毁。现已复建如初，重现昔日风采。      谢朓楼与岳阳楼、黄鹤楼、滕王阁并称为江南四大名楼。,8:00-18:00,https://img1.qunarzz.com/travel/poi/1503/1c/f5383ba3c6e9f9.jpg_480x360x95_f3537d62.jpg,4.4,建议游览时间：1小时,,具体收费情况以现场公示为主,,1
桃花潭Taohuatan (“Peach Blossom Pool”),http://travel.qunar.com/p-oi713553-taohuatan,"

地址:
宣城市泾县桃花潭镇


电话:
0563-5870418，0563- 5024118

",桃花潭位于泾县西南约40公里处的桃花潭镇，因李白在此写下“桃花潭水深千尺，不及汪伦送我情”而闻名。桃花潭镇古称南阳镇，桃花潭其实是青弋江的一段，东岸的陈村与西岸的万村隔潭相望，这两座徽派古村算不上精致，却有一种沧桑的美。老街上铺着不规则的鹅卵石，两侧墙壁斑驳，一旦穿过狭窄的老街，见到豁然开朗的清澈潭水，令人惊喜。游览指南因为桃花潭客运站在东岸，一般游客会从陈村开始游览桃花潭，客运站北边150米便是景区的游客服务中心，由此进入景区。首先看到高三层的清代文昌阁，若逢3、4月，沿路都是盛开的油菜花。接着到中华第一祠（翟氏宗祠），翟氏是村中大姓，祠堂始建于明代，前后三进规模庞大，建筑材料采用珍贵的楠木、汉白玉，祠堂里挂着不少御赐匾额。沿着鹅卵石老街前行，经过南阳镇门楼才算真正进入了陈村，街边有一些小铺子和古玩店。老街的尽头是高两层的踏歌岸阁，可以攀登，楼阁旁的“梦潭轩”古文物陈列馆收藏着石碑、木雕等文物。穿过踏歌岸阁的门洞，桃花潭便在眼前，对岸的垒玉墩和怀仙阁倒映水中。东园古渡即指坐渡船，摆渡到对岸时可以留意一下垒玉墩下的书板石，一层层岩石犹如书页。小丘垒玉墩不高，所以登临上面的怀仙阁便很轻松，阁楼上视野 ，能将桃花潭和陈村尽收眼底。然后逛逛西岸的万村，万村比陈村更为陈旧，只有靠近码头的桃潭西岸门楼和 形义门有模有样。万村的其他景点还有采（彩）虹桥、传说中汪伦用来邀请李白的“万家酒店”遗址、现代新修的汪伦墓等。无论是走查济、桃花潭一线的游客，还是走太平湖、桃花潭一线的游客，都建议最后回到桃花潭，在景区内住一晚，因为桃花潭的傍晚与清晨才是 的。傍晚在踏歌岸阁正好能看到西边桃花潭的日落；清晨潭面雾气弥漫，挽着青山，朦胧了小舟，像一副水墨画，5、6月看到晨雾的概率会更大些。桃花潭食宿不用担心桃花潭的食宿，在景区里当地人开的农家菜馆或者客栈都能解决吃饭问题，菜肴以土鸡、河虾、冬笋等乡村土菜为主。,7:30-17:30,https://flight-feed.qunarzz.com/as3/180/image/poi_vishnu/847af8fe-f22f-46c2-9f7d-3ec6421e3c1c.jpg,4.3,建议游览时间：3小时 - 4小时,,"{'桃花潭+竹筏观光漂流门票团队票\n\n': ['¥110起'], '桃花潭+游船门票成人票\n\n': ['¥10起'], '桃花潭+游船门票优待票\n\n': ['¥32起']}",,1
云岭新四军军部旧址Yunling New Fourth Army Military Ruins,http://travel.qunar.com/p-oi702063-yunlingxinsijunjunbujiu,"

地址:
宣城市泾县云岭乡罗里村


电话:
0563-5900706,0563-5900315

","云岭新四军军部旧址位于泾县以西25公里处，1938年7月至1941年1月，新四军军部由歙县岩寺移驻于此地，部队从两万人发展到九万多人，因此云岭被称为“新四军的摇篮”。景区中的一幢幢机关旧址都是白墙黑瓦的徽派建筑，军部司令部旧址是景区的核心，其他景点分布得相当散，如果不是自驾游，那么想参观全旧址景区就是一个拉练的过程。
军部司令部旧址设在云岭乡罗里村的中心位置，原为两座地主庄园，一叫“种墨园”，一叫“大夫第”。由司令部往泾县方向走2公里是新建的纪念馆，里面陈列了一些和新四军相关的史料。 由司令部沿东南局路（078县道）向西南步行1公里可至军部修械所旧址，原为云岭陈氏家族建于明万历年间的关圣殿，历代屡有修葺，大殿前有雕刻精美的花戏楼，墙上留有抗日标语多处。修械所不远处是军部大会堂旧址，原为始建于清光绪年间的陈氏宗祠，分前、中、后三进，现为革命文物陈列室，里面能看到新四军留下的一些手稿、枪支武器等。
",全年 08:30-17:00,https://img1.qunarzz.com/piao/fusion/1809/bf/2960a048e52dfc02.jpg_480x360x95_a86c04ed.jpg,4.5,建议游览时间：12小时,,具体收费情况以现场公示为主,,1
太极湖村Taiji Lake Village,http://travel.qunar.com/p-oi7468846-taijihucun,,,,,,,,,,2
王稼祥故居纪念馆Wangjiaxiangguju Memorial Hall,http://travel.qunar.com/p-oi703555-wangjiaxianggujujinian,"

地址:
宣城市泾县004乡道附近


电话:
0563-5982008

",王稼祥故居是王稼祥出生和少年生活的地方，位于泾县厚岸乡，距县城45公里。这里群山环绕，烟树茫茫。绿竹茸茸，景色十分秀丽。故居是一座普通的皖南民居，三间两厢，前有庭院，庭院有花圃，其间花木杂错有致，一厢为书房，书房虽小，但简洁雅致，窗明几净。,"8:00-12:00,13:00-17:00",https://img1.qunarzz.com/travel/poi/1803/b1/5065eb19df986a37.jpg_480x360x95_a80aabb5.jpg,4.2,建议游览时间：1小时,,具体收费情况以现场公示为主,,2
江村Jiangcun,http://travel.qunar.com/p-oi710347-jiangcun,,,,,,,,,,2
皖南事变烈士陵园Wannan Incident Martyrs Cemetery,http://travel.qunar.com/p-oi709721-wannanshibianlieshiling,"

地址:
宣城市泾县水西路


电话:
0563-5080576,0563-5080570

",皖南事变烈士陵园位于泾县城郊的水西山，1990年初，为纪念皖南事变新四军将士殉难五十周年而建。陵园由入口纪念碑、主题广场、主碑纪念广场、无名英雄烈士墓四大部分，配以皖南事变陈列馆组合而成，每一个台阶、柱子的长度、高度都有寓意，标志着皖南事变中的具体事件。整个陵园的氛围庄严肃穆，是缅怀先烈和对青少年进行爱国主义教育的地方。陵园的第一部分即入口建有皖南特色的石阙。进入陵园后，沿台阶向上三十米，是第二部分主题广场。从广场右转，再次攀爬长长的台阶，到达第三部分主碑纪念广场，高大的纪念碑上写着“皖南事变死难烈士永垂不朽”。纪念碑后是第四部分无名英雄烈士墓，烈士墓的祭坛上燃烧着常年不息的火焰。烈士陵园的西侧为皖南事变陈列馆，馆内图文介绍了皖南事变的过程、牺牲烈士的事迹等。,8:00-17:00，景区中的陈列馆提前半小时闭馆。,https://mp-commentcp.qunarzz.com/mp_comment_mp_comment/1563132459554100s16000000zm3pe9D55_D_640_10000.jpg_480x360x95_bb3a3515.jpg,4.6,建议游览时间：1小时 - 2小时,,"{'皖南事变烈士陵园（不含景区门票）地图定位自动中文语音讲解服务大小同价\n\n': ['¥0.5起'], '皖南事变烈士陵园党课教学体验大小同价\n\n': ['¥1150起']}",,2
胡适故居Former Residence of Hu Shi,http://travel.qunar.com/p-oi708250-hushiguju,,,,,,,,,,2
胡宗宪尚书府Hu Zongxian's Historical Home,http://travel.qunar.com/p-oi708237-huzongxianshangshufu,,,,,,,,,,2
龙川胡氏宗祠Longchuan Hu's Family Ancestral Hall,http://travel.qunar.com/p-oi713109-longchuanhushizongci,"

地址:
宣城市绩溪县龙川村龙川风景区内


电话:
0563-8315763

",龙川胡氏宗祠坐落在皖南绩溪县龙川村内，龙川又名坑口。胡氏宗祠为明代户部尚书胡富、兵部尚书胡宗宪等的族祠，始建于宋，明嘉靖年间胡宗宪大修该祠。祠堂座北朝南，隔河有照壁，三进七开间，门楼原悬明代文徵明手书“龙川胡氏宗祠”匾额，正厅原悬光泽王（嘉靖帝叔父）题“宗祠”匾额。宗祠建立在高1米的台基上，前后三进，由照墙、门楼、廊庑、正厅、厢房、寝楼及特祭祠等几大部分组成为一个有机的整体，它展现了严肃、方正、井井有条的理性精神。然而，其空间布局虽讲究严谨均衡，但又求灵活舒畅；既服从自然环境而又能巧妙地利用自然环境的空间观念，构成龙川胡氏宗祠总体空间的宽松、和谐、舒畅、均衡的美感。这种建筑的空间观念正是徽派所有建筑类型的平面布局的设计法则。前进是座22米宽的高大门楼。门楼前后两向，各有六根石柱、五根月梁和四根方梁，结构严谨，布局匀称。梁面雕刻了各种精致的图案：中间的前一根刻有“九狮滚球遍地锦”，后一根刻有“九龙戏珠满天星”，两旁木梁则刻有内容各异的历史戏文。中进为祠堂正厅，是举行祭典的地方。它由14根围粗达166厘米的银杏圆柱架着大小19根冬瓜梁构成。梁托上雕有彩云、飘带，中间镂有龙、凤、狮、虎。正厅两侧，有高达丈余的落地窗门。每扇窗上截有镂空花格，下截有平板花雕，内容以荷花为主，有含苞待放、菡萏初绽，莲瓣盛开和花中带莲之别；叶有大卷小翻、平铺水面、舒展似伞和低垂若帽之分。画面上空间分别饰以鸟翔蓝天、鱼潜水底、鸭戏碧波、蛙跃荷塘、鸳鸯交颈、河蚌翕张等活泼形象，姿态逼真，妙趣横生，巧夺天工。后进是寝室，上下两档。门窗上雕有花瓶，采用浮雕和浅刻相结合的技法制成。,全年 08:00-17:00,https://img1.qunarzz.com/travel/poi/1803/6d/5f3df94fe004e837.jpg_480x360x95_53645f49.jpg,4.3,建议游览时间：1小时 - 2小时,,包含于龙川景区内，通用龙川景区门票。,,2
仁里古村,http://travel.qunar.com/p-oi7468877-renligucun,"

地址:
安徽省宣城市绩溪县瀛洲镇仁里村仁里社区

",,08:00-17:00,https://img1.qunarzz.com/travel/poi/1408/26/c66e0bd99df12614ffffffffc8d65eac.jpg_480x360x95_0b991aea.jpg,--,,,,,2
水西森林公园Shuixi National Forest Park,http://travel.qunar.com/p-oi715065-shuixisenlingongyuan,"

地址:
安徽省泾县泾川镇西郊

",安徽水西国家森林公园在安徽省宣城市泾县城西郊，由水西、狮子山、象山、湖山坑、百岭坑和沿江等六大景区组成。安徽水西国家森林公园属于北亚热带温暖湿润季风气候区，植被类型是中亚热带常绿阔叶林带，森林覆盖率为79.6%，总面积为2147公顷。,8：00---19：30,https://tr-osdcp.qunarzz.com/tr-osd-tr-manager/img/f3983995c9a06a156b2b5ae27a8ec461.jpg_480x360x95_e784deb1.jpg,4.4,建议游览时间：12小时 - 3天,,{'安徽宣城月亮湾滑翔伞飞行营地\n\n': ['¥100起']},,2
石佛山Shifo Mountain,http://travel.qunar.com/p-oi712407-shifoshan,"

地址:
宣城市郎溪县姚村镇


电话:
0563-7932246

",石佛山位于郎溪县姚村乡境内，主峰353米。石佛山又称石佛岭，山势峻峭，白云缭绕，山巅有三巨石，高三丈许，形似石佛。传说唐开元七年(719年)新罗国王子金乔觉(后称地藏菩萨)年轻时出家为僧，渡海入唐，云游四海，寻找卓锡。一年金秋，来此见山顶三块巨石，犹如三尊大佛，拟在此处卓锡，便向樵夫询问此山名称。樵夫答曰：“这大佛手起能撑住三十三尺云层，人谓之曰‘石佛撑云’。”王子思道，佛头是不能作卓锡的，便离开去别处寻找卓锡处。     山之北坡悬崖陡峭，山之南坡平缓易登，山顶有一块平地。山上苍松翠柏绿竹成林，怪石、危石嶙峋，千姿百态，其大如屋，比比皆是，此危石皆年久风化而成，构成奇观。世人概括为十大石景：“撑云石”、“和尚石”、“蟾鸣石”、“金龟石”、“木鱼石”、“墙壁石”、“七丈石”、“蟠桃石”、“箱柜石”。南坡上巨大长方形的蟾鸣石，又名三脚石，悬临于光滑石壁之上，给人以一触即落之感，但走近用力推动，却稳如泰山。“七丈石”是登山途中临近山顶一排大的巨石，形似铜墙铁壁，每当风和日丽，天高气清，攀登其上，举首远眺，南漪湖波光帆影，郎溪、广德、宣州的阡陌交通和山川田园尽收眼底。     ,全年 8:00-16:00,https://tr-osdcp.qunarzz.com/tr-osd-tr-manager/img/fb403c8face78d79b162ec7d5a1c8b9c.jpg_480x360x95_40aba178.jpg,4.5,建议游览时间：1小时,,具体收费情况以现场公示为主,,2
胡雪岩纪念馆Hu Xueyan Memorial,http://travel.qunar.com/p-oi713863-huxueyanjinianguan,"

地址:
宣城市绩溪县良安路


电话:
0563-8155544

",胡雪岩纪念馆位于绩溪县城，纪念馆占地约800平方米，包括两个庭院，原址为建于明代的文昌殿。     胡雪岩是经商者心目中的圣人、白手起家的典范、富可敌国的徽商代表、抵御外侵功不可没的能吏、中国历史上唯一的穿黄马褂、骑马进紫禁城的商人，堪称中国历史上唯一的红顶商人。纪念馆在供人们鉴其兴衰浮沉，察其长短优略，使当代的经营者引以为戒，让“欺戒”、 “顾客乃养命之源”等徽商精神在社会主义市场经济中发扬光大。纪念馆用大量的图片、书籍和实物再现了胡雪岩沉浮于商界宦海的一生。据悉，纪念馆已经收集了近千件胡雪岩生前使用过的各种工具和生活用品，目前已经整理展出一百多件。纪念馆还专门仿照“胡庆余堂”国药号开辟了“药局”，杭州“胡庆余堂”提供上千种中成药，并聘请中医专家坐堂为参观者提供服务。,全年 07:00-18:00,https://img1.qunarzz.com/piao/fusion/1910/f8/578ab92869bfe002.jpg_480x360x95_980f8721.jpg,3.7,建议游览时间：1小时,,景区暂时停业，详情请以景区公示为准；原门票：20元。,,3
太极洞Taiji Cave,http://travel.qunar.com/p-oi705181-taijidong,"

地址:
宣城市广德县城东北的新杭乡石龙山中


电话:
0563-6850198,0563-6850200,0563-6850669

",该景点位于安徽、江苏、浙江三省交界处的石龙山内，虽属于宣城，但是离以竹海、溶洞闻名的宜兴很近，仅有35公里路程。若在皖南想观赏溶洞，那么这里是很好的选择，明代冯梦龙曾把“广德埋藏（太极洞）、钱塘江潮、雷州换鼓、海市蜃楼”称为天下四绝。洞内冬暖夏凉，钟乳石千姿百态，有旱洞、水洞之分，可以步行游览，也可以乘船探秘地下暗河。景区的大门在南边，进入后先看到砚池湖，沿路分布着一些小景点，如果到得早，建议先直奔深处的太极洞，以免和旅游团的大队人马挤在一块，小景点出来再看。到达洞口后可以稍等一会，当游客人数聚集到20人左右，景区会分派免费的导游带领进洞。洞内游览路线呈Y字形，先玩左支路的旱洞，然后回到洞口，再玩右支路的水洞，出口在水洞。经过洞口的长乐宫（两仪宫），先到达八景宫，钟乳石太上老君、千年槐荫值得观赏，滴水穿石妙不可言，状如卧兔的石头中间，竟被水滴打磨出了一个光滑的小孔。穿过铜关洞门，来到云境宫，“跫然岩”三字为范仲淹所题，仙舟覆挂是洞顶一块长近百米的的巨石。继续前行到珍宝宫（雪窦宫），钟乳石凌霄双塔、倒挂灵芝惟妙惟肖，埋藏峪深不可测，但是无路可走，旱洞的游览到此为止。接着去水洞，原路返回洞口后再走几步就到渡口，九曲银河（八曲瀛洲）是地下暗河，游船免费，初次体验洞中坐船的游客会觉得很新奇，船只摇摇晃晃，时不时需要弯腰低头躲避撞到眼前的山岩。上岸后爬几十级台阶，即到玉皇宫（玉琼宫），该宫美丽的钟乳石是高2米多的一柱擎天（金龙盘玉柱）。后面的海天宫（神醉宫）有整个溶洞较为特别的钟乳石群洞中黄山，洞顶倾斜，洞底长出怪石奇峰，黄山拥有的西海群峰、仙女峰在此都能看到，洞内灯光甚至营造出了黄山日出的景象，在高处的观景台上，可以欣赏洞中黄山的全景。再往后看过万象洞的钟如石群万象揽胜，仙源宫石壁上像什么全靠想象的壁画，水洞的游览就结束了。从仙源宫到出口要在狭长的通道中向上攀爬800级台阶，令人垂头丧气。到达洞口后有索道坐，是敞开式的座椅，比较刺激，25元，只能下行，不过索道不是很有必要坐，因为步行下山也仅需十几分钟。下山时可以绕去看看写着“天下四绝”的天下四绝壁，然后途经已不开放的溶洞壶天宫，回到山下洞口的道观太极观。一般只游览太极洞的话需要2个小时。如果时间有余，那么你还可以去参观距洞口不远的抱朴园，里面有古色古香的建筑和葱郁的植被。带小孩的游客，不妨去儿童乐园玩玩秋千、绳网桥，或者付费坐坐砚池湖上的游船。在去往景区大门的中途，有一座不高的玄妙山，那里能看到低矮的太湖石组成的石林。,旺季2月1日——11月30日  8:00-16:30 淡季12月1日——1月31日   8:30-16:30,https://img1.qunarzz.com/travel/d8/1504/f4/7ec8342ecb8099.jpg_480x360x95_93f0ee26.jpg,4.5,建议游览时间：2小时 - 4小时,,"{'太极洞门票+太极五色谷门票成人票\n\n': ['¥59起'], '太极洞电子导览服务大小同价\n\n': ['¥6起'], '安徽宣城太极洞滑翔伞飞行营地\n\n': ['¥100起']}",,3
青龙湾生态旅游区Qinglong Bay Eco-Tourism Area,http://travel.qunar.com/p-oi705341-qinglongwanshengtailu:,"

地址:
宣城市宁国市


电话:
0563-4237552

","青龙湾生态旅游区位于宁国市，距市区仅10余公里，它是依托大型水库港口湾水库而建设的，旅游区面积数百平方公里，其中水面面积30多平方公里，库区内有38个独立岛屿。其间湖水秀美，山川怡人，青林翠竹，四季长青；狭谷水溪，游鱼奇珍，高峰如云，峭壁林立，万亩甜槠，蔚为壮观。尤以丽质天成的山水风光，自然原始的生态环境和宁静质朴的田园风情为突出。迎合了现代旅游回归自然的需求。青龙湾生态旅游区动植物物种十分丰富。现已查明，有植物483种；动物215种，其中珍稀保护动物4种，如云豹、金钱豹、黑麂、白须长尾雉。青龙湾生态旅游区四季常青，植被覆盖率达77.5%，被专家称为：“动物的王国、生物多样性的天堂、基因库里宝贵的净土”。是人们享受自然，感受原始的理想去所。
",全年 8:00-19:30,https://img1.qunarzz.com/travel/d8/1612/51/ff7281d0688579b5.jpg_480x360x95_30683718.jpg,4.4,建议游览时间：2小时 - 3小时,,"{'青龙湾生态旅游区青龙湾游轮票成人票\n\n': ['¥54起'], '青龙湾生态旅游区青龙湾游轮票儿童票\n\n': ['¥27起']}",,3
柏枧山,http://travel.qunar.com/p-oi705141-bojianshan,"

地址:
安徽省宣城宣州区，离市区约20公里

",柏枧山乃黄山余脉，主峰海拔999米，位于宣州区境内，离市区约20公里，景区面积达80平方公里。《辞源》称其“溪谷深邃，峰岩回曲，山水秀美，甲于江南”。这里山水田园美不胜收。雄奇的山川、幽深的峡谷、茂密的森林、珍奇的禽兽、美丽的河流、广阔的草原、蔚蓝的湖泊、绿色的田野，四秀分明，处处皆景。柏枧瑶池、钟鼓潭、棋盘石、水阳江漂流、皖南大草原跑马，一直为人们探幽揽胜之所。构成人间仙境，世外桃源。这里历史文化渊远流长。北宋诗坛领袖梅尧臣，十七世纪世界三大著名数...柏枧山乃黄山余脉，主峰海拔999米，位于宣州区境内，离市区约20公里，景区面积达80平方公里。《辞源》称其“溪谷深邃，峰岩回曲，山水秀美，甲于江南”。这里山水田园美不胜收。雄奇的山川、幽深的峡谷、茂密的森林、珍奇的禽兽、美丽的河流、广阔的草原、蔚蓝的湖泊、绿色的田野，四秀分明，处处皆景。柏枧瑶池、钟鼓潭、棋盘石、水阳江漂流、皖南大草原跑马，一直为人们探幽揽胜之所。构成人间仙境，世外桃源。这里历史文化渊远流长。北宋诗坛领袖梅尧臣，十七世纪世界三大著名数学家之一梅文鼎，新安画派创始人梅清，“三梅”同出一族，世居于此，影响远播海内外。,8:00-18:00,,--,,,,,3
恩龙生态旅游,http://travel.qunar.com/p-oi707931-enlongshengtailu:you,"

地址:
安徽省宣城宁国市

",宁国市恩龙生态发展有限公司是一家集林木种苗生产、特色林果种植、生态旅游开发三大产业于一体的非公有制企业。公司创建于1997年，现总资产已逾亿元。由公司承建的恩龙生态农业科技示范园先后于2001-2002年连续两年被评为省级生态农业科技示范园，公司苗圃2002年度被评为“全国质量信得过苗圃”和“全国无检疫对象苗圃”，2003年度公司又被评为安徽省农业产业化龙头企业。公司经过几年的发展，注重科技领先，强化内部管理，兼顾企业长、中、短期效益齐头并进，现已初具规模，并逐渐...宁国市恩龙生态发展有限公司是一家集林木种苗生产、特色林果种植、生态旅游开发三大产业于一体的非公有制企业。公司创建于1997年，现总资产已逾亿元。由公司承建的恩龙生态农业科技示范园先后于2001-2002年连续两年被评为省级生态农业科技示范园，公司苗圃2002年度被评为“全国质量信得过苗圃”和“全国无检疫对象苗圃”，2003年度公司又被评为安徽省农业产业化龙头企业。公司经过几年的发展，注重科技领先，强化内部管理，兼顾企业长、中、短期效益齐头并进，现已初具规模，并逐渐形成企业协调、健康、稳步向前发展的三大支柱产业：林木种苗产业、特色林果产业、生态旅游产业。,8：00—18：30,https://img1.qunarzz.com/travel/d7/1612/d1/141e6af01a6c06b5.jpg_480x360x95_e72b0460.jpg,5.0,,,,,3
东津河漂流,http://travel.qunar.com/p-oi705105-dongjinhepiaoliu,"

地址:
安徽省宁国市梅林镇

",东津河位于安徽省宁国市境内，是水阳江上游三源（东津河、中津河、西津河）之一。东津河，俗称东河，历史上又有“东溪”、“杭水”之称。东津河发源于县东南部云梯乡千秋村的铜岭关，自东南向西北流经云梯、仙霞、三元、狮桥、中溪、石口、梅林、沙埠、平兴等9个乡（镇），在平兴乡鸡山村波沥溪以北与中津河汇合后继续北流，经河沥溪、畈村、汪溪等3个乡（镇），在河沥溪镇潘村渡村高家场以北与西津河汇合始称水阳江。东津河主河道全长69公里，洪水期水深7.5米，枯水期水深0.4米，河...东津河位于安徽省宁国市境内，是水阳江上游三源（东津河、中津河、西津河）之一。东津河，俗称东河，历史上又有“东溪”、“杭水”之称。东津河发源于县东南部云梯乡千秋村的铜岭关，自东南向西北流经云梯、仙霞、三元、狮桥、中溪、石口、梅林、沙埠、平兴等9个乡（镇），在平兴乡鸡山村波沥溪以北与中津河汇合后继续北流，经河沥溪、畈村、汪溪等3个乡（镇），在河沥溪镇潘村渡村高家场以北与西津河汇合始称水阳江。东津河主河道全长69公里，洪水期水深7.5米，枯水期水深0.4米，河面最宽处80米，最窄处35米，河道平均坡降为2.45‰，河道落差为410米，河床平均淤积深度1.5米。东津河沿途接纳267条支流，其中10公里以上的支流11条。东津河流域面积为1013.9平方公里，占全县总面积41.4％。该河历史最高洪水位56.18米（清光绪七年（1881）五月）。建国后，1961年10月5日，最高洪水位54.19米。最大流量2850立方米／秒；最低河水位46.94米（1978年9月7日），最小流量为0立方米／秒（1978年9月5日至9日），年平均流量为27.41立方米／秒，年径流总量8.55亿立方米。河沥溪河段平均含沙量为每立方米0.122公斤，每日最大输沙量为591公斤，平均每日输沙量为3.9公斤，年输沙量11.3万吨。,8：00—18：00,,4.2,,,80元,,3
茂林风景区,http://travel.qunar.com/p-oi715100-maolinfengjingqu,"

地址:
安徽省宣城市泾县茂林镇尚友堂路12号


电话:
0563-5801978

","茂林旅游风景区，位于安徽“两山一湖”黄金旅游线的中间地带，泾县茂林镇镜内，距县城35公里，距黄山50公里，有322省道穿境而过，交通便利，旅游设施完善，是安徽红色旅游线路中的著名品牌和经典景区。在震惊中外的“皖南事变”中，茂林作为主要激战地，经历了炮火的洗礼，见证了战争的硝烟。从吴氏大宗祠的告别大会，袁国平慷慨演讲，到蜜蜂洞的沉痛悲歌，项英不幸遇害。丕岭枪声突起，反动派用心险恶，高坦突围未成，新四军步步危机。东流山英勇激战，石井坑战火纷飞。叶挺谈判时被...茂林旅游风景区，位于安徽“两山一湖”黄金旅游线的中间地带，泾县茂林镇镜内，距县城35公里，距黄山50公里，有322省道穿境而过，交通便利，旅游设施完善，是安徽红色旅游线路中的著名品牌和经典景区。在震惊中外的“皖南事变”中，茂林作为主要激战地，经历了炮火的洗礼，见证了战争的硝烟。从吴氏大宗祠的告别大会，袁国平慷慨演讲，到蜜蜂洞的沉痛悲歌，项英不幸遇害。丕岭枪声突起，反动派用心险恶，高坦突围未成，新四军步步危机。东流山英勇激战，石井坑战火纷飞。叶挺谈判时被扣，任光受伤后牺牲。千古奇冤、江南一叶。战争虽已远去,记忆却不会模糊。当年皖南事变主战场，如今已成为众多游客凭吊先烈，旅游休闲的好去处。并将和县内其他红色景点互动，联手打造“中国新四军革命纪念第一圣地”。茂林不但有着光荣的革命传统，还有着丰富的自然景观和人文底蕴。魁峰俊秀，濂溪流长。穿村活水、十里长堤，具江南之风韵，尚书故宅、老街旧貌，得徽居之精华。更有延陵望族，官宦世家、吴氏三杰、书墨留香。千年古镇，传承了灿烂的文明，更吸引着众多的游人来此访古探幽，领略自然和人文意境。",9:00---17:00,https://img1.qunarzz.com/piao/fusion/1904/6f/eb64021cb6a80202.jpg_480x360x95_37b6d41d.jpg,--,,,70元,,3
石堪头古村落,http://travel.qunar.com/p-oi715020-shikantougucunluo,"

地址:
安徽省绩溪县石堪头村

",石堪头村是绩溪县的一个古村落，“石堪头石堪，上床三步石堪。”一句民谣传神地勾画出古村落的地形地貌。整个村庄被云川溪分成两半，弯弯曲曲，形成一条别有情趣的水街。涧溪从村南至村北长2000余米，十余座建于明清的古桥似虹，横跨溪上。十四条古巷道狭窄幽深，辗转莫测，最窄处相向行人只能侧身而行。石堪头村的民居有半数以上是明清时期的建筑，安徽省环保局专家们赞誉“徽州古村落中的一颗明珠。”不少美术家来此写生作画，称赞它“比黟县西递村更为古老，更富于层次变化，也更...石堪头村是绩溪县的一个古村落，“石堪头石堪，上床三步石堪。”一句民谣传神地勾画出古村落的地形地貌。整个村庄被云川溪分成两半，弯弯曲曲，形成一条别有情趣的水街。涧溪从村南至村北长2000余米，十余座建于明清的古桥似虹，横跨溪上。十四条古巷道狭窄幽深，辗转莫测，最窄处相向行人只能侧身而行。石堪头村的民居有半数以上是明清时期的建筑，安徽省环保局专家们赞誉“徽州古村落中的一颗明珠。”不少美术家来此写生作画，称赞它“比黟县西递村更为古老，更富于层次变化，也更有韵味”。,全天,,--,,,,,3
奕世尚书坊Yishi Workshop,http://travel.qunar.com/p-oi714855-yishishangshufang,"

地址:
宣城市绩溪县龙川村龙川风景区内


电话:
0563-8315763

",奕世尚书坊位于绩溪县龙川村龙川溪南岸。奕世尚书坊四柱三门五楼式构造，坊高10米，面宽9米，进深3米，以花岗石为构架，整个框架稍稍向内倾斜，给人以稳重端庄之美感。大额坊上镂刻着“双狮滚球”、“双龙戏珠”、“麋鹿相谐”、“鲲鹏展翅”等鸟兽形状，雕刻精细，形象逼真，有栩栩如生之感。并配以云纹、如意纹等雕饰，更显得威武传神。小额坊上镂刻着楼台亭榭、人物掌故和吉祥戏文，刀法精细，具有较高的雕刻水平。该坊建于明嘉靖四十一年（公元1562年），具有典型的明代徽派风格。...奕世尚书坊位于绩溪县龙川村龙川溪南岸。奕世尚书坊四柱三门五楼式构造，坊高10米，面宽9米，进深3米，以花岗石为构架，整个框架稍稍向内倾斜，给人以稳重端庄之美感。大额坊上镂刻着“双狮滚球”、“双龙戏珠”、“麋鹿相谐”、“鲲鹏展翅”等鸟兽形状，雕刻精细，形象逼真，有栩栩如生之感。并配以云纹、如意纹等雕饰，更显得威武传神。小额坊上镂刻着楼台亭榭、人物掌故和吉祥戏文，刀法精细，具有较高的雕刻水平。该坊建于明嘉靖四十一年（公元1562年），具有典型的明代徽派风格。背景资料：龙川村（又名坑口）是绩溪古老的村落之一，也是绩溪胡氏的聚居地。胡氏一族在明代先后出了两个尚书——户部尚书胡富，兵部尚书胡宗宪。胡富、胡宗宪生活相隔60年，按照中国古老的习惯，60年为一花甲子，亦即60年为一转之意，奕世系累世之谓，也就是一代接一代的意思，故称两胡尚书为奕世尚书。,具体开放时间请咨询景区,https://img1.qunarzz.com/travel/poi/1803/9b/eb38a91b70c96d37.jpg_480x360x95_c5950417.jpg,4.4,建议游览时间：1小时,,,,3
板桥,http://travel.qunar.com/p-oi705817-banqiao,"

地址:
安徽省宣城市宁国市方塘乡集镇

","板桥自然保护区位于安徽省宁国市内,是省级自然保护区。保护区设立于1995年，面积63平方公里，目前保存着五万多亩郁郁葱葱的天然甜槠林，它是亚热带东北部边缘保存最好、林相最完整的唯一一片原始森林，内有国家级保护植物10多种及国家一、二级保护动物近三十种，省级保护动物近千种，拥有堪称中华一绝的成片甜槠林、多种珍稀植物及云豹、麋鹿、金钱豹、娃娃鱼、环颈雉等珍稀动物，专家称之为“动植物的王国、生物多样性的殿堂和基因库、可贵的净土”。区内景观丰富，以高峰十景为代表...板桥自然保护区位于安徽省宁国市内,是省级自然保护区。保护区设立于1995年，面积63平方公里，目前保存着五万多亩郁郁葱葱的天然甜槠林，它是亚热带东北部边缘保存最好、林相最完整的唯一一片原始森林，内有国家级保护植物10多种及国家一、二级保护动物近三十种，省级保护动物近千种，拥有堪称中华一绝的成片甜槠林、多种珍稀植物及云豹、麋鹿、金钱豹、娃娃鱼、环颈雉等珍稀动物，专家称之为“动植物的王国、生物多样性的殿堂和基因库、可贵的净土”。区内景观丰富，以高峰十景为代表，集峰、水、石、洞、花、树、鸟、兽为一体。 被专家称为“动物的王国、生物多样性的殿堂和基因库里宝贵的净土”。这里自然环境优美、景色怡人，非常适合生态旅游、观光、度假。板桥自然保护区区内主峰海拔1153米，有保存较好的原始森林，负氧离子浓度极高，维管束植物千余种。",8：00---19：30,https://img1.qunarzz.com/travel/d2/1711/75/1dc7a50fd7ce1ab5.jpg_480x360x95_9d83d0c1.jpg,--,,,5元,,3
宣城胡开文纪念馆Xuancheng Hukaiwen Memorial Hall,http://travel.qunar.com/p-oi702064-xuanchenghukaiwenjinian,"

地址:
宣城市绩溪县上庄镇胡适故居


电话:
0563-8560109

",,8：00-17：30,https://tr-osdcp.qunarzz.com/tr-osd-tr-manager/img/c692b9be7c796b0a0a517e9aa481ec51.jpg_480x360x95_49adbc1a.jpg,4.4,,,具体收费情况以现场公示为主,,4
广德灵山大峡谷Guangde Lingshan Grand Canyon,http://travel.qunar.com/p-oi7468893-guangdelingshandaxiagu,"

地址:
宣城市广德县四合乡宏霞村


电话:
0563-6778111,0563-6778222


官网:
http://www.gdlsdxg.com/

",灵山大峡谷旅游风景区坐落在安徽省广德县境内，处于黄山山脉和天目山脉相汇处。景区由灵山峡谷探秘区、灵山寺佛教文化区、青梅竹马休闲区、韦村民俗体验区、竹海水城度假区五大旅游功能区块组成。灵山大峡谷内涧水幽长，险峰竞秀，瀑群高悬，各种奇石星罗棋布。拥有云锦瀑、彩云溪、三连瀑、响水潭、神龟托经等72个景点。还有千年古寺灵山寺，与灵隐寺齐名，称为佛教圣地，始建于隋唐年间。地藏菩萨化身金乔觉王子、定光佛大慧宗杲先后在此驻锡禅修，至今香火鼎盛。灵山景区风光旖旎，融山、水、石、瀑、寺、林、洞于一体，自古以来就受到文人墨客和旅游爱好者青睐。曾享有“灵山泉石甲一郡”的美名。宋代政治家、文学家范仲淹到此游览，给予“南有灵山、北有大洞（太极洞）”的崇高赞誉。,5/1-10/20(旺季) 08:00-17:30;10/21-12/31(淡季) 08:00-17:00,https://img1.qunarzz.com/travel/poi/1408/26/8822676092e86c6fffffffffc8d65eac.jpg_480x360x95_ca29377a.jpg,4.0,建议游览时间：2小时 - 3小时,,"{'广德灵山大峡谷门票成人票\n\n': ['¥45起'], '广德灵山大峡谷门票优待票\n\n': ['¥32起'], '广德灵山大峡谷电子导览服务大小同价\n\n': ['¥6起']}",,4
横山,http://travel.qunar.com/p-oi715740-hengshan,"

地址:
安徽宣城广德县城西北郊

",横山位于广德县城西郊。远望如山横卧，故名横山。山虽不高，但景色秀丽，自古以来不仅是文人墨客郊游吟咏之地，也是城镇居民清明时节踏青和重阳登高的好所在。山顶和山麓原有明教禅寺、大佛殿、三忠祠、龙王庙等古建筑，还有祀斗台、攀罗亭等名胜，惜先后毁于战火。建国后大力植树造林，现已松林满山，郁郁葱葱。九十年代初，被国家列为国家级森林公园。横山古为广德十景之一，现在登山远眺另有一番风光，但见田野布绿，河渠如带，古塔巍然，新楼错落，古城新貌，尽收眼底。横山西麓...横山位于广德县城西郊。远望如山横卧，故名横山。山虽不高，但景色秀丽，自古以来不仅是文人墨客郊游吟咏之地，也是城镇居民清明时节踏青和重阳登高的好所在。山顶和山麓原有明教禅寺、大佛殿、三忠祠、龙王庙等古建筑，还有祀斗台、攀罗亭等名胜，惜先后毁于战火。建国后大力植树造林，现已松林满山，郁郁葱葱。九十年代初，被国家列为国家级森林公园。横山古为广德十景之一，现在登山远眺另有一番风光，但见田野布绿，河渠如带，古塔巍然，新楼错落，古城新貌，尽收眼底。横山西麓有垅小丘陵，是当年岳飞抗金的扎营地，当地人称“营盘山”，又叫扎寨圩。据史所载，岳飞大战金兀术时，曾陈兵横山，连营十里，军容十分雄壮，先后六战六捷，只因军粮奇缺，不得不被迫转移。当晚，岳飞传令：把绣有“岳”字的军旗，插满横山周围的山岗，并把羊的后腿悬吊起来，让羊的前蹄拼命击鼓，然后悄悄领军撤离。次日晨，金兵见满山军旗飘扬，到处鼓声震响，以为岳军要进攻，不敢轻举妄动。及其觉察时，岳军已不知去向。,8：00---19：30,,--,,,15元,,4
宣城广德大刘村古宅Xuancheng Guangde Daliucun Mansion,http://travel.qunar.com/p-oi713840-xuanchengguangdedaliu,,,,,,,,,,4
龙泉洞Bishan Longquan Cave,http://travel.qunar.com/p-oi713437-longquandong,,,,,,,,,,4
天寿寺大圣塔,http://travel.qunar.com/p-oi706176-tianshousidashengta,"

地址:
安徽广德县城迎春街北侧

",天寿寺大圣塔位于广德县城迎春街北侧。1956年被列为省重点文物保护单位。天寿寺大圣塔始建于北宋太平兴国四年（979年），天寿寺创建于唐代天佑年间（905年左右），塔随寺名，故称天寿寺大圣宝塔。该塔初建五层。宋元符二年（1099年）塔为火焚，元符三年至崇宁四年（1105年）重修建成七级浮屠，体形高大，属江南楼阁式建筑，砖木结构，挑檐窜角，角悬风铃，高31.34米。明万历35年（1607年）和清康熙七年（1668年）又两次修葺。光绪26年（1900年）毁于火，仅存砖砌塔体。1983年10月，发...天寿寺大圣塔位于广德县城迎春街北侧。1956年被列为省重点文物保护单位。天寿寺大圣塔始建于北宋太平兴国四年（979年），天寿寺创建于唐代天佑年间（905年左右），塔随寺名，故称天寿寺大圣宝塔。该塔初建五层。宋元符二年（1099年）塔为火焚，元符三年至崇宁四年（1105年）重修建成七级浮屠，体形高大，属江南楼阁式建筑，砖木结构，挑檐窜角，角悬风铃，高31.34米。明万历35年（1607年）和清康熙七年（1668年）又两次修葺。光绪26年（1900年）毁于火，仅存砖砌塔体。1983年10月，发现一“地宫”。“地宫”为砖砌直口坑，深110厘米，正方形边长32厘米。宫内有石碑一块，刻记塔之渊源。1986年重修。复修后的大圣宝塔基本保持了原来特点，七级六面，六角飞檐，铁链式塔顶，总计高42.8米，塔基面积46平方米， 青砖铺地，各层檐角悬挂风铃，风拂铃摇声声悦耳，七级浮屠再现风光。塔内有转梯可登顶层，鸟瞰山城风光。与此同时还修建了塔院，植有奇花异草，盆景山石，陈列室展出历朝的文物古迹。供游人参观。,8：00---19：30,,--,,,15元,,4
黄田风景区Huangtian Scenic Spot of Jing County,http://travel.qunar.com/p-oi7468855-huangtianfengjingqu,"

地址:
宣城市泾县榔桥镇黄田村


电话:
0563-5661666

",黄田村位于泾县樃桥镇的东部，总面积25.7平方公里，辖6个社区，25个互助组，农户922户，人口3183人，水田3570亩，茶园650亩，出产全国十大名茶“涌溪火青”茶叶，境内留有上世纪六十年代建造的军事防空洞，5公里长的国家三级标准公路从205国道直通黄田自然村，交通便捷。黄田古村落位于黄子山西麓，历史悠久，文化底蕴深厚，2006年10月被批准为安徽省历史文化名村。整个村落镶嵌在青山绿水之中，境内有保存完好的清代古民居建筑群，是珍贵的历史文化遗产，现存古建筑57处，单体建筑110栋，建筑面积3.3万平方米，2006年五月被国务院批准为全国第六批重点文物保护单位，今年黄田凤子河景观荣获首届“中国经典村落景观”称号。其建筑既有宫廷建筑的恢弘，苏州园林的风格，又有皖南徽派建筑的特色，村内巷道交错，明沟暗渠相通，活水穿村，其中洋船屋独特的文化建筑，水磨花砖的传统建材工艺和古村落天然水口的风水文化构成了黄田古村落的三大民族建筑特色。,全年 08:00-17:00,https://mp-commentcp.qunarzz.com/mp_comment_mp_comment/1560194303542100115000000xwsmzC596_D_640_10000.jpg_480x360x95_a7c1302f.jpg,4.3,建议游览时间：3小时 - 4小时,,"{' 泾县黄田风景区门票成人票\n\n': ['¥39起'], ' 泾县黄田风景区门票优待票\n\n': ['¥25起'], '泾县黄田风景区电子导览服务大小同价\n\n': ['¥6起']}",,4
绩溪小九华风景区Jixi Xiaojiuhua Scenic Area,http://travel.qunar.com/p-oi7468888-jixixiaojiuhuafengjing,"

地址:
宣城市绩溪县荆州乡九华村


电话:
+86 563 847 1268

","绩溪小九华风景区位于绩溪县荆州乡东北部。山水幽奇，传“九华山地藏王曾在此苦修，故名”。小九华山势突兀，涧壑深邃，似游龙数条逶迤奔聚。中一山丘，河水至此曲折潆洄，形如半岛，上有地藏殿。对岸山列如屏，前为银屏寺。附近奇峰两座：一在丘东北，危岩倾斜三叠，似重楼复阁，上流飞瀑，下通行人；一在丘西北，石峰傍河湾突起，中丰而曲，下圆而长，有草丛生腰际如垂缨。弯环似刀，俗称“关王刀”。刀锋高39米。锋面古书“万古不磨”4个大字，年久湮没。1938年农历闰七月，乡人胡锺吾出资，书写“七七纪念”于上。1965年10月，庄子村民张必进等3人又在锋面上书“中国万岁”巨幅标语。沿河石岩交错，横截如坝，多天然岩洞、深潭，俗称“九井十八坝”，数铁釜潭为著。小九华有十泉：铁釜深沉、银屏滴翠、刀锋插云、横岩瀑布、狮嘴啸天、双溪烟雨、五龙夺珠、高峰暮霭、九井甘泉、梅岗早雪。历代题咏甚多。""文革""中，殿、寺、佛像尽毁。今胜山秀水依旧，仍是旅游、避暑佳境。山不在高，有仙则灵，水不在深，有龙则灵。小九华不仅菩萨灵验，取信四方游客。更以山水清淑而闻名遐迩。   小九华生态原始古朴，自然纯真，除旧有的“铁釜深沉”、“银屏滴翠”、“刀锋插云”、“横岩瀑布”、“狮嘴啸天”、“双溪烟雨” 、“五龙夺珠”、“高峰暮霭”、“九井甘泉”、“梅岗早雪”的“九华十景外，新开辟了“一线天”、“藏龙峡谷”、“铁釜潭探趣”，均为小九华生态旅游之精品。小九华一天门处，荆州水从自西向东逶迤而来，在此盘曲迂回，形成一汪深潭，墨绿深沉，目不可穷，这就是闻名遐迩的“铁釜潭”。潭周群峰笔削，冈峦围列。突拔峻峭，望观则惊心，潭旁有“送子洞”，踏步登阶，洞内有观音塑像，饶香求子，印象有灵，故当年香火特别兴隆。这里山势突拔，峰峦峻峭，谷壑深邃，水溪逶迤。小九华同时又是当年游击队战争的据点，有出名的九华保卫战，小九华主持、烈士曾银祥就是地下党史的书记。为此。小九华不仅有浓郁的佛教文化，山水秀美，蠃得了众多的游客的青睬，更是红色历史文化和爱国主义教育的好教材。",景区暂时停业，详情请以景区公示为准；原开放时间：8:30-18:00,https://img1.qunarzz.com/travel/poi/1408/26/c7ffdc6cdcdbd7feffffffffc8d65eac.jpg_480x360x95_310b2291.jpg,4.1,建议游览时间：12小时,,具体收费情况以现场公示为主,,4
伍员山,http://travel.qunar.com/p-oi7587491-wuyuanshan,"

地址:
宣城市郎溪县东北部溧阳西南部

",伍员山（伍牙山）系天目山余脉与社渚梅渚天目湖一带，海拔有441米，面积40平方公里，林业面积为25000亩，是郎溪县与江苏溧阳市的分界山。,全天,https://img1.qunarzz.com/travel/poi/1412/28/285dfccd71af2b9acdb.jpg_480x360x95_025c7465.jpg,--,建议游览时间：2小时,,免费,,4
侯村祠堂,http://travel.qunar.com/p-oi705981-houcuncitang,,侯村祠堂，建于清乾隆年间。祠堂三进，砖木结构，占地1200平方米。为郎溪县现存最完整、建筑面积最大的一座古建筑。该祠为排架式挑梁构造，呈徽派建筑风格。祠内除雕梁画栋、精美的砖雕石刻外，后进南墙保存有四幅完好的彩色花鸟壁画（每幅纵70厘米，横210厘米）。天井内植有两株牡丹，高约1.5米，枝干苍劲，每年开花五、六十朵，花大如碗，艳丽夺目。相传至今已有二百余年，为县内珍稀花木。,,,5.0,,,,,4
城西湖公园,http://travel.qunar.com/p-oi39590441-chengxihugongyuan,,,,,,,,,,5
矿山岭,http://travel.qunar.com/p-oi39573005-kuangshanling,,,,,0.0,,,,,5
蜜蜂洞,http://travel.qunar.com/p-oi39434919-mifengdong,,,,,0.0,,,,,5
旵山头,http://travel.qunar.com/p-oi39418509-chanshantou,,,,,5.0,,,,,5
飞沃亲子谷,http://travel.qunar.com/p-oi39413188-feiwoqinzigu,,,,,0.0,,,,,5
水东石林古寨,http://travel.qunar.com/p-oi39368866-shuidongshilinguzhai,,水东石林古寨景区位于安徽省宣城市宣州区的东南的千年古镇水东镇。水东石林古寨景区占地约1000亩，由古寨片区、石林片区、田园牧场片区三大片区组成，是集文化体验、游乐互动、休闲度假为一体的综合旅游度假景区。其中古寨片区以中国古代战争背景文化进行复原古寨建筑，依山而建的古寨城楼气势恢弘，更有大营、瓮城、土楼、金龙吐水等特色建筑和景观，并融入勇者乐园、飞拉达挑战、古装体验和威亚等不同惊险程度的体验项目。石林片区是华东地区罕见的大规模喀斯特地貌石林，被誉为中国太湖石天然博物馆，太湖石成片成林，既气势磅礴也玲珑秀美，结合石林地貌的穿越恐龙谷和上山穿山甲是亲子活动的必选项目，高空飞翔和石林飞车等高空刺激体验项目深受游客欢迎。希望给您带来欢乐和美好的旅游体验。,,,0.0,,,,,5
欢溪原自然公社,http://travel.qunar.com/p-oi39172746-huanxiyuanzirangongshe,,“欢溪原”位于广德四合乡耿村村，总占地约323亩，是一个集合山、水、田、林、湖、草等自然要素于一体，城市、乡村无界为界、浑然共生的有机体。,,,5.0,,,,,5
智诚全地形越野车俱乐部,http://travel.qunar.com/p-oi39032846-zhichengquandixingyue,,,,,--,,,,,5
新港文旅城,http://travel.qunar.com/p-oi38990243-xingangwenlu:cheng,,位于宣城主城区西扩片区的黄金区位，是一座城市旅游综合性度假乐园。拥有32万㎡的儿童游乐主题公园、一大片绿草地、人造沙滩、摩天轮、动物园、海洋馆、大型音乐喷泉、游船等设施，是周边游乐放松休闲的好去处。,,,4.0,,,,,5
落羽杉湿地公园,http://travel.qunar.com/p-oi38948288-luoyushanshidigongyuan,,,,,0.0,,,,,5
十八湾景区,http://travel.qunar.com/p-oi38936987-shibawanjingqu,,十八湾景区“湾湾有故事，处处是风景”品山、观竹、憩水、探谷。群峰叠翠，溪谷幽深，山、水、石、林、谷五景竞秀峡谷中，岩岩互峙，崖崖相立，刀削斧斫，犬牙交错，溪涧环扣，峰峦恋偎。谷中河床，青石为砥，光滑圆润，如盆似钵，成潭挂瀑，潭中鱼儿轻舞小尾，恰似支支小毫在绘宫笔画.由诗仙谷、曲水流觞、花果洞天、茶花仙子、花溪叠瀑、叠水迎宾、空谷传音、远古呼唤、曲径通幽、清泉石上流、银河天降、欢乐岛、游击之歌、河东狮吼、竹林访贤、断岸千尺、壶中日月、峡谷飞虹18個景觀合在一起組成的，故名“十八湾”。 十八湾沿水而生，总长度约2.4公里，总占地约20公顷。景区以生态、可持续的发展模式，建立生态、乡村、旅游、度假和谐共生，网红及亲子项目以旅游休闲、娱乐体验、生态住宿为其特色，功能完善、特色鲜明的山水生态休闲旅游。,,,5.0,,,,,6
鸿门村文化乐园,http://travel.qunar.com/p-oi38926487-hongmencunwenhualeyuan,,,,,1.0,,,,,6
玲芝村,http://travel.qunar.com/p-oi38920904-lingzhicun,,,,,--,,,,,6
白云禅寺,http://travel.qunar.com/p-oi38912681-baiyunshansi,,,,,--,,,,,6
城西湖,http://travel.qunar.com/p-oi38876426-chengxihu,,,,,,,,,,6
平垣秘境,http://travel.qunar.com/p-oi38860807-pingyuanmijing,,,,,1.0,,,,,6
徽砖博物馆,http://travel.qunar.com/p-oi38854242-huizhuanbowuguan,, 参观感受徽砖文化的魅力，感受古代匠人智慧，学习从古至今“窑”文化的发展，了解砖的非遗文化，体验古人制砖过程（制坯摔砖成型），拉坯成品，瓷画绘制，拓印古砖花纹，泥巴雕刻，捏雕体验。,,,--,,,,,6
牡丹园,http://travel.qunar.com/p-oi38842739-mudanyuan,,,,,,,,,,6
新和千亩樱花,http://travel.qunar.com/p-oi38818655-xinheqianmuyinghua,,新和千亩樱花，面积约2000多亩，每逢花期，无数朵花蕾含羞绽放，千亩园区粉红一片，仿佛置身于粉色云端，吸引大批游客前来拍照赏花。,,,5.0,建议游览时间：1小时 - 2小时,,具体收费情况以现场公示为主,,6
中国宣砚文化园,http://travel.qunar.com/p-oi38807399-zhongguoxuanyanwenhua,,宣砚文化园地处文化氛围浓厚的“文房四宝之乡”——安徽宣城，是国家认定的中国特色小镇——“宣砚小镇”的文化地标。宣砚文化园由安徽宣砚文化有限公司于2013年投资兴建，现已建成的园区总面积14137.25平方米，包括宣砚博物馆、创砚坊、徽韵阁、品宣楼、传习堂、漱墨亭等多座独具特色和功能的建筑，是以宣砚为主导的，集宣砚生产研发、文房四宝展览、文化艺术交流、旅游研学教育、非遗保护传承、餐饮住宿服务为一体的文化旅游中心。年接待游客量5万余人次。宣砚文化园设计独特，环境...宣砚文化园地处文化氛围浓厚的“文房四宝之乡”——安徽宣城，是国家认定的中国特色小镇——“宣砚小镇”的文化地标。宣砚文化园由安徽宣砚文化有限公司于2013年投资兴建，现已建成的园区总面积14137.25平方米，包括宣砚博物馆、创砚坊、徽韵阁、品宣楼、传习堂、漱墨亭等多座独具特色和功能的建筑，是以宣砚为主导的，集宣砚生产研发、文房四宝展览、文化艺术交流、旅游研学教育、非遗保护传承、餐饮住宿服务为一体的文化旅游中心。年接待游客量5万余人次。宣砚文化园设计独特，环境优美，文化底蕴深厚，是皖南地区大型的文房四宝研学基地，也是中国国家画院文化产业研究基地、安徽省书画院书画创作基地和宣砚非遗技艺实践基地。2017年，宣砚文化园被评为“安徽省文化产业示范基地”。在这里，人们可以品鉴宣砚作品、观摩非遗技艺、体验文房四宝制作、学习书法绘画、品尝原生态美食、感受自然之乐与传统文化之美，是游客休闲度假、研学旅游的选择。,,,0.0,,,,,6
天寿寺塔院,http://travel.qunar.com/p-oi38623370-tianshousitayuan,,,,,,,,,,7
仙人谷风景区,http://travel.qunar.com/p-oi38336916-xianrengufengjingqu,,,,,--,,,具体收费情况以现场公示为主,,7
梅溪公园,http://travel.qunar.com/p-oi38335852-meixigongyuan,,,,,--,,,具体收费情况以现场公示为主,,7
静湖公园,http://travel.qunar.com/p-oi38334892-jinghugongyuan,,,,,--,,,具体收费情况以现场公示为主,,7
开山,http://travel.qunar.com/p-oi38035119-kaishan,,,,,--,,,具体收费情况以现场公示为主,,7
新港海洋馆,http://travel.qunar.com/p-oi38035012-xinganghaiyangguan,,,,,--,,,具体收费情况以现场公示为主,,7
桃岭,http://travel.qunar.com/p-oi38034924-taoling,,,,,5.0,,,具体收费情况以现场公示为主,,7
漕溪花海,http://travel.qunar.com/p-oi38034767-caoxihuahai,,,,,--,,,具体收费情况以现场公示为主,,7
表灵塔,http://travel.qunar.com/p-oi37807014-biaolingta,,,,,0.0,,,,,7
皖南灵山,http://travel.qunar.com/p-oi37805792-wannanlingshan,"

地址:
安徽省宣城市广德市卢村乡桃山村


电话:
0563-6778222

",皖南灵山景区风光旖旎，融山、水、石、瀑、寺、林、洞于一体，景区内山清水秀，小桥流水，亭台楼阁，风景如画，涧水幽长，险峰竞秀，有72景之多。自古以来就收到文人墨客和旅游爱好者青睐。曾享有“灵山泉石甲一郡”的美名。皖南灵山高空项目打卡聚集地，（高空秋千、空中漫步、七彩滑道等……）,全年 08:00-17:00,,--,建议游览时间：12小时 - 3天,,,,7
云景牛山,http://travel.qunar.com/p-oi37554201-yunjingniushan,"

地址:
安徽省宣城市广德市卢村乡石狮村


电话:
0563-2220788

",云景牛山景区海拔668.8米，景区面积2198亩，计划总投资6.872亿元，集茶旅体验、摄影观光、旅居度假、研学教育、户外休闲五位一体。一期开放：云景牛山游客服务中心、玻璃栈道、天空之镜、悬崖秋千、步步惊心、牛山彩虹、旱滑、天籁古茶园、牛栏山庄、新四军牛山反顽战斗遗址纪念馆、碉堡遗址、机枪阵地、战壕遗址、前沿指挥所、红色游步道。优越的地理环境和自然风光赋予此处“行到牛山处，坐看云景时”的独特魅力。景区规划有一心、一环、三区。一心为观云服务中心，一环为云顶绿环，串联三大功能区。三区为云下仙阁——综合服务区，云涧仙居——乡宿度假区及云顶仙境——休闲观光区。计划建设四处创新山地景观：云天渡、云天湖、云涧梯田、云上花海；四个创意体验空间：崖壁休闲吧、日出客栈、星空帐篷地、云栖野奢帐篷潮宿；三个大研学教育世界：牛山红色宣教基地、牛山青生活馆、牛山森林体验基地；三个花样云涧乐园：高山菜畦、牛山运动公园、森林撒欢场；五个云端度假聚落：茶谷乡宿、云顶服务中心、后山云涧仙舍、太平养心小镇、杨家山避暑小镇。,5/1-10/31 08:30-17:30;11/1-4/30 07:30-15:30,,4.5,建议游览时间：12小时 - 3天,,,,8
龙门大峡谷风景区,http://travel.qunar.com/p-oi37545866-longmendaxiagufengjing,"

地址:
安徽省宣城市宁国市方塘乡板桥村三组

", 宁国市龙门大峡谷风景位于省级板桥自然保护区内，驱车驶入皖南川藏线来到这里，有保存较好的原始森林，区内景观丰富，集峰、水、石、花、树、鸟为一体，市探险、休闲、森林浴的好去处。景区内有全程2公里的漂流，有沙滩越野车狂飙，还有正在待建的丛林穿越，自然环境又没水质清澈，让你圆一次回归自然的梦。,全年 08:00-17:00,,5.0,建议游览时间：12小时 - 3天,,,,8
胡乐古村老街,http://travel.qunar.com/p-oi37155999-hulegucunlaojie,"

地址:
宣城市宁国市S104

","胡乐古村老街上保留了大量的徽派风格的建筑，展现了徽商的历史文化，是人们了解这座古村，乃至这个城市的好地方。
",全年 全天开放,,2.0,建议游览时间：2小时 - 3小时,,具体收费情况以现场公示为主,,8
黄花山,http://travel.qunar.com/p-oi36679987-huanghuashan,"

地址:
宣城市宁国市西部青龙乡西林村境内

",黄花山地处宁国市西部青龙乡西林村境内，是中国名茶黄花云尖的核心产区，以特殊的温度、湿地、高度、纬度与经度而成就特殊的小气候，有一种颇具地域特色的茶园风光，除了茶这里的风景也是很美的，目光所及指出皆是青翠欲滴，身心都能放松下来。,24小时对外开放,,--,建议游览时间：3小时 - 5小时,,具体收费情况以现场公示为主,,8
西津古渡口,http://travel.qunar.com/p-oi36677759-xijingudukou,"

地址:
宁国市西津公园仙霞大桥与西津渡大桥之间

",宁国市西津古渡口地处西津河老大桥以东、仙霞路大桥以西的中间位置，是西津公园仅有的历史古迹。西津古渡口周边都是城市繁华的街区，但古渡口一直保留着原生态景象。对面的高楼大厦与古朴原始的码头形成对比。西津古渡口的水质还是比较不错的，作为一座发达型工贸城市，城区河流水源有这种品质已经不错了。在这里古代码头的痕迹依稀可见，原生态风光非常有特色。,全天候24小时对外开放,https://tr-osdcp.qunarzz.com/tr-osd-tr-space/img/fce9b98009f5b93cf530a9a14bd1f953.jpg_480x360x95_26b10349.jpg,--,建议游览时间：1小时 - 2小时,,具体收费情况以现场公示为主,,8
红旅小镇,http://travel.qunar.com/p-oi36590586-honglu:xiaozhen,"

地址:
宣城市泾县云岭镇光明村(营房)

",红旅小镇依托云岭红色背景和独特资源创建“红旅小镇”，五大功能区，分别为:游客集散区、水上活动区、战备粮生产区、军事体验区、岗哨露营区，全部建成后，日接待游客能力可达10000人。小镇军事体验区的5号兵站占地120多亩，实景演出场地有500多个观众席位，可举办各种大型演艺活动、军事体验和各类拓展训练，射击、跑马场和真人CS同时也丰富了拓展的内容，2019年成功申办建国70周年“中国农民丰收节”全媒体直播举办地。,全年 全天开放,,0.0,建议游览时间：12小时 - 3天,,,,8
中国树木博览小镇,http://travel.qunar.com/p-oi36475163-zhongguoshumubolanxiao,"

地址:
宣城市宁国市宁港路恩龙世界木屋村附近

",中国树木博览小镇位于安徽省宁国市，又名中国树博园，是长三角休闲度假的后花园。站在山头的制高点可以看到原生态山坡上开满了梅花，景色优美。,24小时开放,,--,建议游览时间：1小时 - 3小时,,具体收费情况以现场公示为主,,8
中国宣酒文化园,http://travel.qunar.com/p-oi36404559-zhongguoxuanjiuwenhua,,中国宣酒文化园内景观回廊、亭台楼榭、奇石名木布局精致，形成了一道道独特的风景。诗仙湖、月亮洞藏、万坛山、宣酒博物馆、明德楼等景点点缀在青山碧水间，让人流连忘返。,,,0.0,,,具体收费情况以现场公示为主,,8
明代城墙公园,http://travel.qunar.com/p-oi36404490-mingdaichengqianggong,,,,,0.0,,,具体收费情况以现场公示为主,,8
鼓角楼,http://travel.qunar.com/p-oi36404297-gujiaolou,,,,,--,,,,,8
宛陵湖法治文化公园,http://travel.qunar.com/p-oi36404200-wanlinghufazhiwenhuagong,"

地址:
鳌峰街道宛陵湖公园

",,全年 09:00-00:30,,0.0,,,具体收费情况以现场公示为主,,9
广德市健康科普馆,http://travel.qunar.com/p-oi36404120-guangdeshijiankangkepu,,,,,0.0,,,具体收费情况以现场公示为主,,9
汪溪落花荡自然村,http://travel.qunar.com/p-oi36404117-wangxiluohuadangziran,,,,,5.0,,,具体收费情况以现场公示为主,,9
鳌峰公园,http://travel.qunar.com/p-oi36404025-aofenggongyuan,,,,,--,,,具体收费情况以现场公示为主,,9
聚龙山公园,http://travel.qunar.com/p-oi36404008-julongshangongyuan,,,,,--,,,具体收费情况以现场公示为主,,9
笄山竹海,http://travel.qunar.com/p-oi36403992-jishanzhuhai,,,,https://tr-osdcp.qunarzz.com/tr-osd-tr-space/img/a790dd0509ea8d02d196745f7ad8924b.jpg_480x360x95_348d0caa.jpg,--,建议游览时间：12小时 - 3天,,具体收费情况以现场公示为主,,9
夫子庙公园,http://travel.qunar.com/p-oi36403553-fuzimiaogongyuan,,,,,0.0,,,,,9
水月庵,http://travel.qunar.com/p-oi36403157-shuiyuean,,,,,--,,,具体收费情况以现场公示为主,,9
龙潭公园,http://travel.qunar.com/p-oi36403138-longtangongyuan,"

地址:
南山街道花岗岩板材厂附近

",,全年 全天开放,,0.0,,,,,9
永来村,http://travel.qunar.com/p-oi36403014-yonglaicun,,,,,--,,,具体收费情况以现场公示为主,,9
地藏大峡谷,http://travel.qunar.com/p-oi36402989-dizangdaxiagu,,,,,--,,,具体收费情况以现场公示为主,,10
宣城市规划馆,http://travel.qunar.com/p-oi36402739-xuanchengshiguihuaguan,,,,,,,,,,10
泾溪古镇景区,http://travel.qunar.com/p-oi36402676-jingxiguzhenjingqu,,,,,--,,,具体收费情况以现场公示为主,,10
英烈坊,http://travel.qunar.com/p-oi36402636-yingliefang,,,,,0.0,,,,,10
宁阳公园,http://travel.qunar.com/p-oi36402551-ningyanggongyuan,,,,,0.0,,,,,10
松岭园,http://travel.qunar.com/p-oi36402238-songlingyuan,"

地址:
宁阳西路

",,全年 全天开放,,0.0,,,具体收费情况以现场公示为主,,10
中津大桥,http://travel.qunar.com/p-oi36388706-zhongjindaqiao,"

地址:
宣城市宁国市怀安大道西侧30米处(万福小学西侧)

",中津大桥位于宣城市宁国市，是连接鸡山村与津南村之间一座古老的石拱桥。,全天24小时,,5.0,建议游览时间：0.5小时 - 1小时,,具体收费情况以现场公示为主,,10
茂林风景区,http://travel.qunar.com/p-oi36245769-maolinfengjingqu,"

地址:
宣城市泾县茂林镇尚友堂路12号

","茂林旅游风景区，位于安徽“两山一湖”黄金旅游线的中间地带，泾县茂林镇镜内，距县城35公里，距黄山50公里，有322省道穿境而过，交通便利，旅游设施完善，是安徽红色旅游线路中的著名品牌和经典景区。在震惊中外的“皖南事变”中，茂林作为主要激战地，经历了炮火的洗礼，见证了战争的硝烟。从吴氏大宗祠的告别大会，袁国平慷慨演讲，到蜜蜂洞的沉痛悲歌，项英不幸遇害。丕岭枪声突起，反动派用心险恶，高坦突围未成，新四军步步危机。东流山英勇激战，石井坑战火纷飞。叶挺谈判时被扣，任光受伤后牺牲。千古奇冤、江南一叶。战争虽已远去，记忆却不会模糊。当年皖南事变主战场，如今已成为众多游客凭吊先烈，旅游休闲的好去处。并将和县内其他红色景点互动”。
茂林不但有着光荣的革命传统，还有着丰富的自然景观和人文底蕴。魁峰俊秀，濂溪流长。穿村活水、十里长堤，具江南之风韵，尚书故宅、老街旧貌，得徽居之精华。更有延陵望族，官宦世家、吴氏三杰、书墨留香。
千年古镇，传承了灿烂的文明，更吸引着众多的游人来此访古探幽，领略自然和人文意境。
",9：00-16：00,,5.0,建议游览时间：1小时 - 2小时,,,,10
太平茶场,http://travel.qunar.com/p-oi36197716-taipingchachang,,种植有千亩茶场，层层叠叠梯田式排列，茶场上还有体感式牧场。,,,0.0,建议游览时间：1小时 - 2小时,,具体收费情况以现场公示为主,,10
桃花潭鸿峨迷谷花海,http://travel.qunar.com/p-oi36196150-taohuatanhongemiguhua,"

地址:
宣城市泾县桃花潭镇鸿峨村新屋坦组文村桥头


电话:
15395320760

",  ,全年 08:00-17:00,,0.0,建议游览时间：2小时 - 3小时,,,,10
