名字,链接,地址,介绍,开放时间,图片链接,评分,建议游玩时间,建议季节,门票,小贴士,Page
奥伦布坎景区Orenbukan Scenic Area,http://travel.qunar.com/p-oi10020791-aolunbukanjingqu,"

地址:
兴安盟阿尔山市白狼镇望远山（紧邻乌兰浩特-阿尔山一级公路和S203）


电话:
13801239116

",阿尔山奥伦布坎旅游景区位于内蒙古自治区兴安盟阿尔山市东南方向的白狼镇望远山，紧邻乌兰浩特-阿尔山一级公路和S203省道，距离阿尔山市区30公里。景区总面积250平方公里，核心景区28.9平方公里。奥伦布坎景区身处大兴安岭腹地，坐拥森林、火山、温泉、冰雪、湿地六大自然资源，形成独一无二的原生态自然奇观；以“通古斯部落文化、狩猎文化、冰雪文化”三大文化为依托，打造了“探秘大兴安岭、奥伦布坎部落、魔法汤泉圣地、野奢梦幻时光、自驾集结地、冰雪嘉年华、莫尔根湿地公园”七大主题产品，形成集文化体验、创意游览、科普发现、时尚休闲、特色度假、冰雪娱乐等功能于一体的大型旅游综合景区。,1/1-10/30 08:00-17:00,https://flight-feed.qunarzz.com/as3/180/image/poi_vishnu/6b030575-91b0-4cc8-9c98-d9471185d83b.jpg,4.1,建议游览时间：12小时 - 3天,,120元,,1
阿尔山国家森林公园Arxan National Forest Park,http://travel.qunar.com/p-oi701818-aershanguojiasenlingong,"

地址:
内蒙古自治区兴安盟阿尔山市阿尔山国家森林公园


电话:
4000-151-757,0482-7155555


官网:
http://www.aesly.com/

",阿尔山国家森林公园镶嵌在碧波浩瀚的大兴安岭林海中，公园内有大兴安岭主高峰——特尔美山（海拔1378米）和大兴安岭较大的湖泊——达尔滨湖，更有火山爆发时熔岩流淌凝成的石塘林和天池。其矿泉资源得天独厚，被称为“天下奇泉”。进入公园内，先到的便是大峡谷，这条峡谷主体就是火山熔岩的断裂带，它也是柴河的源头。沿着林间的木头栈道向树林深处步行，林间地面上铺着厚厚的金黄色的松针，耳边听到的是潺潺的流水声。峡谷深处，到处充满了大大小小的黑色火山熔岩，像开山后弃之的岩石，零乱堆积，十分有特色。离开大峡谷，大约十分钟车程，便可到达驼峰岭天池，这是一处火山喷发后，火山口积水而形成的高位湖泊，水面海拔近1300米。景区开发较晚，较好的保存了原始风貌，浓缩了大兴安岭山水的精华，植被覆盖率达90%以上，哈拉哈河、柴河、伊敏河从中蜿蜒而过。从驼峰天池下来，向西南行驶，沿路都是原始的松林覆盖，路边有许多火山熔岩的遗迹。大约半个小时就可抵达有名的杜鹃湖。每年春季，湖边会开满鲜艳如火的杜鹃花，此湖也正是因此而得名。由于气候寒冷，杜鹃花开放的时候，往往积雪未化，或者甚至还有下雪的天气，这个时候，湖边会出现雪映青松花映雪的奇景。,全年 08:00-17:00,https://img1.qunarzz.com/travel/d1/1812/61/387c590ae267cab5.jpg_480x360x95_14eee9ad.jpg,4.3,建议游览时间：3天 - 6天,夏季和秋季最佳。夏季气候凉爽，避暑圣地；秋季，可以观赏到一片黄色的林海。,"{'阿尔山国家森林公园门票+观光车票成人票\n\n': ['¥234.5起'], '阿尔山国家森林公园手机智能讲解服务大小同价\n\n': ['¥0.5起'], '3+3净游草原·呼伦贝尔大草原阿尔山经典南北线深度3日游\n\n': ['¥1580起']}",Tips: 游玩时门票要随身携带，景区内每个景点都要检票。另外，冬季森林公园内一部分景点会关闭。,1
驼峰岭天池Tuofengling Tianchi,http://travel.qunar.com/p-oi710731-tuofenglingtianchi,"

地址:
兴安盟阿尔山市阿尔山国家森林公园内


电话:
4000-151-757,0482-7155555

",阿尔山有两个天池，一个叫阿尔山天池，离游客中心比较近；另一个即是驼峰岭天池，由于距离较远，去的游客也相对少一些。这里有着美丽的传说和安静的氛围，与阿尔山天池有着不同的味道。驼峰岭天池是火山喷发后，火山口积水而形成的高位湖泊，这里水面海拔1284米，湖面象人的左脚形状，东西宽约450 米，南北长约800 米，面积为26公顷，这个湖也属于玛珥湖，形成30万年左右。,全年 7:00-18:00,https://img1.qunarzz.com/travel/d1/1504/18/96e1a362993c71.jpg_480x360x95_219cddaa.jpg,4.6,建议游览时间：1小时 - 2小时,四季皆宜，不同的季节能够欣赏到各不相同的美景，春夏秋出游最佳。春夏之交，岸边林木葱郁，山中水气郁结，山头云雾缭绕，杜杜鹃花开时，宛如花海中镶嵌着一大块晶莹的蓝宝石，构成了天池独特的自然景观。秋天的白桦树叶片由绿变黄，金黄的树叶、雪白的树干倒映在碧蓝的湖水上，景色非常美。,"{'3+3净游草原·呼伦贝尔大草原阿尔山经典南北线深度3日游\n\n': ['¥1580起'], '纯玩草原南线/北线深度4日游\n\n': ['¥1980起'], '老司机带你越野车穿越呼伦贝尔大草原一日游\n\n': ['¥500起']}",,1
杜鹃湖Duju Lake,http://travel.qunar.com/p-oi5740663-dujuanhu,"

地址:
兴安盟阿尔山市阿尔山国家森林景区内


电话:
4000-151-757,0482-3993911

",杜鹃湖位于阿尔山市东北92公里处，在阿尔山国家森林公园内，面积128公顷，因湖畔开满杜鹃花而得名。该湖状呈“L”型，东南为进水口，西南为出水口，上游连着松叶湖，下游衔着哈拉哈河，平均水深2.5米，深处达5米以上。杜鹃湖为流动活水湖，当残雪消融春回大地之时，杜鹃花灿然怒放，湖面被映衬得如霞似火。湖中野凫成群，灰鹤、大鹅栖息，成群的柳根鱼竞相觅食；湖畔花树相间，红绿分明，煞是好看；夏季杜鹃湖，美不胜收，湖面荷叶田田，迎风摇曳，清香扑面；秋季水清如镜，游鱼梭动；...杜鹃湖位于阿尔山市东北92公里处，在阿尔山国家森林公园内，面积128公顷，因湖畔开满杜鹃花而得名。该湖状呈“L”型，东南为进水口，西南为出水口，上游连着松叶湖，下游衔着哈拉哈河，平均水深2.5米，深处达5米以上。杜鹃湖为流动活水湖，当残雪消融春回大地之时，杜鹃花灿然怒放，湖面被映衬得如霞似火。湖中野凫成群，灰鹤、大鹅栖息，成群的柳根鱼竞相觅食；湖畔花树相间，红绿分明，煞是好看；夏季杜鹃湖，美不胜收，湖面荷叶田田，迎风摇曳，清香扑面；秋季水清如镜，游鱼梭动；冬季的杜鹃湖是个天然的滑冰场。,包含于阿尔山国家森林景区，景点开放时间详见景区现场公示。,https://img1.qunarzz.com/travel/d6/1610/7b/b30c2b6d9c968b5.jpg_480x360x95_d2e65b3b.jpg,4.6,建议游览时间：1小时 - 2小时,夏季最佳，冬季较为寒冷，请注意保暖防寒。,包含于阿尔山景区内，通用于阿尔山景区门票。,,1
石塘林Sitanglin Geological Site,http://travel.qunar.com/p-oi705239-shitanglin,"

地址:
兴安盟阿尔山市阿尔山国家森林公园内


电话:
0482-7155555,4000-151-757,0482-8222968

",石塘林在阿尔山国家森林公园内，位于天池林场东，距阿尔山市温泉街84公里，是大兴安岭奇景之一。这里是第四纪火山喷发的地质遗迹，也是亚洲较大的近期死火山玄武岩地貌，地质构造、土壤、植被生物均保持原始状态，生物多样复杂。石塘林长20公里、宽10公里，是由火山喷发后岩浆流淌凝成。经过千年风化和流水冲刷，形成了石塘林很有特色的自然地貌，犹如波涛汹涌的熔岩海洋，有翻花石、熔岩洞、熔岩丘、喷气锥、熔岩龟背、地下暗河等景观。兴安落叶松枝繁叶茂，高山柏遍地延伸，偃松四季常青，金星梅、银星梅一片金黄，一片银白。石塘林内，石与林相依，花草相融，清流时隐时现，处处景色盎然。,全年 8:00-17:00,https://img1.qunarzz.com/travel/poi/1409/11/6a9815997bc4e08fffffffffc8d65eac.jpg_480x360x95_754974d1.jpg,4.6,建议游览时间：2小时 - 3小时,夏季秋季为佳,"{'3+3净游草原·呼伦贝尔大草原阿尔山经典南北线深度3日游\n\n': ['¥1580起'], '纯玩草原南线/北线深度4日游\n\n': ['¥1980起'], '老司机带你越野车穿越呼伦贝尔大草原一日游\n\n': ['¥500起']}",,1
三潭峡Santan Gorge,http://travel.qunar.com/p-oi714771-santanxia,"

地址:
安盟阿尔山市东北78公里处阿尔山国家森林公园内


电话:
4000-151-757,0482-7155555

",三潭峡位于阿尔山市东北78公里处，在天池景区内，是哈拉哈河的上游，与天池山遥相呼应。峡谷长约三公里，建有跨溪天桥。峡谷有三潭，故称三潭峡。三潭依次为卧牛潭——河水平稳，潭前大大小小的卧牛石横河摆放，如庞大的牛群静憩河中；虎石潭——平静的潭水上方，河流中密布着形态各异的巨大岩石，宛如虎群在河中玩耍嬉戏；悦心潭——是峡谷的尽头，地面豁然开朗，河面加宽，潭水透明，清澈见底。河床由大到小不等的岩石组成，两岸是针阔混交林，林间杜鹃花枝繁叶茂，景色宜人。岸上有小路随河而行，三潭之间，弯路颇多，九曲回肠。峡谷中有一段在六、七月份存在冰川，被称为“夏日冰川”。,全年 8:00-17:00,https://img1.qunarzz.com/travel/d9/1505/52/a82ee7d6b49229.jpg_480x360x95_f2e6e293.jpg,4.4,建议游览时间：2小时 - 3小时,夏季秋季为佳,包含于阿尔山国家森林公园景区门票内，通用阿尔山国家森林公园景区门票。,,1
玫瑰峰Rose Peak,http://travel.qunar.com/p-oi5740661-meiguifeng,"

地址:
兴安盟阿尔山市天池镇203省道

",玫瑰峰位于阿尔山市区北25公里、伊尔施镇西北10公里处，在阿尔山国家森林公园内，是一处由10余座石峰组成的山石景区，石峰错落有致，犬牙交错，奇伟挺拔，巍峨壮观，因石峰大部分呈红褐色，因此得名“玫瑰峰”，也叫“红石砬子”。阿尔山玫瑰峰北的阙奕坛草原是成吉思汗漠北铁骑的摇篮，是成吉思汗及其子孙南下、西征东进的力量之源。从山下仰望玫瑰峰，山石有的象被甲的战将，有的象直播云霄的宝剑，有的象嘶鸣的战马，形态各异。玫瑰峰的中间石阶向上，左侧山峰几乎呈90度直角，非常险峻。站在玫瑰峰高处俯视四野，山岭起伏连绵，哈拉哈河宛如银链绕峰而去。诗人伊德尔慨叹玫瑰峰“古今是关隘，曾有巨人来，雄伟玫瑰峰，可汗点将台。”,暂时停业，具体营业（开放）时间详见景区公示。约为每年4-11月，冬季会关闭。,https://tr-osdcp.qunarzz.com/tr-osd-tr-space/img/41017c32d6032cf0c6c4f36a8013e7c4.jpg_480x360x95_c10a80e5.jpg,4.2,建议游览时间：2小时,夏天为佳，冬季十分寒冷，请注意保暖防寒。,"{'3+3净游草原·呼伦贝尔大草原阿尔山经典南北线深度3日游\n\n': ['¥1580起'], '神秘阿尔山·呼伦贝尔大草原·深度8日游\n\n': ['¥3580起']}",,1
成吉思汗庙Genghis Khan Temple,http://travel.qunar.com/p-oi712653-chengjisihanmiao,"

地址:
兴安盟乌兰浩特市兴安北大路82号


电话:
0482-8415080

",成吉思汗庙位于乌兰浩特市城区北侧罕山山顶，在罕山公园内，地址是乌兰浩特市兴安北大路82号。该庙建成于1944年，是全国一座祭祀成吉思汗的庙宇。庙宇由艺术家耐勒尔设计，融蒙、汉、藏三个民族的建筑风格于一体，采取古代汉族建筑中惯用的中轴对称布局手法，建筑主体圆顶方身，绿帽白墙，具有典型的蒙、藏建筑特色。在这里还可俯瞰乌兰浩特市全景。成吉思汗庙座北朝南，下方上圆，庙殿呈“山”字型，中间是高28米的正殿，东西两侧是高16.62米的偏殿，共有9个尖顶，用绿色琉璃镶制。正...成吉思汗庙位于乌兰浩特市城区北侧罕山山顶，在罕山公园内，地址是乌兰浩特市兴安北大路82号。该庙建成于1944年，是全国一座祭祀成吉思汗的庙宇。庙宇由艺术家耐勒尔设计，融蒙、汉、藏三个民族的建筑风格于一体，采取古代汉族建筑中惯用的中轴对称布局手法，建筑主体圆顶方身，绿帽白墙，具有典型的蒙、藏建筑特色。在这里还可俯瞰乌兰浩特市全景。成吉思汗庙座北朝南，下方上圆，庙殿呈“山”字型，中间是高28米的正殿，东西两侧是高16.62米的偏殿，共有9个尖顶，用绿色琉璃镶制。正殿圆顶中央悬挂兰色长方形匾额，上书“成吉思汗庙”（蒙、汉两种文字）。庙殿建筑面积822平方米。正殿有16根大红漆明柱，大殿正中的大理台基上座落着高2.8米、重2.6吨的成吉思汗全身铸铜座像，两旁陈列元代兵器。东西偏殿陈列元代服饰、书简、器皿。三座大殿天花板绘有蒙古古代图案，大殿和走廊墙壁有成吉思汗箴言字画与当代画家思沁绘制的大型壁画。成吉思汗庙四周有高2.8 米，周长1000余米的灰顶白色围墙，整个院落占地6.8万平方米。由庙殿向下，有81级台阶。台阶两侧皆青松、翠榆、山杏相衬。东侧设蒙古包，蒙古包前有马厩一处，里面饲养一匹象征着成吉思汗远征英姿的白色骏马，称之为“神马”。西侧建有一栋东边方型、西边圆型、面积200余平方米的房屋，恰与山顶庙宇相衬。顺台阶南下，高大的山门，由并排三个朱红色大门组成，距山门两侧30米处设有东、西便门。,全年 8:30-17:30,https://img1.qunarzz.com/travel/poi/1409/11/677476b3363251a1ffffffffc8d65eac.jpg_480x360x95_84b3d66c.jpg,4.5,建议游览时间：1小时 - 2小时,这里四季分明、雨热同期，年平均气温仅为4-6℃。最佳出游时间在夏季。,具体收费情况以现场公示为主,,1
哈拉哈河Halaha River,http://travel.qunar.com/p-oi7335859-halahahe,"

地址:
兴安盟阿尔山开发区境内

",哈拉哈河发源于阿尔山国家森林公园境内，汇集了苏呼河和古尔班河等支流，干流由东向西经伊尔施流入蒙古国，属额尔古纳河水系。河长399公里，在阿尔山开发区内的134.5公里景色非常优美，河床宽40－200米。河段山环水绕，林木茂盛，郁郁葱葱。河中多小岛、沙洲，水清流急，流量稳定，上游段与一系列火山堰塞湖连结，风光独秀。河上开展有漂流观光的活动，可一直漂到临近中蒙边境的地方，但冬季会停止。,全年 全天开放,https://img1.qunarzz.com/travel/poi/201407/07/fb610c6d9ed7672cddb12cfb.jpg_480x360x95_61690ffb.jpg,4.6,建议游览时间：1小时 - 3小时,5月——10月，夏季温差大，注意保暖和防晒。,具体收费情况以现场公示为主,,1
鹿鸣湖Luming Lake,http://travel.qunar.com/p-oi713836-luminghu,,,,,,,,,,1
龟背岩Tortoise Back Rock,http://travel.qunar.com/p-oi7523918-guibeiyan,"

地址:
阿尔山国家森林公园


电话:
0482-7155555

",龟背岩位于阿尔山国家森林公园内，为熔岩构造，因不规则形状如龟背而得名。,8:00-17:00,https://img1.qunarzz.com/travel/poi/1410/22/8e1cfe08abd289acffffffffc8d65eac.jpg_480x360x95_e0f551e3.jpg,4.2,建议游览时间：1小时,5-10月，此时气候宜人，景色非凡。其它时节，阿尔山的风景也各有特色,180元,游玩时门票要随身携带，景区内每个景点都要检票。另外，冬季森林公园内一部分景点会关闭。,2
五里泉Wuliquan,http://travel.qunar.com/p-oi5740660-wuliquan,"

地址:
203省道东20米五里泉

",五里泉位于通往伊尔施的S203公路边，因距阿尔山市北5华里处而得名。五里泉水为优质矿泉水，泉水无色无味、清澈透明、清凉爽口、沁人心脾，水温为6.3℃－6.8℃，常年不变，水位不受季节变化的影响。,全年 全天开放,https://img1.qunarzz.com/travel/poi/1409/11/9efb0b019c17194fffffffffc8d65eac.jpg_480x360x95_3856bb5b.jpg,4.5,建议游览时间：0.2小时 - 0.3小时,距阿尔山市北5华里，可驾车前往。夏季为佳，秋冬季较为寒冷。每年的5-9月和12月，不过冬季来旅游应注意防寒保暖。,具体收费情况以现场公示为主,,2
大峡谷,http://travel.qunar.com/p-oi7523921-daxiagu,"

地址:
阿尔山国家森林公园内


电话:
0482-7155555

",阿尔山大峡谷的主体为火山熔岩断裂带，长10km，平均宽度约20米，落差25米，山泉涌出后形成的河流从峡谷底流过。阿尔山大峡谷是阿尔山国家森林公园三大水系之一——柴河的源流。,8:00-17:00,https://img1.qunarzz.com/travel/d1/1608/ad/b80d5209ec1364b5.jpg_480x360x95_8d769920.jpg,4.0,建议游览时间：1小时,5-10月，此时气候宜人，景色非凡。其它时节，阿尔山的风景也各有特色。,包含在阿尔山森林公园景区门票内，旺季180元，淡季130元,游玩时门票要随身携带，景区内每个景点都要检票。另外，冬季森林公园内一部分景点会关闭。,2
乌兰毛都草原wu lan mao du cao yuan,http://travel.qunar.com/p-oi710803-wulanmaodoucaoyuan,"

地址:
兴安盟科尔沁右翼前旗(大坝沟镇)乌兰毛都努图克

",乌兰毛都草原位于兴安盟科尔沁乌兰毛都努图克。草原地处兴安岭南麓，是兴安盟草原的一个纯牧业区。这里属丘陵山地草原，地域广阔，水丰草美，草原风光独特。其间有河流小溪、山泉、灌丛，夏秋季节野花遍地，香飘原野。目前乌兰毛都努图克有为游客准备的各种服务设施，游客可观览草原风光，拜访蒙古族牧民，品尝饶有风味的民族茶点。乌兰毛都草原的那达慕大会是当地传统的群众性集会，每两年举行一次。主要活动内容有摔跤、赛马、射箭、套马、舞蹈等，此外还进行物资交流、科技展览和先进表彰等。“那达幕”一般于7、8月间举行，会址选在宽阔平坦、水草丰美、景色秀丽的地方。会址间搭起高台，周围有次序地临时搭起蒙古包、饭店、茶馆、货点等，俨然是一座风格独特的草原城市。,全天,https://tr-osdcp.qunarzz.com/tr-osd-tr-space/img/72d6b143cda503b66c3ce6ec781df13d.jpg_480x360x95_4524fc6b.jpg,4.7,建议游览时间：12小时 - 3天,,具体收费情况以现场公示为主,,2
七仙湖草原Qixian Lake Grassland,http://travel.qunar.com/p-oi702676-qixianhucaoyuan,"

地址:
内蒙古自治区兴安盟阿尔山市东北75公里处

",这是一片辽阔的草原，草原上有七个相连的湖泊，牛羊成群，还可以骑马驰骋在草原上。,全天开放,https://img1.qunarzz.com/travel/poi/1409/11/b6b1f2d22b68dfbaffffffffc8d65eac.jpg_480x360x95_1bfa0943.jpg,2.5,建议游览时间：3天,夏季秋季为佳，冬季较为寒冷，请注意保暖防寒。,"{'3+3净游草原·呼伦贝尔大草原阿尔山经典南北线深度3日游\n\n': ['¥1580起'], '神秘阿尔山·呼伦贝尔大草原·深度8日游\n\n': ['¥3580起']}",,2
乌苏浪子湖,http://travel.qunar.com/p-oi7570848-wusulangzihu,"

地址:
兴安盟阿尔山市蒙古、锡林郭勒、科尔沁、呼伦贝尔四大草原交汇处


电话:
0482-7155555

",乌苏浪子湖为火山喷发的熔岩流在流动过程中堵塞哈拉哈河形成的湖泊，原名49号泡子，水域面积135公顷，平均水深2.5米，四面环山，水面如镜，水质肥美，盛产鲤鱼、白鱼等冷水鱼。根据乌苏浪子湖的地貌形态和水域分布特点，其也可能是火山喷发形成的火山口湖。清晨，朝霞映照湖面，射出万道金光。白天，无数的白鸥、野鸭、鱼鹰时而追逐嬉戏，时而腾空而起；湖中天鹅、鸳鸯成双成对，自由自在。伴着悠扬的渔歌，一条条渔舟，轻轻荡着双浆，穿梭湖中撒网捕鱼。,全天,https://img1.qunarzz.com/travel/poi/1412/7e/7e270d61ba7ac0f3cdb.jpg_480x360x95_0492d768.jpg,4.5,建议游览时间：1小时 - 2小时,四季皆宜,"{'3+3净游草原·呼伦贝尔大草原阿尔山经典南北线深度3日游\n\n': ['¥1580起'], '老司机带你越野车穿越呼伦贝尔大草原一日游\n\n': ['¥500起']}",,2
同心天池,http://travel.qunar.com/p-oi7647821-tongxintianchi,"

地址:
内蒙古自治区兴安盟阿尔山市

",,全天开放,https://tr-osdcp.qunarzz.com/tr-osd-tr-mapi/img/7ecc1c31fd56bdb509a05f517396b8ff.jpg_480x360x95_b965954c.jpg,5.0,,,免费,,2
地池,http://travel.qunar.com/p-oi7523919-dichi,"

地址:
阿尔山天池东南约6公里处


电话:
0482-7155555

",,8:00-17:00,https://img1.qunarzz.com/travel/poi/1410/22/11bba8f837cee312ffffffffc8d65eac.jpg_480x360x95_c231aeb7.jpg,3.7,建议游览时间：1小时,5-10月，此时气候宜人，景色非凡。其它时节，阿尔山的风景也各有特色,包含在阿尔山森林公园景区门票内，旺季180元，淡季130元,游玩时门票要随身携带，景区内每个景点都要检票。另外，冬季森林公园内一部分景点会关闭,2
科尔沁珍禽自然保护区Horqin Rare Birds Nature Reserve,http://travel.qunar.com/p-oi707239-keerqinzhenqinziranbao,"

地址:
科尔沁右翼中旗

",科尔沁珍禽自然保护区因自然气候宜人，从而形成了典型的科尔沁草原景观以及动植物资源的丰富。同时也形成了鹤鹳类等珍禽动物栖息环境的湿地为主的自然保护区。,8:00-17:00,https://img1.qunarzz.com/travel/d4/1711/dc/b69e7dd89b37ceb5.jpg_480x360x95_ee3b54cf.jpg,5.0,建议游览时间：3小时,夏季秋季为佳，冬季较为寒冷，请注意保暖防寒。,,,2
松叶湖Songyehu,http://travel.qunar.com/p-oi5740664-songyehu,"

地址:
兴安盟阿尔山市松叶湖


电话:
0482-2256643

",松叶湖位于阿尔山国家森林公园内。属于火山堰塞湖，南北长1300多米，东西宽150多米，面积314公顷。湖呈弯月形，湖底平坦，湖面开阔，天连水，水连天，湖天一色。湖里生长着多种野生鱼类，夏季候鸟群居。湖的东西两岸是高山，西岸的蒿山是阿尔山林区的第二高峰，山顶有望火楼。湖的南端有一处高约5米的瀑布，水量丰富，长流不竭。湖两岸的高山上生长着茂密的原始森林，每到金秋时节，松叶纷飞，撒落湖中，密密匝匝的松针漂浮湖面如缎似锦，形成一处奇特的自然景观，因此称为“松叶湖”。松叶湖水向北流，通过八号沟小河流入杜鹃湖。湖的东侧是公路。,全年 8:00-17:00,https://img1.qunarzz.com/travel/poi/1409/12/d2b72018963c1af4ffffffffc8d65eac.jpg_480x360x95_e17a4f43.jpg,4.0,建议游览时间：2小时 - 3小时,,具体收费情况以现场公示为主,每年的7、8和12月，夏季温差大，注意保暖和防晒。,2
白狼林俗村,http://travel.qunar.com/p-oi7335858-bailanglinsucun,"

地址:
内蒙古阿尔山市白狼镇南部，距阿尔山市东南35公里

", 白狼林俗村，是东北林区的一个典型村落，位于内蒙古阿尔山市白狼镇南部，距旅游名城阿尔山市东南35公里。白狼林俗村原名三道沟，“白狼”由蒙古语“白力嘎”演变而来，汉语意为“富饶的地方”。这里阳光璀璨，空气通透，绿色蓊郁。四面环山、树木林立的白狼林俗村，春来杜鹃盛开，漫山红遍；夏至百花争妍，松青桦洁；秋林山果溢香，层林尽染；冬季白雪皑皑，银装素裹，一切都沐浴在原始自然的状态之中。,全天,https://tr-osdcp.qunarzz.com/tr-osd-tr-space/img/d06657d9c67866c72f99f0771d961831.jpg_480x360x95_0c99730c.jpg,5.0,,每年的6——8月份，夏季昼夜温差较大，注意保暖和防晒。,40元,,3
察尔森水库水利风景区,http://travel.qunar.com/p-oi715094-chaersenshuikushuilifeng,"

地址:
位于兴安盟科右前旗境内

",公园位于兴安盟科右前旗境内，距乌兰浩特市32公里。是集森林和草原风光于一体，树木繁茂，绿草如茵，每年都吸引大批国内外宾客旅游观光的胜地。,7:00-19:00,https://img1.qunarzz.com/travel/poi/1409/11/9f702446a946fbb0ffffffffc8d65eac.jpg_480x360x95_6feb8f07.jpg,0.0,建议游览时间：1小时 - 2小时,夏季为佳，秋、冬季较为寒冷。,,,3
海神圣泉,http://travel.qunar.com/p-oi706719-haishenshengquan,,,,,,,,,,3
白狼镇鹿村,http://travel.qunar.com/p-oi7432178-bailangzhenlucun,,白狼镇鹿村仅有64个人，有鹿410头，具备耐寒、抗病、产茸高、优质、药用价值高等特点。,,https://tr-osdcp.qunarzz.com/tr-osd-tr-manager/img/e3de809f8a66f84c9d03f07f4b4ba18f.jpg_480x360x95_0127f533.jpg,3.0,,,,,3
葛根庙Gegen Temple,http://travel.qunar.com/p-oi708549-gegenmiao,"

地址:
乌兰浩特市005乡道葛根庙镇北葛根屯


电话:
0482-8708132

",葛根庙位于白（城）阿（尔山）铁路的葛根庙车站附近，距兴安盟行署所在地乌兰浩特市30公里。庙址座落在陶赖图山东南方山脚下。葛根庙曾经是当地较大的藏传佛教之地，建筑雄伟壮观，具有藏式建筑风格。葛根庙始建于1796年，以梵通寺、广乐寺、广觉寺、宏济寺、慧通寺五大殿宇为主，配有葛根宫、尼玛宫、葛根陵等小型殿宇，占地总面积为6万多平方米。各殿堂内部全为红漆明柱，天花板上均绘有古代龙凤图案，金壁辉煌，庄严肃穆。殿宇又分为前后两个部分。前部为经堂，两侧陈列各种经卷和佛像、经具、器皿等；后部为佛堂，缎制的绣花伞盖顶幔下，依次排列着近千尊镀金铜制大小佛像及若干供具。葛根庙以《甘珠尔》和《丹珠尔》为主诵经典。其中《丹珠尔》中的“医云明部”，是当今蒙古医界所用的主要医学经典之一。除正殿梵通寺外，四大殿宇各设学部一所，分别研究佛教理论、天文地理、佛教秘学理论、病因医理学等。此外，为了让各殿学部分别管理各自的日常活动，还设有15个庙仓。这是全庙各系统管理其教务、学习、生活和财务、布施收入等事项的常设管理机构。,全年 全天开放,https://tr-osdcp.qunarzz.com/tr-osd-tr-manager/img/090f3feefd158b9e9d0d13df2deeac44.jpg_480x360x95_c33f6fd0.jpg,4.7,建议游览时间：2小时 - 3小时,,具体收费情况以现场公示为主,,3
蒙格罕山,http://travel.qunar.com/p-oi712357-menggehanshan,,蒙格罕山是科右中旗四大罕山（蒙格罕、布日和罕、奎屯罕、罕查干）之首。主峰海拔高度为721.3米，总面积2.08万公顷，其中林地面积8 634公顷，占总面积的41.4%，森林面积3 882公顷，占总面积的45%。罕山顶峰平坦，四周沟峪纵横，山泉小溪潺潺流淌，飞禽走兽频繁出没。这里有野生动物103种，以鸟类为主，共76种。,,,--,,,,,3
伊尔施镇,http://travel.qunar.com/p-oi7584459-yiershizhen,"

地址:
兴安盟阿尔山市伊尔施镇

",伊尔施镇位于内蒙古兴安盟阿尔山市最北端，北与呼伦贝尔接壤。过去伊尔施为村级建制，号称“天下第一村”，是阿尔山市的经济重镇。天池自然保护区就位于伊尔施镇境内，它海拔1020－1474米，面积9450公顷。该保护区内森林覆盖率高，动植物呈多样化分布，天池、杜鹃湖等6个湖泊点缀于保护区内，石塘林隐身其中。该区是阿尔山市景区最为集中的地区之一，是阿尔山市旅游业发展的一个重要景区。,全天,https://img1.qunarzz.com/travel/d1/1701/d1/df95d8edad3748b5.jpg_480x360x95_325ab034.jpg,0.0,建议游览时间：0.5小时 - 1小时,四季皆宜,免费,,3
乌兰夫办公旧址Wulanfubangong Site,http://travel.qunar.com/p-oi704592-wulanfubangongjiuzhi,,,,,,,,,,3
巴尔虎右旗Xin Barag Right Banner,http://travel.qunar.com/p-oi7584553-baerhuyouqi,"

地址:
呼伦贝尔西部 中俄蒙三国交界处

",新巴尔虎右旗是一个以蒙古族为主体，汉、达斡尔、鄂温克、鄂伦春、回、满等 11 个民族聚居的边疆少数民族地区。新巴尔虎右旗辖2个苏木（贝尔苏木、克尔伦苏木）、 3个镇（阿拉坦额莫勒镇、阿日哈沙特镇、呼伦镇）、1个牧场（敖尔金牧场）。因为其丰富的民族文化和广袤的草原牧场原因，已经成为游客向往的地方。,全天,https://img1.qunarzz.com/travel/poi/1412/27/27d1c73d11b98f6ccdb.jpg_480x360x95_3e71d9e3.jpg,4.0,建议游览时间：4小时 - 1天,晚春和夏季。,免费,,3
代钦塔拉王爷庙,http://travel.qunar.com/p-oi708485-daiqintalawangyemiao,"

地址:
科右中旗所在地北20公里

",是仿北京紫金城的布局营造的。早在1890年便是图什业图王府所在地。图什业图亲王传世15代王府强迫不满10周岁的旗民“金童玉女”用布兜土，修建后花园假山。许多儿童因劳累饥饿，相继死于非命，尸骨堆积成山，故称为“童子山”。护城河也是强征牧民修建的，现已成为一条小溪。伪满时期，这里是西科尔沁中旗公署所在地，管辖嫩江以南10个旗县。,全天,,5.0,,,免费,,3
公主陵古城遗址,http://travel.qunar.com/p-oi5740668-gongzhulingguchengyizhi,,公主陵古城遗址是乌兰浩特市境内一座辽金时代的古城旧址，位于公主陵嘎查的南山坡上，此城毁于一场大火，初步确定为辽代金山县城。而位于后公主陵屯的公主陵是一处金代墓葬，传说是苏亲王之女和敖日布结婚十六、七年后，公主与额附及其前妻相继故去，将三人全葬于科尔沁右翼前旗巴达仍贵苏木境内萨木嘎山，清顺治年间迁至现址。,,,--,,,,,4
摩天岭Motianling Mountain,http://travel.qunar.com/p-oi708328-motianling,"

地址:
兴安盟阿尔山市大黑沟沟头

",摩天岭位于兴安盟阿尔山市东北大黑沟上游，海拔1711.8米，是大兴安岭的高峰，山脚海拔为1350米，相对高度为362米。摩天岭实际上指的是新老两座火山锥中的老火山锥，新火山锥已被森林覆盖。在山脚下宽谷中是片黑色的熔岩盆地，熔岩渣块形成石海。山西侧和南侧是熔岩流堰塞河道而形成的堰塞湖，分别为松叶湖（达尔宾湖）、仙鹤湖、鹿鸣湖等。摩天岭火山锥是内蒙古东部众多火山锥较高、较典型的火山锥，它与其周围的火山锥、熔岩流和堰塞湖形成完整的火山地貌熔岩景观。,全年 7:30-18:00,https://tr-osdcp.qunarzz.com/tr-osd-tr-manager/img/d47c028b15ffd8c5b30df0f74912e438.jpg_480x360x95_5f6d4890.jpg,4.0,建议游览时间：3天,,{'【威海私家包车1日游】舒适出行·不赶时间·1单1团·不拼车\n\n': ['¥588起']},,4
图牧吉,http://travel.qunar.com/p-oi703060-tumuji,"

地址:
内蒙古扎赉特旗旗境南部的图牧吉镇内

",图牧吉自然保护区位于旗境南部的图牧吉镇内，距旗政府所在地音德尔50公里。东与黑龙江省泰来县接壤，西与兴安盟科尔沁右翼前旗毗邻，南与吉林省镇赉县相望，北与小城子乡为邻，地处大兴安岭山地与松嫩平原的过渡地带，也是我国温带草原与干旱草原的过渡地带。地质、地貌、植被的过渡性特点使之具有独特的地理景观。,全天,,--,,,免费,,4
杨树沟地下瀑布群,http://travel.qunar.com/p-oi705657-yangshugoudixiapubuqun,"

地址:
扎赉特旗北部

",瀑布是河流在平坦玄武岩台地的断陷地带跌入陷谷形成。距瀑布100米范围内即可听到瀑布跌水声，但不见瀑布形影，直至瀑布边缘，方可看到瀑布流泻于脚下深渊之奇观。,全天,,--,,,{'香港迪士尼乐园1日门票+香港海洋公园日间门票\n\n': ['¥845起']},,4
樟松岭,http://travel.qunar.com/p-oi7335861-zhangsongling,"

地址:
阿尔山市西北25公里

",樟松岭位于阿尔山市西北25公里，中蒙边境附近，属大兴安岭西坡樟子松带的南端。为全国保存最大的樟子松林带之一，林木茂密，林相整齐，树干挺直，一般株距约3米左右，盘根错节，虬枝高深。樟松岭山顶浑圆，地表覆盖0.5-2米厚沙土层，排水、蓄水条件较好，气候条件适于樟子松生长。樟松林是特定生态条件下的植被，生长迅速，适应能力强，有防风固沙之效。樟子松为世界珍稀树种之一，为保护这一资源，阿尔山市人民政府对境内12万亩樟松林设立保护区，实施封育管理。在哈拉哈河南岸去往林...樟松岭位于阿尔山市西北25公里，中蒙边境附近，属大兴安岭西坡樟子松带的南端。为全国保存最大的樟子松林带之一，林木茂密，林相整齐，树干挺直，一般株距约3米左右，盘根错节，虬枝高深。樟松岭山顶浑圆，地表覆盖0.5-2米厚沙土层，排水、蓄水条件较好，气候条件适于樟子松生长。樟松林是特定生态条件下的植被，生长迅速，适应能力强，有防风固沙之效。樟子松为世界珍稀树种之一，为保护这一资源，阿尔山市人民政府对境内12万亩樟松林设立保护区，实施封育管理。在哈拉哈河南岸去往林区的公路上，挺立两棵三人双手才能环抱的樟子松王，乃是至今存留有限的原始世巨松，呈门状立于路的两侧，松枝连理，如廊厦覆顶，翠幕重重，有门松之称。,全天,https://img1.qunarzz.com/travel/poi/201406/24/82ef5a3a05b589ebddb12cfb.jpg_480x360x95_0bdc3646.jpg,--,建议游览时间：2小时,5月——10月，夏季温差大，注意保暖和防晒。,免费,,4
内蒙古民族解放纪念馆Inner Mongolia National Liberation Memorial Hall,http://travel.qunar.com/p-oi3864120-neimengguminzujiefang,"

地址:
爱国南大路16号-25


电话:
0482-8423531

",念馆 内蒙古民族解放纪念馆坐落在内蒙古自治区诞生地——乌兰浩特市，是为纪念内蒙古自治区成立六十周年而兴建的，是新中国成立后少数民族地区兴建的第一座全程反映民族区域自治的纪念性展馆，也是内蒙古第一座民族解放纪念馆。是新中国成立以来第一座全程反映民族地区民族解放历程的纪念性展馆。,全年 周二-周日 9:00-16:00;全年 周一 全天不开放,https://img1.qunarzz.com/travel/poi/1803/7f/2c261497dc5ef237.jpg_480x360x95_2516b487.jpg,4.4,建议游览时间：1小时 - 2小时,,,,4
翰嘎利湖,http://travel.qunar.com/p-oi709004-hangalihu,"

地址:
内蒙古-兴安

",美丽的霍林河宛如一条银色的飘带镶嵌在美丽的科尔沁草原上。在霍林河中游的二阶台地上，有一处以霍林河为水源的湖泊，这就是翰嘎利湖。该湖位于旗所在地巴彦呼舒镇北7.5公里，容量9 250万立方米，养鱼水面2.5万亩，最高年捕鱼25万公斤。是一个集灌溉、养殖、旅游观光为一体的综合性生态旅游区。这里既有风格独特的北国草原风情，又有着南国海滨沙滩阳光浴场的特色。,全天,https://img1.qunarzz.com/travel/d5/1601/21/f30de1f0cb4475f7.jpg_480x360x95_4c214383.jpg,0.0,,,,,4
金界壕Jin Great Wall,http://travel.qunar.com/p-oi709854-jinjiehao,"

地址:
满族屯乡

",它由东北向西南贯穿兴安盟全境，是一项规模宏大的古代军事防御工程，又称金长城或兀术长城，号称我国古代继万城长城之后较大的军事防御工程。它是金朝为防御逐渐强盛起来的蒙古族部落而修筑的防御工事体系，始建于金太宗天会年间，由壕、墙、马面、戍堡、关城五部分组成，宽30－60米，主墙每 60－80米筑有马面，每5－10公里筑一边堡。现残墙一般高1.5－2.5米，壕墙和与之相辅的边堡旧址清晰可见，仍不失磅礴之势。在历史上，它其实并未起到它应有的作用。公元1234年，大金帝国在南宋和成吉思汗的南北夹击下，顷刻灭国。,全年 全天开放,https://tr-osdcp.qunarzz.com/tr-osd-tr-manager/img/0ad42ce2abd7f0476715f75629c69326.jpg_480x360x95_0b17d5ff.jpg,0.0,建议游览时间：1小时,,具体收费情况以现场公示为主,,4
哈拉哈漂流公园,http://travel.qunar.com/p-oi40013333-halahapiaoliugongyuan,,美丽河湖哈拉哈 爱国河上勇士漂 哈拉哈漂流公园位于被称为“爱国河”的中蒙界河之上，以“山水共融、人文共生”为设计理念，充分利用哈拉哈河首批全国“美丽河湖”水资源优势进行重点规划打造，主要包括上漂点综合服务区、三段式主题漂流区、漂流配套服务区三大组团，打造“生态漂、勇士漂、爱国漂”三大主题漂流产品。上漂点综合服务区，可以享受购票、购物、能量补给等一站式服务。三段式主题漂流区可以体验到激情漂流、水上飞人、浪漫骑行、童趣黄鸭、漂流竹筏等多项水上运动项目。漂流配套服务区配有更衣室、洗浴室、卫生间、购物超市等，更大程度上提升游客休闲娱乐的体验感与幸福感。晨漂云雾缭绕，神清气爽；暮漂彩霞满天、顽童嬉戏；夜游诗意盎然，星河长明。,,,0.0,,,,,4
阿尔山森林小火车,http://travel.qunar.com/p-oi39772035-aershansenlinxiaohuoche,,阿尔山森林小火车于2022年8月开始投入使用，全车长10米分驾驶车头，及乘客车厢。动力为电。火车路线为环城，其中途径五里泉，圣泉广场，火车站，森林御道，鹿角湾等景区。,,,0.0,,,,,4
混都冷嘎查,http://travel.qunar.com/p-oi39595573-hundoulenggacha,,,,,0.0,,,,,5
蒙格罕山,http://travel.qunar.com/p-oi39515150-menggehanshan,,,,,0.0,,,,,5
火车机车转盘遗址,http://travel.qunar.com/p-oi39167503-huochejichezhuanpanyi,,,,,--,,,,,5
金马鞍风景区,http://travel.qunar.com/p-oi39057122-jinmaanfengjingqu,,    金马鞍旅游景区位于内蒙古科右前旗乌兰毛都大草原腹地，国道G302沿线116公里处，依 托风光旖旎的乌兰毛都杭盖草原和九曲乌兰河建设而成，是兴安盟唯一集骑马、蒙古马术表演、 民俗体验、观光游览于一体的度假型草原旅游景区。    景区草原面积约6万亩，建有彩虹吊桥75米、生态木栈道500米、草原实景剧演绎广场 12000平方米、传统奶制品加工坊400平方米、旅游观光循环路16公里、民族特色旅游纪念品 商店、游客服务中心等。,,,5.0,,,,,5
阿尔山国门,http://travel.qunar.com/p-oi38950782-aershanguomen,,阿尔山国门位于阿尔山市西北25公里处，中蒙边界努木尔根河右岸门山处，与蒙古国松贝尔口岸相对应，为中蒙国际路陆开放口岸。     ,,,4.3,,,,,5
多兰湖公园(东北门店),http://travel.qunar.com/p-oi38807863-duolanhugongyuan,,,,,0.0,,,具体收费情况以现场公示为主,,5
神山,http://travel.qunar.com/p-oi38674590-shenshan,,,,,0.0,,,具体收费情况以现场公示为主,,5
五一广场,http://travel.qunar.com/p-oi38335614-wuyiguangchang,,,,,--,,,具体收费情况以现场公示为主,,5
成吉思汗公园,http://travel.qunar.com/p-oi38334856-chengjisihangongyuan,,,,,--,,,具体收费情况以现场公示为主,,5
黑山头,http://travel.qunar.com/p-oi38034526-heishantou,,,,,5.0,,,具体收费情况以现场公示为主,,5
阿尔山联合国教科文组织世界地质公园博物馆,http://travel.qunar.com/p-oi37807137-aershanlianheguojiaoke,,,,,--,,,具体收费情况以现场公示为主,,6
图牧吉国家自然保护区,http://travel.qunar.com/p-oi37805909-tumujiguojiaziranbaohu,,,,,--,,,具体收费情况以现场公示为主,,6
察尔森水库风景区,http://travel.qunar.com/p-oi37380674-chaersenshuikufengjing,"

地址:
内蒙古兴安盟科右前旗察尔森镇察尔森水库风景区


电话:
0482-2844315

",察尔森水库位于嫩江支流洮儿河中游内蒙古科尔沁右翼前旗境内，距乌兰浩特市32km，是一座以防洪、灌溉为主，结合发电、养鱼等综合利用的大型水利枢纽。水库总库容12.53亿立方米。坝址以上控制流域面积为7780平方公里，多年平均径流量8.3亿立方米 ，察尔森水库设计灌溉面积99.69万亩。是洮儿河干流唯一的控制性骨干枢纽。 察尔森水库为国家“七五”重点工程，隶属于水利部松辽水利委员会管辖。水库枢纽工程由大坝、溢洪道、输水洞和水电站四部分组成。大坝按500年一遇洪水设计，10000年一遇洪水校核，坝型为壤土心墙坝，坝顶高程为371.50米，最大坝高40米，坝顶宽6米，坝长1712米。溢洪道采用岸边陡槽式，设三孔12×14.5米弧形钢闸门，最大泄洪量3616立方米每秒。输水洞采用二洞合一的布置形式，主洞灌溉、泄洪，最大泄量367立方米每秒，支洞发电输水。水电站由四台水轮发电机组及一台生态机组组成，总装机容量为1.4万kw。察尔森水库自投入运行以来，有效保护下游内蒙古、吉林两省7个旗、县、市防洪安全，仅1998年洮儿河大洪水，水库直接防洪效益达76亿元，充分发挥了大型水利枢纽的职能作用。2005年8月，察尔森水库被评为国家水利风景区。,全年 07:30-17:30,,4.0,建议游览时间：2小时 - 3小时,,,,6
内蒙古乌兰浩特洮儿河国家湿地公园,http://travel.qunar.com/p-oi36317508-neimengguwulanhaotetao,,内蒙古乌兰浩特洮儿河国家湿地公园占地面积两千六百多公顷，湿地率高，景色秀丽，众多珍稀鸟类在此栖息。,,,4.5,建议游览时间：4小时,,,,6
内蒙古工作委员会办公旧址,http://travel.qunar.com/p-oi36268271-neimenggugongzuoweiyuan,"

地址:
兴安盟乌兰浩特市兴安北路14号

",,请自行联系景区,,0.0,建议游览时间：1小时 - 2小时,,,,6
蓝斑人私人牧场,http://travel.qunar.com/p-oi36262822-lanbanrensirenmuchang,,蓝斑人私人牧场位于科右前旗桃合木苏木乌申一合嘎查。它由牧场体验区（放牧区）、休闲娱乐餐饮区两部分组成。牧场体验区（放牧区）约有1万亩天然草场，每年6、7月份是芍药花、黄花盛开的季节，风景优美，天然纯净，在这里可以体验到蒙古族传统的游牧生活，领略到成群的牛羊如画中、奔腾的骏马画中行的风光美景。休闲娱乐餐饮区有数个蒙古包，可以吃到正宗的蒙古族特色美食，有传统手把肉、风干牛羊肉，石头烤肉，牛奶制品、酸马奶等美味佳肴。,,https://tr-osdcp.qunarzz.com/tr-osd-tr-manager/img/d0802625e4e8848a520d7d2cce0199ab.jpg_480x360x95_fccb3f96.jpg,0.0,,,,,6
意布格乐图敖包风景区,http://travel.qunar.com/p-oi36262661-yibugeletuaobaofengjing,"

地址:
科尔沁右翼前旗察尔森镇察尔森水库南侧500米

",意布格乐图敖包风景区位于科右前旗察尔森镇，风景区占地面积约为23832平方米，建筑面积约为19066平方米，由敖包、观景平台、亭廊组成。敖包底端直径15米，顶端直径5.4米，底层高1.6米，上四层每层1.4米，总高7.2米，敖包山景区南侧山脚下为时间花海景区。,全年 全天开放,https://tr-osdcp.qunarzz.com/tr-osd-tr-manager/img/0cf55e3142be206ed272fd260bfa57da.jpg_480x360x95_d327fd7f.jpg,0.0,,,具体收费情况以现场公示为主,,6
时间花园景区,http://travel.qunar.com/p-oi36262385-shijianhuayuanjingqu,,景区位于察尔森镇内加油站正对面柏油马路直行500米，园内目前有花海区、儿童游乐区、烧烤露营区以及木屋住宿区域，以及单车，为您在察尔森境内旅游观光提供便利舒服的旅游环境。看这600亩花田由四周的柞树林护佑着，自敖包山一泻千米，犹如一帘幽梦。敖包山又像一位慈祥的蒙古族阿妈，带着幸福的微笑安坐在旅游接待处和安达广场中间，听着察尔森湖的渔歌，为待字国中的女儿连夜绣制的满鲜花的嫁衣。走在花团锦簇的甬道，坐在芳香四溢的长椅，或者静立在花田里的风车前，你心中会心潮澎湃。这些花，既不是令人爱戴的国花、也不是千娇百媚的名花，却开得这样自然、坦荡。在名花谱里找不到它们的名字，甚至，它们都没有自己的花语，它们是花中的老百姓，默默地长在路边、街角、田野、山崖。,,https://tr-osdcp.qunarzz.com/tr-osd-tr-manager/img/c11845cdadecc314393b08c7425f7cb8.jpg_480x360x95_799f1b8c.jpg,--,,,具体收费情况以现场公示为主,,6
黑羊山风景区,http://travel.qunar.com/p-oi36262172-heiyangshanfengjingqu,"

地址:
科尔沁右翼前旗德伯斯镇

",黑羊山风景区位于兴安盟科右前旗德伯斯镇西北部约10余公里，是典型的褶皱山体。石头斑驳凸显，长年累月的日晒雨风蚀雪覆，略显黑褐色，其状如羊。有的侧卧休息，有的凝眸远望，有的信步徜徉，仪态万千，引人遐想。黑羊山风景区由有30000余亩草场和70000余亩林地组成。黑羊山风景区有八个大山沟向四面八方延伸。分别叫做“赛日”沟，“乌力叶森”沟、“腰林”沟、“慕斯图”沟、“道木图”沟、“楚呼日斯图”沟、“浩乙日少仍”和“阿贵哈布其格”。主峰在东侧，海拔1319米。每道山沟各如其面，重峦叠嶂，树木葱茏，美如仙境。但山势险峻，难以攀爬穿越。赛日沟深处建有广场。广场东侧有道垂直挺立的山崖，不仅有壮丽的外观，更以其底部的两个神秘石洞而闻名。它们贯穿着整个山体，有五百多米长。两洞间距不足十米，平行并进，有若干横洞连通两洞。走进去，地面凹凸崎岖，还能听到滴水声，阴森怪异，颇有探秘冒险之感。冬天自然形成的冰柱，在手电筒的照射下晶莹剔透，有的倚着石壁，悠闲自得，有的尖尖的悬在头顶，张牙舞爪，有的像从地面冒出来的气泡，直到初夏才会消失。山洞另一端出口是在半山坡。每年冬天，山上的泉水流下来慢慢结冰，一层层、一道道，逐渐加厚加宽，形成美丽的冰瀑布，引得游客们的惊呼声和欢笑声传遍整个山谷。这样自然形成的冰柱和冰瀑布，无不震撼着游客们的心灵。,全年 全天开放,https://tr-osdcp.qunarzz.com/tr-osd-tr-manager/img/c704af69531cbc2ee354d28acf67a248.jpg_480x360x95_cba1393d.jpg,5.0,,,具体收费情况以现场公示为主,,6
归流河生态公园,http://travel.qunar.com/p-oi36261921-guiliuheshengtaigongyuan,"

地址:
科尔沁右翼前旗科尔沁新址

",归流河生态公园公园，像一颗璀璨的明珠，镶嵌在科尔沁小镇与乌兰浩特市之间。归流河生态公园自北向南一步一景，风光秀丽，公园服务功能齐全，迎合了不同年龄段的需求，是休闲游乐的较佳选择。公园较大的亮点是水。一条横贯南北的归流河，白亮亮的伸向远方，带给人无限的遐想。公园较南边一定是小孩子非常愿意光顾的地方，大型儿童乐园中娱乐项目多种多样，有碰碰车、蹦蹦床、旋转木马、自行车、游船等项目。若乘坐游船还可到达河中心的鸟岛，岛上是鸟儿的家园，夏天的时候很是热闹，各种各样的鸟儿聚在一起，小岛成了鸟的世界，也成了游人留恋的地方。健身设施一应俱全，网球、羽毛球场地更是抢手的地方，人们在这里锻炼身体，愉悦身心。沿着河岸上的健康步道行走，能观赏到各色花草，花香四溢引来了蝴蝶和蜜蜂。一架白色景观桥，给大河增添了一股洋气。公园里还有不同的园艺形象，十二生肖的雕像等多种多样的动物形象，成为了游人们打卡拍照的好地方。,全年 全天开放,https://tr-osdcp.qunarzz.com/tr-osd-tr-manager/img/9dabb5d65398c8754a6a1b70ddeb331e.jpg_480x360x95_1a350405.jpg,--,,,具体收费情况以现场公示为主,,6
展翼家庭农场,http://travel.qunar.com/p-oi36261892-zhanyijiatingnongchang,,展翼家庭农场位于科右前旗科尔沁镇平安村，总面积8万平米，是一个依托设施农业打造的集观光采摘、农事研学、特色餐饮、民宿于一体的农家乐。现有温室54栋，主要生产绿色果蔬，草莓、甜瓜、桑葚、葡萄等，可供游客游园采摘。展翼家庭农场设立了自助大灶台、烧烤区、农事体验区、乡村民宿，孩子们可以在这里进行农事体验，感受农耕文化，亲自采摘纯绿色的蔬菜，烹制美味的农家美食，夜晚入住温馨的乡村民宿，感受乡村夜晚的静谧与闲适，回归田园，放松心灵。,,https://tr-osdcp.qunarzz.com/tr-osd-tr-manager/img/9b4b1ef8515aa02ab6f7d1f6ea4bb6fe.jpg_480x360x95_4f044326.jpg,--,,,,,7
乌兰毛都草原旅游驿站,http://travel.qunar.com/p-oi36261772-wulanmaodoucaoyuanlu:,"

地址:
科尔沁右翼前旗乌兰毛都苏木

",乌兰毛都草原旅游驿站集休闲、观光旅游于一体的综合服务驿站，也是乌兰浩特——阿尔山黄金旅游线路上的重要旅游节点。该旅游驿站依托原有的努图克敖包观景台进行整体扩建，新建有民族特色休闲平台、观景凉亭、生态景观木栈道等，还设有旅游咨询、民族手工艺品展示、便民超市等服务功能。乌兰毛都草原旅游驿站与金马鞍景区遥望。游客走进乌兰毛都草原旅游驿站，沿木栈道登上努图克敖包观景台和苏力德山，既可以俯瞰乌兰毛都杭盖草原秀美的景色，感受蒙古族敖包祭祀传统习俗，又可以遥望金马鞍景区。,全年 全天开放,https://tr-osdcp.qunarzz.com/tr-osd-tr-manager/img/975ab027da0d1e560314aae68f5c642b.jpg_480x360x95_dff04b4f.jpg,0.0,,,具体收费情况以现场公示为主,,7
努图克营地,http://travel.qunar.com/p-oi36261659-nutukeyingdi,,,,,,,,,,7
孛尔只斤部落,http://travel.qunar.com/p-oi36260228-beierzhijinbuluo,,孛尔只斤部落旅游村位于科右前旗满族屯满族乡境内，圣洁的宝格达山下，依偎在海力斯台河畔，G302沿线156公里处，是自治区五星级乡村旅游接待户，2017年被内蒙古自治区农牧业厅和内蒙古自治区旅游发展委员会评定为内蒙古自治区休闲农牧业与乡村牧区旅游试范点。孛尔只斤部落旅游村，是以游牧部落为景观的旅游景点，集餐饮、娱乐为一体的综合旅游服务景区。旅游区内设有历史文化展厅，百年的勒勒车、鎏金马鞍具、蒙古族头饰等供游客观赏，景区内驯养200余匹蒙古马，其中来自乌兹别克斯坦的汗血宝马，每年夏季都会吸引很多游客慕名而来。这里还驯养了很多供游客观赏的小动物，草原狼、骆驼、鸵鸟、金雕、火鸡、野猪等，仿佛一座小型的动物园。这里水草丰美，牛羊成群，品尝着蒙古族特色美食同时，感受马背民族的豪爽热情，喜欢骑马看草原的朋友们可以在这里纵情驰骋，体验马帮穿越的乐趣。,,https://tr-osdcp.qunarzz.com/tr-osd-tr-manager/img/51790e6b48eedd3b58d5ab3db6598fe6.jpg_480x360x95_e340f48a.jpg,0.0,,,,,7
察尔森科右后旗历史文化陈列馆,http://travel.qunar.com/p-oi36260070-chaersenkeyouhouqilishi,,科尔沁后旗设置于清崇德元年（1636年），为清代哲里木盟十旗之一，扎萨克职爵为镇国公，故称作“镇国公旗”或“苏鄂公旗”。至1952年撤销建制，历经316年。在漫长的历史进程中。科尔沁后旗各族先民创造了光辉灿烂的文化。早在15至16世纪开始，就有蒙古先民在这一片土地上点燃了科尔沁文化的火焰。这以后，随着多元文化的融合和洮儿河流域经济社会的发展，形成了富有特色的民族文化。科尔沁后旗历史文化陈列览馆位于察尔森镇运管所西侧，用地面积4000平米，主体建筑面积1103平方米，配套修建环管广场。主要建设目的：抢救非物质文化遗产、弘扬民族文化。管内以先民足迹、科尔沁部及其演变、近代激变、日本殖民统治时期、红色政权的成立、欣欣向荣的察尔森等六个单元，再现历史上的科尔沁后旗历史发展轨迹。,,https://tr-osdcp.qunarzz.com/tr-osd-tr-manager/img/329242e3d1af325f26781ae89f01a26d.jpg_480x360x95_b7fa31e4.jpg,0.0,,,具体收费情况以现场公示为主,,7
阿尔山雪村,http://travel.qunar.com/p-oi36227902-aershanxuecun,,,,,,,,,,7
天骄天骏生态旅游度假区Tianjiao Tianjun Ecological Tourist Resort,http://travel.qunar.com/p-oi36106732-tianjiaotianjunshengtai,"

地址:
内蒙古自治区兴安盟乌兰浩特市北5公里处机场路方向西侧


电话:
0482-2772227

",天骄天骏生态旅游度假区，以成吉思汗传说、蒙古战马形象与蒙元文化创意体验为主，规划分为天骏花田区、运动康养区、自然休闲区—兴安岭植物园、文化创意区四大功能板块，于花、草、石、水之间充分体验自然生态之美。,全年 08:30-19:00,,4.5,建议游览时间：2小时 - 3小时,,100元,,7
图什业图亲王府Mansion of Prince Tushiyetu,http://travel.qunar.com/p-oi35832884-tushenyetuqinwangfu,,图什业图亲王府靠山面水，平坦辽阔，建筑采纳了汉式建筑的坡顶、斗拱、阁扇间房、彩刻门窗、雕梁画柱、飞檐翘脊、廊腰缦回的风格，十分雅致。,,,5.0,建议游览时间：1小时 - 2小时,,具体收费情况以现场公示为主,,7
乌兰很乌居勒巴仁扎拉嘎,http://travel.qunar.com/p-oi35645435-wulanhenwujulebarenzha,,,,,4.0,,,具体收费情况以现场公示为主,,7
好力宝召嘎查,http://travel.qunar.com/p-oi35384971-haolibaozhaogacha,,,,,--,,,具体收费情况以现场公示为主,,7
达拉营子Dala Nature Exploration Camp,http://travel.qunar.com/p-oi35305472-dalayingzi,,,,,,,,,,8
哈日野玛吐嘎查,http://travel.qunar.com/p-oi35305215-hariyematugacha,,,,,--,,,具体收费情况以现场公示为主,,8
哈日雅玛吐嘎查Yamatougacha Village,http://travel.qunar.com/p-oi35305202-hariyamatugacha,,,,,--,,,具体收费情况以现场公示为主,,8
科尔沁右翼前旗札萨克图民俗博物馆博物馆Ke'erqin Youyi Qianqi Zhasaketu Minsu Museum,http://travel.qunar.com/p-oi34272685-keerqinyouyiqianqizha,"

地址:
科右前旗乌兰毛都苏木人民政府

",,全年 周一-周五 8:30-17:30,,--,,,免费,,8
扎赉特旗绰尔河农耕博物馆Zha Laiteqi Chuo'erhe Nonggeng Museum,http://travel.qunar.com/p-oi34272514-zhalaiteqichuoerhenong,"

地址:
扎赉特旗好力宝镇

",,上午（10:00-11:30）下午（1:30--5:00）,,0.0,建议游览时间：2小时 - 3小时,,免费,,8
满族屯满族乡博物馆Ke'erqin Youyi Qianqi Manzutun Museum,http://travel.qunar.com/p-oi34271239-manzutunmanzuxiangbowu,"

地址:
科右前旗满族屯满族乡

",,全年 周一-周五 8:30-17:30,https://tr-osdcp.qunarzz.com/tr-osd-tr-manager/img/a1727dfe6e2a4a017e6dd307a1e042f7.jpg_480x360x95_921a0289.jpg,--,,,免费,,8
关玉衡烈士纪念馆Guanyuheng Lieshi Memorial Hall,http://travel.qunar.com/p-oi34270975-guanyuhenglieshijinian,"

地址:
科尔沁右翼前旗察尔森镇

",,闭馆中,,0.0,,,免费,,8
兴安第一党支部Xing'an Nongcun Diyi Dangzhibu Memorial Hall,http://travel.qunar.com/p-oi34269612-xingandiyidangzhibu,,,,https://tr-osdcp.qunarzz.com/tr-osd-tr-space/img/f4e6395d3680669dcc15dadc1baa518f.jpg_480x360x95_28d331dd.jpg,--,,,免费,,8
雪村滑雪场Keyouqian Qixuecun Ski Field,http://travel.qunar.com/p-oi33074485-xuecunhuaxuechang,"

地址:
兴安盟乌兰浩特市居力很镇红心村

",科右前旗雪村滑雪场即将拉开帷幕，10000平米戏雪乐园场地、让您在家门口便可玩到冰上自行车、冰陀、雪域迷宫、冰上坦克 、U型雪圈道、冲浪雪圈道、雪地转转、冰车 等互动冰雪游乐项目，体验冰雪带来的快乐。届时，孩子们可以在玩雪中感受勇敢快乐，年轻人可以体验滑雪的乐趣，大人在亲子互动中收获家庭的温暖，浪漫兴安盟又多了一个冬天里的童话。,09:00-16:00,https://tr-osdcp.qunarzz.com/tr-osd-tr-manager/img/ec4eb756a8c0db94ac5730ecd85d9bf7.jpg_480x360x95_757d5f10.jpg,2.5,,,,,8
哈拉哈河源头Source of Halaha River,http://travel.qunar.com/p-oi32456626-halahaheyuantou,,,,https://tr-osdcp.qunarzz.com/tr-osd-tr-mapi/img/b38b3bec94d1de9458acde93dd28a41b.jpg_480x360x95_2d163b0d.jpg,4.5,建议游览时间：0.5小时 - 1小时,,,,8
石塘林-观景台,http://travel.qunar.com/p-oi27587971-shitanglin_guanjingtai,,,,,--,,,,,9
大兴安岭奥伦布凯景区,http://travel.qunar.com/p-oi26962200-daxinganlingaolunbukai,,,,,--,,,,,9
老头山前怀,http://travel.qunar.com/p-oi26953003-laotoushanqianhuai,,,,,0.0,,,,,9
突泉县老头山林场,http://travel.qunar.com/p-oi26953001-tuquanxianlaotoushanlin,,,,,--,,,,,9
阿尔山旅游唐师傅,http://travel.qunar.com/p-oi26689511-aershanlu:youtangshifu,"

地址:
兴安盟-阿尔山市-伊尔施镇天池花园小区(阿尔山机场阿尔山北站)

",,春节期间以地点公告为准(平时:00:00-24:00),,--,,,具体收费情况以现场公示为主,,9
沙日格台,http://travel.qunar.com/p-oi26663001-sharigetai,,,,,--,,,,,9
内蒙古扎旗新林镇牲畜交易市场,http://travel.qunar.com/p-oi26661294-neimengguzhaqixinlinzhen,,,,,--,,,,,9
章嘉格根敖包,http://travel.qunar.com/p-oi26657364-zhangjiagegenaobao,,,,,--,,,,,9
扎木钦呼和楚鲁,http://travel.qunar.com/p-oi26647278-zhamuqinhuhechulu,,,,,--,,,,,9
南乌力根套海,http://travel.qunar.com/p-oi26646383-nanwuligentaohai,,,,,--,,,,,9
"阿尔山国家森林公园-凉亭Kiosk, Arxan National Forest Park",http://travel.qunar.com/p-oi26578009-aershanguojiasenlingong,,,,https://tr-osdcp.qunarzz.com/tr-osd-tr-manager/img/4fa807d9929c3983d2f9b6d9fd6fe752.jpg_480x360x95_6758f001.jpg,--,建议游览时间：0.5小时 - 1小时,,,,10
耘帜·蒙元文化城步行街YunZhi MengYuan WenHuaCheng BuXingJie,http://travel.qunar.com/p-oi24439484-yunzhimengyuanwenhuacheng,,,,,--,,,具体收费情况以现场公示为主,,10
王爷庙小吃街WangYeMiao XiaoChi Jie,http://travel.qunar.com/p-oi24439483-wangyemiaoxiaochijie,,,,,--,,,具体收费情况以现场公示为主,,10
鹿园Deer Park,http://travel.qunar.com/p-oi23343885-luyuan,"

地址:
阿尔山市白狼镇鹿村鹿园


电话:
15034847512,15024817889

",鹿园位于内蒙古阿尔山市白狼镇，是《亲爱的客栈2》的拍摄地，可以近距离接触梅花鹿，如果您喜欢，也可进园亲自喂养——与“萌物”牵手合照。,9:00-17:30,https://tr-osdcp.qunarzz.com/tr-osd-tr-manager/img/c4c946f201100a66cf8bfa3e9654eebc.jpg_480x360x95_b5c14586.jpg,2.7,建议游览时间：12小时 - 3天,,30元,,10
林俗文化景观区Linsu Culture Landscape Area,http://travel.qunar.com/p-oi23343884-linsuwenhuajingguanqu,,这里的历史很悠久，民风淳朴，经常会举办一些民俗活动，可以感受到别样的林俗风情。,,https://tr-osdcp.qunarzz.com/tr-osd-tr-manager/img/7550eb907756b7c198002f020dc973b0.jpg_480x360x95_0c536034.jpg,3.0,建议游览时间：3天,,,,10
伊尔施镇Yi'ershizhen,http://travel.qunar.com/p-oi23343789-yiershizhen,,伊尔施镇位于内蒙古兴安盟阿尔山市的北端，北与呼伦贝尔接壤。过去伊尔施为村级建制，是阿尔山市的经济重镇。天池自然保护区就位于伊尔施镇境内，它拔1020－1474米，面积9450公顷。该保护区内森林覆盖率高，动植物呈多样化分布，天池、杜鹃湖等6个湖泊点缀于保护区内，石塘林隐身其中。该区是阿尔山市景区比较集中的地区之一，是阿尔山市旅游业发展的一个重要景区。,,https://tr-osdcp.qunarzz.com/tr-osd-tr-manager/img/4994a3e3e8aa4be51f9e67e24edd0f23.jpg_480x360x95_f878f55a.jpg,4.3,建议游览时间：12小时 - 3天,,具体收费情况以现场公示为主,,10
代钦塔拉五角枫旅游景区Daiqintalawujiaofeng Tourism Sceneic Area,http://travel.qunar.com/p-oi23343630-daiqintalawujiaofenglu:,,这里交通便利，环境优美，集疏林、草原、湿地于一体，是一个以保护五角枫、榆树疏林系统和珍禽栖息地为主要保护对象的自然保护区。,,https://tr-osdcp.qunarzz.com/tr-osd-tr-space/img/a735952f9b742509ab27b550a2555a3b.jpg_480x360x95_30937f89.jpg,4.9,建议游览时间：12小时 - 3天,,具体收费情况以现场公示为主,,10
内蒙古自治政府成立大会会址Site of the Inaugural Meeting of the Inner Mongolia Autonomous Government,http://travel.qunar.com/p-oi23342447-neimengguzizhizhengfu,,,,,0.0,,,具体收费情况以现场公示为主,,10
新佳木苏木Xinjiamu Town,http://travel.qunar.com/p-oi23341953-xinjiamusumu,,,,,--,,,具体收费情况以现场公示为主,,10
代钦塔拉Hero Prairie,http://travel.qunar.com/p-oi23341888-daiqintala,,代钦塔拉这块风水宝地，自然资源丰富，依山傍水，风景优美。王府旧址、童子山、山泉、翰嘎利水库、王府院内的八面石饮水井、赛马场、五角枫等风景地都蕴藏着神奇的传说，历来吸引着国内外游客参观游览。,,https://tr-osdcp.qunarzz.com/tr-osd-tr-manager/img/1784f2c3d1dd3e39cc0d66388d93f775.jpg_480x360x95_a9254124.jpg,0.0,建议游览时间：12小时 - 3天,,具体收费情况以现场公示为主,,10
