名字,链接,地址,介绍,开放时间,图片链接,评分,建议游玩时间,建议季节,门票,小贴士,Page
龙泉古镇,http://travel.qunar.com/p-oi37887496-longquanguzhen,"

地址:
河北省石家庄市鹿泉区槐安西路与山前大道交叉口东南200米


电话:
0311-82225888

",龙泉古镇景区位于河北省石家庄市鹿泉区，地处华北平原腹地，被评为“2020年度河北省十大文化产业项目”，总面积为948亩。古镇建筑材料采用花30多年时间在全国陆续收集的有着百余年历史的成套老房子、老门、老桥、老石刻等老物件异地重组复建而成的一座大型明清、民国古建筑集群。对于研究明清-民国期间建筑、民俗、婚俗、具有极高的社会价值。对于文化的传承、保护和发扬起到了积极的作用。,全年 09:30-22:00,https://flight-feed.qunarzz.com/as3/424/image/2022/7/57d67c3a-f7d3-4c85-9cfd-0d38b305cd00.jpg,3.8,建议游览时间：12小时 - 3天,,,,1
河北博物院Hebei Provincial Museum,http://travel.qunar.com/p-oi3755585-hebeibowuyuan,,,,,,,,,,1
漫山花溪谷Manshanhua Valley Scenic Area,http://travel.qunar.com/p-oi9554567-manshanhuaxigu,"

地址:
石家庄市灵寿县漫山村


电话:
0311-82601111,0311-82602222

",漫山花溪谷位于石家庄西北110公里太行深山区，毗邻五岳寨国家森林公园，是驼梁景区的必经之地，全长12.8公里，总面积20平方公里，与五岳寨主峰相通相连。谷内森林、山泉、草原、花园等自然资源得天独厚，10000亩原始次生林浓密葱郁，两条连天瀑布似白练垂空，顶端亚高原草甸广阔无垠，20万平米山地花园明媚光艳，一条清溪流贯全谷，繁花点缀溪旁，“花溪谷”故此得名。全部景点分三期开发，一期以山地花园为主要看点，依据花色品种不同分为翠锦园、烟紫园、落霞园、波斯园、大丽园、月季园、阳光园，七个区域，借助起伏的山势，层叠分布，错落有致。每年4-11月份，上百种花卉在这里竞相开放，姹紫嫣红。受山地阻隔，这里属于“康乐气候”，夏季平均气温19.1℃。,01/01-12/31 08:00-18:30,https://img1.qunarzz.com/piao/fusion/2106/63/8cf9f6189ac84c02.jpg_480x360x95_021291a2.jpg,4.5,建议游览时间：12小时 - 3天,,成人门票50元,,1
正定荣国府Zhengding Rongguofu,http://travel.qunar.com/p-oi711047-zhengdingrongguofu,,,,,,,,,,1
西柏坡纪念馆Xibaipo Memorial Hall,http://travel.qunar.com/p-oi720001-xibopojinianguan,,,,,,,,,,1
正定古城墙Zhengding Ancient City Wall,http://travel.qunar.com/p-oi712223-zhengdingguchengqiang,"

地址:
石家庄市桥西区中花市街与四中路交叉口南200米

",正定城始建于北周，初为石筑。由于历史的原因和近年城镇建设的发展，正定城除现存城门外、已多为土城。东城门已埋于国防工事之下，南门存里城门和瓮城门，西存里城门、瓮城门、北存里城门及月城门。唐宝应元年(762年)因滹沱河溢水灌城，城日以圮，执政者对城墙进行拓建。明正统十四年(1449年)，扩建为周长二十四里，高三丈二只，上宽二丈的土城。隆庆五年(1571年)真定知县顾授始将土城改为砖城，后任知县周应中申动府库银六万余两，征用真定府辖各县民夫，分段兴工，于万历四年(1576年)竣工。四城门东曰迎旭，南曰长乐，西曰镇远，北曰永安，并均附有月城和瓮城。后世重修或改建也均是在此基础上进行。在预防水患和军事防卫上起了重要作用。正定城墙于1993年7月15日被河北省人民政府公布为重点文物保护单位。 ,全年 全天开放,https://img1.qunarzz.com/travel/poi/1602/37/81bf1a5efaadebf7.jpg_480x360x95_082fe61b.jpg,4.7,建议游览时间：1小时 - 2小时,,"{'正定隆兴寺（大佛寺）门票成人票\n\n': ['¥45起'], '正定隆兴寺（大佛寺）门票优待票\n\n': ['¥25起']}",,1
驼梁风景区Tuoliang Scenic Area,http://travel.qunar.com/p-oi709645-tuoliangfengjingqu,"

地址:
石家庄市平山县驼梁景区管理委员会（平山县合河口乡前大地村）


电话:
0311-82499336


官网:
http://www.tuoliangshan.net/

",驼梁位于石家庄市平山县西北侧，距离石家庄市内的车程约140公里，因为山顶形状很像驼峰而得名，是河北省内的山峰。驼梁风景区内景点很多，山间有优美的峡谷、崖壁、瀑布、森林，山顶还可以观看草原和远处层叠的峰峦美景，适合来此登山观光。另外，驼梁山区内气候凉爽，夏季平均气温也只有20度左右，是一个避暑的好地方。驼梁风景区的面积很大，大概分为三叠泉、百瀑峡和云顶草原三个区域。三叠泉和百瀑峡事实上是指左右两条登山的路，后都通向山顶的云顶草原区域，驼梁的山顶也位于这...驼梁位于石家庄市平山县西北侧，距离石家庄市内的车程约140公里，因为山顶形状很像驼峰而得名，是河北省内的山峰。驼梁风景区内景点很多，山间有优美的峡谷、崖壁、瀑布、森林，山顶还可以观看草原和远处层叠的峰峦美景，适合来此登山观光。另外，驼梁山区内气候凉爽，夏季平均气温也只有20度左右，是一个避暑的好地方。驼梁风景区的面积很大，大概分为三叠泉、百瀑峡和云顶草原三个区域。三叠泉和百瀑峡事实上是指左右两条登山的路，后都通向山顶的云顶草原区域，驼梁的山顶也位于这一区域。游客来此游玩可以沿一条山路上山，游玩山顶区域后沿另一条路下山，走一个环线，全程步行游玩大约需要6-7小时。另外，三叠泉路线上有一条缆车，可以节省一半的登山路，若要乘坐缆车推荐从三叠泉上山，百瀑峡下山，全程大约需要4-5小时。景区内还有从大门到三叠泉入口的电瓶车，车程约2公里，价格7元。驼梁山的两条登山路都是峡谷型的，两侧山势俊秀，山间遍布着怪石，山壁下则有湍急的溪流和碧绿潭水，环境清幽，让人登山时心旷神怡。在峡谷里还悬挂着多条壮观的瀑布，其中以三叠泉路上的三潭飞瀑、通天瀑和百瀑峡路上的人字瀑、飞龙瀑比较，可以注意观看。相对而言，百瀑峡的景观要比三叠泉丰富一些。除了一样的峡谷美景外，百瀑峡的路上还有松林、白桦林、杨树林和很多古树，登山时穿行在树木之中会感觉清新惬意。而每到秋天时，树叶变黄变红，层林尽染的景观也非常适合拍照。云顶草原位于山顶区域，是两条登山路的终点。这里有开阔的高山草甸景观，草甸外围还生长着茂密的松林，也是拍照的好地方。每到夏季时，草甸上野花遍布，形成一片五彩的花海，非常漂亮。从云顶草原向上步行约半小时左右即可到达海拔2281米的驼梁山顶，这座山峰也是石家庄的高峰。在山顶远眺，可以看到周围山峦叠嶂，周围的五台山、五岳寨等山川尽收眼底，视野非常开阔。住宿信息游客游玩驼梁大多是前一天晚上即赶到景区附近，在景区山下的前大地村内住宿1-2晚。前大地村内目前有多家农家乐，还有几家宾馆，住宿条件还不错，而且这里气候凉爽，夏季住宿非常舒服。普通农家的房间平时每晚100-150元左右，宾馆标间大约200-300元左右。但每到旺季的周末时段均会上涨100元左右，而且房间紧张，需要提前预定。前大地村旅游接待比较成熟，除了可以住宿用餐外，还有篝火晚会、KTV等娱乐活动和设施，感兴趣的可以前去游玩。当然，因为这些娱乐活动晚上村内也会比较喧闹，喜欢安静的游客可以选择位置相对偏一点的农家居住。 ,全年 06:00-15:00;全年 07:00-14:30,https://img1.qunarzz.com/travel/d6/1507/40/0c88bb3259ef95.jpg_480x360x95_75170758.jpg,4.6,建议游览时间：3天,,65元,,1
贾庄古镇,http://travel.qunar.com/p-oi38013380-jiazhuangguzhen,"

地址:
河北省石家庄市井陉矿区贾庄村

",贾庄古镇位于井陉矿区西北部，历史悠久，底蕴深厚，民风淳朴，商家云集，有着几千年历史的古集镇,全年 全天开放,,--,建议游览时间：12小时 - 3天,,,,1
正定古城,http://travel.qunar.com/p-oi38000855-zhengdinggucheng,,正定古城位于河北省会石家庄市北15公里处，是按照中华传统规划思想和建筑风格建设起来的城市，集中体现了公元5世纪至19世纪前后中国的历史文化特色， 是古代劳动人民的聪明才智和坚强毅力的结晶。历史上曾与保定、北京并称为“北方三雄镇”，至今南城门还嵌有“三关雄镇”的石额，正定是三国名将赵子龙的家乡。源远流长的历史，给古城留下了瑰玮灿烂、风格独特的文化名胜古迹，素以“三山不见，九桥不流，九楼四塔八大寺，二十四座金牌坊”而著称。“三山不见”指的是历史上正定这块土地曾是中山国、恒山郡、常山郡的治所所在，但正定境内却没有山。“九桥不流”说的是隆兴寺前面的一座单孔三路石桥、府文庙和县文庙大殿前面各有的一座泮桥（古代泮桥均为三桥并列的形制），但都无活水流过。“九楼四塔八大寺”指的是原城内的四个门楼、四个角楼、还有阳和楼；四塔是凌霄塔、华塔、须弥塔、澄灵塔；八大寺指的是隆兴寺、广惠寺、临济寺、开元寺、天宁寺、洪济寺、舍利寺、崇因寺，后三寺已毁。“二十四座金牌坊”是过去正定拥有大大小小二十四座金牌坊，例如像较大的许家牌坊、梁家牌坊、常山古郡、圣德通天、德配天地、木铎万事等。但是由于历史的变迁，风吹雨打，尤其是经历十年文革动乱，不少珍贵的文物被毁坏了，但从现有的国家保护文物9处、省级保护文物6处、县级保护文物10余处来看，正定仍不失为历史文化名城的风采。古城正定于1990年被列为省级历史文化名城，1994年被列为历史文化名城。正定的旅游具有“亦新亦古”、“亦雅亦俗”等特点。在名胜古迹中，始建于隋开皇六年（公元586年）的隆兴寺是宋代开国皇帝赵匡胤亲自敕封扩建的，气势雄伟保存完好，在国内外享有很高的声誉，被古建筑学家梁思成先生誉为“京外名刹之首”。寺中的“倒坐观音”壁塑，被鲁迅先生称为“东方美神”。“转轮藏”被物理学家称为牛顿定律运作的典范，还有中国的藏经橱。隋龙藏寺碑是中国国内较知名的古碑刻之一，其字体是由汉隶向唐楷演变的实例，曾被康有为推崇为“隋碑第一”；还有高22米的大佛是我国现存较早也是较高的铜铸立佛；平面十字形的“摩尼殿”运用典型的宋代营造手法建筑。正定周边还有四座名塔，广惠寺的华塔是金钢塔与花塔的巧妙结合。天宁寺的凌霄塔是我国木制阁塔之首。开元寺的唐代钟楼与古塔左右对称的营造手法，是我国佛教寺院建筑格局由以佛塔为中心向以佛殿为中心过渡的实例。临济寺的澄灵塔是佛教临济宗创始人义玄法师的衣钵塔，已经成为中日友好的见证和纽带。坐落在正定城内的荣国府是完全按照曹雪芹的名著《红楼梦》中的描述，并严格遵照中国《大清会典》设计、修建的，是我国第一座具有明清建筑风格的仿古建筑群。大型电视连续剧《红楼梦》的大部分场景就是在这里拍摄的。荣国府西郊门的清代一条街“宁荣街”全长200多米。电视剧《红楼梦》中的重场戏“元妃省亲”“秦可卿出殡”等都是在此街上拍摄的。正定古城墙编辑 语音正定古城已有1600多年历史。东晋时土筑，北周时石砌，唐代扩建为土城，明朝扩建后改为周长24华里的砖城。现存正定城墙是明代遗存，城垣残存8106米。正定城垣最宏伟壮观的当数四座城门，东曰迎旭，后改为环翠，南曰长乐，西曰镇远，北曰永安。经岁月剥蚀，西、北城门已无往日风采，东门在上世纪六十年代被整体掩盖在国防工事下面。此前南城门城楼及两侧各50米的城墙，号召百姓捐献旧城砖，并投资399万元人民币于2001年修复完成。,,,4.8,建议游览时间：12小时 - 3天,,,,1
德明古镇Deming Ancient Town,http://travel.qunar.com/p-oi29460429-demingguzhen,"

地址:
石家庄市鹿泉区010乡道东50米


电话:
0311-89175111

",德明古镇是石家庄市鹿泉区的一座以元曲文化为主题的文化特色小镇。它坐落在美丽的问情谷。古镇中的建筑吸纳了金元明清时期建筑的精华，桥楼榭亭设计精巧、古朴典雅 ，古镇里有一条清澈的河水穿过，更让游客深刻体验到秦淮河边的古老风情。德明古镇全长两公里，它借鉴了中国名画《清明上河图》的建筑形式，打造有风俗民情的街区古建，包括兴业苑、美食苑、百乐苑、民宿苑、书院、梨园六个区域。德明古镇有自身特色商业配套，凭借其优势，为游客提供吃喝玩乐购于一体的独特体验。,全年 9:30-22:00,https://tr-osdcp.qunarzz.com/tr-osd-tr-manager/img/a431aa549ae559b988922550712e4ed3.jpg_480x360x95_56066c5a.jpg,2.6,建议游览时间：12小时 - 3天,,,,1
滹沱河Hutuo River,http://travel.qunar.com/p-oi24411206-hutuohe,,,,,,,,,,2
黄金寨原生态旅游区Golden Village Ecological Tourist Area,http://travel.qunar.com/p-oi9197030-huangjinzhaiyuansheng,,,,,,,,,,2
黑山大峡谷Heishan Grand Canyon,http://travel.qunar.com/p-oi7469514-heishandaxiagu,"

地址:
石家庄市平山县营里乡黑山关村


电话:
0311-82887788

",黑山大峡谷景区位于河北石家庄市平山县，距离石家庄市中心车程约140公里，是一处以山川峡谷等自然景观为主的风景区，来此观赏山川景色、登山锻炼十分不错，山里空气清新环境优美，是石家庄周边游玩的好去处。在黑山大峡谷内游玩，主要是登山漫步，沿途观看众多美景，登山大约需要3-4小时左右，慢慢游玩整个景区大概5-6小时。登山路大多为石制台阶，沿途树木众多，还有小溪流淌，环境很好。山间有天河瀑、水帘洞、玉女峰和黑龙涧等标志性的自然风光，也有穆柯寨、明长城和福圣寺等人文古迹，都可以一一参观。另外，每年春夏之交时山间各色野花开放，摄影非常不错，而盛夏时，山上气温凉爽，也是避暑的好地方。,8:00-18:00,https://img1.qunarzz.com/travel/poi/1408/27/a49122a62373bc09ffffffffc8d65eac.jpg_480x360x95_e79a40ae.jpg,4.1,建议游览时间：3小时 - 4小时,,淡旺季价格不同，具体以景区公布为准。,,2
抱犊寨Baoduzhai,http://travel.qunar.com/p-oi705871-baoduzhai,"

地址:
石家庄市鹿泉市抱犊寨风景区


电话:
0311-82013208,0311-82011882


官网:
http://www.baoduzhai.com.cn/

",抱犊寨位于石家庄市西侧约17公里处，曾名抱犊山，是石家庄市区附近有名的景点之一。抱犊寨并非只是一座寨子，而是一座山的总称，由于整个山的山坡非常陡峭，但山顶却有大片平坦的地面，于是古人在山顶修筑了军事兵寨。游玩抱犊寨可以到山顶参观长城、祠堂、寺院等人文古迹等；也可以登山锻炼，观看周围开阔的山势和茂密树木，是石家庄附近登山徒步、踏青访古的好去处。游玩抱犊寨主要即为徒步登山和观赏山顶区域两部分，抱犊寨景区的门票是在到达山顶区域后要进入寨子才收的，所以登山一段不收门票，很多当地游客来此都会只爬山不进寨区，只为锻炼和观赏周围山景即可。登山路为石阶路，到山顶大约需要2小时左右，下山也是原路，所以若只为登山者体力不足可以随时从此下撤即可。另外，山下到山顶也有一条索道，索道全长1800多米，往返60元，单程30元，只为观赏山顶景色可以乘坐。游玩整个景区大约要准备半天时间。抱犊寨的山势很是特殊，周围一圈都是比较陡峭的山路甚至岩壁，而山顶处则是平坦的一片平原。在登山过程中，视野非常开阔，可以看到周围连绵的山势和山上茂密的植被，十分不错，因此也吸引了很多当地人来此登山锻炼。另外，清晨傍晚时在山坡上拍摄日出日落也是不错的选择，每到冬天时，还会有很多人来此拍摄雪景。到达山顶区域后，便可以观看寨子景色，山顶区域长宽大约都有几百米，步行参观即可。抱犊寨是一座军事山寨，周围一圈为长城式的军事建筑，南北两侧的南天门、北天门是全国较大的山顶门庭，十分醒目。包围在中间的则类似一座古城，这座城池易守难攻。历史上韩信就曾在此驻寨守城，所以寨子里也修建了韩信祠以纪念名将。寨子里还有天堂街、八卦台、罗汉寺等人文景点，其中精彩的要数罗汉寺中的五百罗汉堂，五百尊金身罗汉形态各异各有特色，非常值得前去一看。除了众多的人文建筑外，山顶处还有很多树木，其中不乏古木。有名的便是酸枣王和夫妻树等，古树造型独特，葱葱郁郁，可以拍照留念。另外，在山顶处向山下张望，视野也非常的开阔壮观。,开放时间8:30-17:30，16:30停止入场。,https://img1.qunarzz.com/piao/fusion/2005/51/4b7cc75f61828b02.jpg_480x360x95_500a8e85.jpg,4.4,建议游览时间：3小时 - 4小时,,"{'抱犊寨门票成人票\n\n': ['¥39起'], '石家庄抱犊寨门票+往返索道票成人票\n\n': ['¥107起'], '石家庄抱犊寨门票+上程索道票成人票\n\n': ['¥71起']}",,2
赵州桥Zhaozhou Bridge,http://travel.qunar.com/p-oi703275-zhaozhouqiao,"

地址:
石家庄市赵县城南2.5公里处


电话:
0311-84902618,0311-84956300

",又称安济桥，俗名大石桥，在河北赵县城南2.5公里处的洨河上，距石家庄市区仅45公里，是全国重点文物保护单位。,9:00-17:00,https://img1.qunarzz.com/travel/d7/1605/ca/24398e10f998d2f7.jpg_480x360x95_48e2e289.jpg,4.3,建议游览时间：2小时 - 4小时,四季皆宜。,{'导览服务大小同价\n\n': ['¥9起']},,2
隆兴寺Longxing Temple,http://travel.qunar.com/p-oi716488-longxingsi,"

地址:
石家庄市正定县中山东路109号


电话:
0311-88789987,0311-88786560,0311-83501083

",隆兴寺又名大佛寺，位于石家庄市正定县县城内，是前来石家庄旅游不能错过的景点。寺院始建于隋朝，又经历代修葺，现为全国保存年代最久远、规模最大、保存程度最完好的寺院之一。隆兴寺如今的名声并不是很大，但历史上却是备受皇家重视的寺院。这里有宋太祖赵匡胤亲自下令修筑的菩萨像、清朝历代皇帝的足迹和手书碑文、牌匾等，地位极高，很多香客都会在这里拜佛祈福。寺内还可以看到众多珍贵的文物珍宝、宋金时期古老风格的建筑等，各具特色又都十分珍贵，都可以一一参观。隆兴寺的规模很大，拥有众多建筑。寺院的纵深大约600米，宽约200米，寺院的主体殿堂大致呈中轴线式对称布局，从外到内依次有天王殿、摩尼殿、戒坛、大悲阁、弥陀殿、毗卢殿、龙腾苑等主要建筑，进入寺院后沿着寺内众殿一一步行游玩即可，一般需要2-3小时左右。隆兴寺被称为大佛寺，寺内最主要的珍宝便是一尊巨大的千手千眼观音像。观音像位于寺内最中心的大悲阁处，是全寺院最值得参观的地方。观音像是由北宋赵匡胤亲自下令建造的，高21.3米，十分壮观，是全国古佛像中规模最大的一尊。也是因此，寺院又被成为大佛寺，到此一定要好好参观一下。摩尼殿也是寺院内参观的重点，殿内的北壁供奉着一尊五彩倒坐观音菩萨像，这尊像的坐姿十分独特，而且颜色很鲜艳，色彩逼真。鲁迅先生就曾经称赞这尊塑像是 “将神人格化”了，这尊像也被誉为“东方美神”。另外，摩尼殿本身的建筑也是一件非常独特的艺术品，是宋朝建设的，整个建筑都是宋代风格，曾被梁思成先生誉为国内建筑珍贵的宋代斗拱“孤例”，可以认真观察一下，这里是否和一般古建筑都不相同。除了隆兴寺和摩尼殿外，戒台殿内的隆兴寺戒台、转轮藏阁内北宋时期的转轮藏、慈世阁内高达7.4米的北宋木雕弥勒像、御碑亭内康熙及乾隆皇帝手书的碑文，还有隋朝被称为“楷书之组”的石碑龙藏寺碑，都是全国难得一见的珍宝，来此参观时一定不能错过。另外还有大觉六师殿遗址、龙腾苑等多处景观，都可以一一参观。,全年 08:30-18:00,https://img1.qunarzz.com/travel/d7/1702/f8/336f57c06f2c18b5.jpg_480x360x95_3cd5a376.jpg,4.7,建议游览时间：2小时 - 3小时,,"{'正定隆兴寺（大佛寺）门票成人票\n\n': ['¥45起'], '正定隆兴寺（大佛寺）门票优待票\n\n': ['¥25起'], '荣国府门票成人票\n\n': ['¥18起']}",,2
天桂山风景区Tiangui Mountain Scenic Area,http://travel.qunar.com/p-oi704897-tianguishanfengjingqu,"

地址:
石家庄市平山县北冶乡


电话:
0311-82827203


官网:
http://www.tianguishan.com/

",在平山县城西50公里处，东距石家庄市90公里。天桂山风景区地处太行山中段，高峰海拔1054米，景区面积60平方公里，分8个小景区，主要有青龙观、万佛岩、玄武峰、滴翠谷等。这里属典型的喀斯特地貌，山高、崖陡、泉多、溶洞遍布，而且森林茂密，植被完好，自然风光，素有“北方桂林”之称。,1/1-12/31 08:00-18:00,https://img1.qunarzz.com/travel/d6/1504/23/78c31d351d8b1f.jpg_480x360x95_a847a639.jpg,4.5,建议游览时间：4小时 - 6小时,,"{'天桂山风景区门票成人票\n\n': ['¥60起'], '天桂山风景区门票双人票\n\n': ['¥60起'], '银河洞门票成人票\n\n': ['¥49.9起']}",,2
赵云庙Zhaoyun Temple,http://travel.qunar.com/p-oi716244-zhaoyunmiao,"

地址:
石家庄市正定县兴荣东路


电话:
0311-88786670

",位于正定县，1997年正式对外开放。赵云字子龙，常山真定（今正定）人，三国名将，有“常胜将军”之称。,周一-周五8:00-17:00，周六、周日8:00-17:30,https://img1.qunarzz.com/travel/d1/1605/8e/0ba4059efa0d90f7.jpg_480x360x95_44ecf3d2.jpg,4.1,建议游览时间：1小时 - 2小时,,"{'赵云庙门票成人票\n\n': ['¥18起'], '赵云庙电子导览服务大小同价\n\n': ['¥5起']}",,2
西柏坡中共中央旧址Former Site of the Central Committee of the Communist Party of China in Xibaipo,http://travel.qunar.com/p-oi705680-xibopozhonggongzhongyang,"

地址:
石家庄市平山县西柏坡镇西柏坡景区内


电话:
0311-82851390,0311-82851355

",西柏坡中共中央旧址景区位于石家庄市西北侧的平山县西柏坡镇西柏坡景区内，距离石家庄市区车程约85公里。如今的西柏坡是全国闻名的红色旅游胜地，游客来此可以参观众多革命先烈的生活、工作旧址，在展览馆内学习中国共产党取得全国解放的奋斗历史，以纪念先烈，了解前辈们为建设新中国做出的伟大贡献。中共中央旧址位于景区一进门后的右手边，是景区内的重点区域。事实上这里并非当年先烈办公的原处，原处在修建水库时已经被淹没。不过村子内的房屋等被完全按照原样平移到这里，布置和展示也与当时相同，所以依然可以在此了解领导人们的生活、工作环境，学习先辈精神。,9:00-17:00，16:30停止发票。,https://img1.qunarzz.com/travel/d3/1504/95/39e19b5785510a.jpg_480x360x95_d8c6cdd7.jpg,4.6,建议游览时间：4小时,,{'西柏坡中共中央旧址电子讲解票大小同价\n\n': ['¥0.49起']},,2
柏林禅寺Bailin Temple,http://travel.qunar.com/p-oi703648-bolinshansi,"

地址:
石家庄市赵县石塔东路23号


电话:
0311-84942447,0311-84953768,0311-84941003

",中国著名佛教禅寺，北方佛教的一座重镇，赵州祖庭所在地，内设河北省佛学院、河北禅学研究所，现任方丈为明海禅师，常住僧众有 160 余人。坐落于河北省赵县县城（古称赵州）东南角，与天下第一桥——赵州桥遥遥相望。全寺主殿普光明殿占地435平方米，为木结构单檐宫殿式建筑，上覆以黄琉璃瓦，气势雄伟。殿内供奉着高3米、重达10吨、用大理石雕造而成的释迦佛坐像和其他神佛雕像。普光明殿通过一条约7米宽、100米长的石板路与山门相连，路两旁设置了六对仿唐石灯幢，植有近万平方米的草坪，新栽的300余株柏树与十几株历尽沧桑的千年古柏交相辉映。一进山门，就踏入清净佛地，与山门外的尘俗世界形成鲜明对照。,"全年 周五,周日 10:00-19:00;全年 周一-周三 11:00-17:00;全年 周四 11:00-20:00",https://img1.qunarzz.com/travel/d1/1611/10/52fc5862294896b5.jpg_480x360x95_919f7c66.jpg,4.7,建议游览时间：1小时 - 2小时,,具体收费情况以现场公示为主,,2
临济寺澄灵塔Chengling Pagoda of Linji Temple,http://travel.qunar.com/p-oi711775-linjisichenglingta,"

地址:
石家庄市正定县城生民街东侧临济寺内


电话:
0311-88022104

",临济寺澄灵塔坐落于正定县城生民街东侧临济寺内，俗称青塔、衣钵塔，始建于唐咸通八年（867年），是为收藏临济宗开创人义玄禅师的衣钵而修建的，是一座砖砌八角九级密檐式实心塔。金大定二十五年（1185年）大修。现状保持着金代大修后的外观形式。澄灵塔高30．47米，平面为八角形，是一座砖砌的实心塔。塔基很宽广，高1．3米，边长5．3米左右，为双重须弥座。临济寺澄灵塔是比较典型的金代塔建筑物，塔身的砖雕图案十分丰富。,全年 7:00-17:00,https://flight-feed.qunarzz.com/as3/180/image/poi_vishnu/fa6ab486-1792-4503-b026-4bde6a389470.jpg,4.5,建议游览时间：1小时 - 2小时,,具体收费情况以现场公示为主,,3
广惠寺华塔Hua Pagoda of Guanghui Temple,http://travel.qunar.com/p-oi708071-guanghuisihuata,"

地址:
石家庄市正定县广惠路

",广惠寺华塔，又名多宝塔。坐落在河北正定县城内生民街路东高阜之上原来的广惠寺内。 1961年被国务院列为全国重点文物保护单位。华塔由主塔和附属小塔构成，全用砖砌。主塔底层四隅各附建一座扇六角形亭状小塔，小塔环抱主塔，高低错落，主次相依，精巧华丽，壮观秀逸。,全年 8:00-18:00,https://img1.qunarzz.com/travel/d5/1807/10/4508cfb58980b2b5.jpg_480x360x95_d84adbf7.jpg,4.6,建议游览时间：1小时 - 2小时,,外观免费，登塔收费15元。,,3
赞皇棋盘山景区Zanhuangqipan Mountain Sceneic Area,http://travel.qunar.com/p-oi706042-zanhuangqipanshanjing,,,,,,,,,,3
平山温泉,http://travel.qunar.com/p-oi705099-pingshanwenquan,,平山温泉位于平山县温塘镇，距石家庄市60公里。是全国重点温泉之一，水温高达60-90度，面积约100余亩。含有硫磺等30多种化学物质，性质属高热弱碱性氯化物硫酸盐氡泉，医疗价值极高，对心脏病、风湿病、皮肤病有独特疗效。沐浴可疗疾。泉边旧有汉武庙，相传此泉开凿于汉武帝时。帝患肤疾，久治不愈，夜梦神人指点说有温泉神水能疗此疾，乃四方寻觅。到温塘河，浴于温泉，其病霍然而愈，后建温泉寺于此。温塘河西南高台之上旧有鹿台寺，为葬白鹿之处；即今之鹿台村。庙早年已废，仅存碑...平山温泉位于平山县温塘镇，距石家庄市60公里。是全国重点温泉之一，水温高达60-90度，面积约100余亩。含有硫磺等30多种化学物质，性质属高热弱碱性氯化物硫酸盐氡泉，医疗价值极高，对心脏病、风湿病、皮肤病有独特疗效。沐浴可疗疾。泉边旧有汉武庙，相传此泉开凿于汉武帝时。帝患肤疾，久治不愈，夜梦神人指点说有温泉神水能疗此疾，乃四方寻觅。到温塘河，浴于温泉，其病霍然而愈，后建温泉寺于此。温塘河西南高台之上旧有鹿台寺，为葬白鹿之处；即今之鹿台村。庙早年已废，仅存碑。,,https://img1.qunarzz.com/travel/poi/1708/bd/c376269a94435437.jpg_480x360x95_7732fe4a.jpg,4.4,,,,,3
水上公园Water Park,http://travel.qunar.com/p-oi704799-shuishanggongyuan,"

地址:
石家庄市新华区联盟路500号


电话:
0311-87768238

",石家庄水上公园是石家庄市民心河沿岸22个公园之一，石家庄水上公园也是民心河的一个重要组成部分，石家庄水上公园的水域面积占石家庄水上公园面积的三分之一。石家庄水上公园湖岸四周栽满垂柳，河水清澈，景色秀美；石家庄水上公园设计独特，寓知识于休闲之中，寓文化于娱乐之中，石家庄水上公园其园林建筑有中国、石家庄水上公园甚至是世界之的建筑艺术、园林艺术、雕塑艺术精品。石家庄水上公园其中有按比例修建的世界的赵州桥及震海吼、石家庄水上公园具有承德避暑山庄特色的烟雨楼...石家庄水上公园是石家庄市民心河沿岸22个公园之一，石家庄水上公园也是民心河的一个重要组成部分，石家庄水上公园的水域面积占石家庄水上公园面积的三分之一。石家庄水上公园湖岸四周栽满垂柳，河水清澈，景色秀美；石家庄水上公园设计独特，寓知识于休闲之中，寓文化于娱乐之中，石家庄水上公园其园林建筑有中国、石家庄水上公园甚至是世界之的建筑艺术、园林艺术、雕塑艺术精品。石家庄水上公园其中有按比例修建的世界的赵州桥及震海吼、石家庄水上公园具有承德避暑山庄特色的烟雨楼、石家庄水上公园具有现代艺术风格的飞鸿九曲桥、奇趣廊以及河北民居、名人景墙等。,全年 09:00-18:30,https://tr-osdcp.qunarzz.com/tr-osd-tr-manager/img/5768dd20ce30378d30a445ff51149bc0.jpg_480x360x95_24e023ac.jpg,4.7,建议游览时间：1小时 - 2小时,,,,3
清凉山Qingliang Mountain Ski Area,http://travel.qunar.com/p-oi709815-qingliangshan,"

地址:
石家庄市井陉矿区凤山镇清凉山（石家庄原种猪场附近）


电话:
0311-82083783

",位于井陉矿区，以山险、石奇、水幽而著称。景区面积大约13平方公里，主峰海拔888米。清凉山水龙洞长达3000多米，堪称华北第一，洞内泉水终年流淌不息，还有千奇百怪的石花、石幔、石笋等景观装点其中。清凉山山势很险，登山之时常需手抓铁环、脚踏石窝才能前行。山腰处的昊天殿就建在悬崖绝壁的边上，其构造之精奇令人叹为观止。,全年 09:00-16:00,https://img1.qunarzz.com/p/tts5/1712/c8/d23c3bdefd719102.jpg_480x360x95_26c72842.jpg,4.5,建议游览时间：2小时,,{'石家庄风屿滑翔伞体验【专业教练/赠送视频摄像】\n\n': ['¥100起']},,3
唐宋古城Tang & Song Ancient City,http://travel.qunar.com/p-oi713006-tangsonggucheng,"

地址:
石家庄市井陉县天长镇井陉县中部

",唐宋古城位于井陉中部的天长镇。唐代称天长军城，五代后晋至宋代称天威军，自金代至1958年为井陉县城。明代嘉靖年间修筑的石城墙保存基本完好，长约2000米，城内东、西、南门及小南门，明清季文庙、城隍庙及明右副御史、大同巡抚霍鹏故居等建筑，至今保存尚好。,全年 全天开放,https://tr-osdcp.qunarzz.com/tr-osd-tr-manager/img/10d4f4c9a6d9bb731cea6b5913783770.jpg_480x360x95_4a242316.jpg,5.0,建议游览时间：1小时,,具体收费情况以现场公示为主,,3
河北会堂Hebei Auditorium,http://travel.qunar.com/p-oi716472-hebeihuitang,,,,,,,,,,3
河北省科学技术馆Hebei Science and Technology Museum,http://travel.qunar.com/p-oi7588778-hebeishengkexuejishuguan,,,,,,,,,,3
唐代钟楼,http://travel.qunar.com/p-oi710344-tangdaizhonglou,,开元寺位于正定常胜街西侧，原名净观寺，始建于东魏兴和二年(540)，隋开皇十年(591)改名解慧寺。唐开元二十六年(738)奉诏改今名。至清后期，因年久失修，寺院废毁，殿堂塌落，仅存钟楼和须弥塔。,,,--,,,,,3
白鹿泉,http://travel.qunar.com/p-oi708500-bailuquan,,白鹿泉，泉口直径l米，深3米，状如圆锥。四季泉涌，飞珠溅玉，东流成溪，清澈见底，惠泽一方。四周山环林茂，清凉宜人，“鹿泉飞珠”为“获鹿八景”之一，历代文人皆有诗赞颂。著名的“鹿泉大曲”、“鹿泉浓香”、“鹿泉液”等名酒因泉水而享誉一方。白鹿泉有许多优美传说，或曰因西王母赴蟠桃盛会途中，落下玉簪戳地成泉，恰有白鹿从泉边驰过得名；亦传被贬人间仙女在被召回天宫时，因留恋丈夫，抛下宝珠落地成泉。但据史载乃因汉将韩信破赵时途经石邑(今鹿泉市)莲花山，寻水中射杀白...白鹿泉，泉口直径l米，深3米，状如圆锥。四季泉涌，飞珠溅玉，东流成溪，清澈见底，惠泽一方。四周山环林茂，清凉宜人，“鹿泉飞珠”为“获鹿八景”之一，历代文人皆有诗赞颂。著名的“鹿泉大曲”、“鹿泉浓香”、“鹿泉液”等名酒因泉水而享誉一方。白鹿泉有许多优美传说，或曰因西王母赴蟠桃盛会途中，落下玉簪戳地成泉，恰有白鹿从泉边驰过得名；亦传被贬人间仙女在被召回天宫时，因留恋丈夫，抛下宝珠落地成泉。但据史载乃因汉将韩信破赵时途经石邑(今鹿泉市)莲花山，寻水中射杀白鹿而得清泉，遂称白鹿泉。后人曾在此建淮明侯韩信祠以祭。,,,5.0,,,,,4
苍岩山风景区Mt Cangyan Scenic Area,http://travel.qunar.com/p-oi713264-cangyanshanfengjingqu,"

地址:
石家庄市井陉县苍岩山镇


电话:
0311-82324104,0311-82022630,0311-82020448

",苍岩山风景区位于石家庄市井陉县南部，距离石家庄市区车程约70公里，景区以壮观的山势、地貌和山间众多的名寺古刹为主，是石家庄周边富有盛名的景点之一，周末时来此观景登山、拜佛祈福十分不错。苍岩山景区内面积较大，游客来此一般是登山游玩，沿途观赏山景和众多的寺院。登山单程大约需要1.5-2小时左右，全程步行游玩景区大约需要3小时，景区内也有索道可以乘坐，适合时间和体力有限的游客。游玩苍岩山风景区，首先会注意到的便是这里的山势，这里有太行山景点的峭壁石崖，崖壁非常高大陡峭，而且岩壁都是赤红色，更是别具特色，适合拍照摄影。山间的古刹和寺院园林主要有福庆寺、卧佛寺、龙岩寺、公主坟、菩萨顶、玉皇顶、銮台垴等几处，其中的福庆寺已经有1600多年的历史，古色古香，可以来此观赏拍照。另外，这里的悬空拱桥、沿山而建的悬空殿宇都非常的惊险壮观，是古建筑的杰作，可以参观、拍照。除了山势、古刹和精湛的建筑外，山间还有古檀树、古松等奇观，可以沿途一一观赏。,9:00-17:00,https://img1.qunarzz.com/travel/d8/1507/1c/232c0a064160da.jpg_480x360x95_a46ebb31.jpg,4.3,建议游览时间：2.5小时 - 3小时,,"{'苍岩山电子导览服务大小同价\n\n': ['¥6起'], '石家庄风屿滑翔伞体验【专业教练/赠送视频摄像】\n\n': ['¥100起'], '石家庄铁过门滑翔伞体验【专业教练/赠送视频摄像】\n\n': ['¥100起']}",,4
石家庄市动物园Shijiazhuang City Zoo,http://travel.qunar.com/p-oi702357-shijiazhuangshidongwu,"

地址:
石家庄市鹿泉区向阳南大街


电话:
0311-83932061,0311-83932005


官网:
http://www.sjzszoo.com/

",石家庄市动物园地处太行山系余脉与华北平原的交接地带，属低山丘陵区。东距石家庄市区中心较近，南邻石太高速公路，西依白鹿泉郄庄林场，北临307国道，与抱犊寨、蟠龙湖、天桂山、五岳寨等形成省会西部旅游带。园内景观布局采用非对称式，以山势起伏的隐风山为背景，把自然景色与人工建筑巧妙地结合在一起。园区根据地形分为火烈鸟馆、湿地禽鸟动物区、儿童动物园、鸟语林区、高山动物区等18个功能区，场馆区主要有长颈鹿馆、大象馆、两栖爬行馆、水生馆、熊猫馆等9大展馆。在动物园内有栈道式、橱窗式、水下长廊式、仰视、俯视等各种参观方式，能让游人所到之处产生全新的视觉美感。另外，结合地形、地貌、植物群落组成分布等情况，园内设置了相应的园林设施和休闲服务设施等。动物园共饲养展出火烈鸟、金丝猴、东北虎、亚洲象、长颈鹿、黑猩猩、袋鼠、海豹、白虎、跳羚等250多种3000余只（头）国内外珍禽名兽。除了观赏动物外，动物园还开设了科普馆，馆内收集了200余件动物形态琉璃藏品，有牛、羊等动物形态，惟妙惟肖，栩栩如生，是我国古代劳动人民智慧的结晶。,全年 周一-周五 08:30-16:00;全年 周六-周日 08:30-16:30,https://img1.qunarzz.com/travel/d0/1503/4e/a460a063bd3454.jpg_480x360x95_089d74ab.jpg,4.7,建议游览时间：3小时 - 5小时,,"{'石家庄市动物园门票成人票\n\n': ['¥50起'], '石家庄市动物园门票优待票\n\n': ['¥25起'], '辛玛王国主题乐园门票+石家庄市动物园门票成人票\n\n': ['¥198起']}",,4
联邦空中花园Sky Gardens,http://travel.qunar.com/p-oi7471091-lianbangkongzhonghuayuan,"

地址:
石家庄桥东区石市翟营南大街与塔南路交叉口


电话:
0311-80979666

",联邦空中花园位于石家庄市裕华区，是一处现代化的空中乐园。景区是将七座高楼的第六、七、八、九层用透明玻璃材质在空中联通起来，打通成为一座面积三万多平米的空中区域，离地16米左右，是一处真正意义的空中花园，非常有特点。空中花园内设置了假山、流水、瀑布，又种植了多种热带植物，其中不乏龙血树、老人葵等平时难得一见的奇珍异树，整个花园内绿意盎然，仿佛置身于热带世界，环境非常优美。在花园内还设置了多种娱乐项目，有健身浴场、漂流河、空中勇士乐园、攀岩、高空拓展等多项，既有悠闲放松的舒适娱乐，也有惊险刺激的激情项目。另外，景区内还有影院、儿童乐园、休息区和餐厅等设施，是周末时全家在城内放松娱乐的好去处。,8:00-22:00,https://img1.qunarzz.com/travel/poi/1409/02/14d87c43ac17e704ffffffffc8d65eac.jpg_480x360x95_3396d96a.jpg,4.0,建议游览时间：3小时,,30元,,4
仙台山Xiantai Mountain,http://travel.qunar.com/p-oi702103-xiantaishan,"

地址:
石家庄市井陉县辛庄乡小寺村（太行山东麓）


电话:
0311-82365333,0311-82365055


官网:
http://xiantaishan.gitom.com/

","仙台山是一处以秀丽的自然风光为主，兼有人文景观的综合风景区。仙台山主峰海拔1195米，山峰奇秀,俨然一尊大佛巍然屹立。树木繁多,自然景色优美,每至汛期,百泉汇合飞流直下,山光水影,宛如银河倒悬,仙朗凌空,故名仙台山。在号称“十里画廊”的十里大峡谷内，山峰苍翠，危壁千仞，奇龛怪石，古柏横生，步入其中，令人遐思无限。仙台山南山岭岭苍松，高入云天，摇动松涛阵阵，北沟坡坡翠柏，株株挺拔，造型千姿百态，是仙台山一道独具特色的亮丽风景。",全年 07:30-17:30,https://img1.qunarzz.com/piao/fusion/2011/17/c8996ff0903c2302.jpg_480x360x95_a53c8544.jpg,4.0,建议游览时间：3小时,,40元,,4
正定四塔Zhengding Four Towers,http://travel.qunar.com/p-oi7527348-zhengdingsita,,,,https://img1.qunarzz.com/travel/poi/1803/fd/01d1d80eabf62537.jpg_480x360x95_a849502b.jpg,4.7,建议游览时间：3小时,,具体收费情况以现场公示为主,,4
沕沕水生态风景区Wuwushui Ecological Scenic Area,http://travel.qunar.com/p-oi7469490-wuwushuishengtaifengjing,"

地址:
石家庄市平山县北冶乡


电话:
0311-87882927,0311-87036225

",沕沕水生态风景区位于石家庄市平山县西侧，距离石家庄市区的车程约100公里，是一处山清水秀的自然风景区。景区内山势清秀，有众多的瀑布、深潭和泉水，还有茂密的树木，景色幽然清新。而且秋季时山间有艳丽红叶，冬天还有盛大的冰瀑奇观，非常适合观光摄影。另外，景区内还有红色发电站等红色遗址可以参观，是石家庄周边的旅游胜地。游玩沕沕水景区主要就是沿着步道登山漫步，沿途观赏各个景点，在山顶的一线天处走一个小环线后沿原路返回即可。景区的山不高，大部分的路都比较平坦，登山的体力强度不太大，可以带小朋友和老人游玩，不过山顶的一线天处路比较陡峭原始，体力不足的人可以考虑不爬。整个景区内走走看看，游玩全程大约4-6小时为宜。景区内沿着观景的步道两侧，一共有八十多个景点，其中有灵秀的瀑布和碧绿深潭，有陡峭俊秀的崖壁和独特的龛棺遗址，还有红色水电站等红色景点，都可以一一游玩。其中比较特别的有百丈瀑布、水帘洞、云泉、一线天等，游玩时可以留意一下。百丈瀑布是景区内的一条瀑布，落差很高，而且流水量大，洁白湍急的水流冲向山底的潭水，特别壮观。在百丈瀑布的下方是一处面积很大的陶然湖，湖水碧绿，景色非常优美，可以在这里观光拍摄。水帘洞也是一处瀑布，和百丈瀑布相比水流较小，但洞内开放了展览，展示了远古时期人民的居住环境和使用的工具，十分特别，可以留意观看。云泉则是一处很大的泉水，泉水可以上涌喷出水面，形成类似趵突泉的涌柱，非常漂亮。一线天位于山顶，是一处地貌奇观，可以步行在两座崖壁之间的小路观看，登上一线天后，还可以在背后乘坐山顶的大石滑梯返回到一线天下方，滑梯长约800米，票价20元。除了春、夏、秋三季前来观赏山水景色外，冬季也是游玩景区的好时机。此时景区内的河流、瀑布都会结冰，形成壮观的冰瀑奇观，十分空灵奇幻，是摄影的好去处。冬季夜晚时，景区内还会举办冰灯节，届时可以过来赏灯观冰，非常有趣。住宿餐饮在景区大门外，有多家农家可以提供住宿用餐服务，另外还有一家条件较好的沕沕水景区宾馆。农家的房间每间大约几十到一百元，景区宾馆大约150-200元左右，可以选择入住。用餐可以在周围的农家院里，这里的农家淳朴实惠，用餐的价格也不会很高。野菜、大锅菜、贴饼子都是这里的特色美食，来此一定要尝试一下。,全年 08:30-17:30,https://img1.qunarzz.com/travel/d2/1507/68/0a391ab774aff6.jpg_480x360x95_b51691d8.jpg,4.4,建议游览时间：4小时 - 6小时,,"{'沕沕水生态风景区门票成人票\n\n': ['¥39.9起'], '沕沕水生态风景区门票优待票\n\n': ['¥32.5起'], '沕沕水生态风景区空中画廊门票成人票\n\n': ['¥25起']}",,4
福林寺,http://travel.qunar.com/p-oi711628-fulinsi,,原名清利寺，唐太和元年建，经历代重修，规模宏伟，是辛集的旅游胜地辛集市是著名的皮革皮毛集散地，每年全世界客商云集商业城。福林寺在商业城东3公里，有公路直达，形成了集购物、旅游、食宿、娱乐一体的旅游商业景区。1995年重修后的福林寺占地64亩，建筑面积2.88万平方米，投资3000万元，是一座规模宏伟、金碧辉煌的仿古艺术精品，中轴线建九大景点和建筑群体。其中，浮雕琉璃影壁长45米，构思奇特，徒刑新颖；大悲泉常年圣水喷涌，水声潺潺；天王殿内端坐慈眉善目笑口常开的大...原名清利寺，唐太和元年建，经历代重修，规模宏伟，是辛集的旅游胜地辛集市是著名的皮革皮毛集散地，每年全世界客商云集商业城。福林寺在商业城东3公里，有公路直达，形成了集购物、旅游、食宿、娱乐一体的旅游商业景区。1995年重修后的福林寺占地64亩，建筑面积2.88万平方米，投资3000万元，是一座规模宏伟、金碧辉煌的仿古艺术精品，中轴线建九大景点和建筑群体。其中，浮雕琉璃影壁长45米，构思奇特，徒刑新颖；大悲泉常年圣水喷涌，水声潺潺；天王殿内端坐慈眉善目笑口常开的大肚弥勒佛，还有威严的四大天王和韦驮护法神像；北行是三座东西并排的金水桥，桥下是放生池，放生池两侧是由12通碑组成的功德碑林，捐百元以上者碑上留名。过桥是戒坛，两侧分别建有钟楼、鼓楼。,,,3.0,,,,,4
封神演义宫,http://travel.qunar.com/p-oi707657-fengshenyanyigong,,西游记一宫、二宫、封神演义宫，是根据我国神魔小说《西游记》、《封神演义》而建造，景观集人间、仙境、天宫、海底、冥界一体，制作手段以迷离故事与现代化科技相结合，每个景有静有动、有变有幻、声随光响，动随声变，从而使景观达到奇、俏、特、绝的意境。三国名将赵子龙巨型塑像就座落在常山公园内，供游人观瞻位于大佛寺东邻的野城，以其独特的巴比伦空中花园式建筑布局，利用现代高科技手段，荟萃了古今中外的历史典故、神话传说、名胜古迹等，以独具匠心的艺术手法形象逼真地...西游记一宫、二宫、封神演义宫，是根据我国神魔小说《西游记》、《封神演义》而建造，景观集人间、仙境、天宫、海底、冥界一体，制作手段以迷离故事与现代化科技相结合，每个景有静有动、有变有幻、声随光响，动随声变，从而使景观达到奇、俏、特、绝的意境。三国名将赵子龙巨型塑像就座落在常山公园内，供游人观瞻位于大佛寺东邻的野城，以其独特的巴比伦空中花园式建筑布局，利用现代高科技手段，荟萃了古今中外的历史典故、神话传说、名胜古迹等，以独具匠心的艺术手法形象逼真地展现在游人面前。经过精心策划，每处场景惊险刺激，每个造型神工鬼斧，维妙维肖。玉门夕照、荒谷野坡、敦煌佛影、楼兰奇观集野景、野情为一体。冰川野人、猛兽怒吼、土匪纵横、贼船历险，罗马斗兽融野趣、野味为一身；伊甸园亚当夏娃偷吃禁果，荒山野洞四十大盗时常出没，阿里巴巴终获巨宝等二十多个景观，处处充满野风、野趣、野情，构成了野城独具特色的艺术风格。,,,--,,,,,4
九景山庄,http://travel.qunar.com/p-oi714910-jiujingshanzhuang,,"九景山庄是近年来鹿泉市开发的一座新的风景旅游区，景区面积6.5平方公里，这里群山环抱，起伏叠障，鸟语花香，湖光山色，步入山庄可以从历史的鉴证中勾起您无穷的遐想。景区自然风光：仙台观日：站在仙台，远望无垠的华北大平原，一轮红日从省会大都市冉冉升起，有""获鹿小泰山""之称。湖光山影：山庄内外共有九座湖面，人称为九龙戏水，这是流水潺潺，湖光波影，不是江南，胜似江南。鲜果园林：山庄内有200多亩中华圣桃园，春开芬芳争妍，夏日鲜桃压枝。山庄内的桃、杏、梨、苹...九景山庄是近年来鹿泉市开发的一座新的风景旅游区，景区面积6.5平方公里，这里群山环抱，起伏叠障，鸟语花香，湖光山色，步入山庄可以从历史的鉴证中勾起您无穷的遐想。景区自然风光：仙台观日：站在仙台，远望无垠的华北大平原，一轮红日从省会大都市冉冉升起，有""获鹿小泰山""之称。湖光山影：山庄内外共有九座湖面，人称为九龙戏水，这是流水潺潺，湖光波影，不是江南，胜似江南。鲜果园林：山庄内有200多亩中华圣桃园，春开芬芳争妍，夏日鲜桃压枝。山庄内的桃、杏、梨、苹果、核桃、柿子、红枣等构成了供游客采摘的道道风景线。四季花园：山庄内百花园内牡丹、芍药等多种名贵花草，百花齐放，色彩缤纷，展现出无穷魅力。别有洞天：山庄西南，有百米多长的山洞，洞内冬暖夏凉，可供游人小憩，别有一番情趣。碧波林海：穿过山洞，可观赏茫茫林海，4000亩的松柏节假日遮天蔽日，游人可亲身领略原始森林的美妙，可目睹大兴安岭般的碧波林海。驿道怀古：这里有""山陕通衢""之称的古驿道，是古代勾通晋冀经济贸易的主要通道。龙凤呈祥：大王庙座落实其间，与凤凰山相伴，永结百年之好。九景山庄历史人文景观悠久丰富，这里曾是韩信""背水之战""战场的一部分。明朝工部尚书王思廉的墓地座落在景区一隅；大王庙、姥母庙香火不断，。这里有日本侵华暴行的铁证；这里有朱德司令迁往西柏坡时在这里停留、工作过的旧址；这里有一些美丽古老的神话传说。这些历史人文景观为景区增加了历史文化气氛。",,,--,,,,,4
西山森林公园Xishan Forest Park,http://travel.qunar.com/p-oi707194-xishansenlingongyuan,"

地址:
石家庄市鹿泉区山前大道


电话:
0311-83895001

",西山森林公园坐落在石家庄市西南20公里处的封龙山麓，公园总面积2.5万亩，森林覆盖率75.6%，区内的32处景点，集雄、奇、秀为一体，素有“植物王国”和“风景乐园”之称。西山森林公园分东西两处景区，东景区有多处太平天国起义军遗址，与冷泉水相映视，构成了美丽的图画。,全年 全天开放,https://tr-osdcp.qunarzz.com/tr-osd-tr-manager/img/7c352d667b6c14f113801bced4af1245.jpg_480x360x95_16c955e2.jpg,4.3,建议游览时间：3小时,,具体收费情况以现场公示为主,,5
五岳寨风景区Wuyue Village,http://travel.qunar.com/p-oi714959-wuyuezhaifengjingqu,"

地址:
石家庄市灵寿县


电话:
0311-82600258,0311-82525722


官网:
http://www.wuyuezhai.com/

",五岳寨景区位于石家庄灵寿县西北侧的南营乡草房村，因为景区内的五座主峰形似中国的五岳而得名，这里的山峰虽然不比真正的五岳那样壮阔秀美，但是山体也有秀丽之处，而且空气清新，森林密布，还有水流、瀑布等，是观赏山景、休闲锻炼的好去处。五岳寨景区的面积较大，一般游玩大半天左右为宜，也有游客会在此游玩1-2天，尽情感受山间的美景，并且这里和驼梁风景区相通，可以步行一并游玩。山间有一些小旅馆可以住宿，条件一般，不过空气清新、环境优美。游客来到五岳寨，主要是登山游玩。从景区大门开始，经过木桥、通岳峡，登山不久，便可以看到观景台，这里可以遍览“小五岳”每一座山峰的秀丽景色，部分体力一般的游客走到观景台即会下撤。观景台附近，有三条岔路，分别是下山、前往驼梁风景区和攀登主峰“小泰山”。游玩主峰大约还需要3-4小时左右，登山大约需要2小时。主峰路线包括白桦林、鸳鸯石、寨倾和主峰，可以看到景色优美的桦林，酷似黄山标志的迎客松等，在下山时还可以见到一座落差高达110米的瀑布，一路风光清幽美丽，让人心旷神怡。游玩主峰景区后，可以再行返回前往驼梁风景区，也可以直接下撤结束游玩。,全年 08:00-17:00,https://img1.qunarzz.com/piao/fusion/2006/18/825ce774d5ad3602.jpg_480x360x95_3da872fd.jpg,4.5,建议游览时间：12小时 - 3天,,淡旺季价格不同，具体以官网公告为准。淡季（11月1日-次年3月31日）45元，旺季（4月1日-10月31日）65元。,,5
藤龙山风景区Tenglong Mountain,http://travel.qunar.com/p-oi708875-tenglongshanfengjingqu,"

地址:
石家庄市平山县藤龙山


电话:
0311-87056060,0311-82878368

",藤龙山原生态自然风景区位于平山县王坡乡北部，西接天台山，北临横山湖，南连仙女湖，距县城25公里，东距省会石家庄50公里，交通便捷。是一处集地质景观、森林生态、人文历史景观于一体的高品位原生态自然风景区。山险、石奇、水清、树美、林绿、野幽，尤以红色峡谷地貌、绿色空中草原、华北藤海森林、四季云海、二战堡垒战壕称奇。,8:30-18:00,https://mp-commentcp.qunarzz.com/mp_comment_mp_comment/1562787573407100c16000000zbyw11053_D_640_10000.jpg_480x360x95_42d8e521.jpg,4.3,建议游览时间：2小时 - 3小时,,"{'藤龙山风景区门票成人票\n\n': ['¥19.5起'], '藤龙山电子导览服务大小同价\n\n': ['¥18起']}",,5
吴禄贞墓Tomb of Wu Luzhen,http://travel.qunar.com/p-oi710030-wuluzhenmu,,,,,,,,,,5
历史文化街区Zhengding Lishiwenhua Jiequ Management Office,http://travel.qunar.com/p-oi7588027-lishiwenhuajiequ,"

地址:
河北正定燕赵南大街

",正定历史文化街区全长1500米，街区内汇集着始建于唐朝的广惠寺华塔、临济寺澄灵塔和开元寺钟楼3处全国重点文物保护单位以及修复落成落成的“三关雄镇”长乐门古城池，是全国较高层次的历史文物密集的街道。,全年 全天开放,https://img1.qunarzz.com/travel/d4/201404/11/05eb0fd5e2a4d401ddb12cfb.jpg_480x360x95_d1aa5bf2.jpg,4.6,建议游览时间：2小时 - 3小时,,具体收费情况以现场公示为主,,5
伏羲文化城,http://travel.qunar.com/p-oi703541-fuxiwenhuacheng,,位于新乐市东北郊，以伏羲台人祖庙为中心扩建而成，总面积1000多亩。？？？？伏羲又称疱牺，是三皇之首，上古时期东夷族的著名首领，生于成纪（今甘肃天水）。因洪荒东迁，寓伏羲台处繁衍生息。据史料记载，伏羲正姓氏，造书契以代结绳之政；作甲历、定四时发现历法规律；始婚姻、制婚娶以俪皮为礼；结网罟、教渔猎以充民之疱厨；造琴瑟制礼乐教民以乐；观天时、察地利创天圆地方之说；创《河图》、制《洛书》是记号时代科学萌芽的结晶；明阴阳创八卦，使中华民族由蒙昧野蛮开始进...位于新乐市东北郊，以伏羲台人祖庙为中心扩建而成，总面积1000多亩。？？？？伏羲又称疱牺，是三皇之首，上古时期东夷族的著名首领，生于成纪（今甘肃天水）。因洪荒东迁，寓伏羲台处繁衍生息。据史料记载，伏羲正姓氏，造书契以代结绳之政；作甲历、定四时发现历法规律；始婚姻、制婚娶以俪皮为礼；结网罟、教渔猎以充民之疱厨；造琴瑟制礼乐教民以乐；观天时、察地利创天圆地方之说；创《河图》、制《洛书》是记号时代科学萌芽的结晶；明阴阳创八卦，使中华民族由蒙昧野蛮开始进入文明时代。伏羲功高盖世，光照千秋，故被后人尊为中华民族双文明领袖，人文之祖。伏羲文化城的景观有：伏羲台、人祖庙、八卦台、浴...,,,2.0,,,,,5
石家庄开元寺,http://travel.qunar.com/p-oi7587914-shijiazhuangkaiyuansi,"

地址:
石家庄市正定县常胜街西侧燕赵南大街109号	

",开元寺位于正定常胜街西侧，始建于东魏兴和二年(540)，原名净观寺，隋开皇十年(591)改名为解慧寺。唐开元二十六年 (738)奉沼改成今名。现存的建筑却是显著的唐代风格。与其他寺院的布局不同，开元寺并非采用的对称布局，而是和塔和钟楼并列而立，反映了佛教寺院建筑从早期以塔为中心向晚期以殿为中心的过渡情况。至清后期，因年久失修，寺院废毁，殿堂塌落，仅存钟楼和须弥塔。,全天,https://img1.qunarzz.com/travel/d8/1702/39/915dae96d670e6b5.jpg_480x360x95_f67f899c.jpg,4.0,建议游览时间：1小时,四季皆宜,免费,,5
蟠龙湖Panlonghu,http://travel.qunar.com/p-oi704300-panlonghu,"

地址:
石家庄市元氏县装院路蟠龙湖景区

",旅游度假村—蟠龙湖，位于省会石家庄西南25公里处元氏县境内。旅游区开发面积14平方公里，其中水面面积3.5平方公里。区内规划建设坚持高起点、高品位、高标准。把创建“中国北方娱乐名湖”作为发展目标。蟠龙湖水面烟波浩淼，水景如画，是石家庄近郊唯一能搞大型水上活动、山水兼容的场所。主要项目有：脚踏船、手划船、机动游艇、皮划艇、水陆两用坦克训练表演、高速快艇、龙舟、“水空飞人” 、湖边垂钓以及大型冲水滑梯等；兴恺山庄激光枪搏击对抗军事游乐项目，集野外作战游戏、素质培训为一体，真实地感受到战场上紧张的刺激。蟠龙湖南岸的蟠龙寺，始建于元朝至正年间，扩建于明代，占地百亩。古刹魏魏，僧尼成群，历经沧桑，香火不衰。蟠龙洞位于蟠龙寺以北山腰，洞内蜿蜒曲折，怪石横生，千变万化，传说众多。蟠龙湖山体逶迤起伏，势若苍龙盘绕。山上树木葱郁，遮天蔽日，又有山花百种，争芳斗艳，鸟语花香。,全年 08:00-17:00,https://tr-osdcp.qunarzz.com/tr-osd-tr-manager/img/0c8bdf52f5ad1e17c09d86ba9304b824.jpg_480x360x95_ad53319f.jpg,4.1,建议游览时间：2小时 - 4小时,,{'石家庄铁过门滑翔伞体验【专业教练/赠送视频摄像】\n\n': ['¥100起']},,5
天门洞Tianmen Hole,http://travel.qunar.com/p-oi715654-tianmendong,"

地址:
石家庄市鹿泉区城西抱犊寨风景区内


电话:
0311-82013208

",天门洞位于抱犊寨顶东北隅，又称东天门，是一处天然形成的奇特景观。其洞口开在峭壁之上，如一宏大的城门洞，雄伟壮观；奇的是洞顶部敞开一同样巨大的“天窗”，并有台阶可以上到寨顶。整个洞穴宛如古时农家的灶台，因而民间又称之为“锅闶阆子”。由山下向洞中仰望，好似《水浒传》中描绘的“天眼开”景象，神奇而神秘。,具体开放时间请咨询景区,https://img1.qunarzz.com/travel/poi/1803/1f/f349121a8355b137.jpg_480x360x95_6b51017c.jpg,4.5,建议游览时间：0.3小时 - 0.5小时,,包含于抱犊寨景区内，通用于抱犊寨景区门票。,,5
谛音寺Diyin Temple,http://travel.qunar.com/p-oi707618-diyinsi,,,,,,,,,,5
龙凤湖Longfeng Lake,http://travel.qunar.com/p-oi706418-longfenghu,"

地址:
石家庄市鹿泉市山尹村乡西部


电话:
0311-82132489

",龙凤湖位于景区西南隅，原为官冲坪里一小湖，1958年冬修建的逆江水库，将龙凤湖包容其中，后将水库改名为 龙凤湖，积雨面积44平方公里，蓄水面积2625亩，水库大坝在浪岭山下，长220米，高383米，十分壮观。湖东麻家溪有隧洞长652米，与五溪湖相通。龙凤湖湖水透明而清亮，两岸山上，树木茂密，郁郁苍苍，水绕山转，远不可知，深不可测。龙凤湖尾有游泳池，两岸有原始次生林，湖中有豪华的龙凤游艇，还有木船、竹伐等。在龙凤湖荡舟、垂钓，别有一番诗意。,全年 全天开放,https://tr-osdcp.qunarzz.com/tr-osd-tr-manager/img/43c18cd36d924b995e17437c3c0ff18d.jpg_480x360x95_0de6e2a5.jpg,3.6,建议游览时间：2小时,,"{'龙凤湖电子导游服务大小同价\n\n': ['¥7起'], '石家庄铁过门滑翔伞体验【专业教练/赠送视频摄像】\n\n': ['¥100起']}",,6
皇姑坟Huanggu Tomb,http://travel.qunar.com/p-oi701564-huanggufen,,皇姑坟位于石家庄市井陉县，始建于隋唐，历史悠久，有慈佑殿、妙青殿、妙音殿、山门等建筑。,,,--,建议游览时间：1小时 - 2小时,,苍岩山门票50元，军人、学生，老年人凭证优惠。（学生票25元）,,6
龙岩寺Longyan Temple,http://travel.qunar.com/p-oi710179-longyansi,,"龙岩寺位于井陉县，寺内有三官庙和朝阳洞等景点，相传南阳公主出家到了苍岩山感动了天地水三官，所以三官帮助南阳公主修成正果，南阳公主为报三官之德，封三官收苍岩山第一道香火，朝阳洞是南阳公主每年三月三宴请各路神仙的地方。
",,https://tr-osdcp.qunarzz.com/tr-osd-tr-manager/img/f11c4472e2b109c0e9065169d0075fe0.jpg_480x360x95_1a7d64ad.jpg,2.0,建议游览时间：1小时 - 2小时,,具体收费情况以现场公示为主,,6
嶂石岩Zhangshi Rock,http://travel.qunar.com/p-oi712923-zhangshiyan,,,,,,,,,,6
马家大院Courtyard of Family Ma,http://travel.qunar.com/p-oi713931-majiadayuan,,马家大院位于正定县十字大街东北，和县城内其他古建相比，既没有历史的深厚久远，也没名人光环的照耀，可以说是一座普普通通的民用建筑，但是在今天，它却成了正定县非常古老、保存很完整的四合院落。 马家大院南北总长70.5米，东西总宽13.65米，三进四合院建筑形式大体相同，均为灰瓦硬山顶，正房面阔三间，两厢各三间，进深二间，保存基本完好。 该建筑1982年被公布为正定县重点文物保护单位。现为正定农业图书馆。,,https://tr-osdcp.qunarzz.com/tr-osd-tr-manager/img/8df4d3dc5e4b4e519229fafe0e80ed81.jpg_480x360x95_a1468ea9.jpg,4.4,建议游览时间：2小时 - 3小时,,{'马家大院电子讲解票大小同价\n\n': ['¥7起']},,6
毗卢寺Pilu Temple,http://travel.qunar.com/p-oi706170-pilusi,"

地址:
石家庄市杜北乡上京村东


电话:
13932131015

",毗卢寺位于河北省石家庄市西北，新华区上京村东，距市中心10公里。始建于唐天宝年间，是市区内唯一一座历史悠久的佛教名刹古寺。毗卢寺占地28亩，它以存有明代精美的宗教壁画而驰名中外，并保存有一批西汉石刻、雕像等珍贵历史文物。为全国重点文物保护单位。毗卢寺壁画是中华民族传统文化的一座宝库，壁画艺术中的一颗明珠。毗卢殿壁画与国内其他壁画相比，有三个独特的特点：第一、壁画的内容非常丰富，包罗万象。除绘有佛、道、儒三教的诸神祗外，还有部分反映当时社会风俗画和往古人物。第二、绘画技巧精湛，式样描法丰富，线条类型齐全。各种人物通过画工对不同线条挥洒飘舞的绦带，当风的衣褶，身边流动的彩云，丰富而传神的表情，鲜明而不同的个性。第三、画面人物大面积运用了沥粉贴金的技法，做工精致，人物形象具有强烈的立体感，达到了神形兼备，传神而逼真的艺术效果。,全年 9:00-16:30,https://tr-osdcp.qunarzz.com/tr-osd-tr-manager/img/ed92a4f1dfa2f6b33bd4719841008fee.jpg_480x360x95_d679c603.jpg,4.5,建议游览时间：1小时 - 2小时,,具体收费情况以现场公示为主,,6
小客龙山文化遗址Xiaokelong Mountain Culture Ruins,http://travel.qunar.com/p-oi701913-xiaokelongshanwenhuayi,,,,,5.0,,,具体收费情况以现场公示为主,,6
人祖庙Human Ancestor Temple,http://travel.qunar.com/p-oi709360-renzumiao,,人祖庙位于河北新乐，始建于汉代，又称伏羲庙。人祖庙的中心为伏羲殿，殿内有伏羲塑像，殿额上下竖横两匾，上书：“开天明道”、“亘古一人”。其周围旧有钟鼓楼、东西配殿、庙宇等建筑近一百间。千百年来，每逢祭日，成午上万的羲黄子孙前来朝拜祭祀，热闹非凡。,,https://tr-osdcp.qunarzz.com/tr-osd-tr-manager/img/6a2d5c4dc213b7254049b741ba5eb3fb.jpg_480x360x95_d8cca63c.jpg,4.5,,,具体收费情况以现场公示为主,,6
赵孤园Zhaogu Garden,http://travel.qunar.com/p-oi709055-zhaoguyuan,,,,,--,,,具体收费情况以现场公示为主,,6
虚云禅寺Xuyunchan Temple,http://travel.qunar.com/p-oi712491-xuyunshansi,,这里是一处比丘尼道场。其前身是重胜寺。虚云禅寺山门里能看到弥勒笑佛在中间，四大金刚立于两旁。,,https://tr-osdcp.qunarzz.com/tr-osd-tr-manager/img/c7b7954b39461ffa879eef2004a80fae.jpg_480x360x95_04df86d5.jpg,4.6,建议游览时间：2小时,,,,6
伏羲台Fuxitai Scenic Spot,http://travel.qunar.com/p-oi711736-fuxitai,"

地址:
石家庄市新乐市伏羲大街与伏羲路交叉口北150米


电话:
0311-88587792

",伏羲台为新石器时代古遗址、全国重点文物保护单位、国家AAA级旅游景区，有着7800多年的悠久历史和文化内涵，据史料记载：帝喾(三皇五帝中的第三位皇帝)巡游此地时“集四方之民，而化导养育之故”修复了“伏羲台”、“人祖庙”；《史记•赵世家》中记载：“王，十七年，出九门，为野台，以望齐中山之境。”“野台，—名羲台，在定州新乐县西南63里”；《魏书•地形志》中有“中山郡领县七……市新二汉晋属，有蔺相如冢、羲台城、新市城”；《括地志》中有“野台—名义台，在县西南十五里，旧有伏羲城，中有羲台，上有羲皇古庙，其北有浴儿池”之记载。伏羲台、人祖庙以及伏羲点水成泉的“中同涌泉”，灌溉地亩无数的“金水河”、“龙泉河”，伏羲、女娲繁衍人类剌开衣胎的“剌孩儿草”、“浴儿池”等遗迹，对研究我国的史前文化提供了重要依据，具有极大的文化和旅游开发价值。伏羲台历经风雨，大规模的修缮活动多达百余次，现存有祖国大地上的“四”和“四奇”。“四”为：早的人工灌渠开凿地—金水河，流经80余里灌溉地亩无数；华夏民族第一个家庭组成地；伏羲甲历起源地；先天八卦发明地。“四奇”为：伏羲台人祖树叶、红绿半边的剌孩草、千年古树“槐抱槐”（又名福寿康宁树、母抱子）、人间奇景“槐抱椿”(又名“怀抱春”)。伏羲台历经数千年，祭祀活动经久不衰，方式有御祭、官祭和民祭。祭祀规模有太牢及丰富多彩的民间祭祖形式。“每岁暮春三月十有八日”为人祖圣诞祭祀庙会，每逢农历初一、十五都有人来拜祭。,上午8:30-12:00，下午13:30-17:30,https://tr-osdcp.qunarzz.com/tr-osd-tr-manager/img/6deff89ef1600b282c1fde2fbb8c63af.jpg_480x360x95_6a602740.jpg,4.2,建议游览时间：1小时 - 2小时,,具体收费情况以现场公示为主,,7
大观圣作之碑Monument of Holy Works in Daguan Year,http://travel.qunar.com/p-oi709184-daguanshengzuozhibei,,大观圣作之碑是中国现存的大观圣作之碑中保存较好的一通。碑刻坐落在一个长方形的保护池内，池四周雕制有围石护栏。碑身四周刻有卷龙缠枝牡丹图案，中间碑文为宋徽宗赵佶所撰。,,,4.1,建议游览时间：2小时,,,,7
新城铺遗址Xincheng Pushang Dai Ruins,http://travel.qunar.com/p-oi702989-xinchengpuyizhi,,新城铺遗址位于河北省正定县，当地居民曾多次发现商代铜器、陶器、石器等，在此遗址出土的青铜器，多数刻有铭文。,,,4.7,建议游览时间：1小时 - 2小时,,具体收费情况以现场公示为主,,7
台西商代遗址,http://travel.qunar.com/p-oi703606-taixishangdaiyizhi,,位于藁城市台西村，距市区10公里，村东北200米处有三个大土台――西台、南台、北台。1965年发掘证明这是一座商代中期遗址和墓葬群。总面积约10万平方米。1973年、1974年发掘西台，获得重大成果，除发现房屋遗址、水井、灰坑、墓葬、祭祀坑外，还出土3000余件青铜器、金器、玉器、陶器（包括白陶和釉陶）、石器、骨角器、蚌器、木器、漆器、丝织物、麻织物、植物种仁、卜用甲骨、刻字陶片以及医疗器械等物。这里的商代遗址，规模之大、出土文物之丰富、文物价值之高不仅在该市占重要地...位于藁城市台西村，距市区10公里，村东北200米处有三个大土台――西台、南台、北台。1965年发掘证明这是一座商代中期遗址和墓葬群。总面积约10万平方米。1973年、1974年发掘西台，获得重大成果，除发现房屋遗址、水井、灰坑、墓葬、祭祀坑外，还出土3000余件青铜器、金器、玉器、陶器（包括白陶和釉陶）、石器、骨角器、蚌器、木器、漆器、丝织物、麻织物、植物种仁、卜用甲骨、刻字陶片以及医疗器械等物。这里的商代遗址，规模之大、出土文物之丰富、文物价值之高不仅在该市占重要地位，而且是建国来全国重大考古发现之一。这里出土的铁器、铁渣、丝织品、脱胶麻织品、砭镰、羊毛、酒曲等文物都是目前世界上发现最早的同类实物，在世界文明史上占的重要地位。出土的青铜器、酿酒作坊、水井、木桶、植物种类实物代表，在国内有很大影响。1988年被列入全国重点文物保护单位。,,,--,,,,,7
﻿天护陀罗尼经幢Tianhu Dharani Building,http://travel.qunar.com/p-oi706621-tianhutuoluonijingchuang,"

地址:
石家庄市井陉矿区天户村原东禅院遗址内

",天护陀罗尼经幢位于石家庄市井陉矿区天户村原东禅院遗址内。残高5米，直径约64公分，为唐代佛教经幢，由东禅院住持惠广、僧天宝建造。经幢上刻有“大唐国镇州井陉县天护城东禅院”。《河北省地名词典》、《井陉县志》记载建于唐开元十五年（727年）。但据考证此幢应为唐元和十年（828年）以后所建。系全国重点文物保护单位。,全年 全天开放,https://tr-osdcp.qunarzz.com/tr-osd-tr-manager/img/05260c59a84b7c580057070afb3c380b.jpg_480x360x95_d1a83301.jpg,5.0,建议游览时间：1小时,,具体收费情况以现场公示为主,,7
东方巨龟苑Oriental Giant Turtle Garden,http://travel.qunar.com/p-oi708858-dongfangjuguiyuan,"

地址:
石家庄市平山县冶河东岸


电话:
0311-89113166,0311-82900815

","东方巨龟苑位于平山县东南部，太行偎依，冶河环绕，景区包含有万吨巨龟和跨世纪献礼牌楼两项吉尼斯世界纪录，有红、绿、古、新景点81处。
景区风光秀美、包罗万象，既有江南水乡之秀美，又有北国风光之雄伟。野河乐园湖光山色，鸳鸯湖鸳鸯岛神秘浪漫；湖心湖游乐场项目奇绝，水上参与健身休闲野趣十足；巨龟苑海世界奇妙博大，千米画廊九九碑林古香古色；华夏历史园浮雕史诗演绎春秋，水果花卉等八大园梦幻田园；野河漂流宽广激荡，森林湖泊湿地沙滩天上人间、别具风格的滑草项目让您体验人与大自然的和谐，在感受风一般速度的同时又能领略到大自然的美好……2013年底景区推出冬季旅游新项目冰雪乐园，项目包括滑雪、滑冰、雪上飞碟。2015年为满足游客需求景区又新建体能乐园，体能乐园是集多种游乐项目于一体的综合性游乐设施，既安全刺激又充满趣味性。景区每年还要举办采摘节、漂流节、狂欢泼水节、鸳鸯情侣文化节等大型活动，吸引了大量中外游客。",8:00-18:00,https://img1.qunarzz.com/p/tts3/1807/cb/d5365bcefc776c02.jpg_480x360x95_25f71e25.jpg,4.3,建议游览时间：3小时 - 4小时,,"{'东方巨龟苑门票成人票\n\n': ['¥45起'], '东方巨龟苑电子导览服务大小同价\n\n': ['¥6起']}",,7
林山石窟Linshan Grottoes,http://travel.qunar.com/p-oi714373-linshanshiku,,林山石窟位于河北省石家庄市平山县三汲乡林山，又名“石佛堂”，开凿于明代，石窟内有上千尊佛像。,,https://img1.qunarzz.com/travel/d8/1508/b7/835a7f7055b566.jpg_480x360x95_07da0897.jpg,4.0,,,具体收费情况以现场公示为主,,7
蟠龙寺,http://travel.qunar.com/p-oi702200-panlongsi,,蟠龙寺，位于元氏县蟠龙山上，蟠龙山因山势起伏，蜿蜒曲折，势若龙蟠而得名，蟠龙寺因出而得名。始建于元朝至正年间、明末清初为香火兴盛时期，原有牟尼殿、天王殿、穿心殿9间和16间偏殿组成，明万历、清顺治、光绪年间曾先后加以修缮，后寺圯。近年来得以重修，殿内所有雕塑，全部采用最新技术。在苍松翠柏之中新建的蟠龙寺，显得金碧辉煌，气势恢宏。,,https://img1.qunarzz.com/travel/d6/1508/57/aaf1b92cf15967.jpg_480x360x95_2a82c6c3.jpg,5.0,,,,,7
中山古城遗址Zhongshangucheng Ruins,http://travel.qunar.com/p-oi711905-zhongshanguchengyizhi,,,,,,,,,,7
蕉林书屋,http://travel.qunar.com/p-oi710052-jiaolinshuwu,,蕉林书屋是清初光禄大夫保和殿大学士、大收藏家梁清标储藏珍品和文人墨客相聚的地方。现存前院正房为灰瓦硬山卷棚顶。面阔三间、进深一间。因年久失修顶部已部分坍塌。西厢房面阔二间，进深一间，已改建成平顶。后院小姐绣楼为二层硬山顶建筑。座东面西，面阔三间，进深一间，顶部已改建成平顶。现为城建局公产房。1995年5月10日县人民政府将其公布为正定县重点文物保护单位。,,,--,,,,,7
甘泉寺,http://travel.qunar.com/p-oi715474-ganquansi,,"甘泉寺,位于平山县境内。始建于北周武帝(宇文邕)建德年间,是云游僧人义觉历时7年化缘资财而建。主要建筑有大雄宝殿、菩萨殿、方丈、禅堂等。",,https://img1.qunarzz.com/travel/poi/1607/fb/f94be043fdad78db.jpg_480x360x95_56ad1302.jpg,--,,,,,8
曲阳桥乡Quyangqiaoxiang,http://travel.qunar.com/p-oi704227-quyangqiaoxiang,,曲阳桥乡位于正定县的西北处，北宋文学家范仲淹出生于此，这里气候宜人，有很多野生的植物，可以感受一下田园风情。,,https://tr-osdcp.qunarzz.com/tr-osd-tr-manager/img/a3f3950bf26a2079fdf41c63f7e3f419.jpg_480x360x95_635fcb1e.jpg,4.8,建议游览时间：3天,,,,8
万寿寺Wanshou Temple,http://travel.qunar.com/p-oi711600-wanshousi,,,,,,,,,,8
天桥山·银河洞风景区Yinhedong Sceneic Area,http://travel.qunar.com/p-oi7469505-tianqiaoshanyinhedong,"

地址:
石家庄市平山县北冶乡


电话:
0311-82826788

",银河洞自然风景区紧依天桂山西侧，总面积20平方公里，因神秘瑰丽的银河洞而得名。这里呈典型的喀斯特地貌，奇峰入云，植被风茂，景观形态集山、泉、林、洞、桥等于一体，丰富多姿，奇绝秀美，整个景区以鬼斧神工的自然景观和清幽纯朴的自然风光取胜。该景区奇观大成，举世罕见。据考证，主体景观银河洞，原为五亿年前寒武纪时期一条巨大的地下暗河，一百万年前，地壳抬升至一千余米的高空而形成，成因与其他溶洞迥异，在我国极其罕见，具有典型的代表性。该洞总长2000多米，洞中套洞，洞下有洞，洞体恢宏瑰奇。洞顶圆穹恰似星座错列，洞内有高山峡谷、搭桥飞瀑、沙滩水坑，以及千姿百态的各种造型。该洞共有银河落天、天外星云等十大景观50余处景点。此外，景区还有各具特色的仙人洞、黄龙洞等众多洞穴。,8:00-17:00,https://img1.qunarzz.com/travel/poi/1408/27/38c0d639d76e20ffffffffffc8d65eac.jpg_480x360x95_671d1cf9.jpg,4.3,建议游览时间：3小时 - 4小时,,"{'银河洞门票成人票\n\n': ['¥49.9起'], '银河洞电子导览服务大小同价\n\n': ['¥6起']}",,8
秋山原生态自然风景区Qiu Shan Yuan Shengtai Ziran Sceneic Area,http://travel.qunar.com/p-oi7469494-qiushanyuanshengtaizi,,,,,,,,,,8
老虎头森林公园Laohutou Forest Park,http://travel.qunar.com/p-oi7469498-laohutousenlingongyuan,"

地址:
河合口乡庙沟村(近五台山)


电话:
0311-85674498

","老虎头森林公园位于河北山西两省交界处,距石家庄150公里,由老虎头、蜂窝崖、利麻崖、公鸡石、虎背草原五个景区及避暑山庄六部分组成，总面积50平方公里，至高点老虎头海拔2017米，属石家庄市次高峰。        老虎头漫山苍翠，林海波涛，自然生态植被保持原始状态。山势以老虎头为起点，山脉走向呈现环状趋势，层层叠叠，莽莽苍苍。此山脉为典型的太行山系，山顶草原平坦漫长，一面是山西平缓的山势风光，一面是河北险峻的地理景观。原始森林呈典型的垂直分布，有蕨类、裸子类及被子类植物百余科，600余种。还有野玫瑰、一丁香、金莲等百科罕见的野花和四五十种草药材，植被覆盖率达95%以上。老虎头森林地带生活着野兔、野鸡、狍子、野猪、狼等30种野生动物，鸟类29种。老虎头堪称真正的绿色生命之源，花之世界，动物之乐园。                     老虎头峡谷幽深，溪水不断，水源及其丰富，股股山泉自半空流泻。泉水冬天不结冰，夏日透心凉，逢旱不断流，遇涝水不增，泉水中含锶量极高，饮之甘甜，清爽怡人。老虎头气候凉爽宜人，七月平均气温只有二十度左右，比石家庄低十几度。山顶气温更低，远低于我国避暑气候七月平均24度的指标，优于避暑胜地承德及北戴河的气候。        ",9:00-16:00，老虎头森林公园暂停营业，具体开放时间详见景区公告。,https://img1.qunarzz.com/travel/poi/1408/27/5d98656d282f693cffffffffc8d65eac.jpg_480x360x95_516bdb1d.jpg,4.5,建议游览时间：4小时,四季皆宜。,老虎头森林公园暂停营业，具体开放时间详见景区公告。,,8
太平河城市片区规划展示中心,http://travel.qunar.com/p-oi39773548-taipinghechengshipian,,,,,0.0,,,,,8
赵州桥科技馆,http://travel.qunar.com/p-oi39720428-zhaozhouqiaokejiguan,,,,,0.0,,,,,8
罗庄铁火大庙会,http://travel.qunar.com/p-oi39638425-luozhuangtiehuodamiao,,含旋转木马、网红桥、充气堡、飞羊、蹦床、碰碰车、时空穿梭、海盗船、飞椅、小蹦极、雪圈、马戏等项目,,,0.0,,,,,8
跑泉厂,http://travel.qunar.com/p-oi39633003-paoquanchang,,,,,0.0,,,,,8
井陉磨寨山,http://travel.qunar.com/p-oi39611355-jingxingmozhaishan,,,,,0.0,,,,,9
东垣遗址公园,http://travel.qunar.com/p-oi39608657-dongyuanyizhigongyuan,,,,,,,,,,9
福美观山,http://travel.qunar.com/p-oi39604388-fumeiguanshan,,,,,4.0,,,,,9
罗庄铁火大庙会,http://travel.qunar.com/p-oi39600192-luozhuangtiehuodamiao,,庙会有罗庄打铁火、南良都斗火龙、焰火晚会、井陉拉花、社火等多种非遗项目及民俗表演，国际皇家大马戏，占地十余亩的戏雪乐园，众多大型游乐畅玩设施，各类美食荟萃当然还有自在井陉农特产展销。 ,,,3.0,,,,,9
凤凰不夜城,http://travel.qunar.com/p-oi39600135-fenghuangbuyecheng,,"凤凰不夜城位于河北省石家庄市高邑县刘秀公园南侧,东西长500米,是以汉文化为核心,结合当地优秀的民俗文化、城市历史特色、民俗特色、非遗传承,展现传统文化和现代时尚艺术的文化休闲体验街区。街区将汉文化建筑特色与当代建筑艺术结合，打造时尚复古国潮风街区场景。4座气势巍峨的仿古牌楼，56支高大矗立的灯杆或灯牌，3600多盏各式民俗灯笼，飞檐翘角，辅首衔环，五脊六兽，共同营造出古朴、雍容的汉风国韵场景，生动再现“光武中兴”的盛世繁华。",,,0.0,,,景区内有收费项目,,9
白店村,http://travel.qunar.com/p-oi39590457-baidiancun,,,,,0.0,,,,,9
石家庄百泉湾湿地公园,http://travel.qunar.com/p-oi39582292-shijiazhuangbaiquanwan,,,,,0.0,,,,,9
井陉县龙凤山,http://travel.qunar.com/p-oi39577604-jingxingxianlongfengshan,,,,,0.0,,,,,9
辛集欢乐谷雪乐园,http://travel.qunar.com/p-oi39576236-xinjihuanleguxueleyuan,,辛集欢乐谷雪地游戏、欢乐谷逛园、打雪仗、堆雪人，尽享冰雪乐趣。,,,0.0,,,,,9
大自然戏雪乐园,http://travel.qunar.com/p-oi39576208-daziranxixueleyuan,,白雪皑皑的雪场，随时随地来一场酣畅淋漓的雪球大战吧！~满足玩雪，带孩子，自娱自乐的所有需求。,,,0.0,,,,,9
滹沱河交朋友生态风景区,http://travel.qunar.com/p-oi39571562-hutuohejiaopengyousheng,,,,,,,,,,10
1314数字恋爱公路,http://travel.qunar.com/p-oi39518766-1314shuzilianaigonglu,,,,,0.0,,,,,10
凉沟桥村,http://travel.qunar.com/p-oi39449540-lianggouqiaocun,,,,,0.0,,,,,10
凉沟桥,http://travel.qunar.com/p-oi39443494-lianggouqiao,,,,,0.0,,,,,10
开元寺考古遗址,http://travel.qunar.com/p-oi39414645-kaiyuansikaoguyizhi,,正定是国家历史文化名城，位于古城中的开元寺是全国重点文物保护单位。开元寺南遗址位于开元寺南侧及以西区域，面积约12000平方米，是河北省首次大规模的城市考古发掘项目。自2015年以来，共进行了六个年度的考古工作，首次发现了唐、五代、北宋、金、元、明、清等7个历史时期的连续文化层叠压，发现各类遗迹现象326处，出土可复原器物7000余件，其中包含大批珍贵文物。,,,0.0,,,,,10
杜家庄村,http://travel.qunar.com/p-oi39316217-dujiazhuangcun,,,,,0.0,,,,,10
小切村,http://travel.qunar.com/p-oi39167466-xiaoqiecun,,,,,--,,,,,10
槐河人家,http://travel.qunar.com/p-oi39167000-huaiherenjia,,"槐河湿地南岸的槐河人家片区是第六届石家庄市旅发大会“一环十片区”中具有生态和民俗特色的片区,集中展示生态绿化、民俗文化及新农村建设的整体风貌。",,,0.0,,,,,10
测鱼村,http://travel.qunar.com/p-oi39166931-ceyucun,,,,,,,,,,10
古栾水镇,http://travel.qunar.com/p-oi39057230-guluanshuizhen,,,,,0.0,,,,,10
