名字,链接,地址,介绍,开放时间,图片链接,评分,建议游玩时间,建议季节,门票,小贴士,Page
"赤水丹霞旅游区·佛光岩Foguang Rock, Chishui Danxia Tourist Area",http://travel.qunar.com/p-oi10007409-chishuidanxialu:youqu,"

地址:
遵义市赤水市元厚镇佛光岩景区


电话:
0851-22863700

",佛光岩景区素有“丹霞第一园”、“赤景一绝”等美誉，以“丹霞绝壁、天下奇观”的大白岩和“天造地设、鬼斧神工”的五柱峰为主体景观，丹霞地貌、奇峰异石、绝壁岩穴、五柱峰、白龙瀑、丹霞城堡、茶花林等30多个靓景奇观，由小金驿沟、世外桃园、太阳谷、犁辕沟、豹子沟等五大景段构成，面积20平方公里，集新、奇、险、秀、幽、野六大特色为一体，是赤水国家重点风景名胜区的重要组成部分，不可多得的精品自然生态旅游风景区。佛光岩景区出露地层全是侏罗纪、白垩纪河湖相红色沉积岩。这种特殊的地貌在差异风化，重力崩塌、风雨侵溶等物理生化综合作用下，形成宝塔状、城堡状、针状、柱状、棒状、方山状、峰林状等无数奇异的丹霞地貌景观，丹岩绝壁、奇峰异石、崖廓岩穴比比皆是、多不胜数，大地山崖呈现出红艳艳的赤红色彩。因此，佛光岩景区便被誉为“赤水乃至中国侏罗纪、白垩纪丹霞地貌发育最好，出露最齐，特色最典型的景区之一”。景区丹霞地貌环境涵养水分多，气候条件复杂多样，消水洞、泉水极为发育，溪流落差大，多瀑布；植物类群多达2000多种，珍稀植物20多种，植物生长繁茂、森林覆盖率达95%以上；野生动物有400多种，珍稀动物10多种，种群多样，繁衍快速、数量众多，自然生态系统完整。当地“一山有四季、十里不同天”、“山下桃花山下雪”、“猴子林、野猪窝”等农谚，恰好成为景区自然生态的最真写照。,03/01-10/31 08:00-16:30;11/01-2/28 08:00-16:00,https://mp-piao-admincp.qunarzz.com/mp_piao_admin_mp_piao_admin/fusion/202010/014fef2c335a60b2098b87e5a7ac4eef.jpg_480x360x95_b7f397b7.jpg,4.6,建议游览时间：3小时 - 4小时,,"{'赤水丹霞旅游区·佛光岩门票成人票\n\n': ['¥75起'], '赤水丹霞旅游区·佛光岩门票青少年票\n\n': ['¥40起'], '赤水丹霞旅游区·佛光岩双程观光车票成人票\n\n': ['¥25起']}",,1
遵义会议会址Site of the Zunyi Conference,http://travel.qunar.com/p-oi712993-zunyihuiyihuizhi,"

地址:
遵义市红花岗区遵义老城子尹路96号


电话:
0851-28257409,0851-28229870

",遵义会议会址原为黔军25军第二师师长柏辉章的私人官邸，整个建筑分主楼、跨院两个部分。主楼的走廊是一个观景、拍照的好地方，这里可以看到周围苍翠挺拔的群山指点昔日红军二占遵义时与敌军鏖战地红花岗、插旗山、玉屏山、凤凰山诸峰。在遵义会议会址游览，必然要接受爱国主义教育。游客可以回味那段艰辛的历史，观赏许多历史照片和文字资料，还有各种革命先烈生前用过的物品。这里是增长历史知识和缅怀革命先烈的地方，值得一游。1935年1月上旬，中国工农红军第一方面军长征到达遵义后，中华苏维埃共和国中央革命军事委员会总司部与一局即驻在这幢楼房里。遵义会议，在中国革命的危急关头，挽救了党，挽救了红军，挽救了中国革命，是我党历史上一个生死攸关的转折点。,8:30-17:00；每周一闭馆。,https://img1.qunarzz.com/travel/d6/1506/1d/8eaaa8fa98b047.jpg_480x360x95_f16d3beb.jpg,4.6,建议游览时间：2小时 - 3小时,一年四季皆可游览。,"{'遵义会议会址电子导览服务大小同价\n\n': ['¥7起'], '可选直通车·贵阳遵义会议一日游 息烽讲解费+景区摆渡车\n\n': ['¥169起'], '贵州遵义会议会址+息烽集中营纯玩一日游\n\n': ['¥229起']}",,1
仁怀茅台镇Renhuai Maotai Town,http://travel.qunar.com/p-oi708666-renhuaimaotaizhen,"

地址:
遵义市仁怀市茅台镇


电话:
0851-22331308

",茅台镇位于仁怀市赤水河畔，是川黔水陆交通的咽喉要地，也是国酒茅台的发源地。在茅台镇可以了解到茅台酒的文化和红军的历史，既能增长知识，也能增强爱国主义情怀。在茅台镇内漫步，能感受到空气中都散布着微微的酒香，让人有点醉醉的感觉。国酒文化城是必去的景点之一，在这可以了解到中国酒的发展历程和有关茅台酒的各种故事和知识。还可以去红军四渡赤水渡口纪念陈列馆参观，了解红军老战士对茅台酒的钟爱，接受爱国主义教育。,全年 全天开放,https://img1.qunarzz.com/travel/d8/1611/af/7da01b42b47b41b5.jpg_480x360x95_ca0b5338.jpg,4.6,建议游览时间：2小时 - 4小时,,{'【贵阳热门核心】梵净山2日●超长游览时间●100%纯玩高端游\n\n': ['¥499起']},,1
中国傩城Nuo Town,http://travel.qunar.com/p-oi10095357-zhongguonuocheng,"

地址:
贵州省道真县文家坝


电话:
19115155665

",中国傩城是中国傩戏学会授牌的傩戏文化研究中心，是当今世界较大的傩文化古城。其整体布局契合金、木、水、火、土五行相生原理，融入福、禄、寿、喜、财祥瑞元素。在继承和发扬原始文化的同时，赋予其新的时代特征，以科学的规划和精心的打造，集中展示出傩文化的精髓。非物质文化遗产——傩戏，被称为“人类文明的活化石”，是远古时代图腾崇拜时期的一种祭祀仪式。傩戏、傩祭、傩舞承载着仡佬族人祈福纳祥，祛病消灾的美好愿景。,全天开放,https://img1.qunarzz.com/travel/d2/1805/a7/dde2d54a061ddb5.jpg_480x360x95_3b05371b.jpg,4.3,建议游览时间：2小时 - 3小时,,具体收费情况以现场公示为主,,1
赤水河Chishui River,http://travel.qunar.com/p-oi705978-chishuihe,"

地址:
遵义市赤水市

",刚毅与轻柔合二为一，成就了遵义赤水河的秉性：两岸既有青山如黛，又不乏石林“面目狰狞”暗自涌动；论惊险，有十里长滩景区的危崖峭壁、急浪冲天，论恬静，有三棵桩景区的榕树夹岸，翠竹堆浪。在发育成熟的丹霞地貌上，奔腾着赤水河上壮观的景观―――十丈洞瀑布。画坛大家刘海粟先生曾誉之为“空谷佳人”。赤水号称有千瀑，除了大气磅礴的十丈洞瀑布外，四洞沟瀑布的性情则要舒缓许多。 近河锦囊：赤水到四洞沟有15公里路程。从赤水到十丈洞约42公里，每人10元左右。住则可以选择赤水宾馆或者赤水大酒店，与大河亲近的较好方式自然是漂流，由茅台镇至二郎滩的十里长滩浪涌滩多，时缓时急。赤水河畔茂林修竹，可以挑几样当地特产的竹编工艺品带回家，推荐全竹香扇。饮食方面，一定要尝一尝产自赤水河的青驳鱼和鲢鱼。若时间富足，可顺便参观茅台酒文化城和红军四渡赤水纪念塔。,全年 全天开放,https://img1.qunarzz.com/travel/d4/1704/24/973979fc7b55bdb5.jpg_480x360x95_3bca99da.jpg,4.6,建议游览时间：1小时 - 3小时,四季皆宜。,具体收费情况以现场公示为主,,1
四洞沟景区Four Caves Valley Scenic Area,http://travel.qunar.com/p-oi716960-sidonggoujingqu,,,,,,,,,,1
丙安古镇Bing'an Ancient Town,http://travel.qunar.com/p-oi707787-binganguzhen,"

地址:
遵义市赤水市丙安乡


电话:
0851-22991118

",丙安古镇是个典型的川南黔北交界的古老场镇，处于川黔古道上。丙安古镇三面濒临赤水河，你可以看到河边建有许多由数百根圆木支撑在岩石上的吊脚楼，非常壮观，在这拍摄一些照片很不错。镇上只有一条狭窄的石板街，长约400米，从古至今一直是周围几个村寨商品交易的重要场所。这里的商业气氛也不是很浓，有各种当地特产和工艺品。如果对历史感兴趣的游客可以去红一军团陈列馆参观，了解红军四渡赤水的历史。,全年 08:00-17:00,https://img1.qunarzz.com/travel/d7/1710/ec/5c05e7551c7624b5.jpg_480x360x95_4f3e9b4d.jpg,4.2,建议游览时间：1小时 - 2小时,,{'丙安古镇电子导览服务大小同价\n\n': ['¥7起']},,1
赤水丹霞旅游区·大瀑布Chishui Danxia Tourist Area · Great Waterfall,http://travel.qunar.com/p-oi702698-chishuidanxialu:youqu,"

地址:
赤水市两河口乡赤水丹霞旅游区大瀑布景区


电话:
0851-22021260,0851-22863700,0852-2261329

",景区中最有名的当属其中的赤水大瀑布了，又名十丈洞瀑布，位于贵州省赤水市南部。瀑布悬挂在红色丹霞悬崖上，比黄果树瀑布还要高8米，因此来景区游玩，瀑布是必游的。游客走过景区大门有一条岔路，一边是游客步行的路，另一边是电瓶车走的公路，可自行选择。步道的路上可以一路欣赏丹霞地貌，呼吸新鲜空气。走到底就是赤水大瀑布了，壮美的瀑布倾泻入潭水，溅起的水花晶莹剔透，发出的瀑布声轰鸣震耳，运气好的话在阳光下还能看到彩虹。攀上潭水中的巨石，就能近距离感受瀑布。,全年 08:00-17:00,https://img1.qunarzz.com/travel/poi/201408/07/6698b86e37d4b5c9c8d65eac.jpg_480x360x95_7b7a0e78.jpg,4.6,建议游览时间：2小时 - 3小时,四季皆宜。,"{'赤水丹霞旅游区·大瀑布门票成人票\n\n': ['¥75起'], '赤水丹霞旅游区·大瀑布门票青少年票\n\n': ['¥40起'], '赤水丹霞旅游区·大瀑布门票+往返观光车票成人票\n\n': ['¥95起']}",,1
佛光岩,http://travel.qunar.com/p-oi7469482-foguangyan,"

地址:
贵州省赤水市元厚镇境内

","五柱峰景区（又名佛光岩景区），距赤水城区44公里，距丙安古镇30公里，是赤水国家级名胜区的重点组成部分。其三面与赤水桫椤国家级自然保护区相连，其峰大多在1200米以上，形成了壮丽秀美、形态各异的丹霞绝壁景观。在五柱峰面积为20平方公里的范围内,浓缩了丹霞、瀑布、常绿阔叶林。在这封闭的自然生态环境内,海拔从300多米直至1300米,形成了沟谷纵横,森林密闭、瀑布壮观、丹霞雄奇、人迹罕至,保存了完整的热带生物生态系统,具备了优质旅游开发的前提条件,为游人提供了高品位、高档次...五柱峰景区（又名佛光岩景区），距赤水城区44公里，距丙安古镇30公里，是赤水国家级名胜区的重点组成部分。其三面与赤水桫椤国家级自然保护区相连，其峰大多在1200米以上，形成了壮丽秀美、形态各异的丹霞绝壁景观。在五柱峰面积为20平方公里的范围内,浓缩了丹霞、瀑布、常绿阔叶林。在这封闭的自然生态环境内,海拔从300多米直至1300米,形成了沟谷纵横,森林密闭、瀑布壮观、丹霞雄奇、人迹罕至,保存了完整的热带生物生态系统,具备了优质旅游开发的前提条件,为游人提供了高品位、高档次旅游自然景观。景区环境古朴原始，植物群落多样，生态系统完整，风光靓丽，景观以丹霞地貌为典型，素有“世界丹霞之冠”、“世界丹霞第一园”之美誉。",淡季（12月-次年3月）8:00-16:30旺季（3月-11月）8:00-17:00,https://img1.qunarzz.com/travel/poi/1408/27/437f1975b5175e1fffffffffc8d65eac.jpg_480x360x95_f0ab8c0a.jpg,4.6,建议游览时间：4小时,适宜月份：3月、4月、5月、9月、10月,,淡季（12月-次年3月）8:00-16:30旺季（3月-11月）8:00-17:00,1
赤水丹霞旅游区·燕子岩Chishui Danxia Tourist Area -- Swallow Rock,http://travel.qunar.com/p-oi702638-chishuidanxialu:youqu,,,,,,,,,,1
赤水丹霞Chishui Danxia,http://travel.qunar.com/p-oi714361-chishuidanxia,,,,,,,,,,2
娄山关Loushan Pass,http://travel.qunar.com/p-oi709956-loushanguan,"

地址:
遵义市汇川区娄山关镇


电话:
0851-28795555

",娄山关，位于遵义县北大娄山脉中段遵义、桐梓两县交界处，是川黔交通要道上的重要关口。中国工农红军曾在此赢得了长征以来的第一次胜利，来这里感受红色革命氛围和接受爱国主义教育非常合适。娄山关是红色旅游的标志性景区，游客可以去参观红军纪念碑和纪念馆，回味那些峥嵘岁月，缅那些革命先烈。然后可以可以坐摩的去山顶的观景台欣赏风景。从山顶远眺可以看到绵延的山峰和树林，风景迷人。1935年2月，中国工农红军第一方面军二渡赤水，回师黔北，歼灭黔军四个团，攻下娄山关，揭开遵义大捷的序幕，赢得长征以来的第一次巨大胜利，展示了遵义会议的曙光。从此，红军战斗过的娄山关，便成为黔北著名的革命纪念地。,9:00-17:00，16:00停止入场。,https://img1.qunarzz.com/travel/d4/1702/90/fa9545bb5959a3b5.jpg_480x360x95_6e983cff.jpg,4.4,建议游览时间：3小时,,"{'娄山关景区诗词馆门票成人票\n\n': ['¥18起'], '娄山关景区摆渡车票大小同价\n\n': ['¥48起']}",,2
红军总政治部旧址Zunyi Conference Qijian Red Army Long General Political Department Former Site,http://travel.qunar.com/p-oi702119-hongjunzongzhengzhibu,"

地址:
遵义市红花岗区杨柳街28号


电话:
0851-28222052

",红军长征时，总政治部曾设在遵义杨柳街天主堂。现为全国重点文物保护单位。这座教堂由经堂和学堂两部分组成。经堂在北端，是一座“罗马式”建筑。学堂在南端，是一组庭院式平房建筑，木结构。红军二渡赤水，再克遵义时，总政治部还在经堂内召开过营、科以上的干部大会。后来国家文物局进行了彻底维修，在严格保持原貌的情况下， 改砖木构为钢筋混凝土结构。后又维修了天主堂学堂，作遵义会议陈列馆，是全国重点文物保护单位遵义会议会址的组成部分。,全年 08:00-18:00,https://img1.qunarzz.com/travel/poi/201408/07/23a882f92986568ac8d65eac.jpg_480x360x95_bf324db4.jpg,4.6,建议游览时间：1小时 - 2小时,,需提前预约,,2
赤水丹霞·红石野谷景区Red Stone Valley,http://travel.qunar.com/p-oi705381-chishuidanxiahongshiye,,,,,,,,,,2
茅台酒文化城,http://travel.qunar.com/p-oi710718-maotaijiuwenhuacheng,,茅台国酒文化城是中国茅台酒厂（集团）有限责任公司经过三年艰苦努力而建成。国酒文化城占地3000余平方米，建筑面积8000余平方米，规模浩大，气势恢宏，建有汉、唐、宋、元、明、清及现代的七个馆。每个馆均体现了各个时代建筑美学的典型风格：汉馆古朴巍峨，唐馆富丽堂皇，宋馆古典玲珑，元馆粗犷明快，明馆精巧别致，清馆华丽凝重，现代馆明晰流畅，洋溢着时代的气息。馆内大量的群雕、浮雕、匾、屏、书画、实物、图片和文物从不同的角度介绍了中国历代酒业的发展过程及与酒有关的政...茅台国酒文化城是中国茅台酒厂（集团）有限责任公司经过三年艰苦努力而建成。国酒文化城占地3000余平方米，建筑面积8000余平方米，规模浩大，气势恢宏，建有汉、唐、宋、元、明、清及现代的七个馆。每个馆均体现了各个时代建筑美学的典型风格：汉馆古朴巍峨，唐馆富丽堂皇，宋馆古典玲珑，元馆粗犷明快，明馆精巧别致，清馆华丽凝重，现代馆明晰流畅，洋溢着时代的气息。馆内大量的群雕、浮雕、匾、屏、书画、实物、图片和文物从不同的角度介绍了中国历代酒业的发展过程及与酒有关的政治、经济、文化、民俗等，展示了我国酒类生产的发展沿革，工艺过程和酒的社会功能使人感到法规的严肃史志文献的庄重，文学艺术的生动，技术指标的严谨等酒文化多姿的风采，反映出人们在造酒，用酒，饮酒过程中表现的思维方式，民族性格，宗教信仰，伦理道德，精神情操等酒文化的核心内涵。,,https://img1.qunarzz.com/piao/fusion/1612/c6/3c7212ace084fc02.jpg_480x360x95_cac6e844.jpg,4.3,,,,,2
大同古镇Datong Ancient Town,http://travel.qunar.com/p-oi7587677-datongguzhen,,,,,,,,,,2
凤凰山公园Phoenix Mountain National Forest Park,http://travel.qunar.com/p-oi707425-fenghuangshangongyuan,"

地址:
遵义市红花岗区凤凰南路


电话:
,0851-28263946,0851-28234796

",凤凰山公园位于市区中部，由小龙山、螺蛳山、狮子山等20多个大小山头组合成。山上林木葱茏，蔽日遮天，草木畅茂，鸟兽繁殖，为天然公园。湘江绕山麓穿城而过。登上主峰可看到遵义全景。凤凰山林木葱茏，蔽日遮天，草木畅茂，鸟兽繁殖，为天然公园。区域内地下水资源丰富，井泉如珍珠镶嵌于林海之中，有名的有高山龙泉、双眼凤井、金银井、红沙井、白沙井、青沙水、洗经池和金刚塘，人称“凤山八泉”。凤凰公园修建在凤凰山西南坡，依山靠水，与红军烈士陵园相邻，和遵义公园隔江相望，面积800余亩。,全年 全天开放,https://img1.qunarzz.com/travel/poi/201211/15/c883ef1b0d59b4fdddb12cfb.jpg_480x360x95_c22d2630.jpg,4.6,建议游览时间：2小时 - 3小时,,具体收费情况以现场公示为主,,2
红军山Red Army Mountain,http://travel.qunar.com/p-oi5860230-hongjunshan,"

地址:
遵义市红花岗区凤凰中路


电话:
0852-8222277

",去遵义除了看会址，还要看红军山。遵义的红军烈士陵园修建在市内小龙山上，与当年红军鏖战的红花岗、老鸦山遥遥相望，集中了建国后在遵义各处找到的红军遗骨，故又称红军山。整个陵园庄严肃穆，正面是在纪念遵义会议五十周年时兴建的一座别具特色的纪念碑，碑上手书“红军烈士永垂不朽”八个金色大字。拾级而上，只见满山青松翠柏，一座巨大的红砂石墓茔掩映在万绿丛中，里面安葬着红三军团参谋长的骨灰。山上还有一座青石圆坟，坟前立着一块石碑，上书“红军坟”三个大字。里面葬着一位当年为遵义人民治病而惨遭反动派杀害的红军卫生员。,全年 8:00-18:00,https://img1.qunarzz.com/travel/poi/201405/20/3193a81284ef3ed4ddb12cfb.jpg_480x360x95_7f376950.jpg,4.6,建议游览时间：1小时,,具体收费情况以现场公示为主,,2
十丈洞瀑布群,http://travel.qunar.com/p-oi717512-shizhangdongpubuqun,,十丈洞瀑布群十丈洞景区除著名的十丈洞瀑布外，还有蟠龙瀑布群，鸡飞岩瀑布群，仁友溪瀑布，以及十丈洞附近的暗瀑。十丈洞瀑布:十丈洞瀑布位于赤水市南部风溪河上游，离城30多公里，是赤水国家级风景名胜7区的主体景点。风溪河发源于四川古蔺县，在赤水县风溪口汇入赤水河。风溪河上游，出没于深山峡谷，到沙田渡水量逐渐集中，形成较大的径流。至十丈洞河面变宽，水势平稳，河床在这里出现一巨大断崖，如刀削斧劈，河水飞流直下，跌入深潭，形成瀑布。瀑布高七十二米，宽三十米...十丈洞瀑布群十丈洞景区除著名的十丈洞瀑布外，还有蟠龙瀑布群，鸡飞岩瀑布群，仁友溪瀑布，以及十丈洞附近的暗瀑。十丈洞瀑布:十丈洞瀑布位于赤水市南部风溪河上游，离城30多公里，是赤水国家级风景名胜7区的主体景点。风溪河发源于四川古蔺县，在赤水县风溪口汇入赤水河。风溪河上游，出没于深山峡谷，到沙田渡水量逐渐集中，形成较大的径流。至十丈洞河面变宽，水势平稳，河床在这里出现一巨大断崖，如刀削斧劈，河水飞流直下，跌入深潭，形成瀑布。瀑布高七十二米，宽三十米(涨水时可达六十米)。瀑布水从悬崖绝壁上倾泻而下，似万马奔腾，气势磅礴，数里之内声如雷鸣，数百米内水雾迷蒙。偶尔还能看到奇妙的“佛光环”，水动环移，令人称奇。瀑布周围树木繁茂、四季葱郁，有成片的杜鹃林、桫椤林等景观。至瀑布途中，有引上游瀑布水发电形成的“两会水瀑布”，以及断崖形成的“中洞瀑布”。十丈洞瀑布地处赤水河谷地带，谷的两边层峦叠嶂，群峰高耸，林木森林。茫茫林海中，至今仍保持着原生性较强的生态环境。这里有近年被列为国家列为一级保护的珍稀植物桫椤。桫椤又称“树蕨”，为木本蕨类，是一种起源古老的孑遗植物。树干高大挺拔，形如巨伞，状若华盖。已知的兽类有虎、豹、獐、熊、猕猴、苏门羚等二十多种；飞禽有杜鹃、黄鹂、画眉、鹰、百舌等六十多种。瀑布侧已修起几百级石阶通过到谷底，沿途设石桌、石磴，观瀑更为方便。蟠龙瀑布群：在10公里长的幽谷内，茂密的常绿阔叶林保存完好，红色的林间公路沿着蟠龙河直通过黄荆老林。蟠龙河谷有12级瀑布，瀑布幅宽均为40―50米，其中第一、二级瀑布紧紧相连，高度分为51米、23米。其余均在10米上下。瀑形多姿多彩，十分诱人。峡谷两岸为原始状态常绿阔叶林。还有10多个高瀑直落谷第，蔚为壮观。这条小公路顺河而入，经黄荆老林，直达四川古县城。鸡飞岩瀑布群：位于十丈洞公路途中的鸡飞岩瀑布，是一个高达284米的三级束壮瀑布，蜿蜒于于丛丛林海之中，是一处绝妙的景观。仁友溪瀑布群：在复兴至十丈洞公路边赤水河对岸的仁友溪河谷中。仁友溪是一个桫椤成片、翠竹成林，万绿掩映的风景点。特别奇特的是有5个瀑布从300多米高的山上，呈跳跃状奔腾而下，起势叩人心玄，瀑旁是数以百计的桫椤组成的桫椤林。暗瀑：在十丈洞瀑布附近，有一个只听其声，不见起形的暗瀑。人们只要走到那块巨大的丹岩前，就回听到一种悦耳瀑水声，音量很大，像是丹岩内有一个宏大的瀑布，而附近又看不见流水，只要离开丹岩几步，瀑布声立即消失，声从何来也是一个谜。中洞瀑布中洞瀑布位于两河口至十丈洞的公路旁边，距十丈洞瀑布约2公里。此瀑布高度18.5米，宽度75.6米。远观，恰似银珠织帘垂挂谷中，与十丈洞瀑布相映成趣。此瀑布晶莹剔透，十分美丽，被当地人誉为“美人梳”中国科学院考察团则称它为“中国帘状瀑布的典型代表”。万年石伞万年石伞位于香溪口水库边的原始森林之中。石伞由巨大的丹霞岩石经过漫长的年代风化形成。巨石的外观酷似一把宝伞。由于此伞形成的年代久远，于是就称它为“万年石伞”。万年石伞的伞顶圆周17米，石伞身高6.2米，伞把最细处周长约1.2米，伞项青草如茵，林木葱茏，四周古木参天。令人惊奇的是这座头重脚轻的石伞，风雨中也会摇摇欲坠，但千百年来经历沧桑，却至今仍稳稳屹立,,https://img1.qunarzz.com/travel/d3/201402/14/8f12e2c8e905e5e3ddb12cfb.jpg_480x360x95_6b4fbeb7.jpg,4.0,,,,,2
湘山寺Xiang Mountain Temple,http://travel.qunar.com/p-oi704749-xiangshansi,"

地址:
遵义市红花岗区中山路103号


电话:
0851-28824174

",遵义湘山寺，位于贵州省遵义市，雄踞红花冈区群山环抱、俯临湘江的湘山之领，位置佳、风景美、规模大，是黔北佛教之地，也是一处旅游名胜。始建于唐代宗大历年间（766-779年），因寺拥湘水、踞湘山，改名“湘山寺”，是幽雅秀丽的千年古刹。如今湘山寺已初具规模。全寺势雄姿秀，布局疏密有致，结构严谨有法，红柱金顶，工艺精湛。中轴线上三座建筑：一、天王殿耸峙前端。二、大雄宝殿屋脊双龙拥鼎，翘角飞龙戏水。遵义湘山寺大雄宝殿是湘山寺的主殿，也是寺内比较大的建筑。殿前有宽阔的月台，殿顶梁架构造雄伟，殿内斗拱形制多样，是一处具有民族传统的木构建筑。殿内正中有五尊金身佛像，人称五方佛，是金代原作。它是是善化寺殿宇中惟一未被战火毁灭的辽代建筑。遵义湘山寺大殿东侧为文殊阁遗址，西侧为金贞元二年所建普贤阁。普贤阁，面阔三间，进深三间，乃是一座三间见方重檐九脊的辽式楼阁，采用平座暗层做法（即两明层之间有一暗层），尚存唐代楼阁遗风。细部结构许多处与辽清宁二年（1056年）所建应县木塔相似。遵义湘山寺三圣殿，是善化寺的中殿，殿内中间的三尊像为“华严三圣”。山门是寺内正门，内有天王塑像四尊，这四尊佛教神明，给人以凛然不可侵犯的印象。善化寺内，还有一座五龙壁，五龙色彩艳丽，给寺内增添了活泼欢快的气氛。,全年 8:00-17:30,https://img1.qunarzz.com/travel/poi/201408/07/ba77337b552922dfc8d65eac.jpg_480x360x95_db91c096.jpg,4.7,建议游览时间：1小时 - 2小时,四季皆宜。,具体收费情况以现场公示为主,,2
桫椤国家级自然保护区Suoluo National Nature Reserve,http://travel.qunar.com/p-oi708831-suoluoguojiajiziranbao,"

地址:
遵义市赤水市境内金沙镇金沙沟

",贵州赤水桫椤自然保护区（简称桫保区）以桫椤等国家珍稀濒危动植物及自然生态系统为主要保护对象，保护面积13300公顷。桫保区内森林多为常绿阔叶林，面积18.5万亩，绝大部分是原始的天然林，为长江上游水土保持起着重要作用。厶站河、金沙河以天然常绿阔叶林为主，其次是楠竹林，杉松木林。板桥河除天然常绿阔叶林外，是松林或松杉林。国家天然保护工程全面起动后区内的杉、松、杂木一律禁止砍伐，楠竹林可抚育性择伐，年伐量10万根。桫保区内岩石由侏罗纪出露的红色砂岩，经长期风化剥蚀，沿节理方向发育形成“丹霞地貌”，景观独特。区内沟谷呈南亚热带生景，一些南亚热带植物，如桫椤、野芭蕉、海芋、福建观音座莲及南亚热带动物，如红头咬鹃、叉尾太阳鸟、伏麝鼠句 、黄腹鼬、鼬獾、针毛鼠等在这里生长和栖息。所以专家们称这里是一块“南亚飞地”。人们在这里就能欣赏到南亚热带景观，甚为罕见。区内山高坡陡，谷深，垂直差异大，雨后溪水从山顶倾泻而下。满山遍布银瀑，人称这里为“千瀑之区”，其景令人陶醉。桫保区林茂而秀，峰奇而美，水清又多姿，谷幽显宁静，花木芳香，鸟语蝉鸣成韵，奇花异草，飞禽走兽令人神往。桫椤是1.8亿年前侏罗纪时代与恐龙同生共荣的古老子遗蕨类植物，现今在地球上已大部灭绝，只有极少数因在“避难所”里才能幸存下来，其生境古老而原始，区内现存桫椤约6万株，外界称这里是“桫椤王国”。因此，国家旅游局在这里建立了原汁原味的“中国侏罗纪生态公园”，人们可在这里回归大自然，反朴归宗，陶冶情操，增长知识，是开展生态旅游的胜地。,旺季（4月1日-11月30日）8:00-16:30；淡季（12月1日-次年3月31日）8:00-16:00。,https://tr-osdcp.qunarzz.com/tr-osd-tr-manager/img/56375bb70ebc3b369a3206e1b2f3efb5.jpg_480x360x95_82dc487e.jpg,4.4,建议游览时间：2小时 - 3小时,,50元,,3
水银河,http://travel.qunar.com/p-oi711890-shuiyinhe,,水银河位于贵州的大山深处，辖于木瓜镇水银村，因河水清澈透亮，日光照射河面，银光点点而得名。水银河之美用冰清玉洁、美似璞玉来形容最恰当不过了，虬枝险潭、垂帘瀑洞，原生态的景观令所至之人感叹不已。峡谷长而悠远、山雄秀而险峻、水清澈而柔顺、植被徽锐而娟秀，可登山观日出，进洞探奥秘，游谷享幽趣，漂流玩心跳。当地民风纯朴，百姓热情。水银河有一条蜿蜒的大峡谷，为我们当向导的本地山民说，真要把全部水银河走完的话，一共要花三天时间！越到里面，水道越崎岖，就跟原始...水银河位于贵州的大山深处，辖于木瓜镇水银村，因河水清澈透亮，日光照射河面，银光点点而得名。水银河之美用冰清玉洁、美似璞玉来形容最恰当不过了，虬枝险潭、垂帘瀑洞，原生态的景观令所至之人感叹不已。峡谷长而悠远、山雄秀而险峻、水清澈而柔顺、植被徽锐而娟秀，可登山观日出，进洞探奥秘，游谷享幽趣，漂流玩心跳。当地民风纯朴，百姓热情。水银河有一条蜿蜒的大峡谷，为我们当向导的本地山民说，真要把全部水银河走完的话，一共要花三天时间！越到里面，水道越崎岖，就跟原始森林差不多！才进峡谷时水流很慢，河道也宽，潺潺的河水经山上蜿蜒流下，冰冷刺骨，清澈爽口。抬头向天空望去，天空就像被峡谷切成了一条细长的玉带，偶尔有一只山鹰在峡谷之间徘徊，这种景象让人心脉膨胀。谷内景点是发育完整的喀斯特地貌，三瀑之最的蟠龙瀑，独具特色的飘雪峰，让人流连忘返的水帘洞、舀鱼潭、彩虹洞、扁担峡、一线天、珍珠岩。从未见过这样一种水，如此的清澈、宁静、妖娆，让人忍不住想亲近她，这便是水银河，她像一位端庄的少女依偎在大山的峡谷中。,,https://img1.qunarzz.com/travel/d4/1707/9c/4294910d0819feb5.jpg_480x360x95_edf655a9.jpg,4.5,,,,,3
赤水国家级风景名胜区Chishui National Scenery Spot,http://travel.qunar.com/p-oi714973-chishuiguojiajifengjing,"

地址:
遵义市赤水市赤水国家级风景名胜区(394县道西)


电话:
0851-22863700

",赤水风景名胜区位于贵州省西北部，面积1801平方千米，北接川南，东邻重庆，是黔北通往巴蜀的重要门户。赤水风景名胜区是国务院唯一以行政区名称命名的国家级风景名胜区，旅游资源非常独特和丰富，由自然生态资源和历史文化资源组合而成。景观以瀑布、竹海、桫椤、丹霞地貌、原始森林等自然景观为主要特色，兼有古代人文景观和红军长征遗迹，被誉为“千瀑之市”、“丹霞之冠”、“竹子之乡”、“桫椤王国”、“长征遗址”。,全天开放；名胜区内各个独立景区开放时间不一，详情可电话咨询。,https://tr-osdcp.qunarzz.com/tr-osd-tr-manager/img/6cf7f860cee4df2a8ee35a42b80cc724.jpg_480x360x95_2e10f740.jpg,4.7,,,进入赤水国家级风景名胜区无需门票，名胜区内各个独立景区另外收费。,苗族禁忌：有些苗族地区，忌随时洗刷饮甑、饭包、饭盆，只能在吃新米时洗，以示去旧米迎新米。随时洗刷会洗去家财，饭不够吃。在山上饮生水忌直接饮用，须先打草标，以示杀死病鬼。忌动他人放于路边的衣物，以免传染麻疯病。忌孩子在家中乱耍小弓箭，恐射中祖先。忌跨小孩头顶，否则孩子长不高。忌妇女与长辈同坐一条长凳。,3
遵义民俗博物馆Zunyiminsu Museum,http://travel.qunar.com/p-oi5860329-zunyiminsubowuguan,,遵义民俗博物馆相邻遵义会议纪念馆，坐落在红军街上，遵义民俗博物馆的建成和遵义会议纪念馆融为一体，相得益彰。,,https://img1.qunarzz.com/travel/poi/201405/21/5a68b128ccd6c771ddb12cfb.jpg_480x360x95_162b6718.jpg,4.8,建议游览时间：1小时 - 2小时,,具体收费情况以现场公示为主,,3
中国丹霞谷Danxia Valley,http://travel.qunar.com/p-oi709739-zhongguodanxiagu,"

地址:
遵义市习水县三岔河乡


电话:
0852-2536318

",中国·丹霞谷景区位于贵州省习水县三岔河镇，是地球上高原峡谷青年期丹霞地貌的典型代表，景区面积30平方公里，地处贵州习水国家自然保护区内，系国家森林公园、人与生物圈保护区、国家AAAA级景区。景区自然景观品位极高，为地球同纬度上面积广，保存完好的中亚热带常绿阔叶林带，丹霞地貌为森林所覆盖，构成丹霞绿海奇观。景区深藏于绿色林海之中，九沟十八岔涧谷纵横、林莽苍苍，这里千峰竟秀、碧水萦绕，一根根红色石柱在浓绿中拔地而起、傲视林层，一块块巨大厚重的红层丹崖色彩斑斓、幻影重重，瀑布跌水隐匿于青山翠谷之中，深邃幽静的峡谷曲流，千奇百怪的峰林石柱，神奇灵秀的丹霞洞穴，形成神奇而美丽的“峡谷大观园”。,8:00-17:00,https://img1.qunarzz.com/travel/d8/1704/d5/166a5a1c961641b5.jpg_480x360x95_7e4924e3.jpg,4.2,建议游览时间：2小时 - 3小时,,60元,,3
天门洞,http://travel.qunar.com/p-oi715279-tianmendong,,位于遵义娄山关风景区内。,,https://mp-commentcp.qunarzz.com/mp_comment_mp_comment/1562056700923100n15000000ypjujF76A_D_640_10000.jpg_480x360x95_543f61ea.jpg,5.0,,,,,3
仙女洞,http://travel.qunar.com/p-oi714248-xiannu:dong,,仙女洞自然保护区位于自治县西北角，面积10余万亩。这一片区，无山不飞翠，无水不清流，山势雄伟，林木繁茂。但最具特色的是仙女洞溶洞群奇观。该溶洞群处于灰？n河西岸，分为上、中、下三大溶洞系列，景观各有千秋。下洞，海拨650米，濒临灰廉河，洞口宽敞，有一上粗下细的钟乳石柱，形似仙女，故而得名。中洞，海拨770米，洞口高3米，宽6米，主洞长563米，尾部为暗河，河水轰鸣，回响洞内。上洞，海拨1050米，洞口位于山崖绝壁，洞道曲折迂回，景致更佳。仙女洞溶洞群是理想的旅游景...仙女洞自然保护区位于自治县西北角，面积10余万亩。这一片区，无山不飞翠，无水不清流，山势雄伟，林木繁茂。但最具特色的是仙女洞溶洞群奇观。该溶洞群处于灰？n河西岸，分为上、中、下三大溶洞系列，景观各有千秋。下洞，海拨650米，濒临灰廉河，洞口宽敞，有一上粗下细的钟乳石柱，形似仙女，故而得名。中洞，海拨770米，洞口高3米，宽6米，主洞长563米，尾部为暗河，河水轰鸣，回响洞内。上洞，海拨1050米，洞口位于山崖绝壁，洞道曲折迂回，景致更佳。仙女洞溶洞群是理想的旅游景点，具有开发价值。,,,--,,,,,3
盐津大峡谷,http://travel.qunar.com/p-oi710190-yanjindaxiagu,,盐津大峡谷生态旅游区位于国酒之都仁怀市以南。整个景区内崇山峻岭跌荡起伏，石峰林之间多处断裂切割成峡谷崖壁，幽深险峻的自然景观遍布皆是，由于风化溶蚀景区内岩溶洞穴众多。盐津大峡谷生态旅游区由怀阳溶洞群及斑鸠岩峡谷风景区两部分构成。怀阳溶洞群由许多旱洞、水洞组成，洞中有洞、洞洞相连。整个洞群中有曲折回环的长廊、宽阔空旷的殿堂、流水潺潺的暗河、千姿百态的怪石奇景。清代乾隆五十一年（1786年），仁怀县令程正坤按其位置处于县城之南而定名“怀阳洞”，并楷书...盐津大峡谷生态旅游区位于国酒之都仁怀市以南。整个景区内崇山峻岭跌荡起伏，石峰林之间多处断裂切割成峡谷崖壁，幽深险峻的自然景观遍布皆是，由于风化溶蚀景区内岩溶洞穴众多。盐津大峡谷生态旅游区由怀阳溶洞群及斑鸠岩峡谷风景区两部分构成。怀阳溶洞群由许多旱洞、水洞组成，洞中有洞、洞洞相连。整个洞群中有曲折回环的长廊、宽阔空旷的殿堂、流水潺潺的暗河、千姿百态的怪石奇景。清代乾隆五十一年（1786年），仁怀县令程正坤按其位置处于县城之南而定名“怀阳洞”，并楷书此三字于入洞石壁上。古时仁怀至遵义的官道由此穿洞而过，1998年被中国洞穴学会正式命名为“国际洞穴探险基地”。,,,--,,,,,3
杨粲墓Yang can Tomb,http://travel.qunar.com/p-oi713165-yangcanmu,"

地址:
贵州省遵义市红花岗区深溪镇坪桥村皇坟嘴


电话:
0851-28639956,0851-28454189

","杨粲墓位于遵义市东南10公里的永安乡皇坟嘴，是一座南宋时期播州安抚使杨粲夫妇的合葬大型石墓，修建于宋理宗淳右年间（公元1241-1252年）。杨粲墓的平面布局是南北两室并列，为夫妇合葬墓，用白砂岩条石砌筑，大的一块石料达一万二千余斤，以子母扣层层套合的方法固定。在西南地区已发掘的同类墓中居于首位。南室墓主是杨粲，北室墓主是他的妻子。两个墓室结构大致相同，均由墓门、前室和后室三部分组成，中有过道相通。杨粲墓具特色的是在墓内外分布着内容丰富，技艺精湛的石刻装饰...杨粲墓位于遵义市东南10公里的永安乡皇坟嘴，是一座南宋时期播州安抚使杨粲夫妇的合葬大型石墓，修建于宋理宗淳右年间（公元1241-1252年）。杨粲墓的平面布局是南北两室并列，为夫妇合葬墓，用白砂岩条石砌筑，大的一块石料达一万二千余斤，以子母扣层层套合的方法固定。在西南地区已发掘的同类墓中居于首位。南室墓主是杨粲，北室墓主是他的妻子。两个墓室结构大致相同，均由墓门、前室和后室三部分组成，中有过道相通。杨粲墓具特色的是在墓内外分布着内容丰富，技艺精湛的石刻装饰。大致可分为人物、动物、花草、器物五类。雕刻技法以高、低浮雕为主，间或加阴线刻。有的细部还彩绘贴金，现虽已大部剥蚀，但仍可依稀辨出当年的豪华气派。南室后壁正中，为墓主杨粲的雕像，他头戴长脚幞头，身着朝服，正襟危坐，表情严肃。左右有龙柱互峙，前面有龙案(棺床)，两边侧壁上，对称雕刻着文官武将，侍女童了，形态各异，栩栩如生。还有一幅引人注目的""贡使图""，卷发跣足的贡使，只搭一条纱巾，下面着角裙，手脚戴镯环，头顶盛满珊瑚、珍珠、金玉的贡盘，反映了当时中央政府与边疆少数民族地区的关系。另外，""野鹿衔芝""、""凤穿葡萄""、""双狮戏球""、""侍女启门""等浮雕均构思巧妙、雕工精美，极富生活气息。两室六座壁龛，仿木构建筑，门窗户壁、梁柱斗拱均为当时的建筑格局，为研究古建筑提供了丰富的实物资料。",周二-周日9:00-17:00，周一闭馆。,https://img1.qunarzz.com/travel/poi/1803/71/dc011c343ba1f637.jpg_480x360x95_8569a83f.jpg,4.4,建议游览时间：2小时,,具体收费情况以现场公示为主,,3
遵义公园,http://travel.qunar.com/p-oi715191-zunyigongyuan,"

地址:
贵州遵义

",桃源山上原多梵刹庙祠，古木环抱，鹰栖鹤巢，塔欲钻天，碑坊耸峙，石径通幽，溶洞中空，古迹金石密集，位于江畔，地势奇妙。1920年前后，地方绅士出资，将桃源山辟为公园，并将丁字口至桃源山宽约5米的石板路取名公园路，为市民休闲游玩之所，是故桃源山公园应为遵义最早的公园。世事变迁，原址30年代后渐为学校、民教馆和警察局占用而废。1952年政府拆次东门一带的城墙，将墙外河滩和墙内王、样、舒、宦的4个私家花园建成遵义公园，长406米，宽201米。1955年始增动物园区，1956年1月...桃源山上原多梵刹庙祠，古木环抱，鹰栖鹤巢，塔欲钻天，碑坊耸峙，石径通幽，溶洞中空，古迹金石密集，位于江畔，地势奇妙。1920年前后，地方绅士出资，将桃源山辟为公园，并将丁字口至桃源山宽约5米的石板路取名公园路，为市民休闲游玩之所，是故桃源山公园应为遵义最早的公园。世事变迁，原址30年代后渐为学校、民教馆和警察局占用而废。1952年政府拆次东门一带的城墙，将墙外河滩和墙内王、样、舒、宦的4个私家花园建成遵义公园，长406米，宽201米。1955年始增动物园区，1956年1月始行收费管理，门票1人2分。1982年建成儿童乐园，设电动飞机、火车、碰碰车等娱乐项目，为遵义市唯一封闭管理的公园。,8:00 - 17:30,,1.0,,,{'贵州遵义会议会址+息烽集中营纯玩一日游\n\n': ['¥229起']},,3
沙滩文化公园,http://travel.qunar.com/p-oi702329-shatanwenhuagongyuan,"

地址:
贵州省遵义市东40余公里处播州区沙滩村


电话:
0852-7340108

",,全天开放,https://img1.qunarzz.com/travel/poi/1607/4d/1debdc74acaa69db.jpg_480x360x95_eef87a05.jpg,5.0,,,,,4
金沙沟,http://travel.qunar.com/p-oi719909-jinshagou,,"金沙沟以桫椤及其生态环境为主要保护对象。这里山高谷深，重峦叠嶂，保持着较为良好的原始生态环境。桫椤，又名树蕨，是一种起源古老的冰川前孑遗植物。早在距今约1亿8千万年前的中生代侏罗纪时期就十分繁茂。它和恐龙同生共荣，成为生物界在远古时代地球上的重要标志。经过第四纪冰川的侵袭，桫椤仅在一些低纬度的适宜生态环境里残存并繁衍至今，被国家确定为一级珍稀濒危保护植物。金沙沟的桫椤，数量多达四万余株，种群分布集中，生长良好，结构典型，类型多样，以树形优美多姿...金沙沟以桫椤及其生态环境为主要保护对象。这里山高谷深，重峦叠嶂，保持着较为良好的原始生态环境。桫椤，又名树蕨，是一种起源古老的冰川前孑遗植物。早在距今约1亿8千万年前的中生代侏罗纪时期就十分繁茂。它和恐龙同生共荣，成为生物界在远古时代地球上的重要标志。经过第四纪冰川的侵袭，桫椤仅在一些低纬度的适宜生态环境里残存并繁衍至今，被国家确定为一级珍稀濒危保护植物。金沙沟的桫椤，数量多达四万余株，种群分布集中，生长良好，结构典型，类型多样，以树形优美多姿，苍劲挺扰蜚声海内外。双株并生桫椤、主干双叉、三叉等奇异株型桫椤随处可见。被科学界誉为""桫椤王国""。桫椤植株高大，一般株高3-5米，最高近10米。一般主干不分枝，叶项生，形如巨伞，状若华盖，树形优美，四季常青，享有""蕨类植物之王""的美誉。",,,--,,,,,4
乌江桥Wujiang Grand Bridge,http://travel.qunar.com/p-oi712399-wujiangqiao,"

地址:
贵州省遵义市遵义县

",乌江桥横跨乌江，两岸苍松翠柏，风景如画。滔滔江水，十分壮观宏伟。,8:00-18:00,https://img1.qunarzz.com/wugc/p154/201205/30/3c0c8a7839d9201893835fbb.jpg_480x360x95_b178a1be.jpg,4.3,建议游览时间：1小时,,15元,,4
飞鸽林场,http://travel.qunar.com/p-oi705875-feigelinchang,,在习水县内。是一个人工营造的杉树林场。林场风光秀丽，未入林便可先听到林涛澎湃的声音。进入林中，只见曲径回环，步步通幽，的确是一个休闲避暑的好去处。,,https://img1.qunarzz.com/piao/fusion/1808/f9/8039dfb380135302.jpg_480x360x95_2b36e778.jpg,--,,,,,4
玉屏,http://travel.qunar.com/p-oi713374-yuping,,在玉屏侗族自治县湘黔铁路玉屏站附近。玉屏是一个岗峦起伏、河水萦回的秀丽山城。城东的万卷书崖，壁立如削，绵亘300―400米。石纹细密而规则，多达几千层，方正无损。俨若线装书帙，故名。其下沅水西来，征帆络绎。旁有一山，凌空而起，奔腾雄峻，如天马行空，横踞江口。右侧三水合流处，白沙洲浮于水面，形状随河水盈缩不断变化，或圆如月，或凹如砚，或锐如圭如笏。城西的紫气山，周围3里，陂陀回互。鳖崖层石间，古柏成荫，竹卉丛生。山下溪水环绕，清流见底。昔人咏其风光云：...在玉屏侗族自治县湘黔铁路玉屏站附近。玉屏是一个岗峦起伏、河水萦回的秀丽山城。城东的万卷书崖，壁立如削，绵亘300―400米。石纹细密而规则，多达几千层，方正无损。俨若线装书帙，故名。其下沅水西来，征帆络绎。旁有一山，凌空而起，奔腾雄峻，如天马行空，横踞江口。右侧三水合流处，白沙洲浮于水面，形状随河水盈缩不断变化，或圆如月，或凹如砚，或锐如圭如笏。城西的紫气山，周围3里，陂陀回互。鳖崖层石间，古柏成荫，竹卉丛生。山下溪水环绕，清流见底。昔人咏其风光云：“山势似断未断，水声欲停不停。行过小桥回首，天然一幅丹青。”附近的野鸡河，当湘黔通津，有天星桥跨过，长60米，高7米，下通7孔。象鼻、狮子二山左右拱卫。遥看长虹饮涧，绿水飞白，景色壮丽。下游群山攒簇，突耸一峰，旁舒两翼，前大后小，状如飞鸟展翅。山上繁花似锦，古树葱茏。绝顶有玉皇阁，凌虚缥缈，备极清幽。山右丹崖叠翠，有瀑布出自石臼，潺暖喷雾，响声隆隆。他如三台、石莲、七星、王屏、东山、回龙、净瓶诸山，如春笋林立城郊，拖岚带翠，奇石层楼，各具胜概。玉屏箫笛，工艺精巧，驰名中外。,,,--,,,,,4
双河溶洞,http://travel.qunar.com/p-oi712196-shuangherongdong,,双河溶洞群，位于绥阳县北部的温泉镇公坪办事处桂花村和铜鼓村，距绥阳县城50公里，距遵义市92公里，与宽阔水原始森林自然保护区毗邻。1990年被贵州省政府列为省第二批风景名胜区。双河溶洞群所在地桂花村和铜鼓村，深山苍茫，群峰秀丽，洞外有两条河流在铜铜鼓村交汇，双河溶洞因此得名，据贵州省山地资源研究所、中日洞穴考察队、贵州省洞穴协会初步探明，它属我国罕见的一座巨大的、并具有独特景观的洞穴系统，是一座集旅游观光、洞穴探险、科学研究多位一体的洞穴系统，该洞穴系...双河溶洞群，位于绥阳县北部的温泉镇公坪办事处桂花村和铜鼓村，距绥阳县城50公里，距遵义市92公里，与宽阔水原始森林自然保护区毗邻。1990年被贵州省政府列为省第二批风景名胜区。双河溶洞群所在地桂花村和铜鼓村，深山苍茫，群峰秀丽，洞外有两条河流在铜铜鼓村交汇，双河溶洞因此得名，据贵州省山地资源研究所、中日洞穴考察队、贵州省洞穴协会初步探明，它属我国罕见的一座巨大的、并具有独特景观的洞穴系统，是一座集旅游观光、洞穴探险、科学研究多位一体的洞穴系统，该洞穴系统大体呈网络形，水洞、旱洞并存、规模宏大，结构复杂，由上、中、下三层，8条主洞，3条主要地下河及数十条支洞组成。洞穴环境条件良好，温度一般长年恒定在13─15 ℃ 。主洞道宏伟壮观，地下河神秘莫测，景观迷人。双河洞穴的发育和景观形态，不仅在国内独特罕见，且世界少有。地表环境十分优美原始，浓厚的乡土气息，美丽的田园、森林、温泉等自然风光分布在其周围，构成集山、水、洞、林、地下、地表之浑然一体的风景区。双河溶洞有三个特点为其他溶洞所不及。一是溶洞的长度35.2公里，是我国探测记载在白云岩地层中形成的最长洞穴。二是溶洞内特有的卷曲石和卷曲石形成的玉凤、荷花、石象、孔雀等等，叹为观止，令人流连忘返。三是石膏晶花体近一万平方米，石膏钟乳、石膏石笋、石膏石幔、石膏飘带等造型优美，具有很高的旅游观赏和科研价值。溶洞群主要有石膏洞、水帘洞、莲花洞、桂花洞、山王洞、罗教洞、连望洞、杉林洞、罗汉洞等。,,https://mp-piao-admincp.qunarzz.com/mp_piao_admin_mp_piao_admin/fusion/20207/677f79d3b137b18dc09f5e99fa812660.jpg_480x360x95_7bc9111e.jpg,5.0,,,,,4
楠竹海,http://travel.qunar.com/p-oi701598-nanzhuhai,,,,,,,,,,4
夜郎镇,http://travel.qunar.com/p-oi703939-yelangzhen,,夜郎城址位于现在的夜郎坝，夜郎坝是个山峦四围的小盆地，盆地西面山坡台地上有条小街，住着100多户人家，人称夜郎坝场。夜郎城内的人文景观比较丰富，唐代大诗人李白曾被流放到这里，留下了众多诗句，人们为了纪念他，还为他立碑、立墓。现在夜郎坝场周围的许多古迹，都是由此而来的。,,,--,,,,,4
禹门山,http://travel.qunar.com/p-oi703547-yumenshan,,禹门山 在遵义县东禹门乡。山上林木茂密，地势平坦。乐安江流经其下，蜿蜒曲折，碧波澄潭，风景秀丽。明万历初黎朝邦父子于此创沙滩寺。清初改称龙兴禅院。顺治年间（1644―1661）西蜀高僧破山弟子丈雪避乱来居，旋开道场，易名禹门寺，广建禅院及藏经楼。同治中，黔北农民起义势成燎原，黎兆棋等在此筑砦“自保”，使昙花、贝叶尽成壁垒烽烟。光绪二十年（1894年）黎庶昌重修。梵宇琳宫，崇楼杰阁，名闻遐迩。河边古树参天，洞壑幽曲，有贵州文化名人郑珍、莫友芝、黎庶昌的篆、隶...禹门山 在遵义县东禹门乡。山上林木茂密，地势平坦。乐安江流经其下，蜿蜒曲折，碧波澄潭，风景秀丽。明万历初黎朝邦父子于此创沙滩寺。清初改称龙兴禅院。顺治年间（1644―1661）西蜀高僧破山弟子丈雪避乱来居，旋开道场，易名禹门寺，广建禅院及藏经楼。同治中，黔北农民起义势成燎原，黎兆棋等在此筑砦“自保”，使昙花、贝叶尽成壁垒烽烟。光绪二十年（1894年）黎庶昌重修。梵宇琳宫，崇楼杰阁，名闻遐迩。河边古树参天，洞壑幽曲，有贵州文化名人郑珍、莫友芝、黎庶昌的篆、隶、真三体题词摩崖。字随岩石高下凸凹为之，或连上下，或贯左右，古朴疏落，雄浑苍劲，为书法家所珍重。山前平远桥，结构宏伟，堤柳依依，横跨江上，长虹倒影，为“禹门六景”之一。桥头大悲阁，建于明万历年间（1573―1620），庄严肃穆，内祀三国蜀汉寿亭侯关羽。山右沙滩系黎氏故里，原有锄经堂、岭石斋、近溪山房、葑烟亭、藏诗坞、梦耕草堂和拙尊园等。对面的子午山、青田山、渔塘三处。遥遥相望，作品字形，是郑珍、莫友芝、黎庶昌坟墓所在地。,,,--,,,,,4
桃溪寺,http://travel.qunar.com/p-oi715910-taoxisi,,桃溪寺原为播州土司杨氏庄园中之家庙，明万历二十八年(1600年)平播战乱中被焚毁，随后重建，该寺距今已有400多年历史。桃溪寺为木结构四合院式建筑，山门两侧为八字墙，门上匾额横书“桃溪寺”三字、整个寺宇背依一片古枫翠柏，面临清澈明丽的桃溪河水，桃溪河两岸桃李成片，绿柳垂丝，是近郊一片难得的田园佳境。桃溪寺为省级文物保护单位。,,,--,,,,,4
国酒门,http://travel.qunar.com/p-oi714822-guojiumen,,贵州仁怀县茅台镇是国酒茅台的产地，这里的镇大门叫国酒门，主干道叫国酒路，仁怀镇还有一座世界上最大的酒文化博物馆――国酒文化城和一个也许是世界最大的国酒酒瓶雕塑。茅台酒厂就在著名的红军三渡赤水的赤水河边，特有的赤水河水质，形成了世界上独一无二的最佳酿酒微生物环境。在怀仁镇可以看到，茅台人用几十年营造的国酒氛围无处不在。,,https://tr-osdcp.qunarzz.com/tr-osd-tr-manager/img/236c6c7cc8ac5bca6d6957a48eb998df.jpg_480x360x95_d7642f8e.jpg,5.0,,,,,5
博雅苑文化艺术陈列馆Boya Museum of Suiyang,http://travel.qunar.com/p-oi712691-boyayuanwenhuayishuchen,"

地址:
遵义市绥阳县

",博雅苑文化艺术陈列馆占地面积6660平方米，建筑面积12000平方米，总投资2200万元，呈传统仿古文化与现代工艺建筑风格，既有时代的实用性，又有历史文化性。博雅苑文化艺术陈列馆内珍藏有中国现当代各行各业杰出人士的科研成果以及各类文学艺术作品的成名之作，尤其是书法绘画更显藏品之特色。博雅苑文化艺术陈列馆设龙兴华夏厅、诗乡绥阳厅、中科院社科院院士自学格言厅、沙滩文化厅、民俗文化厅、和平盛世厅等15个展厅。馆内展品分类：绘画类、书法类、书信类、名人相片类、民俗风土类（民间民俗文化、家居文化等）、雕塑类（石雕、泥塑、木雕、爱国主义浮雕主、万年阴沉木等）、玉器类等。,全年 9:00-17:00,https://tr-osdcp.qunarzz.com/tr-osd-tr-manager/img/733aa12e985d548162ee9cae2bd41743.jpg_480x360x95_39aa24ea.jpg,4.8,建议游览时间：1小时 - 2小时,,具体收费情况以现场公示为主,,5
葫市摩崖造像,http://travel.qunar.com/p-oi708292-hushimoyazaoxiang,,葫市摩崖造像在赤水市赤水河葫市滩右岸石壁上，是川、黔水陆运输与物资集散的重要场坝，经济文化比较发达。附近有摩崖造像数处，或单躯或三五躯，多以佛、菩萨、大士为题材，雕于寺庙遗址的岩石上。河岸石壁一处，紧靠王爷庙废墟。为全身浮雕，分上下两龛，共15尊。大者高达1．2米，小者高0.5米。姿态各异，形象生动。有侧身而立，有正面端坐。头戴宝冠的大佛，袖手结跏跌坐于须弥座上，着做领袈装，雕纹细致流畅；双目微合，两耳肥大，头稍前倾，表情严肃。莲花座上的观音，身披璎珞...葫市摩崖造像在赤水市赤水河葫市滩右岸石壁上，是川、黔水陆运输与物资集散的重要场坝，经济文化比较发达。附近有摩崖造像数处，或单躯或三五躯，多以佛、菩萨、大士为题材，雕于寺庙遗址的岩石上。河岸石壁一处，紧靠王爷庙废墟。为全身浮雕，分上下两龛，共15尊。大者高达1．2米，小者高0.5米。姿态各异，形象生动。有侧身而立，有正面端坐。头戴宝冠的大佛，袖手结跏跌坐于须弥座上，着做领袈装，雕纹细致流畅；双目微合，两耳肥大，头稍前倾，表情严肃。莲花座上的观音，身披璎珞，丰腴而不肥胖，秀丽而不赢弱，面相慈祥。美髯关公，身跨枣红马，手提偃月刀，双目炯炯，威仪可畏。其他各躯，在艺术处理上亦具特点。清代以前，黔北属四川管辖，政治、经济、文化都受巴蜀影响。习水望仙台石刻造像、赤水老虎嘴石窟、赤水石鹅嘴及葫市摩崖造像，颇具乐山、大足摩崖的流风余韵。,,,--,,,,,5
金鼎山Jinding Mountain,http://travel.qunar.com/p-oi707879-jindingshan,"

地址:
遵义市红花岗区沙河路8号附近

",金鼎山是黔北的佛教名山，素有“小峨眉”之称。山顶的日出雄伟壮观，是值得为之早起的景观。上山差不多要爬接近3个小时，对于缺少运动细胞的登山者来说，还是有一定难度的，所以在登山之前要提前做好登山准备。金鼎山山势磅礴，群峰峻峨，溪河四布，绿水汇流，登峰而望，可以领略“会当临绝顶，一览众山小”的意境。从金鼎山麓至山顶二十四峰间，依次建有玉佛寺、踏脚寺、三皇寺、报恩寺、明心寺等九座寺庙，各寺庙里供奉的主神各不相同，除佛教寺院外，还有祀奉道教、儒教、巫教之神的道观、坛场。寺庙群以其规模宏大、寺庙各异、几教共存为特色，登山十里途中，各庙宇香烟缭绕，钟罄响彻，极具禅院庄严肃穆的气氛。,全年 7:00-19:00,https://img1.qunarzz.com/wugc/p216/201205/28/222d00f139cd436e93835fbb.jpg_480x360x95_f6bb98a0.jpg,4.1,建议游览时间：3小时 - 5小时,,具体收费情况以现场公示为主,,5
绥阳宽阔水,http://travel.qunar.com/p-oi708508-suiyangkuankuoshui,"

地址:
贵州遵义

",宽阔水风景名胜区地处绥阳、桐梓、正安三县交界处，初步规划林区距省城贵阳257公里，距遵义95公里，交通便利。林区风光秀丽、山清水秀、飞禽走兽、奇花异草，令人目不暇接，进入林区之前让水一带槽谷峰林地段，滴水岩的瀑布，天生桥的溶洞，的日出，珙桐树开的鸽子花，满山的杜鹃花……等等，是一个很好的旅游胜地，避署尤佳,8:00至18:30,https://img1.qunarzz.com/piao/fusion/1707/ae/db116994c5b96f02.jpg_480x360x95_0d17c0e1.jpg,4.3,,,成人票：15元 儿童票：15元,,5
大乌江风景名胜区Dawujiang Scenic Area,http://travel.qunar.com/p-oi702731-dawujiangfengjingming,"

地址:
遵义市余庆县大乌江镇

",余庆大乌江风景名胜区位于遵义市余庆县中部，处于黔北、黔南、黔东南、黔东旅游区域的中心。景区主要以横贯余庆县中部的大乌江为主体，分为大乌江金城峡段区、四龙场区、沙湾段区、牛尾滩段区、老村河片区、花山民族风景片区及他山摩崖、万丈坑红军烈士墓等两个独立景点，有自然景观39个、人文景观12个，风景名胜区总面积100平方公里。该风景名胜区的自然生态好，环境质量高，空气水体均未污染，景点分布相对集中，具有一定的规模，是一个集深涧峡谷、急流险滩、悬崖峭壁、奇峰异石、原始森 林、珍稀动物、溶洞为一体，有着雄、奇、险、秀特色的风景名胜区。景区内至今还保留有古桥、古墓、摩崖石刻等文物古迹，大乌江老虎口险滩、神奇的马尾瀑布等自然奇景让人叹为观止，著名的红军强渡乌江的战斗遗址也在这里。,全年 8:30-16:30,,4.7,,,具体收费情况以现场公示为主,,5
播雅天池,http://travel.qunar.com/p-oi713740-boyatianchi,,播雅天池，是清代时的称号，古名大水田，现在被称为共青湖。现存鹤鸣洞乾隆“万世永赖”碑载：“粤稽大水田堰肇自唐时”。《续遵义府志》载：“播雅天池在城南三十里，即《明史》所称大水田也，周广十余里，勘蓄溉田，当始在宋元间”，已有近千年的历史。这座古代水库形若巨掌，腕处筑坝，锁湖碧水。湖底有泉眼多处，涌流不绝。坝侧紫金山上朱建庙宇，今寺已不存。东岸有小山立于湖畔，形如半岛，与岸相接甚狭，可眺望湖山景色。山腰有溶洞，称“鹤鸣洞”，又称“仙女洞”，洞口刻“...播雅天池，是清代时的称号，古名大水田，现在被称为共青湖。现存鹤鸣洞乾隆“万世永赖”碑载：“粤稽大水田堰肇自唐时”。《续遵义府志》载：“播雅天池在城南三十里，即《明史》所称大水田也，周广十余里，勘蓄溉田，当始在宋元间”，已有近千年的历史。这座古代水库形若巨掌，腕处筑坝，锁湖碧水。湖底有泉眼多处，涌流不绝。坝侧紫金山上朱建庙宇，今寺已不存。东岸有小山立于湖畔，形如半岛，与岸相接甚狭，可眺望湖山景色。山腰有溶洞，称“鹤鸣洞”，又称“仙女洞”，洞口刻“鹤鸣风景”4字，洞内有两壁有摩崖诗刻。昔日洞外松柏参天，鹤栖其上，今鹤群居湖外里许林间，每当夕阳衔山时，不时有群鹤掠过湖面上空，如诗如画。,,https://img1.qunarzz.com/travel/d1/1605/44/f0d785062f1b0bf7.jpg_480x360x95_a8d84c40.jpg,0.0,,,,,5
中亚热带自然保护区,http://travel.qunar.com/p-oi701569-zhongyaredaiziranbaohu,,遵义习水中亚热带常绿阔叶林国家级自然保护区位于贵州省习水县境内，面积48666公顷，1992年经赤水县人民政府批准建立，1994经晋升为国家级，主要保护对象为中亚热带常绿阔叶林。保护区地处贵州高原北向四川盆地过渡地带，属亚热湿润季风气候。由于区内地形切割严重，谷坡壁立，人迹罕至，因而保存了大面积的亚热带常绿阔叶林，且林相保存完好，原生性强，森林覆盖率达89.6％。区内野生动植物资源丰富，区系成分比较复杂，已经查明的生物物种有1500多种，属于国家重点保护的野生植物...遵义习水中亚热带常绿阔叶林国家级自然保护区位于贵州省习水县境内，面积48666公顷，1992年经赤水县人民政府批准建立，1994经晋升为国家级，主要保护对象为中亚热带常绿阔叶林。保护区地处贵州高原北向四川盆地过渡地带，属亚热湿润季风气候。由于区内地形切割严重，谷坡壁立，人迹罕至，因而保存了大面积的亚热带常绿阔叶林，且林相保存完好，原生性强，森林覆盖率达89.6％。区内野生动植物资源丰富，区系成分比较复杂，已经查明的生物物种有1500多种，属于国家重点保护的野生植物有珙桐、桫椤、福建柏、香果树等10多种。属国家一级保护动物有豹和云豹，国家二级保护动物有猕猴、大灵猫、穿山甲等27种。保护区内还有许多独特的单优群落和中国新纪录种。习水中亚热带常绿阔叶林国家级自然保护区位于贵州省习水县境内，面积48666公顷，1992年经习水县人民政府批准建立，1994年经贵州省人民政府批准为省级自然保护区，1995年经国务院批准公布为国家级自然保护区。,,,--,,,,,5
桐梓小西湖Tongzi West Lake,http://travel.qunar.com/p-oi711061-tongzixiaoxihu,"

地址:
遵义市桐梓县


电话:
18275655716

",是著名爱国将领张学良将军的幽禁处，曾有“一湖西子水，半壁桂林山”的美誉。该景区位于桐梓县城5公里的城关镇天门乡，另有上天门和天桥溶洞等景观可供游览。,全年 09:00-17:00,https://tr-osdcp.qunarzz.com/tr-osd-tr-manager/img/eb4831d498f11378ca4e89cf7646178b.jpg_480x360x95_2a042068.jpg,4.2,建议游览时间：1小时,,"{'小西湖电子导览服务大小同价\n\n': ['¥7起'], '桐梓小西湖天门洞门票+自然萌宠乐园+玻璃栈道票成人票\n\n': ['¥69起'], '桐梓小西湖天门洞门票+自然萌宠乐园+玻璃栈道票优待票\n\n': ['¥50起']}",,5
盐津河,http://travel.qunar.com/p-oi713733-yanjinhe,,位于贵州省仁怀市南约5公里，是国酒之乡最为齐备的旅游综合景区。它集温泉、盐津河峡谷自然风光及盐津河大桥、盐津湖、国酒门、巨型茅台酒瓶等人文景观于一体，优美奇绝、气势恢弘、这里不仅是旅游者的观光胜地，而且还是休闲的理想场所。 很高的旅游观赏和科研价值。溶洞群主要有石膏洞、水帘洞、莲花洞、桂花洞、山王洞、罗教洞、连望洞、杉林洞、罗汉洞等。,,,0.0,,,,,5
吴公岩,http://travel.qunar.com/p-oi5860231-wugongyan,,吴公岩上镶刻着著名书法家邵华泽书写的“美酒河”三个气势恢弘巨形大字，是当今世界摩岩石刻之最。,,https://img1.qunarzz.com/travel/poi/201405/20/c7361cb78121f6b6ddb12cfb.jpg_480x360x95_e19ba4ff.jpg,--,,,,,6
海龙屯Hailong Village,http://travel.qunar.com/p-oi714511-hailongtun,"

地址:
遵义市汇川区高坪镇海龙屯村双龙村民组境内的龙岩山上


电话:
0851-23270077

",海龙屯是贵州首个且目前唯一的世界文化遗产，位于遵义市区西北20公里的龙岩山上，2015年作为中国三大土司遗址之一，成功列入世界文化遗产。同年荣获“全球十大考古发现”，被考古专家誉为“中国的马丘比丘”。它的建造时间比马丘比丘还要早200年。海龙屯土司遗址融神秘的风水与军事防御体系于一体，是杨氏土司家族统治古播州长达725年的重要遗存，也是当今中国乃至亚洲保存完好的中世纪军事城堡遗址。屯前设铜柱关、铁柱关、飞虎关、飞龙关、飞凤关、朝天关六道关卡，屯后设有万安关、头道关、二道关，共九道关卡组成森严的军事壁垒，各关之间有护墙相连，随山势绵延十余里。屯内老王宫、新王宫、总管厅、金库、军营、校场、火药库、绣花楼等遗址尚存。 海龙屯土司遗址具有鲜明的黔北文化特色，见证了古代中国作为统一多民族国家，对西南多民族地区独特的管理智慧，为贵州省五大文化名片之一。海龙屯景区除了土司遗址外，还配套有复原明朝时期繁荣商业景象的播州土司城供以游览体验。搭乘 “海龙屯”号环保小火车，从游客集散中心到碾坊湾景区入口，仅需20分钟。土司城内设有多媒体互动体验中心，游客可通过世界尖端技术与土司文化亲密接触、参与到万历三大征之一的“平播之役”、领略杨氏土司725年政权的传奇故事。行走在土司城的街道上，随处可见各种遵义特色风味小吃，让人大块朵姬。,11/1-3/31 09:00-17:00;4/1-10/31 08:30-18:00,https://img1.qunarzz.com/piao/fusion/1906/21/8c840012663b9402.jpg_480x360x95_fafde3f1.jpg,4.4,建议游览时间：1小时 - 2小时,,"{'海龙屯门票成人票\n\n': ['¥60起'], '海龙屯门票+观光车票成人票\n\n': ['¥95起'], '海龙屯电子导览服务大小同价\n\n': ['¥7起']}",,6
金顶山,http://travel.qunar.com/p-oi715355-jindingshan,,金顶山是一座佛教名山。每年农历六月十九日的“金顶庙会”，是金顶山石佛洞最热闹的日子。金顶山日出雄伟壮观，是一道值得为之早起的好风景。,,,--,,,,,6
大沙河,http://travel.qunar.com/p-oi712838-dashahe,,大沙河，它是贵州最北的一道生态屏障。有着茫茫的原始森林，丰富的生态资源，千姿百态的奇花异草。大沙河银杉自然保护区位于道真县北部边缘的大沙河地带，山峦重叠，溪谷纵横，森林茂密，植被完整。被称为“活化石”的国家一级保护植物银杉在该区分布较广，林区内不仅是树的海洋，也是花的世界，其中以西南山茶花和杜鹃花最为独特。以山茶花为例，其分布广泛，树高10米左右，四季常绿，花大如盘，色彩鲜艳，气味清香，花期长达五个月。当白雪满山、万物凋零时，山茶花独自盛开，红花...大沙河，它是贵州最北的一道生态屏障。有着茫茫的原始森林，丰富的生态资源，千姿百态的奇花异草。大沙河银杉自然保护区位于道真县北部边缘的大沙河地带，山峦重叠，溪谷纵横，森林茂密，植被完整。被称为“活化石”的国家一级保护植物银杉在该区分布较广，林区内不仅是树的海洋，也是花的世界，其中以西南山茶花和杜鹃花最为独特。以山茶花为例，其分布广泛，树高10米左右，四季常绿，花大如盘，色彩鲜艳，气味清香，花期长达五个月。当白雪满山、万物凋零时，山茶花独自盛开，红花映白雪，对比强烈，色调鲜明，赏心悦目。,,https://img1.qunarzz.com/piao/fusion/1803/3b/6f2468f31dc5d902.jpg_480x360x95_d17ab120.jpg,--,,,,,6
陈公祠,http://travel.qunar.com/p-oi711017-chengongci,,陈公祠位于新城风朝门东侧（今健生路口），始建于清嘉庆初年，原为蚕神庙，供祭西陵螺祖。清乾隆三年（1738年）山东历城人陈玉臀来守遵义，从山东引种柞蚕，教民养织，三次往返，终获成功。于是，遵义府绸争价中州，远销南洋，遂为黔省首富之区。道光十八年（1838年）清廷准知府德亨之请，列陈氏为名宦，乡人筹银二千余两，于二十五年六月至三十年八月，增建后殿、二厢、一亭，移祀西陵嫘祖于后殿，正殿专祀陈玉里，蚕神庙易名陈公祠。,,,--,,,,,6
天下第一壶中国茶文化博览园The World No.1 China Tea Culture Expo Park,http://travel.qunar.com/p-oi7469458-tianxiadiyihuzhongguo,"

地址:
遵义市湄潭县塔坪街火焰山


电话:
0851-23238888,0851-23237777,0851-23312222


官网:
http://www.txdyhu.cn

","""为了传承文化，精雕细琢，公园以 “秀甲天下茶品质、海纳天下茶文化、诚聚天下爱茶人”为主题，集茶文化博物馆、茶文化特色旅游、茶文化特色酒店、茶知识科普、茶文化休闲、茶产品展示、书画欣赏及水上娱乐等为一体。他的落成，打破了遵义一楼（遵义会议会址）、一瓶（茅台酒）、一林（赤水竹海）的“三一”旅游旧格局，形成一楼、一瓶、一林、一壶（天下第一壶）的“四一”旅游新局面。从原来的一楼醒脑、一瓶洗胃、一林清肺的“三一体验”发展为一楼醒脑、一瓶洗胃、一林清肺、一壶静心的“四一体验”。是湄潭、遵义、贵阳、重庆乃至全国各地游客观光、旅游、休闲、度假的佳景胜地！天下第一壶茶文化博览园是集茶文化博物馆、茶文化特色旅游、茶文化特色酒店、茶知识科普、茶文化休闲、茶产品展示、书画欣赏及水上娱乐等为一体的综合型茶文化主题公园。""",4月-10月7:00-22:00，11月-次年3月8:30-21:00。,https://img1.qunarzz.com/travel/poi/1408/27/6c967c7624e49724ffffffffc8d65eac.jpg_480x360x95_581efd8c.jpg,4.6,建议游览时间：12小时 - 3天,,"{'天下第一壶中国茶文化博览园门票成人票\n\n': ['¥45.78起'], '天下第一壶中国茶文化博览园高空漂流+中华茶道馆门票成人票\n\n': ['¥117起'], '天下第一壶中国茶文化博览园高空漂流票成人票\n\n': ['¥46.8起']}",,6
天门河水电站,http://travel.qunar.com/p-oi39893582-tianmenheshuidianzhan,,,,,0.0,,,,,6
乌纸坊,http://travel.qunar.com/p-oi39669749-wuzhifang,,,,,,,,,,6
大塘村,http://travel.qunar.com/p-oi39608688-datangcun,,,,,0.0,,,,,6
鳖水·云门囤景区,http://travel.qunar.com/p-oi39600081-bieshuiyunmendunjingqu,,,,,0.0,,,,,6
观致瓦舍,http://travel.qunar.com/p-oi39599499-guanzhiwashe,,,,,0.0,,,部分区域/项目收费，具体收费情况以景区现场公示为主,,7
千年古银杏景区,http://travel.qunar.com/p-oi39597217-qiannianguyinxingjing,,,,,0.0,,,,,7
乌江镇,http://travel.qunar.com/p-oi39590382-wujiangzhen,,,,,0.0,,,,,7
龙坪镇,http://travel.qunar.com/p-oi39587555-longpingzhen,,,,,0.0,,,,,7
桐梓七十二道拐,http://travel.qunar.com/p-oi39583605-tongziqishierdaoguai,,,,,0.0,,,,,7
仁怀市悬空寺,http://travel.qunar.com/p-oi39540490-renhuaishixuankongsi,,,,,0.0,,,,,7
遵义会议期间邓小平住址,http://travel.qunar.com/p-oi39521203-zunyihuiyiqijiandengxiao,,,,,0.0,,,,,7
习部森林度假区,http://travel.qunar.com/p-oi39518757-xibusenlindujiaqu,,,,,,,,,,7
红军遵义警备司令部旧址,http://travel.qunar.com/p-oi39515032-hongjunzunyijingbeisi,,,,,0.0,,,,,7
苏维埃国家银行旧址,http://travel.qunar.com/p-oi39514281-suweiaiguojiayinxingjiu,,,,,0.0,,,,,7
遵义会议期间秦邦宪 (博古) 住址,http://travel.qunar.com/p-oi39512585-zunyihuiyiqijianqinbang,,,,,0.0,,,,,8
贵州酒仙洞景区,http://travel.qunar.com/p-oi38943198-guizhoujiuxiandongjing,,"贵州酒仙洞景区位于中国酒都仁怀市黔北地区，红军长征四渡赤水茅台上游，大娄山脉西段北侧，背靠历史名城遵义，是红军长征“四渡赤水”、“鲁班场”战斗过的地方，是驰名中外的国酒茅台酒的故在这里，千年盐运文化熠熠生辉，川盐入黔，演绎了“蜀盐走贵州，秦商聚茅台”；在这里，大河上下目录仍留热血万丈，红军四度赤水四次转战仁怀，创造了被誉为战史奇迹的光辉胜利，地处核心经济圈，交通大动脉纵贯全境，成功跨入“百万级”的茅台机场正不断沟通世界；贵州酒仙洞景区是南部新城后花园，海拔900-1200米。在这里，有这样一处秘境，长在深闺人未识，它是仙境，是融合着酒之秘境、酒之幻境、酒之仙境为一体的秘境仙洞，酷似茅台酒瓶的玉液器皿为镇洞之宝，八仙酔中“汉钟离酔步抱坛窝心顶”为玄机，“蟠桃宫”“定海神针”“贵妃幔帐”“神鹰渡龟”,这里是大自然鬼斧神工的杰作，雄浑壮观、千姿百态，水与石的交融，柔与刚的演绎，造就了一个旷世奇葩—酒仙洞。",,,0.0,建议游览时间：1小时 - 2小时,,,,8
复兴禅院,http://travel.qunar.com/p-oi38887636-fuxingshanyuan,,,,,0.0,,,,,8
神采八卦园,http://travel.qunar.com/p-oi38887600-shencaibaguayuan,,,,,--,,,,,8
楠木渡景区,http://travel.qunar.com/p-oi38881896-nanmudujingqu,,尚嵇镇楠木渡是千里乌江古渡口之一，而今是黔北水陆交通重要枢纽，为出入飞龙湖的重要门户。楠木渡因是运送楠木的码头而得名。当年明代播州土司向朝庭的进贡品楠木、红木，在这里集中扎成木排，然后往下放运。楠木渡大桥凌空飞渡，雄伟壮观；高崖飞泉飘落，狮子头昂首苍穹，铝厂抽水塔似飞龙，俯身饮水于湖畔。整个江畔一步一景，美不胜收。楠木渡两岸群峰对峙，悬崖峭壁，，林木幽深，峡谷风光十分绚丽。它属于多功能旅游景区，集生态旅游、红色旅游、人文旅游于一体。,,,5.0,,,,,8
仙人山,http://travel.qunar.com/p-oi38860816-xianrenshan,,,,,--,,,具体收费情况以现场公示为主,,8
红军山,http://travel.qunar.com/p-oi38600010-hongjunshan,,,,,0.0,,,具体收费情况以现场公示为主,,8
乾艺梅园,http://travel.qunar.com/p-oi38381098-qianyimeiyuan,,"满园梅花流枝缀玉，穿插在奇石间，卧于溪水边，更有老藤古树、清溪秀竹，亭台水榭环绕着红梅绿萼，处处冷香迷雾，横斜影动，让人如坠入仙境一般。
乾艺梅园位于湄潭县县城中心，为湄潭县的一颗明珠，地理位置优越，交通条件便捷，是以梅花为主题的综合园林风景区，始建于2013年，园区占地面积约7万平方米。梅园旅游资源特色鲜明、内容丰富、类别多元，园艺工匠堆山造林，铸就了梅园的几大奇观，分别是垂枝梅园、踏雪梅园、晚春梅园、梅花盆景园、银杏古木观光大道、古香樟园、千年橄榄园。乾艺梅园以品种各异、造型独特的梅花为主题，梅花品种多达两百余个，早花品种主要包括复粉垂枝、东方朱砂、宫粉、绿萼等，分别设立垂枝梅园和踏雪梅园；晚花品种包括丰后、送春、美人梅等，并设立晚春梅园。利用独特的造景技巧，根据不同品种梅花的特点，依梅而置地形，以土造岭，引溪流而汇成塘，再配以假山奇石，异花古木，衬出梅花独特的傲雪、苍劲之美。梅花岭之下，衬有生态循环水体，水体之上，廊亭阁楼通达四方，或坐赏，或游走，或戏水，或作赋玩乐，潇洒得趣；环山梅玲之景倒映水中，与水中绿植交相辉映，相得益彰。其中，引自日本的造型垂枝梅尤为名贵，国内罕有，其花开时花枝呈伞状垂地辐射，似瀑布飞流、烟火绽放，美不胜收。梅岭之下，还有由造型奇特、蜿蜒婉转、苍劲古老的梅花盆景与嶙峋怪石搭配而成的梅花盆景园，身处园中，花开不同，造型各异，领悟繁多。古银杏古树参天、古香樟郁郁苍苍、古橄榄五人成围，百木成林，相得益彰，是国内不可多得的奇景。乾艺梅园以梅花为主题，以山水园林为主体，以景观石铺路，搭配齐全的旅游设施，冬春赏梅，夏观山水、莲花、牡丹，秋看古木银杏金叶漫天，梅花盛开时园中常有上万人同时游览，是一个省内省外游客观赏梅花山水、休闲娱乐、游玩赏乐的好去处。梅园于2021年春季首次开园，便迎来了10万余人的热潮，同年五月被评选为武陵山十佳人气景区。",,,5.0,,,,,8
贵州乌江寨国际旅游度假区,http://travel.qunar.com/p-oi38359290-guizhouwujiangzhaiguo,,位于贵州的乌江寨国际旅游度假区是顶度公司开展的旅游扶贫项目，致力于打造贵州休闲度假新品牌、中国乡村旅游新模式、农村社会治理新示范、旅游扶贫新样板”为目标定位，是全省100个旅游综合体项目之一。地处喀斯特地貌、黔北高原、多雾多雨、四季常青。有生态度假区、高山农业体验区、田园风光休闲区、村落民宿区等五大板块，形成14个业态大类、若干业态小类的旅游业态。乌江寨国际旅游度假区既是旅游景区项目，也是旅游扶贫项目。核心景区规划面积5.08平方公里，规划建筑面积35万平方米，规划了沿江古村民俗风情区、温泉休闲度假区、山地精品酒店区、高山手工体验区等六大板块，从旅游新、老六大要素入手，形成15个业态大类、若干业态小类的旅游业态，其中，一期工程主要建设了高山手工体验区、山地精品酒店区、沿江古村民俗风情区等三大板块。,,,3.6,,,,,8
正安吉他文化广场,http://travel.qunar.com/p-oi38343722-zhenganjitawenhuaguang,,"正安吉他文化广场是当地知名的休闲场所，广场上有巨型吉他雕塑，雕塑上有灯带，每当灯光亮起时，非常美丽。
",,,5.0,建议游览时间：0.5小时 - 1小时,,具体收费情况以现场公示为主,,8
中华·酒博园,http://travel.qunar.com/p-oi38343221-zhonghuajiuboyuan,,,,,--,,,具体收费情况以现场公示为主,,9
遵义市科技馆,http://travel.qunar.com/p-oi38340985-zunyishikejiguan,,,,,0.0,,,具体收费情况以现场公示为主,,9
法王寺,http://travel.qunar.com/p-oi38340847-fawangsi,,,,,--,,,具体收费情况以现场公示为主,,9
遵义白鹭湖公园,http://travel.qunar.com/p-oi38337556-zunyibailuhugongyuan,,遵义白鹭湖公园占地两千余亩，环湖跑道宽敞平缓，是休闲娱乐的好去处。,,,--,建议游览时间：1小时 - 2小时,,具体收费情况以现场公示为主,,9
五峰岭,http://travel.qunar.com/p-oi38335944-wufengling,,,,,--,,,具体收费情况以现场公示为主,,9
玛瑙山古军事遗址景区,http://travel.qunar.com/p-oi38334523-manaoshangujunshiyizhi,,,,,0.0,,,具体收费情况以现场公示为主,,9
公馆桥,http://travel.qunar.com/p-oi38145247-gongguanqiao,,,,,0.0,,,具体收费情况以现场公示为主,,9
花茂村,http://travel.qunar.com/p-oi38135073-huamaocun,,,,,--,,,具体收费情况以现场公示为主,,9
中国工农红军第九军团司令部旧址,http://travel.qunar.com/p-oi38034845-zhongguogongnonghongjun,,,,,,,,,,9
苟坝长征颂,http://travel.qunar.com/p-oi38019440-goubazhangzhengsong,"

地址:
贵州省遵义市播州区枫香镇苟坝会议陈列馆对面

",《长征颂》以不忘初心、牢记使命，重温红色文化、传承红色精神为宗旨，取材长征经典事件，运用全息投影等现代技术，再现长征历史场景。让游客从视觉、听觉、触觉等多方面感受长征经典画面；全方位沉浸于长征的惊心动魄，为游客打造富有历史感、科技感、时尚感、逼真感的红色文化旅游体验，同时也是一次红色精神教育的体验。,全年 09:30-17:00,,--,建议游览时间：2小时 - 4小时,,,,9
湄潭国际大酒店温泉,http://travel.qunar.com/p-oi38017823-meitanguojidajiudianwen,"

地址:
贵州省遵义市湄潭县金326国道湄江镇茶城大道与大林路交叉路口

",湄潭国际大酒店温泉位于誉有贵州高原“小江南”之称的遵义市湄潭县，周围旅游资源丰富，有万亩茶海、云门屯4A级景区、百面水等，尽览美丽的高原风光。酒店营业面积3万余平方米，百余间自带温泉泡池的客房，令人卸下疲惫，营造私密、舒适的休憩空间。 这里有中餐厅、自助餐厅和5包房，可同时容纳500余人就餐。会议中心内有3间会议室，配备高清晰多媒体投影仪等先进设施，可同时容纳330人开会。40余个室内外温泉泡池，可同时容纳1400余人泡温泉，总面积近3000平方米。温泉出水温度达63度。是非常优质的高原温泉。,全年 17:00-23:00,,0.0,建议游览时间：12小时 - 3天,,,,10
十二背后·双河洞景区,http://travel.qunar.com/p-oi37883114-shierbeihoushuanghedong,,,,,,,,,,10
桐梓警史馆,http://travel.qunar.com/p-oi37879184-tongzijingshiguan,"

地址:
遵义市桐梓县燎原大道蟠龙社区东南侧约60米

",,"全年 周一-周五 08:30-12:00,14:00-17:30",,--,,,具体收费情况以现场公示为主,,10
万盛黑山谷南天门旅游度假区,http://travel.qunar.com/p-oi37806086-wanshengheishangunantian,,这里有栈道，浮桥，索道，还有杜鹃、大茶花、珙桐花等植物，百鸟争鸣，山静水幽，是出游放松的好去处。,,,--,建议游览时间：1小时 - 2小时,,具体收费情况以现场公示为主,,10
习水欢乐谷,http://travel.qunar.com/p-oi37805864-xishuihuanlegu,,,,,,,,,,10
万佛峡谷,http://travel.qunar.com/p-oi37784591-wanfoxiagu,,,,,,,,,,10
万花源金港湾水上乐园,http://travel.qunar.com/p-oi37528326-wanhuayuanjingangwanshui,"

地址:
遵义湄潭县兴隆镇万花源金港湾水上乐园


电话:
18089639631

",金港湾水上乐园业态项目包含：大型水寨、螺旋滑梯、章鱼滑梯、海浪池、彩虹高速滑道、国标泳池、大喇叭巨兽碗、大黄蜂等。,全年 09:30-19:30,,1.0,建议游览时间：12小时 - 3天,,,,10
转石奇观仙草园,http://travel.qunar.com/p-oi37204369-zhuanshiqiguanxiancao,,,,,--,,,具体收费情况以现场公示为主,,10
大沙河仡佬文化国际度假区,http://travel.qunar.com/p-oi37204326-dashahegelaowenhuaguo,,,,,--,,,具体收费情况以现场公示为主,,10
夜郎水寨,http://travel.qunar.com/p-oi37204194-yelangshuizhai,,,,,0.0,,,具体收费情况以现场公示为主,,10
