名字,链接,地址,介绍,开放时间,图片链接,评分,建议游玩时间,建议季节,门票,小贴士,Page
乌兰哈达火山地质公园Wulanhada Volcano Geopark,http://travel.qunar.com/p-oi9637613-wulanhadahuoshandizhi,"

地址:
内蒙古自治区乌兰察布市察哈尔右翼后旗

",内蒙古乌兰哈达火山地质园位于内蒙古中部，集聚着草原火山群、熔岩地貌及堰塞湖景观，被誉为天然的“火山博物馆”。,全天开放,https://img1.qunarzz.com/travel/poi/1705/1b/4e386a5db0c07a37.jpg_480x360x95_b6d13dc0.jpg,4.5,,,"{'辉腾锡勒草原+乌兰哈达火山一日游【2—8人精品小团、随走随停、口碑向导、纯玩无购物】\n\n': ['¥166起'], '乌兰哈达火山✚辉腾锡勒草原一日游 可选私家小团\n\n': ['¥166起'], '辉腾锡勒草原+乌兰哈达火山地质公园一日游【独立包车 · 上门接送 · 纯玩自由行 · 多车型选择】\n\n': ['¥658起']}",,1
辉腾锡勒草原Huitengxile Grassland,http://travel.qunar.com/p-oi703190-huitengxilecaoyuan,"

地址:
乌兰察布市察哈尔右翼中旗中南部


电话:
400-047-4400

",辉腾锡勒，蒙古语意为“寒冷的高原”。草原位于乌盟察右中旗中南部，阴山北麓。草原上点缀着99个天然湖泊，素有“九十九泉”之称。这里既有牧区草原苍茫雄浑的格调，又有江南水乡明媚清秀的色彩。辉腾锡勒草原冬季寒冷，夏季凉爽，自古便是有名的避暑胜地。每到五月至九月是这里的旅游季节，鲜花遍地，是全国少有的高原湿地之一。当地人认为草原上的湖泊多形成于地泉，因此通常也把湖泊叫做泉。这里是史前火山带，火山爆发形成无数“火山坑”，若干年后长满野草，积满雨水，进而形成圆形的海子。相传一代天骄成吉思汗曾在“九十九泉”立马垂鞭，尽览山光秀色，因泉不足百，舍爱而去，大元帝国就没能在此定都。传说这99处湖泊，天旱湖水不减不降，天涝湖水不增不溢，平静得像一面镜子。九十九泉像母亲的奶汁喂养滋润着灰腾锡勒的生灵万物。这里青山秀水，瑰丽多姿，景区主要分神葱沟和黄花滩两大去处，共有15大景观。在这里，你可以骑马、骑骆驼、射箭、射击，还能看蒙古式摔跤表演、登敖包山，到牧民家中作客，品尝民族风味的奶食和奶茶、吃手扒肉、喝马奶酒……在这些丰富多样的活动中，痛快淋漓地感受粗犷自然的蒙古族风情。,6月1日-10月7日7:55-18:00。,https://img1.qunarzz.com/travel/d3/1507/a5/e6c2abe046d640.jpg_480x360x95_030f51db.jpg,4.4,建议游览时间：3天,,"{'辉腾锡勒草原九十九泉骑马祭敖包票成人票\n\n': ['¥99起'], '辉腾锡勒草原+乌兰哈达火山地质公园一日游【多套餐选择】【漫游草原/可选小团/探索火山】\n\n': ['¥148起'], '辉腾锡勒草原+乌兰哈达火山一日游【2—8人精品小团、随走随停、口碑向导、纯玩无购物】\n\n': ['¥166起']}",,1
辉腾锡勒黄花沟草原旅游区Huitengxile Huanghuagou Pasture Scenic Area,http://travel.qunar.com/p-oi715227-huitengxilehuanghuagou,"

地址:
乌兰察布市察右中旗辉腾锡勒草原


电话:
400-0474-400


官网:
http://www.htxlly.cn/

",在辉腾锡勒草原西端有一道蜿蜒的山谷，长达10多公里，沟深约300米，这就是被誉为塞外名川的黄花沟。这里环境气候独特，夏季平均气温18摄氏度，植被覆盖率达90%以上，鲜花多达几十种。由于这里盛夏凉爽宜人，历史上包括汉武帝、北魏开国皇帝拓跋珪、清康熙等多位皇帝都曾到此避暑消夏。作为亚洲的风电之都，矗立在沃野中的上千台风力发电车，是黄花沟的标志性建筑群。与高山草原上的日出日落一起，构成一幅壮丽的草原天宫图。这里不仅天象奇特，更是观赏壮美流星雨的宁谧圣地，夜空中的万般奇观让无数天文及摄影爱好者在此流连忘返。黄花沟风景区的神葱岭顶端，生长着神逢草绿花红、百鸟争翔的盛夏，神葱一片翠绿四溢。神葱沟两股清泉，一股从巨大的绝壁深处源源不断地冒出来，在巨石下面形成滴水潭。潭中圣水，清甜可口，清脑提神，故称圣母泉；另一股从石缝间泪泪流淌，千年不息。两股神泉在风景区汇合后，使奇峰怪石、花草林木相映成辉，如诗如画。风景区还有一仅能容一人钻过的洞穴，洞内充满仙气，从洞里爬出，仿佛能让人超俗成仙，故称脱凡洞。另有仙气袭人的一镜天和高达十几米的佛手山；有由驮水神驼形成的骆驼峰等景观。在欣赏黄花沟草原天然绝美的风景之余，景区还也提供住宿和餐饮服务。景区所属的爱维龙媒草原城堡酒店为典型的欧洲城堡式建筑，建有各类豪华房间、卡拉OK厅、西餐厅等配套服务设施。如果时间足够，可以在次停留一晚,4/15-10/7 08:30-17:30,https://img1.qunarzz.com/travel/d8/1707/cb/1a2cabefb4102cb5.jpg_480x360x95_0195ffa5.jpg,4.4,建议游览时间：3小时 - 4小时,,"{'辉腾锡勒（黄花沟）草原旅游区门票+草原小火车+摆渡车+观光车+索道门票成人票\n\n': ['¥88起'], '辉腾锡勒草原+黄花沟+乌兰哈达火山2日游【含骑马+下马酒+纯玩无购物】\n\n': ['¥468起'], '辉腾锡勒草原1日游 内蒙古呼和浩特旅游黄花沟骑马\n\n': ['¥358起']}",,1
凉城岱海Daihai Sea,http://travel.qunar.com/p-oi707453-liangchengdaihai,"

地址:
乌兰察布市凉城县岱海镇


电话:
0474-4208111,0474-4208222

",凉城岱海旅游区位于乌兰察布盟南部，山明水秀，风景宜人。岱海南北长10公里，东西宽35公里。盛夏时节，略呈椭圆型的岱海宛如莲叶初露。清朝时期康熙多次巡边来到岱海，并在此兴建了行宫，取名“凉城”，为岱海题名“天池”。行宫后来改名为汇祥寺，曾为内蒙古规模宏大的召庙之一，1939年毁于战火。蛮汉山的38000亩原始次生林中，有数十各野生动物，北侧山峰下有佛爷洞、金水岭、万年冰窖等景观奇特，是观光旅游的好去处。岱海旅游区名胜景点众多，站在汇祥寺遗址西望，洞金山睡佛神态安祥，形象逼真。旅游区内有距今5000年之久的塞外北国龙山早期文化，老虎山石城遗址和园子沟窑洞遗址，还有两条百公里长城——秦汉古长城和明清新长城。岱海温泉，又名马刨泉，位于岱海附近的三苏木乡中水塘村，因传说康熙皇帝巡边时，坐骑在此刨泉解渴而传名。过去这里一直是喇嘛、贵族沐浴和疗养的场所，日涌水量2732吨，水温38度。,7:00-18:30,https://flight-feed.qunarzz.com/as3/180/image/poi_vishnu/4ea4d166-b10b-4f74-95f3-fb560a6cb422.jpg,3.8,建议游览时间：1小时 - 2小时,,旺季40元  淡季30元,,1
格根塔拉草原Gegentala Grassland,http://travel.qunar.com/p-oi712142-gegentalacaoyuan,"

地址:
乌兰察布市四子王旗格根塔拉草原旅游区


电话:
0474-5448088


官网:
http://www.ggtlcy.com/index.html

",格根塔拉草原旅游区，位于乌兰察布市四子王旗查干补力格苏木（苏木乡），距离呼和浩特市区约150公里。这里草原特色浓厚迷人，自古以来就是优良的天然牧场，是一个极具蒙古民族风情的旅游景点。在每年7月底，这里会举办那达慕草原旅游节，届时游客在这里可以观看到蒙古族的赛马、摔跤、射箭等传统民族活动。平日游客来到这里，可以亲身体验一下蒙古族的游牧生活，骑骑蒙古马在草原上奔驰，或者骑骑稳健的骆驼，在骆驼高大的脊背上欣赏草原的美景。在夜晚，可以参加景区的篝火晚会，欣赏民族舞蹈，还有浓厚的马奶酒和喷香的手抓肉，这些当地美食一定会让你大饱口福。,开放时间7月1日-10月7日8:00-18:00。,https://tr-osdcp.qunarzz.com/tr-osd-vs-dapp-ugc/img/4972851905a1b0d12fd7ab7dc3e15494.jpg_480x360x95_f3ac10d4.jpg,4.5,建议游览时间：2小时 - 4小时,,具体收费情况以景区现场公示为主。,,1
阴山,http://travel.qunar.com/p-oi703249-yinshan,"

地址:
于内蒙古自治区的中部

",阴山横亘于内蒙古自治区的中部，其蒙古语名字为“达兰喀喇”，意思为“七十个黑山头”。阴山山脉是古老的断块山。它东起河北东部的桦山，西止于内蒙古巴彦倬尔盟中部的狼山，东西绵延长达1000多公里，南北宽达50-100公里不等。阴山的最大特点便是南北不对称，南坡山势陡峭，北坡则较为平缓。山脉的平均海拔高度在1500至2300米之间。仿佛一座巨大的天然屏障，同时阻挡了南下的寒流与北上的湿气，因此，阴山南麓的雨水较为充沛，适宜发展农业。,全天,https://mp-piao-admincp.qunarzz.com/mp_piao_admin_mp_piao_admin/fusion/201910/e13d81dbf8941730b3d1e693b3f10081.jpg_480x360x95_b3b01a64.jpg,--,,,免费,草原上昼夜温差较大，应适时增减衣物，注意保暖。,1
老虎山生态公园Laohu Mountain Ecology Park,http://travel.qunar.com/p-oi710691-laohushanshengtaigong,"

地址:
乌兰察布市集宁区虎山街道解放路


电话:
0471-6202642

",该公园是集宁区重要的爱国主义教育基地，面积近7平方公里，制高点海拔1447.5米。“虎山”是因几座山峰相连，情形如同卧虎而得名。其中一条宽阔平坦的大道将老虎山三座山峰与白泉山连为一体，构成连接新区、旧区的纽带。 虎山公园始建于1967年，因纪念碑和集宁战役指挥部遗址位于山上而闻名遐尔。由于集宁地处塞外要冲，历来为兵家必争之地，解放战争期间在老虎山发生的虎山战役，在当地的解放史上具有重要意义，因此这里又被乌兰察布市列为重要的爱国主义教育基地。新的老虎山公园总体共设九个区，它们分别是：大门瀑布区、纪念碑区、植物园区、虎石区、虎山游乐区、赵家大院、老潭区。冯将军林和老城遗址。,全年 全天开放,https://tr-osdcp.qunarzz.com/tr-osd-vs-dapp-ugc/img/712fb4fc7b4b91c68711ee693b6c604d.jpg_480x360x95_448ef193.jpg,4.5,建议游览时间：1小时 - 2小时,,具体收费情况以现场公示为主,,1
二龙什台国家森林公园Erlongshitai Forest Park,http://travel.qunar.com/p-oi709503-erlongshentaiguojiasen,"

地址:
乌兰察布市凉城县蛮汉镇


电话:
13848159437

",二龙什台国家森林公园位于乌兰察布市凉城县境内，这里峡谷奇险，重峦叠嶂，植被茂密，动植物、矿藏、药材等资源丰富。主峰是具特色的大峡谷，河涧如练，山体陡峭。谷内万年不溶冰窖颇具神秘色彩，洞不冷且冰不化。此外还有佛爷洞、道人居、牛魔王洞、千年龟、唐僧取经，济公石床、百兽园、卧佛等景点。,全天开放,https://tr-osdcp.qunarzz.com/tr-osd-vs-dapp-ugc/img/d8d9ae82244ea1bdc5c6e5ef8bda3bed.jpg_480x360x95_11505f53.jpg,4.7,建议游览时间：1小时,,20元,,1
苏木山森林公园,http://travel.qunar.com/p-oi709767-sumushansenlingongyuan,"

地址:
内蒙古自治区乌兰察布市兴和县大南山深处

",,全天,https://img1.qunarzz.com/travel/d8/1812/ee/45a2c00f95f69cb5.jpg_480x360x95_66d62e73.jpg,4.8,,,,,1
岱海遗址群,http://travel.qunar.com/p-oi713370-daihaiyizhiqun,"

地址:
内蒙古自治区乌兰察布盟凉城县岱海周围

",岱海遗址群是新石器时代的文化遗址。该遗址由王墓山、老虎山、园子沟等三处典型遗址组成。墓山遗址分成上、中、下三区，总面积约17万平方米。已清理出半地穴式房址21座、灰坑15个，其年代为距今6000年至5000年左右。老虎山遗址是“老虎山文化”的命名地，总面积约13万平方米，已清理出半地穴式房址68座、灰坑34个、窑址和墓葬各3座。其年代为距今4500年至4300年左右。园子沟遗址总面积约16万平方米，已清理出窑洞式或半地穴式房址87座、灰坑4个、窑址6座，出土陶、石器200余件。房...岱海遗址群是新石器时代的文化遗址。该遗址由王墓山、老虎山、园子沟等三处典型遗址组成。墓山遗址分成上、中、下三区，总面积约17万平方米。已清理出半地穴式房址21座、灰坑15个，其年代为距今6000年至5000年左右。老虎山遗址是“老虎山文化”的命名地，总面积约13万平方米，已清理出半地穴式房址68座、灰坑34个、窑址和墓葬各3座。其年代为距今4500年至4300年左右。园子沟遗址总面积约16万平方米，已清理出窑洞式或半地穴式房址87座、灰坑4个、窑址6座，出土陶、石器200余件。房址均沿等高线成排分布，居住面及墙壁上抹有白灰面，这批保存较好、布局有序、形制规范的窑洞式房屋在国内同期遗址中少见。其年代为距今4500年至4300年左右。岱海遗址群是了解内蒙古中南部地区史前考古文化序列、聚落形态及文明起源的典型资料。,8:00-18:00,https://img1.qunarzz.com/piao/fusion/1805/f1/70879cf3b1086d02.jpg_480x360x95_5f5f16a9.jpg,--,,,,,1
巴音锡勒草原,http://travel.qunar.com/p-oi701613-bayinxilecaoyuan,"

地址:
内蒙古-乌兰察布

",巴音锡勒草原旅游区位于中国内蒙古自治区卓资县城北30公里处，交通便利，地理位置优越，是内蒙古中部的一个真正的原始大草原。草原保持着原始风貌，具有八百年历史的敖包山、成吉思汗墙是草原特有的名胜古迹，另有天然奇观的九十九个半海子（湖泊），大小不一、形壮各异，第个海子都有一个美丽的传说。碧绿的大草原各色花争妍斗艳，百灵鸟在空中歌唱，野兔在草地上奔跑，凉爽宜人的草原，正是游客避暑观光的圣地，在这里，你会领略到天苍苍，野茫茫，风吹草低见牛羊的塞外风光。,全天,,--,,,免费,,2
永兴湖,http://travel.qunar.com/p-oi702971-yongxinghu,"

地址:
内蒙古-乌兰察布

","永兴湖的形成距今有50多万年，有商业活动2000多年。永兴湖的山不高，湖水不大，但山水相映，秀丽多姿，群山环抱，湖面如镜，候鸟啼鸣，树影婆娑，空气清新，小河流水等绿色景观，以及篝火晚会，乡土文化，令人陶醉，流连忘返。钓鱼、爬山、游泳、划船、观光，值得一游。在自然景观中，形状各异，栩栩如生让人叫绝。""天下第一神龟""，逼真、形象、奇大，中外游人称之为""绝世珍品""。""外星人""，""宝黛石""，高几十米，粗十几米，高高耸立在永兴湖的西山上，称""世上无双""，怎样形成，无人破解...永兴湖的形成距今有50多万年，有商业活动2000多年。永兴湖的山不高，湖水不大，但山水相映，秀丽多姿，群山环抱，湖面如镜，候鸟啼鸣，树影婆娑，空气清新，小河流水等绿色景观，以及篝火晚会，乡土文化，令人陶醉，流连忘返。钓鱼、爬山、游泳、划船、观光，值得一游。在自然景观中，形状各异，栩栩如生让人叫绝。""天下第一神龟""，逼真、形象、奇大，中外游人称之为""绝世珍品""。""外星人""，""宝黛石""，高几十米，粗十几米，高高耸立在永兴湖的西山上，称""世上无双""，怎样形成，无人破解。""飞来石""，怎样飞来，怎样一劈为四，留下串串悬念。""平安洞""的神奇，""海豚痴情""的浪漫，""卧佛""的神秘，""草原风光""的妩媚，给你留下无限的遐想和回味。永兴湖幅射四面，东面有""大庙古遗址""，距今有一万年的历史，西面有忙牛山""山高入云""，原始森林，南面有古城""刹虎口""内蒙古山西的交界处古长城，北面有""哈达山""状似狭谷，站在山上头晕目眩，深不见底，有南方气势。外星人很早以前，不明飞行物降到永兴湖的西山上，人们不敢近前，后一道人经此处，明其祥是外星人化石。该石约有30米高，十几米粗，矗立在山顶上。外星人的形象逼真，耳朵、眼睛、鼻子清晰可见，特别是他的嘴巴，仿佛要把世界吞下去，夜阑人静，仿佛听到他的唱歌声，以后人们来这里烧香保佑平安、幸福.",全天,,--,,,免费,,2
铁骑旅游中心,http://travel.qunar.com/p-oi714525-tieqilu:youzhongxin,"

地址:
内蒙古乌兰察布盟察右中旗境内辉腾锡勒草原上 

",,全天,https://img1.qunarzz.com/travel/poi/1707/1f/c79841fe8bc06b37.jpg_480x360x95_d183fb48.jpg,--,,,,,2
九龙湾Kowloon Bay,http://travel.qunar.com/p-oi716086-jiulongwan,"

地址:
乌兰察布市卓资县旗下营镇


电话:
15024968015


官网:
http://www.hzjlwjq.com/

",九龙湾位于乌兰察布市卓资县西北部，在旗下营镇和红如乡境内，南距京包铁路仅6公里，西距呼和浩特30公里，东距集宁市110公里。九龙湾蜿蜒曲折，因其自然形态宛如九条龙横卧在大青山间而得名。九龙湾全长15公里，属大青山分，以其山、溪、瀑、泉而著称。这里山崖陡峭，桦树林郁郁葱葱，清澈的泉水四季长流。这里水草丰茂，生活着众多的野生动物和植物。九龙湾旅游区由五房子顶、青羊圈山、神水梁、五塔亥、召庙湾、自然草场和人工养鹿场等几部分组成，景点有龙泉潭、榆树石、青羊圈山、密汁洞、召庙等。大青山五梁之一的神水梁上，有一神水暖泉座落在桦林与松林间，每年家历五月十三牧民们都要来此取水、祭敖包。近年来，随着旅游事业的不断发展，九龙湾增设了蒙古包、游泳池、餐厅、客房、小卖部等服务设施。,1/1-12/31 08:00-17:00,https://img1.qunarzz.com/travel/poi/1707/18/a511042a75ca2637.jpg_480x360x95_74069d54.jpg,4.2,建议游览时间：1小时,,具体收费情况以景区现场公示为主。,,2
庙子沟遗址,http://travel.qunar.com/p-oi714956-miaozigouyizhi,"

地址:
内蒙古自治区乌兰察布盟察右前旗新风乡

",,全天,https://img1.qunarzz.com/travel/poi/1707/19/ba63ec0a017f7637.jpg_480x360x95_599bb322.jpg,--,,,,,2
阴山古刹,http://travel.qunar.com/p-oi710868-yinshangucha,,在呼和浩特北一百公里，是辽阔的蒙古草原上众多喇嘛庙宇中的一座。四周有茫茫无际的草原大地，殿宇雄伟的姿态映衬在蓝天和绿草之间，就像绣在绿色缎面上的精美图案。阴山古刹规模并不很大，只有三数殿宇，但建筑精巧玲珑，金碧辉煌。大殿建于方整的台基上，楼高两层，飞檐微翘；红柱回廊，柱头雕饰彩绘精美。殿门两旁有壁画图案，殿内的壁画更琳琅满目，墙壁、楝梁、布幔，都有绚丽的彩绘，色泽鲜明，经久不变。题材除佛教故事人物以外，还有鸟兽花卉，生动多姿。,,,--,,,,,2
南村现代农业展览馆,http://travel.qunar.com/p-oi39366590-nancunxiandainongyezhan,,南村现代农业展览馆，以现代化农业实物体验立体展示的形式，让体验者沉浸式的品味传统文化与现代科学。,,,0.0,,,,,2
纳尔松风情园,http://travel.qunar.com/p-oi39057344-naersongfengqingyuan,,,,,0.0,,,,,2
察右前旗南村,http://travel.qunar.com/p-oi39030509-chayouqianqinancun,,,,,--,,,,,2
蛮汉山地质公园,http://travel.qunar.com/p-oi39011835-manhanshandizhigongyuan,,,,,--,,,,,2
红石崖国家生态公园,http://travel.qunar.com/p-oi38920886-hongshiyaguojiashengtai,,红石崖国家生态公园坐落于大青山北，东临察右中旗 ，南接呼和浩特新城区，西靠武川县，北邻四子王旗。占地面积十万多亩，牧场拥有羊3000多只、牛500多头、马200多匹、骆驼100多峰，牦牛100多头还有六千亩梅花鹿场。红石崖国家生态公园如绿色的海洋波涛万顷。可谓是天苍苍野茫茫，风吹草低见牛羊，蓝天白云犹如绚丽的油画，让人心旷神怡，是游客体验大自然、体验草原生态文化的天然基地。,,,5.0,,,,,3
乌兰哈达火山草原,http://travel.qunar.com/p-oi38674593-wulanhadahuoshancaoyuan,,,,,0.0,,,具体收费情况以现场公示为主,,3
黄花梁生态公园,http://travel.qunar.com/p-oi38340935-huanghualiangshengtai,,,,,0.0,,,具体收费情况以现场公示为主,,3
察哈尔火山群,http://travel.qunar.com/p-oi38337144-chahaerhuoshanqun,,,,,--,,,具体收费情况以现场公示为主,,3
不冻河,http://travel.qunar.com/p-oi38336303-budonghe,,,,,--,,,具体收费情况以现场公示为主,,3
淖干诺尔大草原,http://travel.qunar.com/p-oi38334956-naogannuoerdacaoyuan,,,,,--,,,具体收费情况以现场公示为主,,3
尖山,http://travel.qunar.com/p-oi38034896-jianshan,,,,,--,,,具体收费情况以现场公示为主,,3
集宁古城,http://travel.qunar.com/p-oi38034587-jininggucheng,,,,,5.0,,,具体收费情况以现场公示为主,,3
大石架冰川石林地质公园,http://travel.qunar.com/p-oi37807085-dashijiabingchuanshilin,,,,,0.0,,,,,3
五号火山,http://travel.qunar.com/p-oi37806618-wuhaohuoshan,,,,,--,,,具体收费情况以现场公示为主,,3
商都南湖公园,http://travel.qunar.com/p-oi37806217-shangdounanhugongyuan,,,,,5.0,,,,,4
卓资熏鸡博物馆,http://travel.qunar.com/p-oi37806137-zhuozixunjibowuguan,,,,,5.0,,,具体收费情况以现场公示为主,,4
辉腾锡勒草原塔拉景区,http://travel.qunar.com/p-oi37381362-huitengxilecaoyuantala,"

地址:
内蒙古自治区乌兰察布市察哈尔右翼中旗科凉线辉腾锡勒草原明珠度假中心东北2公里


电话:
15354802662

",在辉腾锡勒草原塔拉景区，能够体验到热闹欢快的篝火晚会，感受人与人之间的友好关联和大草原上的蒙古风情。也可以在广袤无垠的草原上体验骑马的乐趣，奔驰在天高地远的草原，忘却一切烦恼。景区内还有蒙古包体验、鸵鸟园、网红桥、射箭等丰富的游玩服务，既能深入体验蒙古族人的生活，也能满足现代游览观光的需求，一定使游客不虚此行。,全年 09:00-18:00,,5.0,建议游览时间：12小时 - 3天,,,,4
大红山,http://travel.qunar.com/p-oi36377600-dahongshan,"

地址:
脑木更苏木瑙木根乌拉

",大红山，又称脑木更山，位于内蒙古四子王旗。山体为戈壁草原台地断崖，地质学界称为第三系标准地层剖面，南北长约8公里，东西宽约5公里，高处海拔约1120米。因砂土土质发红，从阶下望去状似红山，不管远近观瞻都极为雄奇壮观。大红山台地从平坦处突兀跌落形成断崖，经千万年风雨侵蚀，怪峰奇谷，形态各异，有的像巨鲸、有的像庞大的扇贝、有的酷似大鳄、有的像抢滩的神龟。早晚日出日落间，山体更加橙红耀眼，给人以强烈的视觉冲击。,"全年 周一-周五,周日 全天开放",https://flight-feed.qunarzz.com/as3/288/image/poi_vishnu/e5badf0c-ff1c-4b08-a6f1-152c17dc2f83.jpg,5.0,,,具体收费情况以现场公示为主,,4
辉腾锡勒花海景区Huitengxile Flower Sea Scenic Area,http://travel.qunar.com/p-oi35951524-huitengxilehuahaijing,"

地址:
乌兰察布市察哈尔右翼中旗辉腾锡勒花海


电话:
18947132323

",位于察右中旗，依托辉腾锡勒草原的优势，处于辉腾锡勒草原的核心区域，种植大丽花、小丽花、百日草、万寿菊、金盏菊、食用玫瑰等。景区开展骑马游园、休闲游园、网红桥、摄影拍照、田园采摘、紫藤长廊、无烟烧烤、农家住宿等旅游项目。,8：30-17:00,,3.7,建议游览时间：3天,,50元,,4
"辉腾锡勒草原九十九泉Ninety-nine Springs, Huitengxile Grassland",http://travel.qunar.com/p-oi35893428-huitengxilecaoyuanjiu,"

地址:
乌兰察布市察哈尔右翼中旗南部辉腾锡勒草原

",九十九泉位于辉腾锡勒草原腹地，是由火山喷发后而形成的一个个环形坑，积水成潭，星罗棋布于草原，远远望去，犹如无边的绿地毯上镶嵌着一颗颗巨大的蓝宝石。  嘻逐的马群，肥硕的牛羊，缤纷的野花，莲花般的蒙古包，银灯似的蘑菇 。黄昏时分，镜湖燃红霞，牧群镀黄金，草原披织锦.....,8:00-17:00,,2.0,建议游览时间：12小时 - 3天,,具体收费情况以景区现场公示为主。,,4
五一水库Wuyi Reservoir,http://travel.qunar.com/p-oi35832677-wuyishuiku,,,,,--,,,具体收费情况以现场公示为主,,4
岱海Daihai Lake,http://travel.qunar.com/p-oi35832355-daihai,,凉城岱海旅游区位于乌兰察布盟南部，山明水秀，风景宜人。岱海南北长约10公里，东西宽约35公里。岱海旅游区名胜景点众多，内有距今5000年之久的塞外北国龙山早期文化，老虎山石城遗址和园子沟窑洞遗址，还有两条百公里长城——秦汉古长城和明清新长城。,,,4.0,建议游览时间：2小时 - 3小时,,具体收费情况以现场公示为主,,4
毛不浪,http://travel.qunar.com/p-oi35678447-maobulang,,,,,--,,,,,4
开地方子,http://travel.qunar.com/p-oi35559686-kaidifangzi,,,,,--,,,具体收费情况以现场公示为主,,4
开地房子村Kaidi Fangzi Village,http://travel.qunar.com/p-oi35559285-kaidifangzicun,,,,,--,,,具体收费情况以现场公示为主,,5
甲拉营Jialaying Village,http://travel.qunar.com/p-oi35558888-jialaying,,,,,--,,,具体收费情况以现场公示为主,,5
开地房子Kaidifangzi Village,http://travel.qunar.com/p-oi35558673-kaidifangzi,,,,,--,,,具体收费情况以现场公示为主,,5
樊家圐圙村Fanjia Kulve Village,http://travel.qunar.com/p-oi35474355-fanjiakulu:ecun,,,,,--,,,具体收费情况以现场公示为主,,5
小庙山Xiaomiao Mountain,http://travel.qunar.com/p-oi35310484-xiaomiaoshan,,,,,--,,,具体收费情况以现场公示为主,,5
印山湾村Yinshanwan Village,http://travel.qunar.com/p-oi35304329-yinshanwancun,,,,,--,,,具体收费情况以现场公示为主,,5
郭兴堡Guoxingpu Village,http://travel.qunar.com/p-oi35298013-guoxingbao,,,,,--,,,具体收费情况以现场公示为主,,5
大忻州夭Daxinzhouyao Village,http://travel.qunar.com/p-oi35297719-daxinzhouyao,,,,,--,,,具体收费情况以现场公示为主,,5
察右后旗民族博物馆Cha You Houqi Minzu Museum,http://travel.qunar.com/p-oi34274506-chayouhouqiminzubowuguan,"

地址:
察右后旗白音察干镇杭宁达莱生态园区

",,全年 周二-周日 9:00-17:00,,--,,,免费,,5
察右后旗红格尔图战役纪念馆Cha You Houqi Hongge'ertu Zhanyi Memorial Hall,http://travel.qunar.com/p-oi34274207-chayouhouqihonggeertu,,,,,0.0,,,免费,,5
商都县古驿七台民俗历史博物馆Shangdouxian Guyiqi Tai Minsu Lishi Museum,http://travel.qunar.com/p-oi34273921-shangdouxianguyiqitai,"

地址:
商都县南湖湿地公园

","古驿七台民俗历史博物馆位于商都县，该馆的建筑面积约五百多平方米，建筑的窗户有圆形、扇形和方形等，非常特别，通过一系列的展品，博物馆向人们展示了当地悠久的历史文化。
",全年 周二-周日 9:00-17:00,,5.0,建议游览时间：2小时 - 3小时,,免费,,6
察右后旗察哈尔文化博物馆Cha You Houqi Chaha'er Culture Museum,http://travel.qunar.com/p-oi34273371-chayouhouqichahaerwen,"

地址:
乌兰察布市察右后旗白镇校园街

",,全年 周二-周日 9:00-17:00,,--,,,免费,,6
凉城县贺龙革命活动纪念馆Liangchengxian Helong Geming Huodong Memorial Hall,http://travel.qunar.com/p-oi34272904-liangchengxianhelongge,"

地址:
凉城县鸿茅镇井沟村

",,全年 周二-周日 9:00-17:00,,0.0,,,免费,,6
察右中旗博物馆Chahar Youyi Zhongqi Museum,http://travel.qunar.com/p-oi34270904-chayouzhongqibowuguan,"

地址:
察右中旗科布尔镇镶蓝大街

",,全年 周二-周日 9:00-17:00,,--,,,免费,,6
凉城县贺龙革命活动旧址Liangchengxian Helong Geming Huodong Site,http://travel.qunar.com/p-oi34270361-liangchengxianhelongge,,,,,--,,,免费,,6
"集宁林胡古寨Linhu Ancient Village, Jining",http://travel.qunar.com/p-oi32986743-jininglinhuguzhai,"

地址:
乌兰察布市-卓资县-运煤专线


电话:
0474-2324888

",林胡古塞旅游区位于乌兰察布市卓资县大榆树乡，是以山水生态资源为基础的，以林胡部落文化和红色文化为统领的，以休闲体验为载体的，以生态康体和养老产业为常态的，打造出集观光、体验、休闲、养老、度假和娱乐为一体的全区知名山水休闲旅游目的地。,全年 9:00-17:30,https://tr-osdcp.qunarzz.com/tr-osd-tr-manager/img/709f132345a0ed17916f91180836937d.jpg_480x360x95_db5c5e3d.jpg,0.0,建议游览时间：12小时 - 3天,,具体收费情况以现场公示为主,,6
敖包Oboo,http://travel.qunar.com/p-oi32773997-aobao,,,,,--,,,,,6
谷力脑包地质遗迹保护区,http://travel.qunar.com/p-oi32344579-gulinaobaodizhiyijibao,,古力脑包火山地质遗迹是由基性火山熔岩喷发后快速冷却收缩形成的六方柱状岩体。其形成的结构很有研究价值。,,https://tr-osdcp.qunarzz.com/tr-osd-tr-manager/img/d24a9def715c4c3fd8273c73499c1b90.jpg_480x360x95_0e7464a2.jpg,3.8,,,,,6
达拉图玛尼图,http://travel.qunar.com/p-oi26961121-dalatumanitu,,,,,--,,,,,6
温都花村Wendu Flower Village,http://travel.qunar.com/p-oi26959895-wendouhuacun,,,,,,,,,,6
察哈尔火山博物馆Chaha'erhuo Mountain Museum,http://travel.qunar.com/p-oi26952778-chahaerhuoshanbowuguan,,这里有火山地热、火山温泉、火山熔岩熔洞、火山稀有矿藏等丰富的自然资源，和石河、石湖、石海、石浪、石禽、石兽等独特的火山草原景观，景色壮丽，牛羊成群，美不胜收。,,https://tr-osdcp.qunarzz.com/tr-osd-tr-manager/img/2d2adcc7a0358ac0e7127e125e87c3ef.jpg_480x360x95_8e1631bb.jpg,0.0,建议游览时间：2小时 - 3小时,,具体收费情况以现场公示为主,,7
万商总部公园,http://travel.qunar.com/p-oi26690620-wanshangzongbugongyuan,"

地址:
乌兰察布市-察哈尔右翼前旗-察哈尔大道

",,00:00-24:00,,--,,,,,7
蓝BOX蹦床运动公园(乌兰察布店)Lanbox Bengchuang Yundong Park (wulanchabu),http://travel.qunar.com/p-oi26640027-lanboxbengchuangyundong,,蓝BOX蹦床运动公园(乌兰察布店)内有各种有趣的项目，人们可以在此体验蹦床，适合打卡拍照。,,https://tr-osdcp.qunarzz.com/tr-osd-tr-manager/img/9c8b4147a6cfbe822d346b65b7a3492e.gif_480x360x95_bdc28a29.gif,0.0,建议游览时间：2小时 - 3小时,,具体收费情况以现场公示为主,,7
黄羊城牧场,http://travel.qunar.com/p-oi26577877-huangyangchengmuchang,,,,,,,,,,7
察哈尔古街Chaha'ergu Street,http://travel.qunar.com/p-oi26307720-chahaergujie,"

地址:
乌兰察布市集宁区仿古商业街

",察哈尔古街在集宁城区老虎生态园山脚下修建的一条复古大街，铺面基本上都是出租与转让。整体建筑古香古色，也比较安静，适合拍片。,全年 全天开放,https://tr-osdcp.qunarzz.com/tr-osd-tr-manager/img/30692c80cb79bb540a6bf7d8b9c88d8a.jpg_480x360x95_77279a4f.jpg,4.2,建议游览时间：0.5小时 - 1小时,,具体收费情况以现场公示为主,,7
巴音坤邸Bayinkundi Resort,http://travel.qunar.com/p-oi25919450-bayinkundi,,这里有原生态的水域和草原，海阔天空，风景壮美，可以在河边抓鱼露营，到了晚上可以躺在草原上欣赏繁星点点的夜空。,,https://tr-osdcp.qunarzz.com/tr-osd-tr-manager/img/f23ef26413762c5f4e1e0c45faa89645.jpg_480x360x95_facc47f9.jpg,5.0,建议游览时间：2小时 - 3小时,,具体收费情况以现场公示为主,,7
易达·泰和城商业街YiDa TaiHeCheng ShangYe Jie,http://travel.qunar.com/p-oi24441539-yidataihechengshangye,,,,,--,,,具体收费情况以现场公示为主,,7
兴达商业步行街XingDa ShangYe BuXingJie,http://travel.qunar.com/p-oi24440413-xingdashangyebuxingjie,,,,,0.0,建议游览时间：2小时 - 3小时,,具体收费情况以现场公示为主,,7
文化广场风情街WenHua GuangChang FengQing Jie,http://travel.qunar.com/p-oi24440401-wenhuaguangchangfengqing,,,,,--,,,具体收费情况以现场公示为主,,7
商都县温州商业步行街Shangdu County WenZhou ShangYe BuXingJie,http://travel.qunar.com/p-oi24440116-shangdouxianwenzhoushang,,商都县温州商业步行街有许多美食店，还有各色的商铺，人潮涌动，热闹非凡。,,,5.0,建议游览时间：1小时 - 2小时,,具体收费情况以现场公示为主,,7
四子王旗温州商业街Siziwang Qi WenZhou ShangYeJie,http://travel.qunar.com/p-oi24439590-siziwangqiwenzhoushang,,,,,--,,,具体收费情况以现场公示为主,,8
皮件一条街PiJian YiTiao Jie,http://travel.qunar.com/p-oi24439488-pijianyitiaojie,,,,,--,,,具体收费情况以现场公示为主,,8
新九龙步行街XinJiuLong BuXingJie,http://travel.qunar.com/p-oi24439481-xinjiulongbuxingjie,,,,,--,,,具体收费情况以现场公示为主,,8
黄旗海湿地自然保护区Huangqihai Marsh Nature Reserve,http://travel.qunar.com/p-oi24411353-huangqihaishidiziranbao,"

地址:
内蒙古自治区察哈尔右翼前旗黄旗海镇

",黄旗海自然保护区处于乌兰察布市，隶属于察右前旗的白海子镇、玫瑰营镇、巴音塔拉镇、土贵乌拉镇和乌拉哈乡，总面积36823公顷。保护区内主要保护对象为黄旗海周边滩涂湿地生态系统，以及在此湿地栖息的珍稀鸟类和各种生物。黄旗海自然保护区内的内陆湖泊——“黄旗海”是内蒙古西部三大内陆湖泊之一，是内蒙古西部湿地生物多样性较为丰富的区域之一，是湿地鸟类迁徙的重要集散地。,全年 全天开放,https://flight-feed.qunarzz.com/as3/180/image/poi_vishnu/f729b4ac-9c45-4460-9ade-717fbaca751f.jpg,5.0,,,具体收费情况以现场公示为主,,8
塞外长城Outer Great Wall,http://travel.qunar.com/p-oi23342983-saiwaizhangcheng,"

地址:
新荣区元墩村

",活象一条巨龙，蜿蜒曲折，横于天地之间。据华夏子《明长城考实》载：长城由阳高县镇边堡向西约4公里，进入大同市元墩村界，长城在大同市内的基本走向为：由元墩向西经镇川口抵宏赐口。然后分为两路，主体长城由宏赐堡向北转，经河东窑，跨饮马河，西转至镇羌堡，又由镇羌堡经拒墙口、拒门口、助马口至十三边，由十三边长城转向南至砖楼沟继续向南，出大同市入左云县界。另外一条由宏赐堡向习性，经新荣、破虏至吴施窑入左云界。大同市辖南北两条长城共约105公里。,全年 全天开放,https://tr-osdcp.qunarzz.com/tr-osd-tr-manager/img/eb5298536f6294c9c1c95e1f9039483d.jpg_480x360x95_5a78f424.jpg,--,,,具体收费情况以现场公示为主,,8
窝阔台蒙元文化度假中心Wokuotai Mengyuan Wenhua Dujia Center,http://travel.qunar.com/p-oi23340986-wokuotaimengyuanwenhua,,窝阔台蒙元文化度假中心一年四季景色各异。春之草场，夏之花海，秋之落叶，冬之白雪汇聚于此。是休闲度假的胜地。,,https://tr-osdcp.qunarzz.com/tr-osd-tr-manager/img/9d2caee5e0701c64e141f742c4073ff2.jpg_480x360x95_5ca5477e.jpg,4.7,建议游览时间：12小时 - 3天,,具体收费情况以现场公示为主,,8
察哈尔右翼后旗火山遗址Chaha'er Youyi Hou Qi Huo Mountain Ruins,http://travel.qunar.com/p-oi22799452-chahaeryouyihouqihuoshan,"

地址:
乌兰察布市察哈尔右翼后旗208国道

",察右后旗火山群共有二十余座，火山巍峨、草原辽阔、湖水明澈。该火山群形成于地质历史的第4纪晚期，属年轻的休眠状态下的“活火山”，已被自治区地质部门评为地质遗址，现正在申报打造国家地质公园。,全年 全天开放,https://flight-feed.qunarzz.com/as3/180/image/poi_vishnu/d5f3ac9a-3705-4181-be5b-9b1df82d6af0.jpg,5.0,,,具体收费情况以现场公示为主,,8
集宁国际皮革城Jining International Leather City,http://travel.qunar.com/p-oi22661335-jiningguojipigecheng,"

地址:
乌兰察布市集宁区新区现代物流园内


电话:
0474-4806662,0474-4806999

",集宁国际皮革城，位于乌兰察布市集宁区，南临京藏高速，东靠城市主干道怀远大街，是乌兰察布市新区发展的核心区域，这里是将成为中国北方地区较大的皮革零售交易区域，华北地区单体量较大的皮革购物广场，中国北方皮革时尚风尚标。集宁皮革城的建立，实现国内皮件行业“南有海宁，北有集宁”的新格局。皮革城有2000个店铺，主营“六大品类”，涵盖皮衣、裘皮、箱包、皮鞋、饰品、毛绒，及配套的仓储、展示、餐饮、办公等设施，是一个大型现代化皮革潮流购物广场。皮革城一楼主要卖帽子、手套、拖鞋等小玩意儿，二楼是皮夹克、皮衣等，三楼卖的是各种皮草、貂皮大衣等。在这里，只要细心挑选，货比三家，就能买到各种心仪的皮革制品。皮革内还有美食区，为游客提供餐饮服务。,全年 周一-周五 09:00-17:30;全年 周六-周日 09:00-18:00,https://flight-feed.qunarzz.com/as3/180/image/poi_vishnu/e6fb3fc0-3d30-49df-add2-480f47ecb5d3.jpg,4.4,建议游览时间：2小时 - 3小时,,具体收费情况以现场公示为主,,8
林胡古塞Linghu Gusai,http://travel.qunar.com/p-oi20975386-linhugusai,"

地址:
乌兰察布市卓资县芦草沟旅游新村


电话:
0474-2324888,0474-2324333

",大榆树乡林胡古塞旅游区位于卓资县大榆树乡，以山水生态资源为基础，以林胡部落文化和红色文化为统领，以休闲体验为载体，以生态康体和养老产业为常态，集观光、体验、休闲、养老、度假、娱乐为一体的山水休闲旅游目的地。,全年 09:00-17:30,,4.2,建议游览时间：3天 - 6天,,"{'林胡古塞门票+玻璃桥+多人秋千+浪漫樱花树+摇摆桥票成人票\n\n': ['¥183起'], '林胡古塞门票+彩虹滑道+玻璃水滑+吊桥+秋千+滑索+摇摆桥票成人票\n\n': ['¥263起'], '林胡古塞门票(含观光车+魔毯+动物园)+水世界+彩虹滑道票成人票\n\n': ['¥153起']}",,8
滨河公园Binhe Park,http://travel.qunar.com/p-oi20973908-binhegongyuan,,滨河公园占地面积三百多亩，树木葱郁，亭台楼榭，景色优美。园内有一个小湖，湖中有生态绿岛，设有环形栈道和游船码头。,,,4.5,建议游览时间：2小时 - 3小时,,具体收费情况以现场公示为主,,8
水漩公园Shuixuan Park,http://travel.qunar.com/p-oi20967308-shuixuangongyuan,,水漩公园位于内蒙古商都县，是当地非常有名的公园，园内景色迷人、空气清新，配有丰富的体育设施，是当地人休闲健身的好去处。,,https://tr-osdcp.qunarzz.com/tr-osd-tr-manager/img/3cae7153c2fa83bb340d10c955fa08de.jpg_480x360x95_3a0333ef.jpg,3.7,建议游览时间：2小时 - 3小时,,具体收费情况以现场公示为主,,9
国际马术演艺小镇International Equestrian Show Town,http://travel.qunar.com/p-oi20964614-guojimashuyanyixiaozhen,"

地址:
乌兰察布市察哈尔右翼中旗辉腾锡勒草原


电话:
15124778649,18004869856

",国际马术演艺小镇坐落于辉腾锡勒草原草垛山旁，是集观实景演艺、民俗展示、花海游览、民族特色商业街于一体的多功能景区。演艺小镇内引入了气势宏大的大型实景演出《永远的窝阔台》。景区不仅有大型实景演出场地、可容纳3千余人的遮阳看台，还有景观蒙古包、木质栈道等设施，更有来自蒙古国的勇士经过严格的训练带领我们一起探索马背上的文明，马术表演包括马背上“空翻倒立”，“侧方隐蔽”“镫里藏身”以及惊险的马上叠罗汉等。夜场表演则是以蒙古族马术、舞蹈为载体、以直射星空的激光为背景，配以震撼的音响效果和梦幻的激光影像，为游客呈上一场视觉盛宴，让游客身临其境般的体验草原儿女的潇洒与俊逸，共同探索辽阔草原的神奇与刺激。,8:30-20:00,,3.0,建议游览时间：12小时 - 3天,,280元,,9
社区人口文化广场Shequrenkou Culture Square,http://travel.qunar.com/p-oi19977808-shequrenkouwenhuaguang,,,,,4.3,,,具体收费情况以现场公示为主,,9
红钻靓点休闲广场Hongzuanjingdian Leisure Square,http://travel.qunar.com/p-oi19977567-hongzuanjingdianxiuxian,,,,,--,,,,,9
察哈尔广场Chahar Square,http://travel.qunar.com/p-oi19977502-chahaerguangchang,,,,,--,,,具体收费情况以现场公示为主,,9
天主堂Catholic Church,http://travel.qunar.com/p-oi19977492-tianzhutang,,,,,--,,,具体收费情况以现场公示为主,,9
百老汇休闲广场Bailaohui Leisure Square,http://travel.qunar.com/p-oi19976137-bailaohuixiuxianguang,,,,,--,,,具体收费情况以现场公示为主,,9
鑫厦新文化广场Xinshaxin Culture Square,http://travel.qunar.com/p-oi19976136-xinshaxinwenhuaguangchang,,,,,--,,,具体收费情况以现场公示为主,,9
兴永碳素公司-植物园Xingyong Tansu Gongsi- Botanical Garden,http://travel.qunar.com/p-oi19971797-xingyongtansugongsi_zhi,,,,,--,,,具体收费情况以现场公示为主,,9
懿号卡丁车,http://travel.qunar.com/p-oi19968832-yihaokadingche,,,,,--,,,,,9
飞翔广场Feixiang Square,http://travel.qunar.com/p-oi19968462-feixiangguangchang,,,,,--,,,具体收费情况以现场公示为主,,10
府前广场Fuqian Square,http://travel.qunar.com/p-oi19968435-fuqianguangchang,,,,,--,,,具体收费情况以现场公示为主,,10
百老全休闲广场Bailaoquan Leisure Square,http://travel.qunar.com/p-oi19968433-bailaoquanxiuxianguang,,,,,--,,,,,10
北广场Bei Square,http://travel.qunar.com/p-oi19968432-beiguangchang,,,,,--,,,,,10
纪念牌广场Jinianpai Square,http://travel.qunar.com/p-oi19968397-jinianpaiguangchang,,,,,4.5,,,具体收费情况以现场公示为主,,10
幸福广场Xingfu Square,http://travel.qunar.com/p-oi19968395-xingfuguangchang,,,,,,,,,,10
中心广场Center Square,http://travel.qunar.com/p-oi19968387-zhongxinguangchang,,中心广场是当地居民休闲锻炼的地方。人们可以在这里锻炼身体，跳广场舞的或者做一些其他的休闲活动。,,https://tr-osdcp.qunarzz.com/tr-osd-tr-manager/img/987e1a93c7569cbb6ca820c98c23aa9f.jpg_480x360x95_16619203.jpg,4.6,建议游览时间：1小时 - 2小时,,具体收费情况以现场公示为主,,10
特训宝贝儿童心智拓展乐园,http://travel.qunar.com/p-oi19968362-texunbaobeiertongxinzhi,,,,,--,,,,,10
百老汇休闲广场Bailaohui Leisure Square,http://travel.qunar.com/p-oi19968358-bailaohuixiuxianguang,,,,,--,,,,,10
百老汇休闲广场Broadway Leisure Square,http://travel.qunar.com/p-oi19968341-bailaohuixiuxianguang,,,,https://tr-osdcp.qunarzz.com/tr-osd-tr-manager/img/a92d216e0095f2dee88fb148c3e79f74.jpg_480x360x95_4d404688.jpg,0.0,,,具体收费情况以现场公示为主,,10
