名字,链接,地址,介绍,开放时间,图片链接,评分,建议游玩时间,建议季节,门票,小贴士,Page
阿瓦提丝绸古道Awati Silk Road,http://travel.qunar.com/p-oi10002451-awatisichougudao,,和田河是从塔克拉玛干沙漠穿过的河流，全长1127公里，其上游由两条支流构成，一条是玉龙喀什河，一条是喀拉喀什河，均发源于昆仑山，两河在阔什拉什汇合后始称和田河，和田河下游为典型的平原游荡型河流，河床宽浅，河流曲折婉蜒，多心滩、边滩，以灰杨、胡杨为主的天然林沿河两岸呈带状分布，野生动物时常出没，宽阔的河床每年洪水过后便成为沙滩地，受风力吹扬，流沙荡漾呈波浪纹，在烈日的照耀下，远远望去，似碧波荡漾的河水。每年6～8月为汛期，和田河下泄的洪水可穿越沙漠入塔里木河，此时为漂流的时机。和田河是沟通塔里木盆地南北交通的绿色走廊，其军事和经济地位十分重要。千百年来，商贾行旅、或车马、或驼驮，由阿瓦提到和田，再转疏勒，它是连接阿瓦提绿洲与墨玉、和田绿洲的纽带，成为丝绸古道的重要通衢，起到了中原与西亚文化、经济交融的桥梁作用。,,https://tr-osdcp.qunarzz.com/tr-osd-tr-manager/img/a1d406135fc8494cc475f3f5bd8d6db1.jpg_480x360x95_b6a395ee.jpg,4.7,建议游览时间：1小时,,具体收费情况以现场公示为主,,1
天山神秘大峡谷The Mysterious Grand Canyon of Tianshan Mountains,http://travel.qunar.com/p-oi714586-tianshanshenmidaxiagu,"

地址:
阿克苏地区库车县217国道1025号北侧，库车县城以北64公里的山区


电话:
0997-6780333

",天山神秘大峡谷又叫克孜利亚大峡谷，位于新疆阿克苏地区库车县北部。克孜利亚维吾尔语意是“红色的山崖”，这是因为大峡谷由红褐色的巨型山体群组成。天山神秘大峡谷红褐色的山体群直插云天，在阳光照射下，犹如一簇簇燃烧的火焰。进入谷内，在红褐色的山峦中步行，仿佛进入了一个幽静清凉的世界。谷口十分开阔，但是深入谷中，峰回路转，时而宽阔，时而狭窄，有些地方仅容一人侧身通过。谷底比较平坦，许多时候都能够闲庭信步，两侧是高耸的石壁，脚下是细沙，不少路段还覆着一层浅浅的水，结着薄薄的一层冰。抬头仰望，在蓝天的映照下，奇峰异石千姿百态，数不胜数，神犬守谷、旋天古堡、显灵洞、玉女泉、卧驼峰等景观个个形态逼真。峡谷中神秘的阿艾石窟距谷口不足2公里，高悬于绝壁之上，开始只可攀着30多米高的悬梯而上，如今旁边已经加建了石阶栈道。根据考证，石窟建于盛唐中期。石窟很小，深不足5米，约一人高，洞顶呈拱形。窟内三面皆有残存的壁画，而壁画上竟然罕有地出现了汉字，与古西域地区其他数百座石窟相迥异，充分显示汉文化的痕迹。,1/1-12/31 10:00-19:00,https://img1.qunarzz.com/travel/d7/1509/1e/69ec065c5bb017.jpg_480x360x95_228e3470.jpg,4.5,建议游览时间：2小时 - 3小时,,"{' 天山神秘大峡谷门票成人票\n\n': ['¥40起'], ' 天山神秘大峡谷门票学生票\n\n': ['¥21起'], ' 天山神秘大峡谷门票老人票\n\n': ['¥21起']}",,1
塔里木河Tarim River,http://travel.qunar.com/p-oi711726-talimuhe,"

地址:
阿克苏地区沙雅县

",塔里木河是中国较大的内流河，由发源于天山的阿克苏河、发源于喀喇昆仑山的叶尔羌河以及和田河汇流而成，而后流入台特马湖。塔里木河流域在地域上包括塔里木盆地周边向中心聚流的九大水系114条源流和塔里木河干流，塔克拉玛干大沙漠及东部荒漠区。塔里木河河水流量因季节差异而变化很大。每当进入酷热的夏季，积雪、冰川溶化，河水流量急剧增长，就象一匹“无疆的野马”奔腾咆哮着穿行在荒漠和草原上。塔河流域兴建了许多水利设施，各族人民的辛勤耕耘，昔日荒漠变成桑田，塔河两岸瓜果满园，稻花飘香。,全年 全天开放,https://img1.qunarzz.com/piao/fusion/1701/5f/8ed418afcb731302.jpg_480x360x95_48b932e2.jpg,4.6,建议游览时间：3天,,具体收费情况以现场公示为主,,1
温宿托木尔大峡谷,http://travel.qunar.com/p-oi713878-wensutuomuerdaxiagu,"

地址:
新疆维吾尔自治区阿克苏地区温宿县637乡道温宿大峡谷景区

",温宿大峡谷位于温宿县境内天山山脉中段南麓前山区博孜敦柯尔克孜民族乡境内，大峡谷距温宿县城东北约80公里，距国道314线30公里左右，总面积200平方公里，前期投资700万元。这里曾是通往南北天山古代驿路木扎特古道的必经之地，当地称之为“库都鲁克大峡谷”，维吾尔语意为“惊险，神秘”。峡谷观光探险区约有30平方公里（含地质独特构造—盐丘地貌），总长度约5公里，宽约6公里，典型景观集中在峡谷中部区域，山体以红色砂岩、页岩为主要构成，峡谷谷口宽约160米，入口处河床平坦，灌...温宿大峡谷位于温宿县境内天山山脉中段南麓前山区博孜敦柯尔克孜民族乡境内，大峡谷距温宿县城东北约80公里，距国道314线30公里左右，总面积200平方公里，前期投资700万元。这里曾是通往南北天山古代驿路木扎特古道的必经之地，当地称之为“库都鲁克大峡谷”，维吾尔语意为“惊险，神秘”。峡谷观光探险区约有30平方公里（含地质独特构造—盐丘地貌），总长度约5公里，宽约6公里，典型景观集中在峡谷中部区域，山体以红色砂岩、页岩为主要构成，峡谷谷口宽约160米，入口处河床平坦，灌木稀少，沙细柔软，河床顺峡谷缓缓升高，直至雪山脚下，间有清泉从时宽时窄的河床缓缓涌出。峡谷群南面有近200平方公里的戈壁，主要分布和生长着麻黄草、梭梭草等耐旱植物，黄羊、野猪、野兔、狼经常出没于峡谷和戈壁滩。温宿大峡谷两侧群峰耸立，山体以棕红色为主体，间有淡绿色、米黄色、乳白色穿插其中，顿显五彩斑斓，雨水过后更是色彩鲜艳。进入谷中约1000米后，大峡谷相继分为8条较大支谷，长短不一的小支谷在峡谷群中约有1000多条，较大支谷风格迥异，小支谷千变万化，在漫长的地质年代中把地层切割的班驳陆离，形态万千。步入峡谷，视野时而开阔，时而郁闭，峰回路转，时暗时明，峡谷群峰叠嶂，万轫攒空，气势磅礴，极具震撼力。峡谷内分布有少量灌木、胡杨树和耐旱盐生植物，峡谷两侧断崖因风吹日蚀，雨水冲刷，形成了许多令人叹为观止的传神奇景，如：英雄谷、幽情谷、双塔谷、紫澜山、胡杨双雄、万僧朝圣、千年古堡、千山雄风、太空来客、驿路城池、双塔争锋、情俑、千古壁画、千屋万塔、一线云天、星河飞瀑、三心石、二意柱、巨轮飞渡、赤柱坡、雄鞭口、望心门、赤砂墩等气势壮观的100多处难于用语言文字表达清晰的山体造型。目前，大峡谷还是原始的自然景观,全天,https://tr-osdcp.qunarzz.com/tr-osd-tr-space/img/57576abcf5c7b12a66523d23a657bc45.gif_480x360x95_86275db4.gif,4.3,,,40元,,1
刀郎部落Daolang Tribe,http://travel.qunar.com/p-oi7607115-daolangbuluo,"

地址:
阿克苏市阿瓦提县玉满甸口


电话:
0997-5251528,0997-5121088


官网:
http://www.dolanbl.com/

",刀郎部落景区又称多浪部落，位于阿克苏市南部的阿瓦提县，距离阿克苏市区约58公里，距阿瓦提县县城约18公里，是一处以刀郎民族的民俗风情和沙漠、河流、胡杨林风光为主的景区。景区内风光优美，娱乐活动众多，还可以观看到神秘刀郎民族的风情，是阿克苏市旅游的好去处。刀郎部落景区的面积较大，长宽都有近1公里，进入景区后可以步行游玩，大约3-4小时为宜。景区的西侧紧靠河流，这里种植了百果园，环境清新优美，在遍地戈壁的新疆地区十分独特。河滩上还修建了沙雕公园和林则徐雕像等...刀郎部落景区又称多浪部落，位于阿克苏市南部的阿瓦提县，距离阿克苏市区约58公里，距阿瓦提县县城约18公里，是一处以刀郎民族的民俗风情和沙漠、河流、胡杨林风光为主的景区。景区内风光优美，娱乐活动众多，还可以观看到神秘刀郎民族的风情，是阿克苏市旅游的好去处。刀郎部落景区的面积较大，长宽都有近1公里，进入景区后可以步行游玩，大约3-4小时为宜。景区的西侧紧靠河流，这里种植了百果园，环境清新优美，在遍地戈壁的新疆地区十分独特。河滩上还修建了沙雕公园和林则徐雕像等，适合拍照合影。在河中央，有一处水上娱乐区和一座露天的生态游泳馆，可以在此享受玩水的乐趣。景区的中部，是以休闲娱乐和展示刀郎民俗文化为主。刀郎族是新疆塔里木盆地周围的原始居民，一直生活在与世隔绝的大漠绿洲之中，保持了特有的民俗风情。这里有一处民俗展览馆，可以进入参观，深入了解刀郎民族的故事。另外，这里还有葡萄园、无花果园、垂钓区、自助烧烤区、农庄等，可以前来娱乐。景区东部，则是以胡杨林风光为主，这里大片的原始胡杨林，可以前来观看这些大漠上坚韧的树种，拍摄摄影大片。在东部的南侧，有一处原始刀郎人村庄，复制了很多刀郎民族生活的场景，有房屋、木车、劳作工具等，可以前去参观。,全年 10:00-19:30,https://mp-piao-admincp.qunarzz.com/mp_piao_admin_mp_piao_admin/fusion/202112/991ed6b543c1b91cd03590086caac399.jpg_480x360x95_d3257a0e.jpg,4.3,建议游览时间：3小时 - 4小时,,"{'刀郎部落门票成人票\n\n': ['¥65起'], '刀郎部落门票儿童票\n\n': ['¥35起'], '刀郎部落门票学生票\n\n': ['¥35起']}",人身安全：夜间尽量减少户外活动。 事先了解当地的民族习惯，尊重当地的民俗和生活中的禁忌，所谓入乡随俗，切不可忽视礼俗或由于行动上的不慎而伤害民族自尊心。,1
库车王府Kuche Royal Palace,http://travel.qunar.com/p-oi722507-kuchewangfu,"

地址:
阿克苏地区库车县老城林基路街库车王府


电话:
0997-7210013,0997-7210016,0997-72100167210013

",库车王府位于新疆阿克苏地区库车县老城区内，是从1759年起库车当地的维吾尔亲王库车王世代居住的地方。曾经的库车王府已经变为废墟，如今的王府是在原址基础上，按照后一代库车王达吾提·买合苏提的回忆原样复原的。库车王府面积很大，横竖都有两三百米左右，里面有多座建筑，建筑多为维吾尔风格，内部色彩鲜艳，可以随处拍拍照片，院子里还有花园、绿地，环境十分不错。王府参观分为龟兹文化展览区、王府参观区和老城墙三处，进入后步行参观即可，一般2小时左右为宜。龟兹文化展览区展...库车王府位于新疆阿克苏地区库车县老城区内，是从1759年起库车当地的维吾尔亲王库车王世代居住的地方。曾经的库车王府已经变为废墟，如今的王府是在原址基础上，按照后一代库车王达吾提·买合苏提的回忆原样复原的。库车王府面积很大，横竖都有两三百米左右，里面有多座建筑，建筑多为维吾尔风格，内部色彩鲜艳，可以随处拍拍照片，院子里还有花园、绿地，环境十分不错。王府参观分为龟兹文化展览区、王府参观区和老城墙三处，进入后步行参观即可，一般2小时左右为宜。龟兹文化展览区展示了新疆历史上龟兹国的文化风俗，有众多的文字图片说明，有龟兹佛教的珍贵文物展示，还展示了龟兹古国的生产工具、钱币和民间工艺品等文物。老城墙是王府内古老的建筑，可以简单看看。为重点的参观区为王府区域，这里按照曾经王府的原样展示，内部有曾经历代库车王使用过的物品展示，还通过蜡像复原了曾经王府一家的生活场景，可以一一参观，感受曾经库车王的生活氛围。需要注意的是，原来居住在王府内的后一代库车王（也是中国后一位曾被中央政府承认的王爷）达吾提·买合苏提已于2014年7月30日辞世，现在前来游玩已经不能得见这位王爷，仅能在王府参观。,9:00-20:00,https://tr-osdcp.qunarzz.com/tr-osd-tr-mapi/img/14da36380c2b7dd5f23998b26170a90e.jpg_480x360x95_9d21d34b.jpg,4.1,建议游览时间：2小时,,"{'库车王府门票成人票\n\n': ['¥53起'], '库车王府门票学生票\n\n': ['¥30起'], '库车王府门票老人票\n\n': ['¥30起']}",,1
库车大寺Kuche Dasi,http://travel.qunar.com/p-oi702328-kuchedasi,"

地址:
阿克苏地区库车县帕哈塔巴扎路


电话:
0997-7688145

",库车大寺是新疆境内仅次于喀什艾提尕尔清真寺的第二大寺，距库车新城4公里。在库车老城区众多生土建筑中，库车大寺绿色的琉璃穹顶在阳光下显得格外夺目。大寺门楼高18.3米，全部青砖砌成，高耸的门楼与宣礼塔，庄严挺拔。塔柱雕以伊斯兰风格图案，穹窿式楼顶，形似天宇，寺内礼拜大厅1500平方米，可容纳3000人大礼拜。纵横8行的64根六棱形大柱，饰似彩雕绘画，支撑起由102块方格画图案组成的天花板，华丽壮观。库车大寺据传为16世纪新疆伊斯兰教黑山派首领伊斯哈格吾里从喀什到库车留...库车大寺是新疆境内仅次于喀什艾提尕尔清真寺的第二大寺，距库车新城4公里。在库车老城区众多生土建筑中，库车大寺绿色的琉璃穹顶在阳光下显得格外夺目。大寺门楼高18.3米，全部青砖砌成，高耸的门楼与宣礼塔，庄严挺拔。塔柱雕以伊斯兰风格图案，穹窿式楼顶，形似天宇，寺内礼拜大厅1500平方米，可容纳3000人大礼拜。纵横8行的64根六棱形大柱，饰似彩雕绘画，支撑起由102块方格画图案组成的天花板，华丽壮观。库车大寺据传为16世纪新疆伊斯兰教黑山派首领伊斯哈格吾里从喀什到库车留居传道期间所建。初是土建寺院，17世纪改为木结构，1923年遇大火被烧毁，现存寺院为1931年建成。值得一提的是小礼拜寺之北有一处声威显赫的“宗教法庭”，它是政教合一的产物，也是新疆保留的为数不多的伊斯兰教司法机构遗址。,肉孜节、古尔邦节全天不对游客开放,https://mp-commentcp.qunarzz.com/mp_comment_mp_comment/1558897872657100414000000wpz2t0030_D_640_10000.jpg_480x360x95_359221d5.jpg,4.2,建议游览时间：1小时 - 2小时,,"{'库车大寺大门票成人票\n\n': ['¥14起'], '库车大寺大门票学生票\n\n': ['¥8起'], '库车大寺大门票老人票\n\n': ['¥8起']}",,1
龟兹古城,http://travel.qunar.com/p-oi706701-guizigucheng,,我国汉唐时期，中央政府都以龟兹为政治中心，设立政权机构，管理西域地区。龟兹为我国古代西域大国都城东汉和帝永元三年（公元91年）班超任都护时曾迁西域都护府于龟兹。唐贞观22年（公元648年）和唐显庆2年（公元657年）曾两度设安西都护府于龟兹，辖4镇、16府、72州之地。古城周长近八千米，北墙2000米，南墙1806米，东墙1646米，西墙约2200米。除东、南、北三面城墙尚可辨认外，西墙已荡然无存。全城成不规则正方形，城墙高约2--7米，为夯土筑成，每隔40米左右有城垛...我国汉唐时期，中央政府都以龟兹为政治中心，设立政权机构，管理西域地区。龟兹为我国古代西域大国都城东汉和帝永元三年（公元91年）班超任都护时曾迁西域都护府于龟兹。唐贞观22年（公元648年）和唐显庆2年（公元657年）曾两度设安西都护府于龟兹，辖4镇、16府、72州之地。古城周长近八千米，北墙2000米，南墙1806米，东墙1646米，西墙约2200米。除东、南、北三面城墙尚可辨认外，西墙已荡然无存。全城成不规则正方形，城墙高约2--7米，为夯土筑成，每隔40米左右有城垛一个。1985年，我国著名考古学家黄文弼先生曾在此城进行过发掘工作，出土文物有石器、骨器彩陶片，铜件、汉五铢钱、龟兹小钱、开元通宝等。,,https://img1.qunarzz.com/travel/d9/1512/63/606e35975ec396f7.jpg_480x360x95_d16f88ef.jpg,2.0,,,,,1
拜城克孜尔千佛洞Kizil Thousand Buddha Caves (Kezi'er Qian Fo Dong),http://travel.qunar.com/p-oi714968-baichengkezierqianfodong,"

地址:
阿克苏地区拜城县克孜尔乡东南约7公里木扎提河北岸明屋达格山断崖上


电话:
0997-8636144

",克孜尔千佛洞大约始建于3-4世纪，或者更早一些；盛期在6-7世纪；8世纪末吐蕃占据龟兹后逐步废弃，其相继营造的时间达五六百年之久。这座千佛洞已编号的有236个窟，目前窟形尚完整的有135个窟。其中有供僧徒礼佛观像和讲经说法用的支提窟，有供僧徒居住和坐禅用的毗诃罗窟。支提窟中有窟室高大，窟门洞开，正壁塑立佛的大像窟；有主室作长方形，内设塔柱的中心柱窟；有窟室为较规则的方形窟。毗诃罗窟又称僧房，多为居室加甬道式结构，室内有灶炕等简单生活设施。这些不同类型和用途的窟，多呈规律地修建在一起，组合成一个个单元。从配列的情况看，每个单元可能就是一座佛寺。这种窟室结构和布局，在我国石窟建筑中较为罕见。克孜尔千佛洞的塑像和壁画均绘塑于支提窟内，虽然塑像多已毁坏，但壁画尚保存约有5000平方米，题材主要为佛传、因缘和本生故事。此外，反映弥勒说法和僧人习禅的题材也有一定的比重。与其他石窟相比，克孜尔千佛洞可说是我国修建得较早、现存规模较大的一座石窟寺。它的特殊窟形、壁画题材和艺术风格，深刻地反映了龟兹佛教的情况，代表了龟兹民族的文化艺术水准，是游览和研究佛教文化艺术的重要场所。,全年 周一 全天不开放 ;全年 09:30-19:00;全年 10:00-18:00,https://mp-commentcp.qunarzz.com/mp_comment_mp_comment/1563217309481100l16000000zfbmtB734_D_640_10000.jpg_480x360x95_2b27688c.jpg,4.4,建议游览时间：3天,,具体收费情况以现场公示为主,,1
温宿古城古墓群,http://travel.qunar.com/p-oi705232-wensuguchenggumuqun,,,,,,,,,,1
克孜尔尕哈石窟,http://travel.qunar.com/p-oi703442-keziergahashiku,"

地址:
新疆维吾尔自治区库车县

",石窟开凿在东西宽170米，南北长300米范围内的崖壁上。分为东西两大组群，现存洞窟54个，编号洞窟46个，其中较完整的洞窟39个，有壁画的洞窟13个。石窟建筑形式多样，按功能分有支提窟、僧房窟、讲经堂、禅窟等；按窟顶形状分有、平顶、券顶、穹庐顶、套斗顶、覆斗顶等。现存较完整的39个窟可划分为5组，每组都具有礼拜、讲经、禅修和居住等各种功能。石窟壁画均是典型的龟兹风格，有佛本生故事40余种，因缘故事20余种，还有佛传故事画及龟兹文题记。全盛期的石窟壁画展示了“曲铁盘丝...石窟开凿在东西宽170米，南北长300米范围内的崖壁上。分为东西两大组群，现存洞窟54个，编号洞窟46个，其中较完整的洞窟39个，有壁画的洞窟13个。石窟建筑形式多样，按功能分有支提窟、僧房窟、讲经堂、禅窟等；按窟顶形状分有、平顶、券顶、穹庐顶、套斗顶、覆斗顶等。现存较完整的39个窟可划分为5组，每组都具有礼拜、讲经、禅修和居住等各种功能。石窟壁画均是典型的龟兹风格，有佛本生故事40余种，因缘故事20余种，还有佛传故事画及龟兹文题记。全盛期的石窟壁画展示了“曲铁盘丝”画法，色彩鲜明华丽，人物姿态自然，服饰华美多样。其中以第30窟的八身飞天最为著名。,全天,https://img1.qunarzz.com/travel/d6/1504/3c/65eec51a36305.jpg_480x360x95_05a58e9e.jpg,3.0,,,克孜尔尕哈石窟位于新疆维吾尔自治区库车县西北十四公里的山沟中，与克孜尔尕哈烽隧毗邻。始建于公元5世纪。,,2
昭怙厘大寺Zhaosuli Temple,http://travel.qunar.com/p-oi7642374-zhaohulidasi,, 该寺分东、西两部分，分布于通往河东西两岸。东寺依山而筑，寺内有房舍和塔庙遗址，全系土坯建造，墙壁高者达10余米。城内有三座高塔，北边一塔耸立于山腰，可俯瞰全寺遗址。西寺呈方形，周长约318米，墙高10米，围墙内残垣密集，为僧舍所在地。遗址上有数处高塔。北面有佛洞一摊，洞壁上刻有龟兹文字和佛教人物像。过去曾出过铜、铁、陶、木器及壁画、泥塑像等，还发现写有古民族文字的木简及残纸。,,https://img1.qunarzz.com/travel/d1/1504/8b/b0527903ccf746.jpg_480x360x95_4eed7de4.jpg,4.5,建议游览时间：1小时,,具体收费情况以现场公示为主,,2
神木园Shenmuyuan,http://travel.qunar.com/p-oi707976-shenmuyuan,"

地址:
阿克苏地区温宿县


电话:
0997-4498058

",神木园又名天山神木园，位于阿克苏地区西北侧的温宿县境内，距离阿克苏市区约70公里，是阿克苏当地著名的景点，前往阿克苏旅游时可以前来观看。神木园占地一共有600亩左右，是一处长宽都近1公里的小型森林。与一般森林不同的是，这里的树木都是形态各异的巨型灌木，大多年代悠久，已经有几百年树龄。这些灌木或盘地而生，或是曲折盘桓，形态十分独特，形成了旋风柳、鹿角怪树、定情树等多种造型，可以观赏拍照。除了观赏树木外，神木园还是当地穆斯林群众心中的圣地之一。这里是当年前来中国传教的沙特王子逝世的地方，所以神木园也称为库尔米什阿塔木麻扎（维语麻扎即墓地的意思），在园内可以看到曾经的讲经堂等宗教古迹，还有神泉等，很多穆斯林也会来此参观朝圣。如果对园内的树木感兴趣的话，可以请一位导游讲解，可以更好地理解神木的造型。导游讲解一次的费用为1-15人团队50元，16-20人团队60元，21-25人团队70元，26-30人团队80元，如果人数超出30人，则需要分团讲解。,10:30-18:30,https://mp-commentcp.qunarzz.com/mp_comment_mp_comment/1562699317759100v16000000zh7bj9FFB_D_640_10000.jpg_480x360x95_abe4784f.jpg,4.4,建议游览时间：2小时 - 3小时,,"{'神木园门票成人票\n\n': ['¥38起'], '神木园门票优待票\n\n': ['¥20起'], '神木园门票老人票\n\n': ['¥20起']}",,2
盐水沟Yanshui Ditch,http://travel.qunar.com/p-oi706312-yanshuigou,"

地址:
沿独库(独山子至库车)公路向北约10余公里


电话:
7122022

",从库车县沿独库（独山子至库车）公路向北约10余公里，在公路两边出现一片嶙峋的山体，虽然高不过20多米，但山峰犹如刀削，向一侧倾斜，充满张力，山体底部板结着白色的盐碱，这里就是著名的“盐水沟”。这是一个不收费的路边景点，夕阳西下的时候，逆光的山峰会呈现出金黄色的镶边，景色十分迷人，是新疆地质旅游的好去处。,全天,https://tr-osdcp.qunarzz.com/tr-osd-tr-manager/img/3fa90e92897bb58eae0ed54c03eac615.jpg_480x360x95_ef15bed8.jpg,4.1,建议游览时间：12小时 - 3天,,具体收费情况以现场公示为主,,2
托木尔峰国家级自然保护区Tomur,http://travel.qunar.com/p-oi715265-tuomuerfengguojiajizi,"

地址:
阿克苏地区温宿县306县道附近托木尔峰自然保护区


电话:
0997-2570281

",托木尔峰周围6000米以上的高峰达15座，6800米以上的高峰5座，是天山山脉的高峰密集区。托木尔峰的山麓和河谷地区，满山遍野的云杉和塔松，四季常青。受保护的高等植物382种，代表性有雪莲花、高山黄芪等；野生动物主要包括陆栖脊椎动物77种；昆虫1000余种。托木尔峰地区壮观的景色当推汗腾格里冰川，它是托木尔峰800多条冰川中较长的一条，也是世界八大山谷冰川之一。冰川之上有无数水深莫测的冰面湖、数百米深的冰裂缝，还有浅蓝色的冰融洞、水晶墙、冰塔、冰椎、冰蘑菇、冰桌和冰下河等冰川奇境。这里的天气多变，有时一片晴朗，突然辟雷一声震天响，抬头望去，不远处的雪尘滚滚飞扬，飞泻而下，掀起数十米至数百米高的雪浪。除壮观的冰川奇景外，托木尔峰地区还有许多远近闻名的温泉。  ,全年 全天开放,https://tr-osdcp.qunarzz.com/tr-osd-tr-manager/img/7109a03f615930c2794942bb425bd560.jpg_480x360x95_f58253ee.jpg,4.3,建议游览时间：3天,,具体收费情况以现场公示为主,,2
五彩山,http://travel.qunar.com/p-oi7524550-wucaishan,"

地址:
新疆维吾尔自治区阿克苏地区温宿县

",,全天,https://img1.qunarzz.com/travel/poi/1410/24/bc31fdb3efe19fe2ffffffffc8d65eac.jpg_480x360x95_ed2df085.jpg,0.0,建议游览时间：1小时,,免费,,2
多浪公园Duolang Park,http://travel.qunar.com/p-oi722628-duolanggongyuan,"

地址:
阿克苏地区阿克苏市西大街20号


电话:
0997-2122638

",阿克苏市内的沿河带状公园，休闲娱乐的好地方。,全年 全天开放,https://tr-osdcp.qunarzz.com/tr-osd-tr-manager/img/5e3511d2a9da73ee190daa9670b4a00e.jpg_480x360x95_00085ea8.jpg,4.8,建议游览时间：3小时 - 4小时,,具体收费情况以现场公示为主,,2
燕子山公园,http://travel.qunar.com/p-oi707068-yanzishangongyuan,"

地址:
新疆阿克苏地区


电话:
0997-2143133

","被誉为""天南第一胜景""的乌什县燕泉公园，有奇特的三大景观：燕子山、九眼泉和小幽园。燕子山陡峭险峻，因山石中藏有远古时代的海生贝壳类动物化石而得名。拾级而上，可见一巨大石刻题迹：""远近汉唐""。凭山远眺，阡陌纵横，山峦起伏，乌什山城尽收眼底。燕子山下林荫深处，九眼清泉一字排开，泉眼翻滚如沸，四季不断，小幽园依山崖、傍泉水，参天古柳掩映人工湖，湖中建一石舫，两侧有拱桥相连，山上山下点缀着亭台楼阁，花草树木，布局十分精妙。",8：00－17：00,https://img1.qunarzz.com/travel/poi/1708/46/fa5ee752b37af137.jpg_480x360x95_fd3aa58e.jpg,4.3,,,15元,,2
森木塞姆千佛洞Senmusaimu Thousand Buddha Caves,http://travel.qunar.com/p-oi706897-senmusaimuqianfodong,"

地址:
阿克苏地区库车县

",森木塞姆千佛洞在库车县东北约40公里，分布在库鲁克达格山口，溪沟东西两岸的山崖上，石窟大部份遭到破坏，目前保存较完整的有52个。窟形大部为支提窟，毗珂罗窟较少。其开创年代，约在3世纪，其中大部分壁画属南北朝时期，较晚的属回鹘高昌前期。,全天,https://img1.qunarzz.com/travel/poi/1803/2b/556f69880642a837.jpg_480x360x95_5c8c95ff.jpg,4.0,建议游览时间：1小时,,具体收费情况以现场公示为主,,2
苏巴什古城,http://travel.qunar.com/p-oi707139-subashengucheng,"

地址:
新疆阿克苏地区

",苏巴什故城实际叫“苏巴什佛寺”，又名“昭怙悝大寺”，波涛滚滚的库车河穿城而过。据说，这条河就是《西游记》里“子母河”的下游。故城遗址始建于东汉（公元1世纪），隋唐（公元6至8世纪）盛极一时。唐贞观二年（公元628年），著名高僧玄奘去印度取经西行至此，见寺庙僧侣云集，香火甚盛，便在这里滞留两月余讲经弘法。7世纪中叶，唐安西都护府移设龟兹后，内地高僧集聚这里，暮鼓晨钟，佛事兴隆，到了9世纪，佛寺为战火所焚，因而日趋衰败，14世纪初彻底废弃。《大唐西域记·屈支...苏巴什故城实际叫“苏巴什佛寺”，又名“昭怙悝大寺”，波涛滚滚的库车河穿城而过。据说，这条河就是《西游记》里“子母河”的下游。故城遗址始建于东汉（公元1世纪），隋唐（公元6至8世纪）盛极一时。唐贞观二年（公元628年），著名高僧玄奘去印度取经西行至此，见寺庙僧侣云集，香火甚盛，便在这里滞留两月余讲经弘法。7世纪中叶，唐安西都护府移设龟兹后，内地高僧集聚这里，暮鼓晨钟，佛事兴隆，到了9世纪，佛寺为战火所焚，因而日趋衰败，14世纪初彻底废弃。《大唐西域记·屈支国》称：“屈支国东西千余里，南北六百余里，国大都城，周十七八里”。屈支，即龟兹。据考证，文中所称之“大都城。就是位于库车县出附近的龟兹都城（一称皮朗故城），汉代名延城，唐代名伊罗卢城，汉唐时期均为龟兹国都。这座古城早已废弃。如今东、南北三面仍有残存城墙，系夯土建筑。周长的 7公里。东墙长 1446米，高约7.66米；墙外每隔 40米左右，有长宽各4．8米的马面。南墙长18O9来，断续残留。北墙长过 2000米，高 2.4米。西墙已无迹可寻。城内建筑遗址比比皆是。从发掘情况看，早期文化层为新石器时代晚期，有石器、骨器、陶片。另外，还发现少量铜器和汉五铢钱。从晚期文化层中，曾出土排列整齐的一组大陶缸，共33只。还出上了铺地用的莲纹花砖、蓝纹砖、筒砖，其纹饰、形状与唐代长安大明宫的铺地砖略同。此外，还出土有乾元通宝、开元通玉、中字钱和大历元宝等古钱币。,全天,https://img1.qunarzz.com/travel/d5/1808/6b/6091271194142ab5.jpg_480x360x95_faf8641f.jpg,5.0,,,40元,,2
稻香园度假村,http://travel.qunar.com/p-oi722416-daoxiangyuandujiacun,"

地址:
新疆阿克苏温宿县郊外2公里处的托呼啦村

",稻香园度假村位于温宿县郊外2公里处的托呼啦村，占地面积80亩，其中绿树面积就达60亩。度假村里建有大木屋、小木屋、演义厅、宾馆、蒙古包、帐篷、游泳馆、钓鱼池、棋牌室、会议室、健身室、网球室、乒乓球室、卡拉OK、餐厅等设施和景点，集食、住、玩、农业观光、旅游度假与一体。,全天,,--,,,免费，住宿餐饮娱乐设施另收费,,3
顷希阿尔故城,http://travel.qunar.com/p-oi705204-qingxiaergucheng,"

地址:
阿克苏地区库车县

",顷希阿尔故城，又名大故城。系汉唐遗存。位于库车县东南60公里冼的东湖戈壁之中。城略呈圆形，残存城基高约0.6米，周长924米。醅有一座已颓圮的周围约120米的土墩，原形难辨。据考，这座故城与轮台县的卓里特沁故城之形制略似，可能为汉代屯田时田卒所筑之校尉城。现为自治区重点文物保护单位。,8:00—16：00,,--,,,15元,,3
林基路烈士纪念馆Linjilulieshi Memorial Hall,http://travel.qunar.com/p-oi703851-linjilulieshijinianguan,"

地址:
阿克苏地区库车县

",林基路烈士纪念馆位于库车县老城的西南面，是林基路烈士生前工作生活过的地方。解放后，这所故居得到了妥善的保护。1978年在这里建成了纪念馆。纪念馆分烈士旧居和烈士革命事迹陈列室两个部分；旧居包括办公室、档案室和宿舍；陈列室陈列有历史照片、烈士信件以及他所创办的《奔流》文艺刊物等珍贵文物。,8：00——17：00,https://img1.qunarzz.com/travel/poi/1803/6f/6590d7b62a93ba37.jpg_480x360x95_7ad2ba66.jpg,4.4,建议游览时间：1小时,,7.5元,,3
默拉纳额什丁麻扎Tomb of Molana Arshidinhan,http://travel.qunar.com/p-oi709506-molanaeshendingmazha,,默拉纳额什丁麻扎又称默拉纳和卓墓，位于在库车新老城之间。默拉纳是圣人后商的意思。建有祠宇、分祠门、祠堂、墓门和墓室四部门、全部以绿色琉砖装饰，颇为壮丽。祠西廊下有扁额，上书“天方列圣”四个大字。两旁有题记，为清光绪7年李蕃所题。,,https://img1.qunarzz.com/travel/poi/1803/f9/f6305c39cf498c37.jpg_480x360x95_cf3465ed.jpg,4.3,建议游览时间：1小时,,具体收费情况以现场公示为主,,3
库车·南湖,http://travel.qunar.com/p-oi39638463-kuchenanhu,,,,,0.0,,,,,3
库车市,http://travel.qunar.com/p-oi39604391-kucheshi,,,,,0.0,,,,,3
库车太古里夜市,http://travel.qunar.com/p-oi39171943-kuchetaiguliyeshi,,,,,--,,,,,3
大馕小巷,http://travel.qunar.com/p-oi39171872-danangxiaoxiang,,,,,--,,,,,3
龟兹文化广场,http://travel.qunar.com/p-oi38948588-guiziwenhuaguangchang,,,,,--,,,,,3
女儿国欢乐水世界,http://travel.qunar.com/p-oi38940199-nu:erguohuanleshuishi,,,,,0.0,,,,,3
乌孙古道,http://travel.qunar.com/p-oi38932857-wusungudao,,,,,5.0,,,,,4
阿克布拉克村,http://travel.qunar.com/p-oi38927973-akebulakecun,,,,,0.0,,,,,4
奥普坎艺术家村落景区,http://travel.qunar.com/p-oi38876702-aopukanyishujiacunluo,,,,,0.0,,,,,4
雁鸣湖人民公园,http://travel.qunar.com/p-oi38874364-yanminghurenmingongyuan,,,,,0.0,,,,,4
月亮湾景区,http://travel.qunar.com/p-oi38623386-yueliangwanjingqu,,,,,0.0,,,具体收费情况以现场公示为主,,4
沙雅县沙雁洲景区,http://travel.qunar.com/p-oi38616350-shayaxianshayanzhoujing,,,,,5.0,,,具体收费情况以现场公示为主,,4
库车大馕城,http://travel.qunar.com/p-oi38342592-kuchedanangcheng,,大馕城位于阿克苏地区库车市。在这里人们可以品尝各种各样的美食，特别是当地的馕，有核桃馕，玫瑰馕等，也可以进入馕店内，了解馕文化。,,,1.0,建议游览时间：2小时 - 3小时,,,,4
阿克苏老街,http://travel.qunar.com/p-oi38042489-akesulaojie,,老街两旁种有茂密的桑葚树，街区内有各种民宿，餐厅星罗棋布。,,,3.9,建议游览时间：0.5小时 - 1小时,,具体收费情况以现场公示为主,,4
139胡杨秘境公路,http://travel.qunar.com/p-oi38033424-139huyangmijinggonglu,,,,,--,,,具体收费情况以现场公示为主,,4
欧尔达巴格科壳其买力历史文化街,http://travel.qunar.com/p-oi37806877-ouerdabagekeqiaoqimai,,,,,--,,,具体收费情况以现场公示为主,,4
博孜日格河谷,http://travel.qunar.com/p-oi37164741-bozirigehegu,"

地址:
新疆维吾尔自治区阿克苏地区拜城县

",博孜克日格河谷蜿蜒曲折，基本全是碎石坡，冰川融水沿碎石缝隙流入河谷，河水时而漫过石块，时而汹涌拍打石块。,全年 全天开放,,0.0,,,,,5
五团农贸市场,http://travel.qunar.com/p-oi36140160-wutuannongmaoshichang,,,,,0.0,,,具体收费情况以现场公示为主,,5
塔克拉玛干沙漠（阿克苏）Taklimakan Desert,http://travel.qunar.com/p-oi36122102-takelamaganshamo,,塔克拉玛干沙漠全长约一千公里，分布在巴音郭楞、阿克苏、喀什、和田几个地区，流动沙丘的面积较大，景色壮丽。,,https://tr-osdcp.qunarzz.com/tr-osd-tr-space/img/bcd254ac62bac6acfb3d80aaa54b8ff6.jpg_480x360x95_bc80f4be.jpg,4.6,建议游览时间：2小时 - 4小时,,具体收费情况以现场公示为主,,5
"温宿县平台子Pingtaizi Scenic Area, Wensu County",http://travel.qunar.com/p-oi35831949-wensuxianpingtaizi,"

地址:
新疆维吾尔自治区阿克苏地区温宿县Y115

",景区位于阿克苏地区温宿县塔克拉克牧场，是天山重点自然保护区，也是雪豹自然保护区。景区植被覆盖率高，环境优美，是夏季避暑的好地方，在此可欣赏美丽的自然景观，观看野生动物。,全年 9:00-18:00,,5.0,建议游览时间：12小时 - 3天,,具体收费情况以现场公示为主,,5
康村Kang Village,http://travel.qunar.com/p-oi35693267-kangcun,"

地址:
阿克苏地区库车市--阿格乡

", 康村位于阿克苏地区。村子尽头有一个湛蓝的小湖。在这里家家户户种植了艳丽的鲜花，花朵后面是一幢幢具有鲜明民族特色的院落。还有康村的特色美食-囊，独特而有滋味。,全年 全天开放,,0.0,建议游览时间：1小时 - 2小时,,具体收费情况以现场公示为主,,5
吐格其Tugeqi Village,http://travel.qunar.com/p-oi35560046-tugeqi,,,,,0.0,,,具体收费情况以现场公示为主,,5
吐克什坦塔木Tukeshi Tantamu Village,http://travel.qunar.com/p-oi35559212-tukeshentantamu,,,,,0.0,,,具体收费情况以现场公示为主,,5
多浪度假村,http://travel.qunar.com/p-oi35446820-duolangdujiacun,,位于县城西北1公里处，交通便利，由208省道直达，多浪月光度假村2004年修建，占地120亩，度假村中以果树为主，主要有梨，苹果，核桃，杏，桑，桃，葡萄等树，是集餐饮，娱乐，休闲，为一体的旅游度假村，一次可同时容纳百人就餐，游玩，还有独具特色的维吾尔民族风味农家菜林中树下空地搭设板床，随处可摆放地毯，在此，您可以边品尝时令新鲜的水果，风味餐饮，还可以观看民族歌舞，欣赏民族音乐.,,,--,,,,,5
怡磬园,http://travel.qunar.com/p-oi35446568-yiqingyuan,,怡磬园位于阿、温公路中断，距温宿县城4公里，距阿克苏市7公里，占地面积155亩，度假村由接待服务中心区、钓鱼台、葡萄林四部分组成。景点环境幽雅，景色迷人，交通方便。,,,--,,,,,5
赤沙山,http://travel.qunar.com/p-oi35446049-chishashan,,由北山冶炼中心顺独库公路继续南行五六千米，眼前浮现一幅“赤沙山”奇景，但见库车河两岸由新生代胶结或半胶结沙硕岩组成的山体，在阳光照射下栩栩生辉，它们在赤红色主色调下，还夹带由降紫，桃红，玫瑰红，黄绿，灰蓝，土黄，淡青，月白，黛黑等条纹和色块，其斑斓的色彩，令人眼花缭乱； 山体受内力的挤压和外力的 侵铢，岩层波状起伏，弯曲段裂，凹凸相间，形成种种怪异的造型，令人目不暇接，赤沙山绵延一二十千米，有“魔鬼峡谷”之称。,,,--,,,,,5
克孜尔尕哈烽火台,http://travel.qunar.com/p-oi35444705-keziergahafenghuotai,,"它座落在库车以北的盐水沟东侧，距县城13公里，维吾尔语中的“克孜尔尕哈”为“红嘴老鸹”或“红色哨卡”之意。这座巍峨的古军事建筑，历经2000多年的风风雨雨，至今依然雄姿犹存。 　　它残高尚有16米，东西底长6米，南，北宽4.5米，下粗上细，由下向上逐渐收缩。烽燧主体系夯土所筑,夯层厚约15厘米，烽燧上部以木柱为骨架，每层间距约1米，顶系土坯垒砌。由于长期风化端部区呈凹陷状，形成一大槽。烽燧北侧尚地坍塌的废墟，系古建筑物的遗，原本可由此登临烽燧之顶。",,,--,,,,,6
神奇峰,http://travel.qunar.com/p-oi35443742-shenqifeng,,温宿县神奇峰旅游景点位于阿克苏市西北方向天山山脉中，托木尔峰脚下，景区距温宿县城110公里，距离天山神木园仅40公里。风景区主要景点沿边境公路两侧分布，，面积广阔而形态各异的巨大风蚀石群，饱经沧桑雄风犹在的边关驿路峰遂，若隐若现胜似世外清凉界的化石村，山梁上忽而略过的珍稀野生动物……，构成了一个独特奇绝的旅游胜地。神奇峰旅游风景区地处古代边关要地，至今流传着很多历史传说和人文典故，保存着比较完整的烽火台、古营地、瞭望点、军马圈等古代军事设施，是古代南...温宿县神奇峰旅游景点位于阿克苏市西北方向天山山脉中，托木尔峰脚下，景区距温宿县城110公里，距离天山神木园仅40公里。风景区主要景点沿边境公路两侧分布，，面积广阔而形态各异的巨大风蚀石群，饱经沧桑雄风犹在的边关驿路峰遂，若隐若现胜似世外清凉界的化石村，山梁上忽而略过的珍稀野生动物……，构成了一个独特奇绝的旅游胜地。神奇峰旅游风景区地处古代边关要地，至今流传着很多历史传说和人文典故，保存着比较完整的烽火台、古营地、瞭望点、军马圈等古代军事设施，是古代南疆各族人民保卫家园的前沿阵地。据考证，公元前174年始相续有张骞、班超、玄奘、唐朝僧人悟空、清朝景廉、林则徐、左宗棠、刘锦棠等历代有影响的人物曾经到这里巡视边防要塞好或领略边关风光。有人这样描述：春，冰雪相融，群山苏醒，泥土芬芳，百草吐绿；夏：繁花似锦，山泉叮咚，牧人踏歌，悠然自得；秋，云绕群峰，斑斓五色，驿路古堡，奇石遍野；冬，冰峰峥嵘，危兹达坂，高乃百盘，行踪若隐。,,,--,,,,,6
浏园度假村,http://travel.qunar.com/p-oi35443734-liuyuandujiacun,,浏园度假村是“国家AA级景区”、“自治区三星级农家乐”、“阿克苏市十佳旅游景点”，坐落在阿克苏市良种场铁路桥东侧多浪河畔，距离市区两公里，占地25亩，交通便利、风景秀美、软硬件设备齐全，是旅游、休闲、聚会的好去处。度假村“茗轩阁”面积400多平方，能同时容纳300多人聚会，适合单位、企业举办大型活动、文艺演出的好场所。二楼为茶苑，站在二楼走廊远眺，可观赏方园几公里的秀丽景色，多浪河景观带尽收眼底。10间棋牌室、保健室装修简洁古朴，环境优雅。10间清真餐饮包厢设...浏园度假村是“国家AA级景区”、“自治区三星级农家乐”、“阿克苏市十佳旅游景点”，坐落在阿克苏市良种场铁路桥东侧多浪河畔，距离市区两公里，占地25亩，交通便利、风景秀美、软硬件设备齐全，是旅游、休闲、聚会的好去处。度假村“茗轩阁”面积400多平方，能同时容纳300多人聚会，适合单位、企业举办大型活动、文艺演出的好场所。二楼为茶苑，站在二楼走廊远眺，可观赏方园几公里的秀丽景色，多浪河景观带尽收眼底。10间棋牌室、保健室装修简洁古朴，环境优雅。10间清真餐饮包厢设计独特，各具风格，可容纳200人同时就餐，一间优雅别致的小型会议室可举办小型会议。度假村还专门为儿童提供了娱乐场所，有滑梯、秋千、旋转木马、充气城堡、儿童游戏机，让小朋友们有自己的一片天地。度假村有鱼池2000多平方米，夏秋两季垂钓者围满渔塘，小憩客房6间，一间套房，还饲养了许多观赏动物：南非驼鸟、珍珠鸡、火鸡、鸳鸯鸭、野鸡、鱼、鸽子、小兔等，让游客大开眼界，园内每到厦季种植的无公害绿色果蔬可供游客自采加工。,,,--,,,,,6
柳荷生态园,http://travel.qunar.com/p-oi35443249-liuheshengtaiyuan,,,,,,,,,,6
阿克苏农业博览园,http://travel.qunar.com/p-oi35442221-akesunongyebolanyuan,,2017年阿克苏大型“灯光艺术狂欢节”将于9月28日在阿克苏农业博览园正式亮相，本届灯光展围绕“天慕走廊”、“星光大道”、“幸福满溢”、“中国元素”“锦绣河山”等几十部光影展开，给您不一样的观感。这场南疆大型灯光节堪称视觉盛宴，由40多组大型立体灯及大型平雕灯组成，由近50位灯艺大师历时20多天现场手工打造，无论在档次、品种、规模、在阿克苏市都是史无前例，堪称首例。此次总计3200万盏灯将为大家献上一场流光溢彩的饕餮盛宴，令阿克苏农博园摇身一变成为阿克苏城中璀璨...2017年阿克苏大型“灯光艺术狂欢节”将于9月28日在阿克苏农业博览园正式亮相，本届灯光展围绕“天慕走廊”、“星光大道”、“幸福满溢”、“中国元素”“锦绣河山”等几十部光影展开，给您不一样的观感。这场南疆大型灯光节堪称视觉盛宴，由40多组大型立体灯及大型平雕灯组成，由近50位灯艺大师历时20多天现场手工打造，无论在档次、品种、规模、在阿克苏市都是史无前例，堪称首例。此次总计3200万盏灯将为大家献上一场流光溢彩的饕餮盛宴，令阿克苏农博园摇身一变成为阿克苏城中璀璨的一颗夜明珠。据悉，本届灯展灯组设计更着眼于玩灯、观灯、赏灯，真正做到继承与创新的完美结合、灯组与灯景的和谐组合、赏灯与游乐参与的有机融合。园区内外装点了500多流星树，将近2000组彩灯组，将整个园区看起来更加完整系统，里外呼应，不仅将传统的工艺展现的淋漓尽致，还融入了很多现代技术，让灯展不仅好看，而且还增加了趣味性。它不仅照亮星空，也丰富了美好生活的内涵。更多精彩还是届时到现场目睹为快吧！,,,--,,,,,6
昭怙厘大寺,http://travel.qunar.com/p-oi35438615-zhaohulidasi,,位于库车县东北23公里的确尔达格山南麓，系魏晋时佛寺遗址、有高塔数处，北面有佛洞，洞壁刻有龟磁文字和佛像。昭怙厘大寺又称苏巴什佛寺，是自治区的重点文物保护单位。该寺分东、西两部分，分布于铜厂河东西两岸。东寺依山而筑，寺内有房舍和塔庙遗址，全系土坯建造，墙壁高者达10余米。城内有三座高塔，可俯瞰全寺遗址。西寺呈方形，周长约318米墙高10米，围墙内残垣密集，似为僧舍所在地。遗址上有数处高塔。北面有佛洞一摊，洞壁上刻有龟兹文字和佛教人物像。过去曾出过铜、铁、...位于库车县东北23公里的确尔达格山南麓，系魏晋时佛寺遗址、有高塔数处，北面有佛洞，洞壁刻有龟磁文字和佛像。昭怙厘大寺又称苏巴什佛寺，是自治区的重点文物保护单位。该寺分东、西两部分，分布于铜厂河东西两岸。东寺依山而筑，寺内有房舍和塔庙遗址，全系土坯建造，墙壁高者达10余米。城内有三座高塔，可俯瞰全寺遗址。西寺呈方形，周长约318米墙高10米，围墙内残垣密集，似为僧舍所在地。遗址上有数处高塔。北面有佛洞一摊，洞壁上刻有龟兹文字和佛教人物像。过去曾出过铜、铁、陶、木器及壁画、泥塑像等，还发现写有古民族文字的木简及残纸。,,,--,,,,,6
园中园休闲度假村,http://travel.qunar.com/p-oi35434485-yuanzhongyuanxiuxiandu,,园中园休闲度假村为国家“1A”级旅游景区。园中园休闲度假村位于沙雅县铁热克东街，距离沙雅县城400米。园中园休闲度假村是具有人工种植与自然景观兼具的综合人文旅游地，面积130余亩，其中，水域面积10余亩，绿地面积100亩，总投资810余万元，有员工20余人。园中园休闲度假村以古朴自然的农家乐旅游为重点，是集酒店、宾馆、桑拿、足浴、茶园、棋牌室、歌舞厅为一体的综合休闲、游乐场所。园中园大门宏伟气派，内有大型水泥地面停车场，可供有人放便停车，园内有建筑面积4000余平方...园中园休闲度假村为国家“1A”级旅游景区。园中园休闲度假村位于沙雅县铁热克东街，距离沙雅县城400米。园中园休闲度假村是具有人工种植与自然景观兼具的综合人文旅游地，面积130余亩，其中，水域面积10余亩，绿地面积100亩，总投资810余万元，有员工20余人。园中园休闲度假村以古朴自然的农家乐旅游为重点，是集酒店、宾馆、桑拿、足浴、茶园、棋牌室、歌舞厅为一体的综合休闲、游乐场所。园中园大门宏伟气派，内有大型水泥地面停车场，可供有人放便停车，园内有建筑面积4000余平方米，均为白墙青瓦建筑，古朴大方，园内左侧为海鲜大酒店，内设雅座9间，大厅宽敞明亮，可同时接待150人就餐，右侧为茶园、棋牌室可供人休憩娱乐，宾馆内有床位30个，提供桑拿、足浴。园中园休闲度假村有四条60米长的葡萄长廊，供游人散布、休息。园内中部有一座古朴自然的大型青瓦凉亭，亭内安装有高档音箱及灯光设备，可举办大型舞会。同时园内建有850平方米的室内游泳馆及950平方米的娱乐休闲二层楼，是人们消暑纳凉的好地方。园内生长着树龄已达百年以上的核桃林，其中穿插着杏林、梨林及各种植物，空气清新、自然。园内建有10座小木屋，16个铺地毯的地台，同时建有孔雀馆、鸵鸟园、荷花池等。还养殖火鸡、家鹅等动物。园中园休闲度假村整齐的花色地砖葡萄长廊，斜铺青色瓦片的大型凉亭，休闲娱乐购物的大型亭台，清漆原木色的别致木屋，特制的具有民族风情的地台、人工特色小渠、钓鱼池都透射着休闲公园所具有的特点。原内景色怡人，环境优雅，是游客休闲娱乐的理想去处。,,,--,,,,,6
多浪河景区,http://travel.qunar.com/p-oi35433946-duolanghejingqu,,新疆阿克苏旅游——国家3A级旅游景区多浪部落（刀郎部落）；位于天山南麓，塔里木盆地西北塔克拉玛干沙漠边缘阿凡提的故乡阿瓦提县城12公里58公里，多浪部落景区以原始胡杨林为背景、以展示刀郎文化为主题；拥有多项国家及自治区级非物质文化遗产——”，奇特的慕萨莱思酿造工艺，景区以刀郎人民俗村寨、刀郎民俗活动、民族歌舞、特色餐饮、狩猎、野生植物园、胡杨观光塔、拓展培训、水上娱乐、鸵鸟园、游泳、休闲度假等为一体。多浪部落景区下一步将准备积极申请国家、自治区旅游发展...新疆阿克苏旅游——国家3A级旅游景区多浪部落（刀郎部落）；位于天山南麓，塔里木盆地西北塔克拉玛干沙漠边缘阿凡提的故乡阿瓦提县城12公里58公里，多浪部落景区以原始胡杨林为背景、以展示刀郎文化为主题；拥有多项国家及自治区级非物质文化遗产——”，奇特的慕萨莱思酿造工艺，景区以刀郎人民俗村寨、刀郎民俗活动、民族歌舞、特色餐饮、狩猎、野生植物园、胡杨观光塔、拓展培训、水上娱乐、鸵鸟园、游泳、休闲度假等为一体。多浪部落景区下一步将准备积极申请国家、自治区旅游发展基金，并分期投资建设景区，力争早日实现把这一景区打造成为国家4A级旅游景区的目标。,,,--,,,,,6
阿艾石窟壁画,http://travel.qunar.com/p-oi35433673-aaishikubihua,,,,,,,,,,6
克孜尔里亚山,http://travel.qunar.com/p-oi35432953-kezierliyashan,,位于库车县城北山区，古称“北山“，史称“赤砂山”。出库车县城向北，,,,--,,,,,6
热斯坦路Resitan Road,http://travel.qunar.com/p-oi35316832-resitanlu,"

地址:
阿克苏地区库车县

",热斯坦路位于阿克苏地区，又叫热斯坦老街，是库车现存为数不多的还保存着民族特色的老居民区，这里的建筑五颜六色，非常具有当地人文气息。,全年 全天开放,,4.0,建议游览时间：2小时 - 3小时,,,,7
吾斯塘博依村三小队Team 3 of Wusitangboyi Village,http://travel.qunar.com/p-oi35306138-wusitangboyicunsanxiao,,,,,0.0,,,具体收费情况以现场公示为主,,7
阿克吾斯塘村Akewusitang Village,http://travel.qunar.com/p-oi35306090-akewusitangcun,,,,,0.0,,,具体收费情况以现场公示为主,,7
拜城五彩山Baicheng Wucai Mountain,http://travel.qunar.com/p-oi35217163-baichengwucaishan,,,,,0.0,,,,,7
浙商世贸中心Zheshangshimao Center,http://travel.qunar.com/p-oi35131885-zheshangshimaozhongxin,,,,,0.0,,,具体收费情况以现场公示为主,,7
乌什县博物馆Wushenxian Museum,http://travel.qunar.com/p-oi34273842-wushenxianbowuguan,"

地址:
乌什县科技文化艺术中心

",,全年 周二-周日 10:30-19:00,,0.0,,,免费,,7
拜城县博物馆Baichengxian Museum,http://travel.qunar.com/p-oi34271156-baichengxianbowuguan,"

地址:
拜城县团结路3号

",,全年 周二-周日 10:00-18:00,,0.0,,,免费,,7
柯坪县博物馆Kepingxian Museum,http://travel.qunar.com/p-oi34270768-kepingxianbowuguan,"

地址:
柯坪县文化艺术中心

",,全年 10:00-19:00,,0.0,,,免费,,7
团结广场Tuanjie Square,http://travel.qunar.com/p-oi31974101-tuanjieguangchang,,,,https://tr-osdcp.qunarzz.com/tr-osd-tr-manager/img/6ee39a22c9efe31c09d0a50d0256bbbb.jpg_480x360x95_fcdc67ff.jpg,5.0,,,具体收费情况以现场公示为主,,7
阿克苏国家湿地公园National Wetland Park,http://travel.qunar.com/p-oi27569943-akesuguojiashidigongyuan,,国家湿地公园是当地市民的网红打卡地。一年四季风景各异，景色美不胜收。使游客流连忘返。,,https://tr-osdcp.qunarzz.com/tr-osd-tr-manager/img/a29d1f4ef30950171039f5bc73a1bed5.jpg_480x360x95_3f859542.jpg,4.5,建议游览时间：2小时 - 3小时,,具体收费情况以现场公示为主,,7
库孜翁牧场Kuziweng Pasture,http://travel.qunar.com/p-oi26658050-kuziwengmuchang,,,,,0.0,,,具体收费情况以现场公示为主,,8
阿克苏地区文化馆Aksu Cultural Center,http://travel.qunar.com/p-oi26577391-akesudiquwenhuaguan,"

地址:
阿克苏地区阿克苏市文化路16号

",阿克苏地区文化馆又叫做阿克苏地区美术馆，这里还会组织市民学习跟文化有关的知识和技巧，文化气息很是浓郁，值得去参观。,全年 10:00-18:00,https://tr-osdcp.qunarzz.com/tr-osd-tr-manager/img/755b279d7b52db72a56221430d794aa5.jpg_480x360x95_efc51a65.jpg,4.6,建议游览时间：1小时 - 2小时,,凭本人身份证免费参观,,8
阿克苏科技馆Aksu Science and Technology Museum,http://travel.qunar.com/p-oi26577302-akesukejiguan,,,,,,,,,,8
姑墨亭,http://travel.qunar.com/p-oi26577288-gumoting,"

地址:
阿克苏市杭州大道附近，阿克苏地区博物馆对面

",姑墨亭是阿克苏的一个人文景点。作为丝绸之路上的重要一战，其历史意义重大。但现如今的姑墨亭是为了纪念那段历史重建的。,全年 全天开放,https://tr-osdcp.qunarzz.com/tr-osd-tr-manager/img/18943ee2e647a62ba3d3f1a968a690fc.jpg_480x360x95_32e61957.jpg,4.8,建议游览时间：1小时 - 2小时,,具体收费情况以现场公示为主,,8
温州路步行街WenZhou Lu BuXingJie,http://travel.qunar.com/p-oi24440576-wenzhoulubuxingjie,,温州路步行街就位于新疆阿克苏市，这里衣服、鞋子等商品种类繁多，还有各种美食小吃。,,https://tr-osdcp.qunarzz.com/tr-osd-tr-manager/img/81f260813a7694acdfd0abf8bee6da6c.jpg_480x360x95_0c326a7c.jpg,4.3,建议游览时间：2小时 - 3小时,,具体收费情况以现场公示为主,,8
金龙地下街JinLong DiXia Jie,http://travel.qunar.com/p-oi24440574-jinlongdixiajie,,,,,0.0,,,具体收费情况以现场公示为主,,8
怡和商业街YiHe ShangYeJie,http://travel.qunar.com/p-oi24440571-yiheshangyejie,,,,,0.0,,,具体收费情况以现场公示为主,,8
九阳商业步行街JiuYang ShangYe BuXingJie,http://travel.qunar.com/p-oi24439467-jiuyangshangyebuxingjie,,,,,4.0,,,具体收费情况以现场公示为主,,8
幸福南路步行街XingFu NanLu BuXingJie,http://travel.qunar.com/p-oi24436646-xingfunanlubuxingjie,,,,,0.0,,,具体收费情况以现场公示为主,,8
改革路步行街GaiGe Lu BuXingJie,http://travel.qunar.com/p-oi24436639-gaigelubuxingjie,,,,,0.0,,,具体收费情况以现场公示为主,,8
库车步行街KuCheXian BuXingJie,http://travel.qunar.com/p-oi24436613-kuchebuxingjie,,库车县步行街街上有各色各样的小吃，味道很好，价格优惠，是当地居民吃宵夜的好地方。,,,0.0,建议游览时间：2小时 - 3小时,,具体收费情况以现场公示为主,,9
托木尔冰川Tuomu'er Glacier,http://travel.qunar.com/p-oi24411340-tuomuerbingchuan,,,,,0.0,,,具体收费情况以现场公示为主,,9
塔里木祥龙湖Tarim XiangLong Lake,http://travel.qunar.com/p-oi24410912-talimuxianglonghu,"

地址:
新疆维吾尔自治区阿克苏市塔里木拦河闸畔

",,全年 全天开放,https://tr-osdcp.qunarzz.com/tr-osd-tr-manager/img/616e20aba2c841825bc0ad3303720ddf.jpg_480x360x95_243e7cc6.jpg,0.0,,,具体收费情况以现场公示为主,,9
阿克苏河地区湿地Akesu River Wetlands,http://travel.qunar.com/p-oi24410909-akesuhediqushidi,"

地址:
境内

",,全年 8:00-19:00,,5.0,,,,,9
金字塔自然旅游区(雅丹地貌)Pyramid Nature Tourism Area (Yadan Landform),http://travel.qunar.com/p-oi23343642-jinzitaziranlu:youqu,,旁边是独库公路终点的里程碑，内有雅丹地貌土堆和断崖，土堆经历长时间的风蚀，土质比较疏松。,,,0.0,建议游览时间：1小时 - 2小时,,具体收费情况以现场公示为主,,9
顷希阿尔故城Great Ancient City,http://travel.qunar.com/p-oi23342259-qingxiaergucheng,,顷希阿尔故城，又名大故城。系汉唐遗存。位于库车县东南60公里冼的东湖戈壁之中。城略呈圆形，残存城基高约0.6米，周长924米。醅有一座已颓圮的周围约120米的土墩，原形难辨。据考，这座故城与轮台县的卓里特沁故城之形制略似，可能为汉代屯田时田卒所筑之校尉城。现为自治区重点文物保护单位。,,,0.0,,,具体收费情况以现场公示为主,,9
阿克苏双龙池Aksu Double Dragon Pond,http://travel.qunar.com/p-oi23342254-akesushuanglongchi,,双龙池位于库车县境内北部山区，海拔2400米的天山深处。周围芳草萋萋，森林葱郁，湖水清澈，山色秀丽。,,https://tr-osdcp.qunarzz.com/tr-osd-tr-manager/img/dbe2a5b908bc773d1c4159c965ef4905.jpg_480x360x95_006901a6.jpg,0.0,建议游览时间：2小时 - 3小时,,具体收费情况以现场公示为主,,9
察尔其雅丹地貌Cha'erqiyadan Landform,http://travel.qunar.com/p-oi23341944-chaerqiyadandimao,,,,,0.0,,,具体收费情况以现场公示为主,,9
博孜墩Bozidun Township,http://travel.qunar.com/p-oi23341937-bozidun,,,,https://tr-osdcp.qunarzz.com/tr-osd-tr-manager/img/c05118b4d3e14f8f80025cfa33c0c2ce.jpg_480x360x95_009c4b46.jpg,0.0,,,具体收费情况以现场公示为主,,9
小龙池Kuche Xiaolongchi,http://travel.qunar.com/p-oi23341923-xiaolongchi,,库车小龙池全长两百多米，形似一个酒葫芦。湖心墨绿色水草晃动，像是一条黑色条带，酷似蛟龙，遂得名。,,https://mp-piao-admincp.qunarzz.com/mp_piao_admin_mp_piao_admin/fusion/20198/98ec6c6e01ae249b93926a30803d2ab6.jpg_480x360x95_ba6834a7.jpg,4.6,建议游览时间：0.5小时 - 2小时,,具体收费情况以现场公示为主,,9
苏巴什昭怙厘佛寺遗址Subashenzhaohu Lifu Temple Ruins,http://travel.qunar.com/p-oi23341304-subashenzhaohulifosiyi,,苏巴什昭怙厘佛寺遗址分东、西两寺，历史悠久，曾出土过隶属不同朝代的铜、铁、陶、木器、壁画等文物。,,https://tr-osdcp.qunarzz.com/tr-osd-tr-manager/img/c15a186f4a7cb73d314f07bc15e3a03b.jpg_480x360x95_97be6fb3.jpg,4.6,建议游览时间：2小时,,,,10
天山托木尔森林公园Tianshan Tuomu'er Forest Park,http://travel.qunar.com/p-oi20980851-tianshantuomuersenlin,"

地址:
阿克苏地区温宿县

",新疆托木尔峰自然保护区位于新疆维吾尔自治区阿克苏地区温宿县北部与吉尔吉斯斯坦相接壤，地处东西向的托木尔山与南北向子午山岭的交界点，天山托木尔森林公园平台子景区位于保护区内。当地人也称为“平台子景区”“塔格拉克牧场”，这里是是天山重点自然保护区，也是雪豹自然保护区。由于临雪山脚下，雨水充足，所以绿草成茵。    ,10:00-20:00,,4.9,建议游览时间：2小时 - 3小时,,具体收费情况以现场公示为主,,10
胡杨林自然公园Hu Yanglin Nature Park,http://travel.qunar.com/p-oi20955143-huyanglinzirangongyuan,"

地址:
阿克苏地区沙雅县

", 沙雅县隶属库车，古时属龟兹国。沙雅地区是中原汉文化，南亚佛教文化，波斯文化，希腊罗马文化的交融店，千佛洞，大峡谷，世界较大的原始胡杨林就在于此。,全年 9:00-19:00,https://tr-osdcp.qunarzz.com/tr-osd-tr-manager/img/a9c266cae06496307a9b550857559ddf.jpg_480x360x95_b43c9308.jpg,4.5,建议游览时间：12小时 - 3天,,具体收费情况以现场公示为主,,10
温宿古城古墓群Ancient Tombs of Wensu Old City of Wensu,http://travel.qunar.com/p-oi20949586-wensuguchenggumuqun,,温宿古城古墓群位于阿克苏地区温宿县，这是一片据说已有数百年历史的维吾尔古墓群。起伏错落的墓葬，绵延数平方公里。既有土垣环列的家族墓园，也有形单影只的孤冢坟丘；既有高大气派的墓门拱拜，而更多的是排列有序的平民坟茔。在这里，游人可以更多地了解到维吾尔族葬丧习俗，还可以通过雕饰精巧造型别致的墓门、墓室外，进一步了解维吾尔族建筑和绘画等艺术风格。,,,4.0,建议游览时间：1小时 - 2小时,,具体收费情况以现场公示为主,,10
通古斯古城址Tong'gusi Ancient City Site,http://travel.qunar.com/p-oi20934401-tonggusiguchengzhi,,,,,0.0,建议游览时间：1小时 - 2小时,,具体收费情况以现场公示为主,,10
麻扎塔格山Mazhatage Mountain,http://travel.qunar.com/p-oi20925452-mazhatageshan,,,,,0.0,建议游览时间：1小时,,具体收费情况以现场公示为主,,10
埃格麦里央达古城Ai'ge Maili Yangda Old City,http://travel.qunar.com/p-oi20904188-aigemailiyangdagucheng,,,,https://tr-osdcp.qunarzz.com/tr-osd-tr-manager/img/766570ac702a00ba46eb10358222325a.jpg_480x360x95_f0bb2b04.jpg,1.0,建议游览时间：2小时 - 3小时,,具体收费情况以现场公示为主,,10
土塔Tuta Tower,http://travel.qunar.com/p-oi20904187-tuta,"

地址:
新疆维吾尔自治区库车县城西10 公里的公路旁

",,全年 全天开放,,0.0,建议游览时间：2小时 - 3小时,,具体收费情况以现场公示为主,,10
库车大峡谷国家地质公园Kuche Grand Canyon National Geopark,http://travel.qunar.com/p-oi19978090-kuchedaxiaguguojiadizhi,,库车大峡谷国家地质公园在新疆阿克苏地区库车县。该公园以发育于新生界红色砂岩中的峡谷为特色，其他尚有第四纪冰川遗迹、雅丹地貌景观等。,,https://tr-osdcp.qunarzz.com/tr-osd-tr-manager/img/e4144d33a3659d0637d7d8c63791f431.jpg_480x360x95_cd312569.jpg,4.8,建议游览时间：12小时 - 3天,,具体收费情况以现场公示为主,,10
英买力镇文化广场Yingmailizhen Culture Square,http://travel.qunar.com/p-oi19977479-yingmailizhenwenhuaguang,,,,,0.0,,,具体收费情况以现场公示为主,,10
