名字,链接,地址,介绍,开放时间,图片链接,评分,建议游玩时间,建议季节,门票,小贴士,Page
太行大峡谷景区Taihang Grand Canyon Scenic Area,http://travel.qunar.com/p-oi712732-taixingdaxiagujingqu,"

地址:
安阳市林州市石板岩乡林石线


电话:
0372-6082888,0372-6082999


官网:
http://www.thdxg.net/

",太行大峡谷有着典型的北方山水特色，除了林海和瀑布，还处处可见刀削斧劈的悬崖，可以欣赏到雄奇的北国风光。整个景区分为三大区域：桃花谷、王相岩和太极冰山，此外还有桃花谷附近的太行天路可以游玩。景区有桃花谷和王相岩两个入口。三个景区中，桃花谷为“水景”，谷内遍布溪水汇集成的瀑布，从山顶飞流而下汇成一个个水潭；王相岩区域内为“山景”，有开凿在山崖中的栈道、建在山崖上的80米高的筒梯等，如果你是户外登山爱好者，这里不能错过；太极冰山就是山中的一个山洞，洞内有常年不化的寒冰；而太行天路，全程有景区提供的观光车（车费和门票捆绑销售），你可以在车中欣赏太行山的壮丽雄姿。因为景区面积较大，玩遍景区一般需要两天。景区门票两日内有效，在两天的时间内，游客可以凭票多次进出景区，但每个景点仅可游览一次。当天游览完毕后出景区，可以在景区外的石板岩乡住宿。石板岩乡距离景区的两个入口步行都在30分钟左右，并且有很多农家乐，食宿都挺方便，价格也不贵。石板岩乡里的建筑很多是就地取材，使用的是太行山的山石，石街、石院、石墙、石水缸、石桌、石凳等等，连房子都是石头造的，非常有乡土特色。这里也是美院学生或者美术爱好者绘画写生的集中地，可能看到不少小清新文艺范儿的帅哥和美女。,"8:00-17:30,16:30停止入园；景区漂流开放时间随天气改变，详情可电话咨询。",https://img1.qunarzz.com/travel/d6/1611/84/83ff5788045cf6b5.jpg_480x360x95_0e51f44a.jpg,4.7,建议游览时间：3天 - 6天,春夏两季。,"{'太行大峡谷景区门票学生票\n\n': ['¥95起'], '太行大峡谷漂流门票成人票\n\n': ['¥140起'], '太行大峡谷景区(含景交车)门票成人票\n\n': ['¥135起']}",,1
红旗渠Red Flag Canal,http://travel.qunar.com/p-oi703000-hongqiqu,"

地址:
安阳市林州市


电话:
0372-6811466


官网:
http://www.hqq.org.cn/

",,4/1-10/31 08:00-18:00;11/1-3/31 08:00-17:30,https://img1.qunarzz.com/travel/d3/1610/57/635fe813f63cc4b5.jpg_480x360x95_b0d77a34.jpg,4.6,建议游览时间：12小时 - 3天,,"{'红旗渠门票成人票\n\n': ['¥80起'], '红旗渠门票儿童票\n\n': ['¥40起'], '红旗渠门票学生票\n\n': ['¥40起']}",,1
殷墟Yinxu Museum,http://travel.qunar.com/p-oi707095-yinxu,"

地址:
安阳市殷都区殷墟路1号


电话:
0372-3161008,0372-3161022


官网:
http://www.ayyx.com/

",殷墟，是中国商代后期都城的遗址，是中国历史上被证实的第一个都城，位于安阳市殷都区。殷墟出土了大量的青铜器、甲骨文等具有珍贵史料价值的文物。其中重达875公斤的“司母戊大方鼎”，是珍贵的青铜器；而甲骨文则是中国古老的文字、汉字的前身，它的发现，改变了中国的考古编年史，把中国有文字记载的可信历史提前到了商朝。殷墟总面积非常大，达到24平方公里，游客游览的主要是殷墟博物馆、殷墟王陵遗址和殷墟宫殿宗庙遗址等处。景区内的指示牌非常清晰，根据这些指示牌步行游览非常轻松。景区内的博物馆陈列了大量的青铜器、石器、玉器等出土文物，但“司母戊大方鼎”、“妇好鸮尊”等珍贵文物，已经被调配到中国国家博物馆或河南博物院了，在这里你看到的是文物的复制品。景区内的殷墟王陵遗址，是学术界公认的商王朝的皇家陵地和祭祀场所。宫殿区出土了大量的甲骨文、青铜器等，其中包括“司母戊大方鼎”。这里先后发现了13座王陵大墓，2000多座陪葬墓、祭祀坑与车马坑。王陵遗址的东区，祭祀坑的数量众多，坑内有不少人（殉葬的人）、畜骨架，是殷王室祭祀先祖的一个公共祭祀场地。殷墟的宫殿宗庙遗址，是商王处理政务和居住的场所，是殷墟最重要的遗址和组成部分，包括宫殿、宗庙等建筑基址80余座。在宫殿宗庙遗址的西面和南面，有一条人工挖掘的防御濠沟，将宫殿宗庙环抱其中，起到类似宫城的作用。宗庙遗址也是世界文明古国中著名的“古典城邦”之一。宫殿宗庙遗址区内还有商王武丁的配偶——“妇好”的墓，这是迄今为止发现的一座保存完整的商王室成员墓葬，也是能与甲骨文联系并断定年代、墓主人及其身份的商代王室成员墓葬。墓室内还发现有“殉人”16人，出土器物上千件，包括骨器、玉器和青铜器。在景区的东部，还建有“甲骨碑林”，用碑刻的形式，展示了大量的甲骨文，有兴趣的游客可以去看看。,全年 08:00-17:00,https://img1.qunarzz.com/travel/d7/1508/40/8b6e56c9d1d18e.jpg_480x360x95_f2986039.jpg,4.7,建议游览时间：2小时 - 4小时,,"{'安阳殷墟门票成人票\n\n': ['¥65起'], '安阳殷墟门票学生票\n\n': ['¥35起'], '殷墟门票+汤阴岳飞庙门票成人票\n\n': ['¥88起']}",,1
羑里城Youli City,http://travel.qunar.com/p-oi7468689-youlicheng,"

地址:
河南省安阳市汤阴县韩庄镇文王路北段


电话:
0372-6231399

",位于安阳市汤阴县城北约4公里处的羑里城，有7米厚的龙山文化和商周文化遗存，是3000年前殷纣王关押周文王姬昌7年之处，是我国历史上有文字记载的第一座国家监狱，也是“文王拘而演《周易》”的圣地，周文王在这里根据伏羲的八卦，推演出64卦384爻，后人为纪念西伯姬昌，在羑里城遗址上建起文王庙。姬昌在羑里被囚的漫长岁月里著成《周易》一书，后被列为五经之首。羑里城遗址现存有演易坊、山门、周文王演易台、古殿基等，还有《周文王羑里城》、《禹碑》、《文王易》等碑刻十余通，其中演易坊是一座青石牌坊，位于城台的南端，上镌三个楷书大字“演易坊”，东西两侧各有一块石碑，西侧碑上刻着“周文王羑里城”6个大字，东侧碑上刻着的则是著名的“禹碑”。演易台就是传说中的姬昌被囚之所，分上下两层，门楣上刻有“演易台”三字。景区内的八卦阵迷宫，是完全按照八卦阵图所建，分别布有群英阵、连环阵、诱敌阵、将军阵、卧龙阵、长蛇阵、迷魂阵、十面埋伏阵八个阵势，相传是三国时期诸葛亮按照九宫八卦方位和五行生克原理布成的作战阵图。游客可以亲自进入阵中，探索一番这神秘莫测的八卦阵。如果真的走不出来也不要紧，有专门的小洞可以爬出来。景区周边有很多测字算命老先生，在这里已经成为一种职业，每人都坐在一个小房间内。,全年 08:10-18:00;全年 08:10-17:30,https://img1.qunarzz.com/travel/d1/1712/e9/aefc74e9a13bdbb5.jpg_480x360x95_a7c6b708.jpg,4.5,建议游览时间：2小时 - 3小时,,"{'羑里城门票成人票\n\n': ['¥35起'], '羑里城门票优待票\n\n': ['¥19起'], '羑里城门票+汤阴岳飞庙门票成人票\n\n': ['¥50起']}",,1
魁星阁景区,http://travel.qunar.com/p-oi38817959-kuixinggejingqu,,,,,0.0,,,具体收费情况以现场公示为主,,1
韩琦庙Hanqi Temple,http://travel.qunar.com/p-oi27338894-hanqimiao,,,,,--,,,具体收费情况以现场公示为主,,1
石板岩村Shibanyancun,http://travel.qunar.com/p-oi23344140-shibanyancun,"

地址:
安阳市林州市石板岩乡石板岩村

",石板岩镇位于河南省林州市西部，东和林州市姚村镇相依，东南和林州市城郊乡为邻，北和林州市任村镇相连，西与山西省平顺县接壤。全镇南北长约为30公里，东西宽约4.5公里，总面积约为114平方公里。石板岩的自然风光很美，有名的王相岩和桃花谷等景区就位于此地。 ,全年 全天开放,https://tr-osdcp.qunarzz.com/tr-osd-tr-manager/img/cd345f4ba1f4570bc615d5127f2015b0.jpg_480x360x95_fdc5e760.jpg,4.7,建议游览时间：12小时 - 3天,,具体收费情况以现场公示为主,,1
定国寺Dingguo Temple,http://travel.qunar.com/p-oi10007253-dingguosi,,定国寺位于河南省安阳市韩陵山之顶。韩陵山，名为山，实为丘，海拔87.8米。据史料记载，定国寺始建于北魏永熙二年（公元532年），毁于1951年。占地100亩。“韩陵片石”为安阳八大景之一。相传丞相高欢为纪念韩陵山大捷，在山顶建《定国寺》，树碑旌功。其碑历负盛名，为安阳一大名胜，定国寺附近还有其他名胜古迹十一处之多。,,https://tr-osdcp.qunarzz.com/tr-osd-tr-manager/img/6fc6d56f2eb307041c4901c4563c68ac.jpg_480x360x95_8a4d9a6b.jpg,4.5,建议游览时间：1小时 - 2小时,,具体收费情况以现场公示为主,,1
殷墟甲骨文碑林Yinxu Oracle Bone Stele Forest,http://travel.qunar.com/p-oi10007250-yinxujiaguwenbeilin,"

地址:
殷墟宫殿宗庙遗址内


电话:
0372-3161022,0372-3932171

",甲骨文碑林，是由我国著名甲骨文学者王宇信，杨升南先生精选，以原甲骨片大而成石碑，共30通。其内容涉达125个，记载了大将与两方国即土方和工口方的战争。自1899年王懿荣认定甲骨文以后，甲骨文就受到金石学家的重视，多方收购，古董商为获取更大的利润对甲骨文的出土地秘而不宣、封锁消息。1911年，著名金石学家罗振玉派弟弟罗振常来到安阳调查，不仅弄清了甲骨文了出土殷墟的准确位置，带收购到大量的刻有文字的甲骨片，其中就有一块甲骨王，一块完整的龟板。听说出卖这片甲骨的人，用赚来的钱，买了20亩土地。,"景区暂时停业，详情请以景区公示为准；原开放时间：包含于殷墟景区，景区开放时间8:00-18:00,17:00停止售票，景点开放时间详见景区现场公示。",https://img1.qunarzz.com/travel/poi/1712/3e/dc898eaca7b95737.jpg_480x360x95_e6e77c8a.jpg,4.4,建议游览时间：0.5小时 - 1小时,,景区暂时停业，详情请以景区公示为准；原门票：包含在殷墟景区内，通用于殷墟景区门票。,,1
安阳博物馆Anyang Museum,http://travel.qunar.com/p-oi9022178-anyangbowuguan,"

地址:
安阳市文峰区文明大道436号


电话:
0372-3776786,0372-3776785


官网:
http://www.aybwg.org/

",安阳博物馆，位于安阳市中心，与安阳市图书馆共用一幢大楼。博物馆的常设陈列都在大楼的二、三楼。博物馆虽然不大，但由于安阳是殷商的故都，历史悠久，文物众多，所以馆内的藏品也是非常具有特色和值得一看的。在安阳博物馆游览，二楼的青铜器和三楼的陶瓷器陈列是你参观的重点。在这里你能够观赏到商代的兽面纹青铜斝、弦纹青铜甗、“丹”青铜卣、“父乙车衢”青铅觚等青铜器。同时在二楼你还可以观赏到商代的“玉戈”，戈是研究我国古代礼制的重要实物资料。安阳博物馆陈列的戈器型硕大，是商代玉器中的珍品，在殷商玉器中较为罕见。三楼的陶瓷器主要以清代的文物为主，能够观赏到清代乾隆年间瓷器的佳品“乾隆款粉蓝釉铺首衔环瓶”，造型端庄大方，釉色光亮；“粉彩百鹿尊”，尊的底部有青花六字无边栏款“大清乾隆年制”行书款，但这件文物是光绪年间仿乾隆瓷器的精品；还有康熙时期青花瓷器的典型作品“青花人物故事图凤尾尊”，通体施白釉，腹与颈上都绘有青花人物故事图。底部有青花双圈。此外，在馆内游览时，还能欣赏到一批清代时期的书画，以及“安阳地区木刻版展”。安阳地区木版年画多以神像、族谱、山水花鸟、建筑、戏曲故事等为表现内容，以中堂、墙画、门贴、和供人们日常使用的扇面、纸牌、灯笼画等为表现形式，是安阳地区独具特色的民间文化遗产。博物馆在市政府前面，有时晚上在两栋建筑之间的广场上，会有音乐喷泉的表演。,全年 周一 全天不开放 ;全年 周二-周日 09:00-16:40,https://img1.qunarzz.com/piao/fusion/1808/af/909dbc035573002.jpg_480x360x95_67c7a6bb.jpg,4.5,建议游览时间：1小时 - 2小时,四季皆宜。,免费,这个也叫安阳两馆，里面有博物馆和图书馆。博物馆在左侧，图书馆在右侧,1
袁林Yuan Lin,http://travel.qunar.com/p-oi712704-yuanlin,"

地址:
安阳市北关区桥北航派出所向西150米


电话:
0372-5365808,0372-2253005

",袁林，也被叫做袁公林，是袁世凯的墓地。墓园建筑大的特点是中西合璧，建筑群仿明清帝陵建筑风格，而袁氏墓冢则仿格兰特濒河庐墓的形制修成，整体风格迥异却非常别致。主要有照壁、神道、牌楼、碑亭、享堂大院等建筑。袁林南端是一大照壁，采用中国传统的硬山顶、绿琉璃瓦规制，内侧满饰砖雕图案，是全国现存照壁中规模大、纹饰精美的一个。而袁林中的牌楼也是一大特色，没有采用中国传统的砖木结构，而是用铁筋洋灰石子筑就，十分特别。牌楼两侧，汉白玉质的望柱和石像生相对而立。向...袁林，也被叫做袁公林，是袁世凯的墓地。墓园建筑大的特点是中西合璧，建筑群仿明清帝陵建筑风格，而袁氏墓冢则仿格兰特濒河庐墓的形制修成，整体风格迥异却非常别致。主要有照壁、神道、牌楼、碑亭、享堂大院等建筑。袁林南端是一大照壁，采用中国传统的硬山顶、绿琉璃瓦规制，内侧满饰砖雕图案，是全国现存照壁中规模大、纹饰精美的一个。而袁林中的牌楼也是一大特色，没有采用中国传统的砖木结构，而是用铁筋洋灰石子筑就，十分特别。牌楼两侧，汉白玉质的望柱和石像生相对而立。向北为碑亭，面阔三间，亭内伏卧着一座巨大的赑屃石雕，上驼高达5.5米的墓碑，墓碑上雕刻出数条盘龙，显示出墓主非比寻常的身份，墓碑正面刻“袁公世凯之墓”几个苍劲挺拔的端楷大字。过了碑亭，就是大门。正面有一座大殿，两侧有陪殿，全是清代风格的建筑，再往前就是袁世凯的葬身之处，三道铁门均是西式建筑风格，而门上的墓徽却雕着苍龙猛虎。袁世凯墓呈圆形，全用钢筋水泥浇铸，周围雕的石狮也是模仿西式的“写实”，而不是中国传统式的“写意”。袁世凯这个古怪的墓也反映了他在历史舞台上的瞬息多变的身份。,冬季8:30-17:30，夏季8:30-18:30，国家规定节假日延长半小时参观。,https://img1.qunarzz.com/travel/d8/1508/41/973f1f2ec73fb0.jpg_480x360x95_d27d3ead.jpg,4.4,建议游览时间：2小时 - 5小时,,"{'安阳袁林门票成人票\n\n': ['¥34起'], '安阳袁林门票学生票\n\n': ['¥17.5起'], '安阳袁林门票双人票\n\n': ['¥68起']}",,2
中国文字博物馆National Museum of Chinese Writing,http://travel.qunar.com/p-oi7569178-zhongguowenzibowuguan,"

地址:
安阳市北关区人民大道东段656号


电话:
0372-2266059,0372-2557558,0372-2266060,0372-2266051


官网:
http://www.wzbwg.com/

",中国文字博物馆位于安阳市行政东区中轴线北端，集文物保护、陈列展示和科学研究功能为一体，是我的一个座以文字为主题的博物馆，整个建筑风格既有现代时尚气息，又充满殷商宫廷风韵，由字坊、广场、主体馆、仓颉馆、科普馆、研究中心、交流中心等建筑组成，收藏了4123件文物，涉及甲骨文、金文、简牍、帛书、少数民族文字等各个方面。博物馆地上有四层、地下一层，门前屹立着高大的字坊。字坊高18.8米，宽10米，取甲骨文、金文中“字”字之形。正门两边各有一只金色玄鸟，造型夸张奇特...中国文字博物馆位于安阳市行政东区中轴线北端，集文物保护、陈列展示和科学研究功能为一体，是我的一个座以文字为主题的博物馆，整个建筑风格既有现代时尚气息，又充满殷商宫廷风韵，由字坊、广场、主体馆、仓颉馆、科普馆、研究中心、交流中心等建筑组成，收藏了4123件文物，涉及甲骨文、金文、简牍、帛书、少数民族文字等各个方面。博物馆地上有四层、地下一层，门前屹立着高大的字坊。字坊高18.8米，宽10米，取甲骨文、金文中“字”字之形。正门两边各有一只金色玄鸟，造型夸张奇特。主馆采用殷商时期的浮雕金顶，展现殷商宫殿“四阿重屋”的特征，通向主馆的道路两旁是由28片极具代表性的青铜甲骨片组成的碑林，隐含了殷商时期具代表性的两种元素——甲骨文和青铜器。中国文字博物馆以世界文字为背景，以汉字为主干，以少数民族文字为重要组成部分，用详尽的资料向世界展示了中华民族一脉相承的文字和辉煌灿烂的文明。,周二-周日9:00-17:00，16:30停止检票（周一闭馆）；节假日、其他重要活动等特殊情况将提前公告参观时间。,https://img1.qunarzz.com/travel/d5/1504/6a/768fce687310b7.jpg_480x360x95_bc40dd7a.jpg,4.9,建议游览时间：2小时 - 3小时,四季皆宜,"{'中国文字博物馆殷商礼品券大小同价\n\n': ['¥10起'], '中国文字博物馆创意礼品券大小同价\n\n': ['¥15起'], '中国文字博物馆商务礼品券大小同价\n\n': ['¥10起']}",1、关于开放时间：16:30将停止检票；节假日、其他重要活动等特殊情况将提前公告参观时间，具体可参考官网。2、关于门票：（1）提前预约，领票参观，网上预约时间为全天24小时，电话预约时间为每日9:00-17:00，每天16:00停止预约次日门票。预约电话：0372-2266059  （2）个人观众凭个人有效证件在票务中心登记领取参观券。老年人、残疾人和军人无需预约，凭本人有效证件可直接进馆参观。,2
文峰塔Wenfeng Tower,http://travel.qunar.com/p-oi711967-wenfengta,"

地址:
安阳市文峰南街2号


电话:
0372-5923227,0372-5971300

",文峰塔位于安阳市古城内西北隅，高 38.65米，周长40米，因塔建于天宁寺内，原名天宁寺塔；又因位于旧彰德府文庙东北方，作为代表当地“文风”的象征，故又称文峰塔。文峰塔建于五代后周广顺二年，距今已有一千余年的历史。虽经历了战争年代的炮火考验，至今依然屹立，巍峨壮观。文峰塔的建筑，富有独特的风格，具有上大下小的特点。由下往上一层大于一层，逐渐宽敞，是伞状形式，为国内外所罕见。该塔高38米，塔身呈八角形，共五层。全部为砖结构，在暗红色的塔砖上雕有图案，内容以佛教故事为主。塔顶有一座小小的宝瓶状塔刹，塔刹形状与北京北海的白塔十分类似。登塔可以眺望到古城的远山近水。,6：00-18：00,https://img1.qunarzz.com/travel/poi/201211/15/fafa987f90b38c06ddb12cfb.jpg_480x360x95_e911d5a4.jpg,4.5,建议游览时间：1小时 - 2小时,,{'安阳天宁寺+登塔门票成人票\n\n': ['¥24.5起']},,2
汤阴岳飞庙Tangyin Yuefei Temple,http://travel.qunar.com/p-oi704213-tangyinyuefeimiao,"

地址:
汤阴县岳庙街84号


电话:
0372 621 3664

",汤阴岳飞庙，原名精忠庙，也被成为“宋岳忠武王庙”，是后人为纪念南宋抗金名将、我国著名民族英雄岳飞而建。庙宇至今有六进院落，景区内含丰富，殿堂雄伟，碑碣林立。 岳飞庙的临街大门为精忠坊，木结构，斗拱型制九踩四昂重翘。坊之正中阳镌明孝宗朱佑樘赐额“宋岳忠武王庙”，两侧八字墙上用青石碣分别阳刻“忠”、“孝”两个大字。过了精忠坊是山门，座北朝南，三开间式建筑，两侧扇形壁镶嵌有滚龙戏水浮雕，门前一对石狮分踞左右。山门檐下一排巨匾，上书“精忠报国”、“浩然正气”、“庙食千秋”，是当代书法家舒同、肖劳的手迹。山门对面为施全祠，里面塑有施全的铜像（施全，南宋刺秦桧而闻名于世的义士，小说《说岳全传》中岳家军将领），对祠前秦桧、王氏、万俟、张俊、王俊五奸党铁跪像呈镇压之势。 在林立的碑刻中，有明清帝王谒庙诗篇，更多的是历代文人学士颂扬英雄的诗词歌赋。穿过御碑亭，便是汤阴岳飞庙景区之主体建筑——正殿。正殿体态稳重，气势恢宏。殿门楣上悬有五块巨匾，分别是“乃武乃文”、“故乡俎豆”、“忠灵示泯”、“百战精威”、“乾坤正气”。其中“百战神威”和“忠灵未泯”为清帝光绪和太后慈禧所题。正殿中央为岳飞彩塑坐像，高丈余，英武魁伟，正气凛凛。上悬“还我河山”贴金巨匾。大殿两侧的东西庑中，是“岳飞史迹陈列室”。 岳飞庙大殿后院，是寝殿、岳云祠、四子祠、岳珂祠、孝娥祠、三代祠等。寝殿上方悬有现代著名书法家商向前、沈鹏等题写的匾额和魏传统等的楹联，内陈列着著名的书法珍品《出师表》石刻。,8:00-18:00,https://img1.qunarzz.com/travel/d4/1612/59/3f266b0af60b93b5.jpg_480x360x95_9d957de2.jpg,4.6,建议游览时间：1小时 - 2小时,,"{'岳飞庙畅游门票成人票\n\n': ['¥55起'], '岳飞庙畅游门票优待票\n\n': ['¥31起'], '岳飞庙老馆门票成人票\n\n': ['¥38起']}",,2
太行平湖,http://travel.qunar.com/p-oi721438-taixingpinghu,,太行平湖即南谷洞水库。位于林州市石板岩乡北部，是太行大峡谷河流“露水河”的拦河蓄水工程，1958年4月始开始施工，1960年7月正式蓄水，坝基高78．5米，坝顶宽10．3米。为粘土斜墙堆石坝体，沥青混凝土护面结构，横跨在海拨700米高的两峡―谷之间，水库长5公里，宽0．5公里，设计库容量为7750万立方米，是红旗渠补源工程。 太行平湖四周青山叠翠，一望无垠的水面波光粼粼，如镶嵌在深山中的一 一面巨大宝镜。水库管理处充分发挥湖周围的丰富旅游资源，建成了仙丹洞、水上乐园、钓鱼湾...太行平湖即南谷洞水库。位于林州市石板岩乡北部，是太行大峡谷河流“露水河”的拦河蓄水工程，1958年4月始开始施工，1960年7月正式蓄水，坝基高78．5米，坝顶宽10．3米。为粘土斜墙堆石坝体，沥青混凝土护面结构，横跨在海拨700米高的两峡―谷之间，水库长5公里，宽0．5公里，设计库容量为7750万立方米，是红旗渠补源工程。 太行平湖四周青山叠翠，一望无垠的水面波光粼粼，如镶嵌在深山中的一 一面巨大宝镜。水库管理处充分发挥湖周围的丰富旅游资源，建成了仙丹洞、水上乐园、钓鱼湾、水下龙宫、情人洞、天坛峰等景点，游客不但能在这里餐饮、歌舞、垂钓，还可乘湖中的汽艇，到库中戏水，饱览高峡平湖的山光水色。太行平湖优美的景色，吸引着许多电影制片厂来此借景拍片，是全国有名的电影、电视制片外景地。,,https://img1.qunarzz.com/travel/d6/1504/3d/b4bcc545cf047c.jpg_480x360x95_043366b0.jpg,4.5,,,,,2
林虑山风景名胜区Mount Linlv,http://travel.qunar.com/p-oi710385-linlu:shanfengjingming,,太行山绵延千里，象一条青色的巨龙，盘踞在河南、山西、河北三省辽阔的大地上。位于林州市西部的一段，被称为南太行林虑山。闻名于世的“人工天河”――红旗渠，就构筑在大山的悬崖峭壁中。因此，该风景区定名为“红旗渠-林虑山风景名胜区”。这里是国家风景名胜区，也是有名的滑翔基地。主要景区面积有100平方公里，我国锦绣山河素有“北雄南秀”之称，而林虑山是北雄风光的胜处。,,https://img1.qunarzz.com/travel/d6/1610/65/8e7cc845ce13dab5.jpg_480x360x95_d7176b7a.jpg,4.7,建议游览时间：12小时 - 3天,,,,2
三杨庄遗址,http://travel.qunar.com/p-oi7468707-sanyangzhuangyizhi,"

地址:
河南省安阳市内黄县

",,9:00-17:30,https://img1.qunarzz.com/travel/poi/1408/25/1a068b0c247a7eacffffffffc8d65eac.jpg_480x360x95_7dcf8471.jpg,0.0,,,20元,,2
青年洞,http://travel.qunar.com/p-oi714888-qingniandong,,由分水苑风景区驱车上行30公里，即可达青年洞风景区。这里山高路险，红旗渠悬挂在巍峨雄险的太行山悬崖绝壁之上，更使你领略到“人工天河”的无尽诗意，主景“青年洞”靠断壁而凿，从大山之中穿通而过，为你展现出一幅雄壮的画卷，将太行美景“雄、险、奇、秀”凝集于此，极目远眺，尽收眼底，惊诧之余，唯有赞叹．．．．．,,https://img1.qunarzz.com/travel/d9/1610/45/7c6bf974018f05b5.jpg_480x360x95_5b5ad652.jpg,4.2,,,,,2
冰冰背The Ice Frozen Cave (Bingbing Bei),http://travel.qunar.com/p-oi703223-bingbingbei,"

地址:
安阳市林州市石板岩乡韩家洼村


电话:
0372-6081983

",冰冰背在河南安阳林县石板岩乡西北部，此处严冬水温气暖，盛夏水寒结冰。冰冰背结冰面积约600平方米左右。每年冬去春来，阳春三月之际，此处开始结冰，结冰时间长达五个月之久，天气越是炎热，冰块生长的就越大、越坚硬。到八月中秋以后，似有凉意之时，这里的冰冻开始融化。到了隆冬时节，涓涓细流从石缝中缓缓流出，热气蒸腾，泉水温和，沿溪水草繁茂，致使附近的桃树提前萌芽、开花。由于这里冰期旺盛之时，恰好是盛夏季节，挥汗如雨的伏天，一踏进这块宝块，立即寒气袭人，冷气刺骨，因此这里也就成为“冬时夏令颠倒颠”的避暑胜地。,全年 7:00-19:00,https://tr-osdcp.qunarzz.com/tr-osd-tr-manager/img/1528375e393bab52f3af10f29a956f64.jpg_480x360x95_d10386d0.jpg,2.3,建议游览时间：2小时 - 3小时,,具体收费情况以现场公示为主,,2
络丝潭,http://travel.qunar.com/p-oi705960-luositan,,处在青年洞西约1公里处的络丝潭风景区，亦被人称为“天桥断”。“络丝潭”因其潭深达一络蚕丝而得名，又因浊漳河有“九峡十八断”，此处是一较大断崭跌水，上有连接豫、冀两省的峡谷索桥，故又称“天桥断”。这里有漳河名胜“小三峡”，可放艇畅游而尽享潭中山水风光；有神秘莫测的“神龟洞”，可欣赏神龟救民的美丽传说；还可过过凌空高悬的“铁索桥”体会一下险绝刺激的感觉。,,https://img1.qunarzz.com/travel/d6/1602/e6/f2fed9e7ae8dacf7.jpg_480x360x95_ccbde6e3.jpg,4.5,,,,,2
猪叫石,http://travel.qunar.com/p-oi718628-zhujiaoshi,,"千古之谜猪叫石，去灾消难保平安。猪叫石也称“报警石""、""灵通石""、""神石”、“奇石’等，因其发音如猪叫，故称“猪叫石""。该石位于林州市太行大峡谷风景名胜区内的高家台辉伏岩自然村旁，进出交通方便，县乡二级水泥公路直通景区，东距林州市区32公里，距安阳市82公里，北距红旗渠青年洞景区40公里。 猪叫石周围群山环抱，山峰突兀，层峦叠嶂，山松柏茂盛，郁郁葱葱，四季如春，白云缭绕，山风习习，百鸟争鸣，光照霞映，如诗如画。猪叫石的上方是悬崖峭壁，危崖倒悬如斧劈刀削。细小...千古之谜猪叫石，去灾消难保平安。猪叫石也称“报警石""、""灵通石""、""神石”、“奇石’等，因其发音如猪叫，故称“猪叫石""。该石位于林州市太行大峡谷风景名胜区内的高家台辉伏岩自然村旁，进出交通方便，县乡二级水泥公路直通景区，东距林州市区32公里，距安阳市82公里，北距红旗渠青年洞景区40公里。 猪叫石周围群山环抱，山峰突兀，层峦叠嶂，山松柏茂盛，郁郁葱葱，四季如春，白云缭绕，山风习习，百鸟争鸣，光照霞映，如诗如画。猪叫石的上方是悬崖峭壁，危崖倒悬如斧劈刀削。细小的山缝中横生着松柏和荆棘，遒劲的树干，茂密的枝叶，展示了顽强不息的生命力。猪叫石的东、南、北方，紧临村庄，周围树木参天，浓荫蔽日，清幽寂静，凉爽宜人。猪叫石整体呈紫红色，体形方正，头西尾东斜插于山崖下的沃土里，高3米，宽3米，厚2米，地上裸露4立方米，层理和节理比较明显，石缝参差不齐，凹凸部分较多。传说猪叫石每逢天下有事，必叫无疑，大事大叫，小事小叫。叫时手摸有微颤之感，近前响动，叫声嘎然而止，待静后叫声复起，其叫声有动感，像猪在石头里边跑边叫，声音忽高忽低，一次能叫百余声，但录音则难。猪叫石还能消灾避难，游人只要在猪叫石前将自己忧虑之事默默告之，猪叫石便能保佑平安。香港、台湾、新加坡等地的游人都专程来此祈福求安，被世人称之为""太行第一奇观”、“千古之谜猪叫石”。 据当地老人说，我国发生的几次大事，猪叫石都有预兆。1937年，日本入侵中国前，猪叫石叫了一个月。1949年，猪叫石发出了欢快的叫声，当年10月，毛泽东主席在天安门城楼庄严宣告了中华人民共和国的成立。1966年，猪叫石又叫了，不久，文化大革命开始了，中国陷入文攻武卫的混乱中。1976年，猪叫石再次发出叫声，这一年，24万人死于唐山大地震。近几年来，香港回归祖国，中国加入世贸组织，北京申奥成功，猪叫石都发出了叫声。 一块没有生命的石头，却在山民的叙述中充满了灵性。""猪叫石""吸引了许许多多中外学者、专家、游人前来考察猎奇，但这个“千古之谜”至今未解。",,https://img1.qunarzz.com/travel/d9/1801/72/42d87f75530379b5.jpg_480x360x95_2a3ab7de.jpg,2.5,,,,,3
太行屋脊景区Taihang Ridge Scenic Area,http://travel.qunar.com/p-oi7468700-taixingwujijingqu,"

地址:
安阳市林州市石板岩太行屋脊风景区


电话:
0372-6082789

",太行屋脊景区是中国书画写生基地，与王相岩、桃花谷、红旗旗渠形成系列风光带。景区入口有宽广清幽的太行平湖，水陆两路进入景区，景区分为平湖区、叠水区、特色农业区、风情民俗区，呈循环连接之势，曲径通幽，适合不同游客游览。这里妍秀如娥嵋，雄伟胜泰山，险峻如华岳，深幽如衡山。红岩壁立万仞，绿树碧映千山，山山皆丰碑，处处入图画，步随景移，可游、可赏、可居、可耕、可休闲、可修身、可涤凡尘，有“世外桃园”、“人间仙境”之美誉。太行屋脊景区旅游资源丰富，既有山地景观又有水域景观，还有人文景观，集雄、奇、险、秀、幽、旷于一体，可与九寨沟、野三坡、蓬莱仙岛相媲美。这里曾是东汉光武帝刘秀逃难避居的地方，也是明代嘉靖十八年山西黎城县临下二十四世海兹舟修身养性、炼丹的地方，还是八路军储粮藏粮的地方。,11/1-3/31 08:00-17:00;4/1-10/31 08:00-18:30,https://img1.qunarzz.com/travel/poi/1408/25/4ac0937b038529b0ffffffffc8d65eac.jpg_480x360x95_f1e21bbd.jpg,4.3,建议游览时间：3小时 - 4小时,,"{'太行屋脊景区门票成人票\n\n': ['¥44起'], '太行屋脊门票学生票\n\n': ['¥35起'], '太行屋脊电子导览服务大小同价\n\n': ['¥10起']}",,3
桃花谷Peach Blossom Valley,http://travel.qunar.com/p-oi718962-taohuagu,"

地址:
安阳市林州市石板岩乡太行大峡谷景区内


电话:
0372-6082888

",桃花谷是太行大峡谷的主要景区之一，也是太行山大峡谷中很迷人的一道景观。这条谷中之谷，长约4千米，海拔约800-1736米，高差近千米，“三步一泉，五步一瀑，十步一潭”，谷谷清流从不间断。谷内奇峰突兀，峭拔雄壮，一条蜿蜒曲折的桃花溪水贯穿峡谷，溪水两岸草藤垂挂，杂木丛林莽莽无际，随山风涌动的绿潮似海水漫卷。谷中有黄龙潭、飞龙峡瀑布、飞龙峡栈道、九连瀑、桃花洞等景点。黄龙潭是桃花谷的精华所在，潭水清澈见底，在阳光下放射出不同的色彩。这里上下双瀑双潭相连也称“子母潭”，站在潭边，可以观看水底鹅卵石上的花纹，看到鱼儿在水里自由自在地游来游去。沿飞龙峡栈道而上，可到飞龙峡，峡谷两岸尽是奇花异草、珍禽异鸟，情趣横生。再往上便可见飞龙峡瀑布，它像是一条巨龙头向上，咀噙宝珠戏耍。桃花谷200米内有大的跌水九处，形成九道瀑布，称为“九连瀑”，若把小跌水也算进去，统共有十几处。九连瀑，潺潺流水，岩层可数，尤为壮观，特别是在天晴日丽的上午8点至10点，站在桃花瀑崖头向下观看，瀑雾中能现出七色长虹，美丽宜人。桃花洞位于桃花洞村半山腰，洞上是万丈悬崖。桃花洞分东西两洞，东洞较大，深30米，宽10米，西洞深16米，宽6米，洞内存石臼一个，保存完好。洞四周山崖上的桃树，每年寒冬腊月，常有小桃花迎雪怒放，有时是满树桃红，有时为一花独放，成一奇观。,包含于太行大峡谷景区，景区开放时间8:00-17:00，景点开放时间详见景区现场公示。,https://img1.qunarzz.com/travel/d2/1801/d5/83cea7a7af9dffb5.jpg_480x360x95_b0266d33.jpg,4.7,建议游览时间：2小时 - 3小时,,包含于太行大峡谷景区内，通用太行大峡谷景区门票。,节假日停车场收费，平时不收费,3
太极山,http://travel.qunar.com/p-oi719174-taijishan,,"太极山是桃花谷景区的一个分景区。""混沌初开盘古先，太极两仪四象悬。”太极冰山是传说中盘古开天的遗迹。亿万年前，在混沌的卵石中孕育成人的盘古，蹬碎了束缚自己的卵石，经过混沌初开，摧肝裂胆的毁灭与新生，开天劈地创造了日月星辰，山川河流，六畜草木，花鸟虫鱼。太极冰山，山岭起舞，沟壑纵横，奇峰林立，千姿百态，古树名木，遍布山野，山中冰窟，多如星辰，山中洞窟，犹如迷宫，林深幽静，群鸟栖息，野兔山獾，出没山林，构成了一幅生机盎然的原始森林图景。片麻岩岩、石英...太极山是桃花谷景区的一个分景区。""混沌初开盘古先，太极两仪四象悬。”太极冰山是传说中盘古开天的遗迹。亿万年前，在混沌的卵石中孕育成人的盘古，蹬碎了束缚自己的卵石，经过混沌初开，摧肝裂胆的毁灭与新生，开天劈地创造了日月星辰，山川河流，六畜草木，花鸟虫鱼。太极冰山，山岭起舞，沟壑纵横，奇峰林立，千姿百态，古树名木，遍布山野，山中冰窟，多如星辰，山中洞窟，犹如迷宫，林深幽静，群鸟栖息，野兔山獾，出没山林，构成了一幅生机盎然的原始森林图景。片麻岩岩、石英岩、石灰岩组成的太古、远古，古生代山体层面，是一座天然的地质博物馆。到太极冰山的原始森林里畅游，呼吸清新湿润的山风，欣赏不可多得的人间奇景，探索神奇的地质奥秘，已成为越来 越多游人的共识。 从桃花洞乘车出发，沿着当年北齐神武帝高欢，拨营逃出困境的行香路，从岔道南行3公里，可探险太极冰山。",,,--,,,,,3
黄华神苑Huanghua Shenyuan,http://travel.qunar.com/p-oi707705-huanghuashenyuan,"

地址:
河南省安阳市林州市


电话:
0372-6893042

",黄华神苑景区位于林虑山主峰东侧，山清水秀，云蒸霞蔚，风光旖丽，煞是壮观，集自然与人文景观于一体，汇古今奇观于一山。有“黄华流水颠倒颠”、“悬流千尺进珠帘”、“酷暑藏冰冰冰洞”等七十二胜景。有战国时期的赵国长城、黄华会馆，东魏高欢避暑宫，隋代的觉仁院，宋代的王母祠、慈明院，明清时期的水帘亭、黄华中院、玉皇阁等建筑群；有金代书画家王庭筠在此隐居时创立的黄华书院及历代诗赋碑碣七十余通；有石塔群两处和古树名木多株。山顶瀑布飞挂，山谷干湖映辉，云隐奇峰，水...黄华神苑景区位于林虑山主峰东侧，山清水秀，云蒸霞蔚，风光旖丽，煞是壮观，集自然与人文景观于一体，汇古今奇观于一山。有“黄华流水颠倒颠”、“悬流千尺进珠帘”、“酷暑藏冰冰冰洞”等七十二胜景。有战国时期的赵国长城、黄华会馆，东魏高欢避暑宫，隋代的觉仁院，宋代的王母祠、慈明院，明清时期的水帘亭、黄华中院、玉皇阁等建筑群；有金代书画家王庭筠在此隐居时创立的黄华书院及历代诗赋碑碣七十余通；有石塔群两处和古树名木多株。山顶瀑布飞挂，山谷干湖映辉，云隐奇峰，水绕幽谷，享有“太行秀林虑峰，林虑黄华更胜名”的赞誉。,全年 8:00-18:00,https://mp-commentcp.qunarzz.com/mp_comment_mp_comment/1558465902922100u14000000wbo035E07_D_640_10000.jpg_480x360x95_a9bb6e75.jpg,4.5,建议游览时间：12小时 - 3天,,"{'黄华神苑门票成人票\n\n': ['¥16.8起'], '林州飞人滑翔伞俱乐部【1200米飞行高度/赠送视频】\n\n': ['¥100起']}",,3
林州太行黄花山Linzhou Huanghua Mountain,http://travel.qunar.com/p-oi711258-linzhoutaixinghuanghua,"

地址:
安阳市林州市林石线

",黄花山位于林县城西10公里处太行山东麓林虑山中。是战国以来历代王朝文人墨客的观光避暑胜地。此处的景点多达72处，既有古代建筑，又有自然风景。历代许多知名的文人墨客，为黄花山留下了不少诗文和书画。五代知名画家荆浩在此画山水树木，并创立了墨笔勾法“全境山水画派”，遂为唐宋代山水画之冠。黄花山山势险峻，绿树掩映，风光旖旎，风景秀丽，四季皆景。,全年 全天开放,,4.9,建议游览时间：12小时 - 3天,,具体收费情况以现场公示为主,,3
仙台山Xiantai Mountain Scenic Area,http://travel.qunar.com/p-oi711097-xiantaishan,"

地址:
安阳市林州市石板岩乡太行隧洞西口


电话:
0372-6081164,

",仙台山是太行大峡谷主要景区之一，主峰海拔1195米。山峰奇秀，俨然一尊大佛巍然屹立，树木繁多，自然景色优美，每至汛期，百泉汇合飞流直下，山光水影，宛如银河倒悬，仙朗凌空，故名仙台山。景区景观分上、中、下层。下一层的仙台山牌坊，用太行山南麓独有的大红袍石料建筑，风格别致。步石台阶经通天门，攀栏直上通天峡，过一崭，一步一景点，一石一奇观。有卧鹰岩、雀吸岩，如来讲经，蘑菇石，蝴蝶展翅石，青蛙望日等。东西北三面悬空。亭内小憩，可观远处的仙桃山，佛招手，华山，...仙台山是太行大峡谷主要景区之一，主峰海拔1195米。山峰奇秀，俨然一尊大佛巍然屹立，树木繁多，自然景色优美，每至汛期，百泉汇合飞流直下，山光水影，宛如银河倒悬，仙朗凌空，故名仙台山。景区景观分上、中、下层。下一层的仙台山牌坊，用太行山南麓独有的大红袍石料建筑，风格别致。步石台阶经通天门，攀栏直上通天峡，过一崭，一步一景点，一石一奇观。有卧鹰岩、雀吸岩，如来讲经，蘑菇石，蝴蝶展翅石，青蛙望日等。东西北三面悬空。亭内小憩，可观远处的仙桃山，佛招手，华山，太行大佛，三马拉轿，宇宙飞船等远景。亭后金龟驮石，鸳鸯鸽和神龟探海等景，形象逼真，过弥勒佛，八仙阁，到女娲补天石，可攀缘到望眼欲空的望情眼一观。攀上小崭，悬空还有一观音洞，洞上的崖缝里长出一桔柑五角枫。观间洞旁有高30.96米的观音菩萨塑像，又称观日出峰。仙台山同年四季，景色各异。山花烂漫，枝头鸟啼。夏天，高瀑流水，青山如洗。秋天，满坡红叶，层林改尽染。冬天，林海冰柱，蔚为大观。,全年 08:00-16:30,https://img1.qunarzz.com/p/tts7/1811/62/93ea740b19bddd02.jpg_480x360x95_fd7eec24.jpg,4.6,建议游览时间：12小时 - 3天,,{'安阳仙台山门票成人票\n\n': ['¥26起']},,3
南老爷顶,http://travel.qunar.com/p-oi39874569-nanlaoyeding,,,,,0.0,,,,,3
洪河湿地公园,http://travel.qunar.com/p-oi39773391-hongheshidigongyuan,,,,,0.0,,,,,3
安阳蓝城天空之境,http://travel.qunar.com/p-oi39629043-anyanglanchengtiankong,,,,,,,,,,3
冉闵纪念园,http://travel.qunar.com/p-oi39627615-ranminjinianyuan,,,,,0.0,,,,,4
安阳渠畔游园,http://travel.qunar.com/p-oi39611649-anyangqupanyouyuan,,,,,0.0,,,,,4
安阳市天境,http://travel.qunar.com/p-oi39610926-anyangshitianjing,,,,,0.0,,,,,4
林虑山四方脑,http://travel.qunar.com/p-oi39610846-linlu:shansifangnao,,,,,0.0,,,,,4
安阳白云山,http://travel.qunar.com/p-oi39610784-anyangbaiyunshan,,,,,0.0,,,,,4
南短沟,http://travel.qunar.com/p-oi39608660-nanduangou,,,,,0.0,,,,,4
鲁班文化展览馆,http://travel.qunar.com/p-oi39602332-lubanwenhuazhanlanguan,,,,,0.0,,,,,4
大垴村,http://travel.qunar.com/p-oi39602144-danaocun,,,,,0.0,,,,,4
止方村,http://travel.qunar.com/p-oi39601927-zhifangcun,,,,,0.0,,,,,4
安阳南万金公园,http://travel.qunar.com/p-oi39601871-anyangnanwanjingongyuan,,,,,0.0,,,,,4
安阳袁薛庄中心公园,http://travel.qunar.com/p-oi39601859-anyangyuanxuezhuangzhong,,,,,0.0,,,,,5
安阳奶奶山,http://travel.qunar.com/p-oi39601766-anyangnainaishan,,,,,0.0,,,,,5
西顶泰山老祖庙,http://travel.qunar.com/p-oi39600020-xidingtaishanlaozumiao,,,,,0.0,,,,,5
安阳龙床口瀑布,http://travel.qunar.com/p-oi39595052-anyanglongchuangkoupu,,,,,0.0,,,,,5
安阳萧曹庙,http://travel.qunar.com/p-oi39577281-anyangxiaocaomiao,,,,,0.0,,,,,5
天之瑶温泉度假村,http://travel.qunar.com/p-oi39559127-tianzhiyaowenquandujia,,天之瑶温泉度假村经营有餐饮、客房、室内温泉、室外温泉，集生态旅游、温泉度假、水上游乐、宴会接待、职业培训于一体。度假村主楼部分包含大厅、更衣室、浴区、宴会厅、按摩房、休息大厅、影视大厅、自助餐厅、按摩房、休息大厅、影视厅、KTV、会议室、健身房、棋牌室、网络会所、美容美发厅、超市等配套服务设施。附楼部分包含室内温泉、室内游泳池、餐饮包房以及不同风格的住宿客房。天之瑶温泉度假村结合厚重的殷商文化，以殷商文化为主题，以周易养生文化为养生理念，以温泉资源为载体。室内温泉总面积6000多平方米，分为三大部分：金步摇冠，殷都秘境，青铜帝国。其中不乏九池泉林、灼甲观兆、商汤龟谷、鹿台瑶池以及福溪林泉等特色泡池。另有泥疗、沙疗等特色温泉养生项目。共有温泉136个，室内温泉50多个，室外温泉80多个，特色汤屋14个。,,,0.0,,,,,5
安阳市广益佰年文旅考古小镇,http://travel.qunar.com/p-oi39559108-anyangshiguangyibainian,,,,,0.0,,,具体收费情况以景区现场公示为准；,,5
广益佰年考古文旅小镇,http://travel.qunar.com/p-oi39528520-guangyibainiankaoguwen,,广益佰年是中国双遗址文旅考古休闲小镇，不仅是工业遗址休闲小镇，还是文旅考古小镇。小镇内有演出剧场，有步行商业街区，十分适合家人朋友前来游玩。,,,0.0,,,,,5
洹河峡谷风景区,http://travel.qunar.com/p-oi39435291-huanhexiagufengjingqu,,,,,0.0,,,,,5
欧阳书院文化园,http://travel.qunar.com/p-oi39368853-ouyangshuyuanwenhuayuan,,"欧阳书院文化园是以欧阳书院为核心，集儒学文化、唐风建筑、园林景观于一身的园林式文化旅游休闲景区。园区占地190余亩，设五大功能区（书院文化区、山水园林区、会展中心区、休闲商业区和中心广场区），充分展示了中华优秀文化的丰富内涵和深厚底蕴。致力于打造“感受国韵儒风、欣赏园林美景、体验民俗风情”的文化休闲景区。
",,,0.0,,,,,5
彰武水库,http://travel.qunar.com/p-oi39160239-zhangwushuiku,,,,,--,,,,,6
洹滨游乐场,http://travel.qunar.com/p-oi39156173-huanbinyoulechang,,,,,0.0,,,,,6
红旗塔公园,http://travel.qunar.com/p-oi38952614-hongqitagongyuan,,,,,0.0,,,,,6
玉皇阁,http://travel.qunar.com/p-oi38879544-yuhuangge,,,,,0.0,,,,,6
龙凤山风景区,http://travel.qunar.com/p-oi38807639-longfengshanfengjingqu,,,,,--,,,具体收费情况以现场公示为主,,6
明福寺塔,http://travel.qunar.com/p-oi38627072-mingfusita,,,,,--,,,具体收费情况以现场公示为主,,6
大王庙,http://travel.qunar.com/p-oi38600804-dawangmiao,,,,,0.0,,,具体收费情况以现场公示为主,,6
安阳市CBD公园,http://travel.qunar.com/p-oi38335996-anyangshicbdgongyuan,,,,,--,,,具体收费情况以现场公示为主,,6
道口古镇Daokouzhen,http://travel.qunar.com/p-oi38135910-daokouguzhen,,,,,,,,,,6
皇后村,http://travel.qunar.com/p-oi38042408-huanghoucun,,皇后村四面环山，村子的南、北侧分别与盘龙山和牛岭山相邻，是一个盆地式的小村落。,,,--,建议游览时间：3小时 - 4小时,,具体收费情况以现场公示为主,,6
络丝潭,http://travel.qunar.com/p-oi38041976-luositan,"

地址:
安阳市林州市任村镇红旗渠风景区内


电话:
0372-6825866

","络丝潭又名“泪思潭”，得名于其潭深一络蚕丝，有着独特的峡谷风光。络丝潭还有一大奇观为""天桥断""，潭水上有连接豫、冀两省的峡谷索桥，河水从峡谷断崖上飞泻成瀑，壮观不已。",全年 08:00-17:00,,0.0,建议游览时间：0.5小时 - 1小时,,位于红旗渠景区内，需先购买红旗渠景区门票方可进入,,7
兴国寺,http://travel.qunar.com/p-oi38035143-xingguosi,,,,,--,,,具体收费情况以现场公示为主,,7
县前街,http://travel.qunar.com/p-oi37807031-xianqianjie,,,,,--,,,具体收费情况以现场公示为主,,7
红旗渠生态园,http://travel.qunar.com/p-oi37806775-hongqiqushengtaiyuan,,,,,--,,,具体收费情况以现场公示为主,,7
龙安公园,http://travel.qunar.com/p-oi37806735-longangongyuan,,,,,0.0,,,,,7
太行山森林运动公园,http://travel.qunar.com/p-oi37806223-taihangshansenlinyundong,,林州太行山森林运动公园位于黄华镇，森林运动公园适合登山、山地自行车、森林探险体验、森林极限运动等多种运动，是附近居民休闲健身的好去处。,,,0.0,建议游览时间：1小时 - 2小时,,具体收费情况以现场公示为主,,7
安阳民俗博物馆,http://travel.qunar.com/p-oi36259011-anyangminsubowuguan,,,,,--,,,具体收费情况以现场公示为主,,7
瓦岗寨,http://travel.qunar.com/p-oi36054511-wagangzhai,,瓦岗寨历史悠久，公元前502年，鲁定公在瓦地与晋兵会师，修建瓦亭，称为瓦岗。公元611年，翟让在此揭竿起义，杀贪诛污，开仓放粮，号称瓦岗军。“隋唐风云寨，秦王盛世群雄园。笑傲江山三百年，万丈豪气绘凌烟。”瓦岗军征战南北，历时八载，气势辉煌。瓦岗文化源远流长，横亘古今，博大精深，瓦岗人热情豪爽，重情重义，质朴醇厚，瓦岗寨人热情欢迎四海宾朋做客，感受古朴的民俗风情，品味千载浩瀚文化，追寻已逝的隋韵唐风，领略古代军事文明。,,,2.9,建议游览时间：12小时 - 3天,,{'瓦岗寨门票成人票\n\n': ['¥25.8起']},,7
"新灵山无生老母殿Palace of the Highest Female Deity, Xinling Mountain",http://travel.qunar.com/p-oi35677203-xinlingshanwushenglao,,,,,--,,,具体收费情况以现场公示为主,,7
马次范村Macifan Village,http://travel.qunar.com/p-oi35386298-macifancun,,,,,--,,,具体收费情况以现场公示为主,,7
岳次范村Yuecifan Village,http://travel.qunar.com/p-oi35384103-yuecifancun,,,,,--,,,具体收费情况以现场公示为主,,8
马鞍垴Maannao Village,http://travel.qunar.com/p-oi35306255-maannao,,,,,--,,,具体收费情况以现场公示为主,,8
郭家岗村Guojiagang Village,http://travel.qunar.com/p-oi35302781-guojiagangcun,,,,,--,,,具体收费情况以现场公示为主,,8
安阳方特东方神画Anyang Oriental Heritage,http://travel.qunar.com/p-oi35214273-anyangfangtedongfangshen,,东方神画里面主要传扬中国传统文化，游玩项目和迪士尼大同小异，很适合带孩子去玩。,,,5.0,建议游览时间：1小时 - 2小时,,具体收费情况以现场公示为主,,8
滑县西湖Huaxian West Lake,http://travel.qunar.com/p-oi35214009-huaxianxihu,,滑县西湖是河南省重点建设项目，蓄水面积达134万平方米，被命名为千翠湖，又称滑县水库。,,,4.0,建议游览时间：2小时 - 3小时,,具体收费情况以现场公示为主,,8
安阳动物园Anyang Zoo,http://travel.qunar.com/p-oi35213894-anyangdongwuyuan,,安阳动物园位于安阳市人民公园北部，园内动物品种繁多，诸如东北虎、非洲狮、黑熊、棕熊、梅花鹿等。,,,0.0,建议游览时间：2小时 - 3小时,,,,8
朝元洞景区Chaoyuandong Scenic Area,http://travel.qunar.com/p-oi35213430-chaoyuandongjingqu,,,,,5.0,,,具体收费情况以现场公示为主,,8
安阳保泰盈殷商博物馆Anyang Baotaiying Yinshang Museum,http://travel.qunar.com/p-oi34271674-anyangbaotaiyingyinshang,,,,,--,,,免费,,8
内黄县三杨庄遗址博物馆Neihuangxian Sanyangzhuang Ruins Museum,http://travel.qunar.com/p-oi34271672-neihuangxiansanyangzhuang,"

地址:
内黄县梁庄镇三杨庄村西

",内黄三杨庄遗址博物馆坐落于河南省内黄县。我国一处保存完整、内涵丰富、价值重大、影响深远的大型汉代农耕聚落遗址。,全年 周二-周日 9:00-17:00,,5.0,建议游览时间：2小时 - 3小时,,免费,,8
安阳学院博物馆Anyang College Museum,http://travel.qunar.com/p-oi34271010-anyangxueyuanbowuguan,"

地址:
安阳市文峰区中华路南段599号

",,全年 9:00-17:30,,--,,,,,8
安阳市殷墟博物馆Anyangshi Yinxu Museum,http://travel.qunar.com/p-oi34271009-anyangshiyinxubowuguan,"

地址:
安阳市殷都区纺织路与纱厂路交叉口西北角


电话:
0372-3161022

", 安阳市殷墟博物馆主体沉入地下，地表用植被覆盖，使建筑与周围的环境地貌浑然一体，尽可能地维持了殷墟遗址原有的面貌。,全年 8:00-17:30,https://flight-feed.qunarzz.com/as3/271/image/poi_vishnu/8ec43674-2381-43c8-beaa-5cdb6b574b8b.jpg,4.7,建议游览时间：2小时 - 3小时,,收费,,9
安阳殷畿艺术博物馆Anyangyinji Art Museum,http://travel.qunar.com/p-oi34269742-anyangyinjiyishubowuguan,"

地址:
安阳市殷都区司空新村西三排一号

",,"全年 周二-周日 9:00-12:00,14:00-18:00",,0.0,,,免费,,9
林州市博物馆Linzhoushi Museum,http://travel.qunar.com/p-oi34104194-linzhoushibowuguan,"

地址:
林州市翠微路5号

",林州市博物馆1997年建成，2002年曾经面向社会短暂开放过一段时间，后因技术方面原因关闭。为充分发挥博物馆的教育作用，该市提出要让博物馆成为传播传统文化和地域文化的大学校，使该馆再度面向社会开放。 2007年林州市博物馆被确定为国家重点博物馆。在全国数千家博物馆中被列入国家重点博物馆的有300多家。据悉，国家重点博物馆是国家文物局根据馆藏量、藏品的重要程度和保护管理水平等方面的条件确定的。,"全年 08:00-12:00,14:30-17:30",,4.8,,,免费,,9
仓巷街Cangxiang Street,http://travel.qunar.com/p-oi32788694-cangxiangjie,"

地址:
安阳市文峰区三道街与文峰北街交叉口西北50米

",仓巷街位于河南安阳，东西长五百多米，因原来位于县衙粮仓门口而得名仓门口街，后更名为仓巷街。明清时期，仓巷街两侧为商贾民居云集之地，不乏经商富户，因此与甜水井街并称为“龙凤街”。,全年 全天开放,https://flight-feed.qunarzz.com/as3/180/image/poi_vishnu/393e1029-1e29-48b7-b2cc-d34f09aa16e7.jpg,4.7,建议游览时间：1小时 - 2小时,,具体收费情况以现场公示为主,,9
善园古镇Shanyuan Ancient Town,http://travel.qunar.com/p-oi32788093-shanyuanguzhen,"

地址:
安阳市安阳县善应镇东滩村


电话:
0372-5021005

",善园古镇位于安阳县东滩村，光影变幻，两库一泉水色倒影五彩斑斓。徽派式建筑，白墙灰瓦，古朴古香，水天交溶，五光十色，使人疑入仙境。美食一条街，齐聚天下美食。漫步水色幻影，赏阅民俗表演。体会高尚志趣，静观夜景寒鸭。,全年 8:00-18:00,https://tr-osdcp.qunarzz.com/tr-osd-tr-manager/img/4c4133606cdd81eb2fc02ffe45b1597c.jpg_480x360x95_3ac3c976.jpg,5.0,建议游览时间：12小时 - 3天,,25元,,9
魔天筒梯Skyscraper Ladder,http://travel.qunar.com/p-oi32765745-motiantongti,"

地址:
安阳市林州市太行山大峡谷内


电话:
0372-6082888

",魔天筒梯位于河南安阳太行山大峡谷境内，是景区内王相岩景区的一绝。它依绝壁而建，呈螺旋状扶摇直上的钢结构筒梯，高约88米，直径约3米，共有331级台阶，不论是远远望去，还是从上往下看，都让人感觉惊险万分，魔天筒梯主体色彩为绿色，跟太行山暗黄色的山体成鲜明对比。筒梯踏板仅能供一人通行，走在上面，360°回旋攀登，即使你不恐高，仅专注于脚下，也会产生眩晕的感觉。,8:00-18:00，16:30停止进入。,,0.0,建议游览时间：0.5小时 - 1小时,,包含于太行大峡谷景区内，通用于太行大峡谷景区门票。,,9
汤河国家湿地公园Tanghe National Wetland Park,http://travel.qunar.com/p-oi31843867-tangheguojiashidigong,"

地址:
安阳市汤阴县韩庄镇东酒寺村西南侧780米


电话:
0372-6309026

",汤河国家湿地公园西起汤阴县汤河水库，东到107国道环线，南北是汤河水库和汤河河道一定区域范围，汤阴汤河国家湿地公园规划范围包括汤河水库和下游的汤河流域，是我国北方库塘河流湿地的典型和我国鸟类迁徙中线的重要栖息地。公园规划区总面积为710.2公顷，湿地面积达568公顷，湿地率达90.6%，建设内容主要包括生态保护工程、生态恢复与修复工程和科普宣教工程等。公园分为五个功能区：湿地保护保育区、湿地恢复重建区、科普宣教展示区、合理利用示范区和综合管理服务区。汤阴汤河国家...汤河国家湿地公园西起汤阴县汤河水库，东到107国道环线，南北是汤河水库和汤河河道一定区域范围，汤阴汤河国家湿地公园规划范围包括汤河水库和下游的汤河流域，是我国北方库塘河流湿地的典型和我国鸟类迁徙中线的重要栖息地。公园规划区总面积为710.2公顷，湿地面积达568公顷，湿地率达90.6%，建设内容主要包括生态保护工程、生态恢复与修复工程和科普宣教工程等。公园分为五个功能区：湿地保护保育区、湿地恢复重建区、科普宣教展示区、合理利用示范区和综合管理服务区。汤阴汤河国家湿地公园建设周期为2012到2020年，建成后将成为中国鸟类迁徙中线河南段的重要栖息地，北方城市健康河流系统保护的示范，区域重要的安全水源地。,全年 全天开放,https://tr-osdcp.qunarzz.com/tr-osd-tr-manager/img/ecfb0f29ebf6aec7bb7925c920d119d6.jpg_480x360x95_ba6fe23d.jpg,4.4,建议游览时间：2小时 - 3小时,,具体收费情况以现场公示为主,,9
高阁寺Gaoge Pavillion,http://travel.qunar.com/p-oi27339071-gaogesi,"

地址:
文峰区马号街

",高阁寺原名大士阁，因其建在砖砌的高台基上，所以后来又称高阁寺，高阁寺通高二十多米，为高台楼阁式建筑，重檐歇山式，台基高约8米，石阶两边及承台周围，均有石狮、石柱和石板护拦。,全年 全天开放,,4.8,建议游览时间：1小时 - 2小时,,,,9
李冰凿离堆,http://travel.qunar.com/p-oi26963140-libingzaolidui,,,,,--,,,,,9
洪谷寺塔,http://travel.qunar.com/p-oi26962214-honggusita,,,,,--,,,,,9
汤阴城隍庙,http://travel.qunar.com/p-oi26960186-tangyinchenghuangmiao,,,,,--,,,,,10
安阳失恋博物馆（旗舰店）Anyangshilian Museum (qijian),http://travel.qunar.com/p-oi26662192-anyangshilianbowuguan,"

地址:
安阳市文峰区北大街钟楼向西200米路南


电话:
13603729111

",“有的人一旦错过，很可能一辈子就见不到了”，可能这就是我们去失恋博物馆的收获吧！“每个人到你的生命中都有他的道理，让你成长……”,疫情期间13：00-21：00,,0.0,建议游览时间：1小时 - 3小时,,39元,,10
彰德府文化商业步行街(文峰南街)ZhangDeFu WenHua ShangYe BuXingJie (WenFeng NanJie),http://travel.qunar.com/p-oi24440917-zhangdefuwenhuashangye,,,,,4.7,,,具体收费情况以现场公示为主,,10
文峰小吃街WenFeng XiaoChi Jie,http://travel.qunar.com/p-oi24440615-wenfengxiaochijie,,文峰小吃街是一条特色小吃街，也是餐厅的集中之地，夜晚还有文艺表演节目，人气很旺。,,https://tr-osdcp.qunarzz.com/tr-osd-tr-manager/img/c1a0a9285b1f82b0b872f4919679fde2.jpg_480x360x95_9ba116ef.jpg,4.4,建议游览时间：2小时 - 3小时,,具体收费情况以现场公示为主,,10
安阳第一街(唐子巷)AnYang DiYiJie,http://travel.qunar.com/p-oi24440614-anyangdiyijie,,唐子巷位于安阳市文峰区，传说唐子巷这个名称，是由明代赵简王为了彰显当时居民唐小虎的孝行而起的。,,,--,建议游览时间：1小时 - 2小时,,具体收费情况以现场公示为主,,10
瓦岗寨隋唐商业街WaGangZhai SuiTang ShangYe Jie,http://travel.qunar.com/p-oi24440068-wagangzhaisuitangshang,,瓦岗寨隋唐商业街是瓦岗寨历史文化旅游景区的组成部分，瓦岗寨是隋末瓦岗军大起义之地，以此做为背景而建设的。,,,0.0,建议游览时间：2小时 - 3小时,,具体收费情况以现场公示为主,,10
丽晶广场商业步行街LiJing GuangChang ShangYe BuXingJie,http://travel.qunar.com/p-oi24437989-lijingguangchangshang,,,,,4.7,,,具体收费情况以现场公示为主,,10
三杨庄汉代遗址Sanyangzhuang Handai Ruins,http://travel.qunar.com/p-oi23352420-sanyangzhuanghandaiyi,,三杨庄汉代遗址是西汉晚期规模宏大的汉代村落遗址，并设置了三杨庄遗址博物馆可以参观。,,,0.0,建议游览时间：1小时,,具体收费情况以现场公示为主,,10
"太行天路游览区-观景台Observation Deck, Taihang Tianlu Tourist Area",http://travel.qunar.com/p-oi23344014-taixingtianluyoulanqu,,行天路游览区-观景台位于太行大峡谷景区内，站在此处俯瞰壮美太行山，深邃的峡谷、直立的岩壁，旖旎风光尽收眼底。,,https://tr-osdcp.qunarzz.com/tr-osd-tr-manager/img/24144deb9f9c879d624743e2c7950b9b.jpg_480x360x95_7048767b.jpg,4.0,建议游览时间：1小时 - 2小时,,具体收费情况以现场公示为主,,10
猪叫石风景区Zhujiaoshi,http://travel.qunar.com/p-oi23343489-zhujiaoshifengjingqu,,"猪叫石也称“报警石\""、\""灵通石\""、\""神石”、“奇石’等，因其发音如猪叫，故称“猪叫石\""。该石位于林州市太行大峡谷风景名胜区内的高家台辉伏岩自然村旁，进出交通方便，县乡二级水泥公直通景区，东距林州市区32公里，距安阳市82公里，北距红旗渠青年洞景区40公里。猪叫石周围群山环抱，山峰突兀，层峦叠嶂，山松柏茂盛，郁郁葱葱，四季如春，白云缭绕，山风习习，百鸟争鸣，光照霞映，如诗如画。猪叫石的上方是悬崖峭壁，危崖倒悬如斧劈刀削。细小的山缝中横生着松柏和荆棘，遒劲...猪叫石也称“报警石\""、\""灵通石\""、\""神石”、“奇石’等，因其发音如猪叫，故称“猪叫石\""。该石位于林州市太行大峡谷风景名胜区内的高家台辉伏岩自然村旁，进出交通方便，县乡二级水泥公直通景区，东距林州市区32公里，距安阳市82公里，北距红旗渠青年洞景区40公里。猪叫石周围群山环抱，山峰突兀，层峦叠嶂，山松柏茂盛，郁郁葱葱，四季如春，白云缭绕，山风习习，百鸟争鸣，光照霞映，如诗如画。猪叫石的上方是悬崖峭壁，危崖倒悬如斧劈刀削。细小的山缝中横生着松柏和荆棘，遒劲的树干，茂密的枝叶，展了顽强不息的生命力。猪叫石的东、南、北方，紧临村庄，周围树木参天，浓荫蔽日，清幽寂静，凉爽宜人。猪叫石整体呈紫红色，体形方正，头西尾东斜插于山崖下的沃土里，高3米，宽3米，厚2米，地上裸露4立方米，层理和节理比较明显，石缝参差不齐，凹凸部分较多。传说猪叫石每逢天下有事，必叫无疑，大事大叫，小事小叫。叫时手摸有微颤之感，近前响动，叫声嘎然而止，待静后叫声复起，其叫声有动感，像猪在石头里边跑边叫，声音忽高忽低，一次能叫百余声，但录音则难。",,https://tr-osdcp.qunarzz.com/tr-osd-tr-manager/img/c5aee046fa8cde72f62ac5abdf4ebb4c.jpg_480x360x95_e9b22f2b.jpg,4.5,建议游览时间：0.5小时 - 2小时,,具体收费情况以现场公示为主,,10
