名字,链接,地址,介绍,开放时间,图片链接,评分,建议游玩时间,建议季节,门票,小贴士,Page
九龙川自然保护区,http://travel.qunar.com/p-oi705468-jiulongchuanziranbaohu,,九龙川自然保护区位于海城市接文镇境内，距市区50公里，总面积34平方公里，现有森林20000余亩，各类动物300余种，并覆有大量植被，自然资源风光独特，为辽宁省政府批准设立的省级自然保护区。,,https://img1.qunarzz.com/travel/d1/1505/dd/518f7525d8dd68.jpg_480x360x95_b3b83243.jpg,2.5,,,,,1
千山Qianshan (Qian Mountains) National Park,http://travel.qunar.com/p-oi711141-qianshan,"

地址:
鞍山市千山区千山东路79号


电话:
0412-5081116,0412-5081117


官网:
http://www.qianshanjingqu.com/

",千山南临渤海，北接长白山，是有名的道教胜地。因为这里由近千座形似莲花的奇峰组成而得名，自然风光十分秀丽。千山主要由仙人台国家森林公园、大佛景区、天上天景区、五佛顶景区等景区组成。千山的景点比较多，基本来此的游客以一日游为主，如果想要全部游完景区内精华景点的话，建议坐景区内电瓶车、徒步和缆车结合的方式游玩。进入山门便是一条林荫水泥大道，道路两旁满目翠绿，路上可以看到莲花石和生态绿道的景点，之后便可来到财神庙和无量观。无量观是一个小的道观，从这里开始需要沿着石阶，一路向上攀爬，沿途可以看到无量石、太极石及木鱼石。之后便到了一线天，此处非常狭窄，只能同时容纳一个人经过，走到尽头拉着铁链向上爬一小步便登上了天上天。这是一个小山脊，四周都是铁栏杆，很安全，但由于山脊面积不大，只可容纳十几名游客，所以登上之后需继续向前下山。继续向前来了七重天和九重天，这两处和之前一样，也是全部石阶，两旁栏杆。之后会经过天外天和佛手峰两个景点，再向上便到了五佛顶。爬到这里用时约3、4个小时，如果体力还可以的游客，可以在此沿百鸟园步行下山，体力不支的游客可以选择乘坐缆车下山。缆车下山后便有景区电瓶车可坐到大佛寺，从大佛寺开始一路向上可至千山弥勒大佛，这座大佛有着千年历史，值得观看的是大佛胸前一串天然形成的佛珠。之后从大佛步行至山脚下一路可参观龙泉寺、龙潭湖、圆通观和祖越寺，然后返回景区大门。,全年 06:00-18:00,https://img1.qunarzz.com/travel/d7/1705/5f/dabd4044f8221ab5.jpg_480x360x95_ce777214.jpg,4.7,建议游览时间：12小时 - 3天,春秋两季。春天山花烂漫，漫山好景色。秋天山上枫叶红，是难得一见的美景。,"{'鞍山千山门票成人票\n\n': ['¥59.9起'], '鞍山千山门票老人票\n\n': ['¥30起'], '鞍山千山门票优待票\n\n': ['¥30起']}",,1
玉佛苑Jade Buddha Garden,http://travel.qunar.com/p-oi703417-yufoyuan,"

地址:
鞍山市铁东区绿化街58号


电话:
0412-5552819,18041200166

",玉佛苑是鞍山市区东部玉佛山风景名胜区的核心景区，正门位于千山中路上，也可以穿过二一九公园后到达山门。玉佛苑建成于1996年，是一处有名的佛教文化景点，是祈福求愿的胜地。继续往里走可看到两侧的钟楼和鼓楼，钟楼内有一口1999年底铸的“世纪钟”，钟上镌有佛教经典《般若波罗蜜多心经》，钟声一响，可祈愿如意吉祥。重殿是舍利堂，由门楼、观光台、垂花门和舍利堂四部分组成。门楼的门洞口采用汉白玉浮雕，雕有54条龙和24只狮子。门楼正中间的垂花门上端悬挂“玉佛苑”九龙金匾。走过舍利堂，就看到了宏伟的玉佛阁，此阁也叫大雄宝殿，高33米、拥有58米的进深，规模之大在全国同类型建筑中较突出。山门北侧有经营各种玉器的旅游商店，可以看看，如果不懂货的话不建议购买。,全年 08:00-16:30,https://img1.qunarzz.com/travel/d2/1701/60/703d78fd3711c9b5.jpg_480x360x95_e93d658d.jpg,4.6,建议游览时间：2小时 - 3小时,,{'玉佛苑门票+讲解器导览服务成人票\n\n': ['¥30起']},,1
张学良出生地纪念馆Zhangxueliang Chushengde Memorial Hall,http://travel.qunar.com/p-oi712997-zhangxueliangchusheng,"

地址:
桓洞镇鄂家村张家窝堡屯


电话:
0412-4664205

",,9:00-22:00,https://img1.qunarzz.com/piao/fusion/1906/17/1b466eae01856702.jpg_480x360x95_b5538b69.jpg,0.0,,,具体收费情况以现场公示为主,,1
二一九公园Anshan 219 Park,http://travel.qunar.com/p-oi703967-eryijiugongyuan,,,,,,,,,,1
西平森林公园,http://travel.qunar.com/p-oi710346-xipingsenlingongyuan,,西平省级森林公园是辽河平原上不可多得的绿色资源，地处千山、医巫闾山的交通要道上。公园占地5400亩，苍松翠柏连绵不绝，碧水蓝天共成一色。园内生长百余种木本植物和多种野生动物，形成独特的野生生态环境。人工湖、狐狸洞、雁尾湖渔场、金色沙滩、了望塔等景观更是锦上添花，成为人们休闲、度假的理想场所。,,https://img1.qunarzz.com/travel/d4/1505/40/94179ae5449abb.jpg_480x360x95_1f37929d.jpg,4.0,,,,,1
海城白云山Baiyun Mountain of Haicheng,http://travel.qunar.com/p-oi716305-haichengbaiyunshan,"

地址:
辽宁省海城市孤山镇


电话:
0412-3740002

",白云山风景区位于辽宁省海城市东南部的孤山满族自治镇，距离海城市区45公里，总面积约23平方公里，2002年被评为国家2A级旅游区。全景区有山峰450座，海城境内的第一高峰——海拔876米的唐帽山就坐落在白云山景区中。,全年 07:00-17:00,https://mp-piao-admincp.qunarzz.com/mp_piao_admin_mp_piao_admin/fusion/20193/8978c7cfcdae5a7047edc16f9230c22e.jpg_480x360x95_e16a0d24.jpg,4.3,建议游览时间：1小时 - 3小时,,具体收费情况以现场公示为主,,1
清凉山,http://travel.qunar.com/p-oi707986-qingliangshan,"

地址:
鞍山市岫岩县

",清凉山——古时就是辽东名山，属于辽河群系隆起带。位于鞍山市岫岩县境内，距沈阳230公里。《岫岩县志》载：清凉山，其山摩天云中，一峰蜿蜒而下，树木葱郁，湿润凉爽，鸟语花香，为道家静修之地，故名清凉山。清凉山起于群峰之首，东临凤凰山，山高林密，具有良好的森林自然资源，全部为绿色植被覆盖。山脚下发源的大清凉河，河水清澈，常年不断。清凉山风景以石怪、水清、峰秀、松奇闻名，山中有唐代名将薛礼征东所留下的拦马墙、葬马石。还有老虎洞、石湖十八罗汉洞、观音阁、老...清凉山——古时就是辽东名山，属于辽河群系隆起带。位于鞍山市岫岩县境内，距沈阳230公里。《岫岩县志》载：清凉山，其山摩天云中，一峰蜿蜒而下，树木葱郁，湿润凉爽，鸟语花香，为道家静修之地，故名清凉山。清凉山起于群峰之首，东临凤凰山，山高林密，具有良好的森林自然资源，全部为绿色植被覆盖。山脚下发源的大清凉河，河水清澈，常年不断。清凉山风景以石怪、水清、峰秀、松奇闻名，山中有唐代名将薛礼征东所留下的拦马墙、葬马石。还有老虎洞、石湖十八罗汉洞、观音阁、老君堂等文物古迹。洞中有洞，石花、石笋、石林，自然造化，姿态各异，巧夺天工。泉水中有娃娃鱼、林蛙。还有千年冰洞，从未开化。千年古松、辽代古塔。天然丁香林、天女木兰花、杜鹃花以及漫山的映山红争奇斗艳，令人心旷神怡。如今，瀑布水清涧底，山野碧绿，还是狩猎的好地方，山鸡、野兔很多。,8：00-18：00,https://img1.qunarzz.com/travel/d7/1505/26/3cf6419afa7e26.jpg_480x360x95_13c2c039.jpg,4.0,,,10元,,1
玉佛山景区Anshan Yufo Mountain,http://travel.qunar.com/p-oi708848-yufoshanjingqu,"

地址:
鞍山市铁东区千山中路1-1号


电话:
0412-5533425

",,全年 8:30-17:30,,4.6,建议游览时间：3小时,,具体收费情况以现场公示为主,,1
罗汉圣地,http://travel.qunar.com/p-oi714259-luohanshengdi,"

地址:
中国辽宁省鞍山二一九公园湖畔

","座落于辽宁鞍山""二一九""公园湖畔，东山风景区内。与著名的玉佛苑合璧为一处，构成完整的佛教文化场所，又是一处综合性旅游场所。其外部环境以古代建筑、古典园林为主体，整个布局雄伟壮观、气势恢宏，亭、台、楼、阁、殿、宇错落有致，金壁生辉。园林中春兰、夏蝉、秋菊、冬雪四季景异，与佛教文化、艺术相交融；拜祭台上矗立着6.19米的露天滴水观音创东北之最。每天香烟缭绕，会让您流连忘返，如置身于净土之中。全长近千米的罗汉洞内，五百罗汉栩栩如生，神态各异，填补东北佛文化空...座落于辽宁鞍山""二一九""公园湖畔，东山风景区内。与著名的玉佛苑合璧为一处，构成完整的佛教文化场所，又是一处综合性旅游场所。其外部环境以古代建筑、古典园林为主体，整个布局雄伟壮观、气势恢宏，亭、台、楼、阁、殿、宇错落有致，金壁生辉。园林中春兰、夏蝉、秋菊、冬雪四季景异，与佛教文化、艺术相交融；拜祭台上矗立着6.19米的露天滴水观音创东北之最。每天香烟缭绕，会让您流连忘返，如置身于净土之中。全长近千米的罗汉洞内，五百罗汉栩栩如生，神态各异，填补东北佛文化空白；全长873米的《五百罗汉图》又创世界之最；济公膳圆楼，精心烹制历代皇室、民间、寺院传统斋膳精品，为东北地区所独有。",7：30-18：30,,0.0,,,包含于玉佛苑门票内,,1
小孤山人类遗址,http://travel.qunar.com/p-oi702762-xiaogushanrenleiyizhi,,"又称“仙人洞”。座落鞍山海城东南45公里处，是天然石洞。洞口宽敞，洞宽4.9米，纵深22.5米。洞门上方刻有""王洞""二字，据查是明万历年间所立。洞中挖掘出旧石器时代晚期与新石器时代文化遗迹和遗物，距今约4万年至1万年，与北京周口店山顶洞人文化相似，填补了鞍山地区旧石器时代文化空白。",,,--,,,,,2
西柳老栓动物园Xiliulaoshuan Zoo,http://travel.qunar.com/p-oi714792-xiliulaoshuandongwuyuan,"

地址:
辽宁省鞍山市海城市黄金走廊 ‎

",西柳老栓动物园1998年9月，老栓动物园正式动工兴建，经过一年多紧张的建设和筹备，占地1800平方米、投资197万元的动物园一期工程全部竣工投入使用。,8：00—18：30,https://mp-commentcp.qunarzz.com/mp_comment_mp_comment/1552080204221100t12000000rqcy26E05_D_640_10000.jpg_480x360x95_68a2c218.jpg,4.4,建议游览时间：2小时 - 3小时,,具体收费情况以现场公示为主,,2
罗圈背,http://travel.qunar.com/p-oi722442-luoquanbei,"

地址:
辽宁省鞍山市岫岩满族自治县洋河镇南端罗圈背岭山脚下

","岫岩罗圈背风景区位于岫岩满族自治县洋河镇南端罗圈背岭山脚下，风景区占地面积570万平方米，水域面积370万平方米，蓄水量6000万立方米，是鞍山地区规模最大的水库。从空中俯视，水库外形恰如一个罗锅，所以得名罗圈背。水库是岫岩和东港的交界处，水面面积大部分在岫岩境内，承担着给东港市给水灌溉的任务，可以说是""蓄岫岩水，灌东港田""。这座水库目前是国家A级风景区。 水库四周山峰秀丽，山水相依，水天相接，风光宜人。四周山岭植被良好，森林覆盖率达98%以上，是一处良好的水域...岫岩罗圈背风景区位于岫岩满族自治县洋河镇南端罗圈背岭山脚下，风景区占地面积570万平方米，水域面积370万平方米，蓄水量6000万立方米，是鞍山地区规模最大的水库。从空中俯视，水库外形恰如一个罗锅，所以得名罗圈背。水库是岫岩和东港的交界处，水面面积大部分在岫岩境内，承担着给东港市给水灌溉的任务，可以说是""蓄岫岩水，灌东港田""。这座水库目前是国家A级风景区。 水库四周山峰秀丽，山水相依，水天相接，风光宜人。四周山岭植被良好，森林覆盖率达98%以上，是一处良好的水域观光旅游区。水库水质清澈，基本没有受到污染，水库内放养有草鱼、鲢鱼、武昌鱼等10多个品种的鱼类。水库旁边有2处度假村。除欣赏优美的的山水风光外，还可以开展游戏、垂钓、网虾、冲浪等娱乐活动。欢迎各位朋友到罗圈背观光旅游。",全天,https://img1.qunarzz.com/travel/d6/1702/77/de3b7f95adadf1b5.jpg_480x360x95_515c4c68.jpg,5.0,,,免费,,2
鞍山古城址Anshan Ancient Town,http://travel.qunar.com/p-oi707335-anshanguchengzhi,"

地址:
鞍山市千山区东矿街

",鞍山古城，原名“鞍山驿堡”，坐落在东、西鞍山之间，濒临于杨柳河南岸，因明代设置驿站而得名。古城周长1160米，高约10米，辟拱洞式东、西二门。建筑虽已年久，但从断垣残壁上，仍可看出当年气概之雄伟。,全天开放,https://flight-feed.qunarzz.com/as3/416/image/poi_vishnu/47ed110b-c704-4c7f-b7d3-6226037b7e94.jpg,4.3,建议游览时间：1小时 - 2小时,,具体收费情况以现场公示为主,,2
卧鹿山效圣寺,http://travel.qunar.com/p-oi703290-wolushanxiaoshengsi,"

地址:
岫岩城南22公里杨家堡镇松树秧村卧鹿山羊角峰下

",效圣寺位于岫岩城南22公里杨家堡镇松树秧村卧鹿山羊角峰下，俗称“老古庙”，是省内现存唯一大型石构古代庙宇。整个石庙建筑“石庙房、石佛像、石钟楼、石围墙”，令人叹为观止。1988年12月，效圣寺被列为省级文物保护单位。 效圣寺(老古庙)相传始建于唐。正殿三间，长9．15米，宽5米，高5．4米。除门窗外，其余全部由石料雕制，卯榫插接而成。两根大柁均长4．3米，两根二柁均长1．8米，粗0．8米，大柁每根重约2．85吨。 室内石柱四根，高2．6米，粗1．1米。石庙东西山墙由61块条石砌...效圣寺位于岫岩城南22公里杨家堡镇松树秧村卧鹿山羊角峰下，俗称“老古庙”，是省内现存唯一大型石构古代庙宇。整个石庙建筑“石庙房、石佛像、石钟楼、石围墙”，令人叹为观止。1988年12月，效圣寺被列为省级文物保护单位。 效圣寺(老古庙)相传始建于唐。正殿三间，长9．15米，宽5米，高5．4米。除门窗外，其余全部由石料雕制，卯榫插接而成。两根大柁均长4．3米，两根二柁均长1．8米，粗0．8米，大柁每根重约2．85吨。 室内石柱四根，高2．6米，粗1．1米。石庙东西山墙由61块条石砌成，庙后墙65块条石，庙前墙30块条石，石脊瓦8块，庙的前后坡各铺有长3．2米，宽0．6米，厚0．25米的石瓦18块。 东廊房三间，廊房南有石钟楼，钟楼全高3．9米。正殿前为山门，宽2．57米。庙前有一株五百年的古松，盘桓龙钟，虬枝苍然，将古庙衬托得愈加庄严肃穆。,全天,,--,,,免费,,2
中会寺Anshanzhonghui Temple,http://travel.qunar.com/p-oi709065-zhonghuisi,"

地址:
辽宁省鞍山市千山区千山东路79号千山风景名胜区千山仙人台国家森林公园内


电话:
(0412)5410231

","中会寺是典型的明代风格。主要分为分上下两殿，前殿临涧，后殿依山,布局巧妙。周围郁郁葱葱，山清水秀。",8：00—18：00,,4.3,建议游览时间：1小时 - 2小时,,5元,,2
台町历史文化街区,http://travel.qunar.com/p-oi40011286-taidinglishiwenhuajie,,台町历史文化街区位于鞍山市铁东区，有保存完整的历史古建筑，古香古色，令人印象深刻。,,,--,,,,,2
鞍钢博物馆,http://travel.qunar.com/p-oi39627478-angangbowuguan,,,,,0.0,,,,,2
河滨公园,http://travel.qunar.com/p-oi39583830-hebingongyuan,,,,,0.0,,,,,2
金帝池典温泉会馆,http://travel.qunar.com/p-oi39177927-jindichidianwenquanhui,,金帝池典温泉会馆带给您不一样的体验，现在也有很多地区人工打井，一般在600-2000米，用深水水泵抽取地下水，富含多种有益矿物质，水温一般在20度以上，也叫温泉井。温泉是泉水的一种，严格意义说，是从地下自然涌出的自然水，泉口温度显著地高于当地年平均气温而又低于 （等于）45度的地下水天然泉水叫温泉，并含有健康有益的微量元素的矿物质泉水。,,,0.0,,,,,2
千山仙人台国家森林公园,http://travel.qunar.com/p-oi38950353-qianshanxianrentaiguo,,仙人台国家森林公园地貌景观奇特，素以山高、石怪、奇松、庙古、塔多、径幽而著称于世。历来名人词客游踵所至，不少留题，所谓无峰不奇、无石不峭、无寺不古、重峦叠嶂、古松参天，是旅游好地方。湘潭房产山峰有仙人台峰、金刚峰、通明峰、净瓶峰、璎珞峰等，仙人台鹅头峰上刻有棋盘，传说八仙曾在此下棋。著名的卧龙石、寿星石、巨人石、合心石、钟鼓石乃天工巧成。祖师洞、大安罗汉洞、老洞、冰洞、水洞不仅形态各异，古怪离奇，而且寓含着典故和传说，为古老的洞穴添上了神秘的色彩。,,https://flight-feed.qunarzz.com/as3/423/image/poi_vishnu/09ab44bf-549f-4b3e-9505-11c86ffeabb9.jpg,5.0,,,,,3
三块石家庭农场,http://travel.qunar.com/p-oi38942434-sankuaishijiatingnong,," 前营镇位于岫岩满族自治县西部，距离岫岩高速口30公里，交通十分便利，周边有四AAAA景区龙泉湖，有博浪谷漂流，绿水青山，四季分明、风景秀丽、环境优美，天然氧吧！
         三块石家庭农场利用这一先天优势，就国家建设美丽乡村、振兴乡村农业生态田园、民宿，生态旅游观光于一体的综合农场。
          现一期工程：生态观光、儿童乐园、果园采摘、萌宠乐园、观光鱼池、农业生态餐厅、农耕体验区、垂钓园、烧烤露营区、网红打卡点、农民博物馆、瀑布、小河流水、果园迷宫、已建成试营业，面积120多亩。
         为满乡儿女提供研学、休闲、度假的好场所。
",,,0.0,,,,,3
沟汤温泉,http://travel.qunar.com/p-oi38703000-goutangwenquan,,,,,0.0,,,具体收费情况以现场公示为主,,3
钢美术馆,http://travel.qunar.com/p-oi38676528-gangmeishuguan,,"钢美术馆位于鞍山，可举办多种不同主题的展览，如摄影、雕塑和美术等，馆内设有展厅、工作室和咖啡厅，是人们周末放松休闲的理想去处。
",,,0.0,建议游览时间：2小时 - 3小时,,具体收费情况以现场公示为主,,3
灵岩寺,http://travel.qunar.com/p-oi38341186-lingyansi,,,,,--,,,具体收费情况以现场公示为主,,3
金塔,http://travel.qunar.com/p-oi38341185-jinta,,,,,0.0,,,具体收费情况以现场公示为主,,3
老院子冰雪世界,http://travel.qunar.com/p-oi38340317-laoyuanzibingxueshijie,,,,,,,,,,3
汉唐水世界温泉洗浴水乐园,http://travel.qunar.com/p-oi38340269-hantangshuishijiewenquan,,鞍山市内超20000㎡超大的室内空间水上乐园+温泉洗浴+韩式汗蒸游泳+茶道+儿童乐园+3D影院养生SPA+休闲棋牌+中 医理疗等10余种项目任玩！,,,4.5,,,,,3
古刹龙泉,http://travel.qunar.com/p-oi38340221-guchalongquan,,,,,--,,,具体收费情况以现场公示为主,,3
东山风景区,http://travel.qunar.com/p-oi38337260-dongshanfengjingqu,,,,,--,,,具体收费情况以现场公示为主,,3
老院子动物园,http://travel.qunar.com/p-oi38337143-laoyuanzidongwuyuan,,,,,0.0,,,,,4
湖南公园,http://travel.qunar.com/p-oi38336888-hunangongyuan,,,,,--,,,具体收费情况以现场公示为主,,4
金兆韬美术馆,http://travel.qunar.com/p-oi38334952-jinzhaotaomeishuguan,,,,,--,,,具体收费情况以现场公示为主,,4
鞍山动物园冰雪嘉年华,http://travel.qunar.com/p-oi38334472-anshandongwuyuanbingxue,,鞍山动物园携手沈阳棋盘山冰雪项目专业团队，在13.8万平方米的场地内，设置了冰上游戏区、雪上娱乐区、魔毯雪圈、综合娱乐区等四大片区。其中，魔毯雪圈项目位于动物园北门停车场，雪滑道长达80米，能充分体验速度与激情；电动魔毯，让游客玩起来更加省时省力。综合娱乐区内包含了惊险刺激的雪圈运动、风靡东欧冰雪国家的雪地转转转，以及香蕉船、雪橇车、雪地赛车、雪地悠波球、雪地卡丁车等多种冰雪娱乐项目。在占地2000平方米的冰上游戏区，设有冰上碰碰车、冰上自行车、滑冰助手等娱乐项目。在雪上DIY娱乐区域，可以随意堆雪人、打雪仗，也可以和雪雕师一起做雪雕，家长和孩子能共同参与趣味冰雪闯关游戏，在欢笑声中感受冰雪的魅力。此外，鞍山动物园还专门引入驯鹿拉雪爬犁项目，为游客带去别样的冰雪体验。特色餐饮会让大家在戏雪的同时品尝到各种美味。届时，人们在鞍山动物园可以尽情体验戏冰雪、看国宝、品美食的无限乐趣。,,,4.5,建议游览时间：2小时 - 3小时,,,,4
钢都夜巷,http://travel.qunar.com/p-oi37806814-gangdouyexiang,,,,,,,,,,4
百年老街,http://travel.qunar.com/p-oi37806797-bainianlaojie,,,,,--,,,具体收费情况以现场公示为主,,4
明达夜市,http://travel.qunar.com/p-oi37806322-mingdayeshi,,,,,--,,,具体收费情况以现场公示为主,,4
瓢虫航空运动飞行营地,http://travel.qunar.com/p-oi37802035-piaochonghangkongyundong,"

地址:
辽宁省鞍山市岫岩县哈达碑镇尖山子村

",辽宁滑翔伞训练基地坐落在辽宁玉都鞍山岫岩哈达碑镇，北纬N40°19'16''，东经E123°10'52''。 2005年被省体育总局正式命名为辽宁滑翔伞训练基地，基地三面环山，常年吹南风，有充足的气流用于起飞和滑行。辽宁滑翔伞训练基地海拔680米，相对高度500米，起飞场面积1500平方米。2017年辽宁省滑翔伞训练基地经辽宁省体育局授权成立辽宁瓢虫航空运动飞行营地有限公司，辽宁瓢虫航空运动飞行营地有限公司负责管理和运营，公司在着重投资基地设施，和配套等建设过程中，依托省体育局、市体育局、县体育局支持下，打造安全、规范，以滑翔培训、训练、体验为主的综合性飞翔训练基地。,全年 07:00-17:00,,--,建议游览时间：1小时 - 2小时,,,,4
皂福小镇,http://travel.qunar.com/p-oi37784686-zaofuxiaozhen,"

地址:
辽宁省鞍山市海城市大河社区白庙子村

","皂福生态小镇是一个很好的地方，过久了钢筋水泥的城市生活，很多人对鸟语花香的小镇生活迷恋向往，一些古朴乡村，犹如明珠般点缀山水间。这里没有灯红酒绿，却有四季轮换带来的不同美景，还有那些沉默的高山与朴实无华的原始自然之美。享受自然风光之后，在来顿野餐，舒服极啦！这个小镇有无动力游乐场、皂角林生态园、儿童田园研学基地、秋千、滚筒、小火车、滑梯、野餐营地等。


",全年 09:30-17:00,,2.0,建议游览时间：12小时 - 3天,,,,4
公园1953体育公园,http://travel.qunar.com/p-oi37532309-gongyuan1953tiyugongyuan,,,,,0.0,,,,,4
光明街,http://travel.qunar.com/p-oi37198773-guangmingjie,"

地址:
光明街胜利路


电话:
4998666

",,全年 全天开放,,0.0,,,具体收费情况以现场公示为主,,5
画印象美术馆,http://travel.qunar.com/p-oi37190721-huayinxiangmeishuguan,,,,,0.0,,,具体收费情况以现场公示为主,,5
老年公园,http://travel.qunar.com/p-oi37190539-laoniangongyuan,,,,,--,,,具体收费情况以现场公示为主,,5
静湖公园(中华南路店),http://travel.qunar.com/p-oi37189984-jinghugongyuan,,,,,0.0,,,具体收费情况以现场公示为主,,5
河滨公园,http://travel.qunar.com/p-oi37189962-hebingongyuan,,,,,0.0,,,具体收费情况以现场公示为主,,5
万水河公园(北区),http://travel.qunar.com/p-oi37189889-wanshuihegongyuan,,,,,0.0,,,,,5
鞍山市朝鲜族文化艺术馆,http://travel.qunar.com/p-oi37189753-anshanshichaoxianzuwen,"

地址:
人民路222号


电话:
13898005967

",,全年 周一-周五 08:30-17:30,,0.0,,,具体收费情况以现场公示为主,,5
玉石山公园,http://travel.qunar.com/p-oi37189732-yushishangongyuan,,,,,0.0,,,,,5
辽宁雨桐玉文化博物馆,http://travel.qunar.com/p-oi37189502-liaoningyutongyuwenhua,,,,,0.0,,,具体收费情况以现场公示为主,,5
烈士山公园,http://travel.qunar.com/p-oi36391306-lieshishangongyuan,"

地址:
鞍山市铁东区民生东路27号


电话:
0412-5538247

",,全年 全天开放,,0.0,,,,,5
鞍山市博物馆,http://travel.qunar.com/p-oi36258294-anshanshibowuguan,,,,,--,,,,,6
古道关,http://travel.qunar.com/p-oi36197911-gudaoguan,,古道关 位于千山风景区内，其城楼的建筑风格是唐代的，矗立在地势险峻的群山环抱中，颇有一夫当关、万夫莫开的气势。,,,--,建议游览时间：1小时 - 2小时,,包含于千山风景区内，景点门票详见景区公示,,6
红色纪念馆,http://travel.qunar.com/p-oi36169800-hongsejinianguan,,,,,,,,,,6
千山摩力香格里拉度假营地Qianshan Moli Shangri-La Campsite,http://travel.qunar.com/p-oi36140224-qianshanmolixianggeli,"

地址:
鞍山市千山风景区庙尔台村


电话:
0412-2244888

",千山摩力香格里拉度假营地以千山核心景区为景观背景，以温泉度假养生为核心功能，以时尚休闲为主题特色，以休闲观光、养生度假、野外拓展等为主要内容，重点开发和运营采摘园、萌宠园、山地越野车、空中索道、草坪婚礼、水上婚礼等项目。同时，积极引进特色小吃及知名餐饮加盟其中，打造集旅游、度假、时尚文化体验、房车营地为一体的高品位的旅游度假综合体。,营业日期：2020年8月21日到2020年12月31日  09:00-22:00,https://tr-osdcp.qunarzz.com/tr-osd-tr-manager/img/3aa7827cef8d9ad015b06a1f822c4261.gif_480x360x95_76002e6b.gif,4.0,建议游览时间：12小时 - 3天,,28元,,6
千山老院子景区Qianshan Old Courtyard Scenic Spot,http://travel.qunar.com/p-oi36109440-qianshanlaoyuanzijing,"

地址:
鞍山市立山区316省道北


电话:
0412-5566666

",老院子有着古朴的中式园林建筑群落，园中每一处都遍布亭台楼阁、老房子、小树屋等景致。园内还有精品民宿，水果采摘、烧烤垂钓、地域文化演出等于一体的多功能综合区。,全年 09:00-18:30,,5.0,建议游览时间：1小时 - 2小时,,,,6
鞍山动物园Anshan Zoo,http://travel.qunar.com/p-oi35924925-anshandongwuyuan,"

地址:
鞍山市铁东区二一九路64号二一九公园内


电话:
0412-5534673

","鞍山动物园坐落于山清水秀的二一九公园内，与世界著名""玉佛""供奉地""玉佛苑""相比邻。占地面积13.8公顷，园内幽雅怡静，动物观赏区布局合理，是集科普教育、科学研究、动物繁殖、休闲娱乐于一体的动物园。
 园内设有熊猫馆、猴馆、萌宠园、草食动物观赏区、海狮鹦鹉表演等多个观赏区，饲养了大熊猫、长颈鹿、河马、小熊猫、鳄鱼、狮子等100多种动物1000多只。园内还设有恐龙广场和首家大型室外无动力亲子乐园。",夏令时：8:00-20:30；冬令时：8:30-16:00,,4.2,建议游览时间：2小时 - 3小时,,69元,,6
"沈阳兴顺夜市Xingshun Night Market, Shenyang",http://travel.qunar.com/p-oi35913778-shenyangxingshunyeshi,,,,,--,,,,,6
对桩石Duizhuangshi Scenic Area,http://travel.qunar.com/p-oi35913574-duizhuangshi,,对桩石风景区四面环山，占地面积约十几平方公里，有秀峰、峭石、幽谷、奇松等优美景色，是您休闲度假的好地方。,,,0.0,建议游览时间：12小时 - 3天,,具体收费情况以现场公示为主,,6
兹安寺Ci'an Temple,http://travel.qunar.com/p-oi35912615-ziansi,,,,,0.0,,,具体收费情况以现场公示为主,,6
龙泉湖旅游度假风景区Longquan Lake Tourist Resort Scenic Area,http://travel.qunar.com/p-oi35825750-longquanhulu:youdujia,,龙泉湖旅游度假风景区位于辽宁省鞍山市岫岩满族自治县前营镇境内，是集文化、艺术、休闲、养生、养老、娱乐、购物、餐饮、住宿等业态于一体的多功能旅游景区。目前，景区已初具规模，玉文化、满族文化、高句丽文化等文化旅游资源特色鲜明；山水、森林、温泉、农业和美食等生态资源优势突出，已形成较好的市场基础和知名度。,,,5.0,建议游览时间：12小时 - 3天,,具体收费情况以景区现场公示为主。,,6
园通观Yuantong Temple,http://travel.qunar.com/p-oi35824471-yuantongguan,"

地址:
鞍山市铁东区


电话:
0412-7266289

",,全年 8:00-17:00,,4.0,,,包含在千山景区内，通用于千山景区门票,,7
岫岩黄岭映山红景区Xiuyan Huangling Yingshanhong Scenic Spot,http://travel.qunar.com/p-oi35474144-xiuyanhuanglingyingshan,,岫岩黄岭映山红景区，每年4月中下旬，在山林荒野中超过千亩映山红竞相绽放，漫山红遍，绵延十里，蔚为壮观，花期一般10-15天。,,,0.0,,,具体收费情况以现场公示为主,,7
"西张胡台Hutai Village, Xizhang Town",http://travel.qunar.com/p-oi35384500-xizhanghutai,,,,,--,,,具体收费情况以现场公示为主,,7
海城市苇场,http://travel.qunar.com/p-oi35318076-haichengshiweichang,,,,,--,,,,,7
海圣肉鸡养殖专业合作社,http://travel.qunar.com/p-oi35311775-haishengroujiyangzhizhuan,,,,,0.0,,,具体收费情况以现场公示为主,,7
开家沟Kaijiagou Village,http://travel.qunar.com/p-oi35308490-kaijiagou,,,,,--,,,具体收费情况以现场公示为主,,7
开家沟Kaijiagou Village,http://travel.qunar.com/p-oi35308243-kaijiagou,,,,,--,,,具体收费情况以现场公示为主,,7
高家峪村Gaojiayu Village,http://travel.qunar.com/p-oi35304447-gaojiayucun,,,,,--,,,具体收费情况以现场公示为主,,7
狍子圈Paoziquan Village,http://travel.qunar.com/p-oi35301140-paoziquan,,,,,--,,,具体收费情况以现场公示为主,,7
黄岗子,http://travel.qunar.com/p-oi35300893-huanggangzi,,,,,--,,,具体收费情况以现场公示为主,,7
马架岭Majialing Village,http://travel.qunar.com/p-oi35297925-majialing,,,,,--,,,具体收费情况以现场公示为主,,8
海城市博物馆Haichengshi Museum,http://travel.qunar.com/p-oi34274017-haichengshibowuguan,"

地址:
西关街关帝庙院内

",海城市博物馆位于海城市兴海管理区，属清代庙宇建筑，占地面积四千余平米，馆藏丰富高达一万余件。,全年 周二-周日 9:00-16:00,,5.0,建议游览时间：1小时 - 3小时,,免费,,8
鞍山青籽世家博物馆An Shan Qingzi Shijia Museum,http://travel.qunar.com/p-oi34272516-anshanqingzishijiabowu,"

地址:
鞍山市高新区临城街1栋


电话:
0412-5200733


官网:
http://www.qingzishijia.com

",鞍山青籽世家博物馆是一家专业的民营玉石博物馆，占地面积近一万平方米，展品共5400余件。共设有八个单元，从距今约8千年的红山出土玉器直至当代精美玉石之作，整个玉文化的发展中代表性的作品均有展出。在这里可以亲自感受一块普通玉石转换为可心宝玉的真实过程，增强您的参与体验和审美意趣。走进玉石世界，品味琢磨之韵。,9:00-17:00（周一闭馆）,,4.6,建议游览时间：2小时 - 3小时,,"{'鞍山青籽世家博物馆门票成人票\n\n': ['¥15起'], '鞍山青籽世家博物馆门票优待票\n\n': ['¥15起']}",,8
台安县博物馆Tai'anxian Museum,http://travel.qunar.com/p-oi34272401-taianxianbowuguan,"

地址:
台安县繁荣北街文化中心B座

",,全年 周二-周日 9:00-16:00,,--,,,免费,,8
岫岩吉湾花海Jiwan Flower Sea by Xiuyan Tourism,http://travel.qunar.com/p-oi29462643-xiuyanjiwanhuahai,,岫岩吉湾花海是岫岩县委县政府培育新兴旅游产品、全面提升旅游产业素质，建设旅游经济强县所打造的重点项目之一。吉湾花海项目总占地面积近千亩，其中花卉品种丰富，规模庞大，景区交通便利，规划布局合理，配套完备。依托岫岩的环境，以自然为舞台，以田园为景幕，因地制宜，因景制宜，打造与自然和谐相处的生态田园综合体景区。,,,5.0,,,具体收费情况以现场公示为主,,8
仙人洞遗址Xiren Cavern Site,http://travel.qunar.com/p-oi27339224-xianrendongyizhi,"

地址:
鞍山市千山区孤山镇孤山村

",,全年 8:00-17:00,,--,,,具体收费情况以现场公示为主,,8
对炉山Duilu Mountain,http://travel.qunar.com/p-oi27337254-duilushan,,,,,5.0,,,具体收费情况以现场公示为主,,8
济州岛笨狗养育屠宰基地,http://travel.qunar.com/p-oi26692389-jizhoudaobengouyangyu,,,,,--,,,,,8
岫岩北方人参谷风景区Xiuyan Beifang Ren Cangu Sceneic Area,http://travel.qunar.com/p-oi26647292-xiuyanbeifangrencangu,,,,,4.0,,,,,8
高力房林场,http://travel.qunar.com/p-oi26638853-gaolifanglinchang,,,,,--,,,,,8
大悲寺Haichengdabei Temple,http://travel.qunar.com/p-oi26587227-dabeisi,"

地址:
毛祁镇曹家堡村


电话:
0412-3356660

",海城大悲寺，坐落于辽宁省海城市毛祁镇一山坳中，四面蜿蜒环山，山门前有放生水库，环境十分清幽，为寂静修行之处。寺院依傍山势而建，建筑初具规模。海城大悲寺已建成了山门、天王殿、七佛殿、大悲殿、药师殿、藏经楼、禅堂、念佛堂、客堂、云水堂和僧寮等。寺院建筑大体是以灰色调为主，青砖灰瓦，并没有绚丽的色彩，沉稳庄重，是为修行而建，体现了修行原则。,目前不对外开放,https://tr-osdcp.qunarzz.com/tr-osd-tr-manager/img/b7adb7b646a0f031e324e1d176bcc4b8.jpg_480x360x95_63dee353.jpg,4.5,建议游览时间：2小时,,,,9
魁星楼Kuixing Building,http://travel.qunar.com/p-oi25290650-kuixinglou,,魁星楼位于海城市城南，厝石山公园内，原为“临溟八景”之一，始建于1778年，重修于1923年，毁于文化大革命之初，重建于1999年。,,https://flight-feed.qunarzz.com/as3/180/image/poi_vishnu/fec9aacc-8915-4582-adfe-90e36527518f.jpg,5.0,建议游览时间：1小时,,具体收费情况以现场公示为主,,9
保安寺Bao'an Temple,http://travel.qunar.com/p-oi25290088-baoansi,,保安寺位于辽宁省海城市厝石山上，它建于明万历二十四年，距今已有500多年的历史了。,,https://flight-feed.qunarzz.com/as3/180/image/poi_vishnu/87f2089c-1d35-426b-8ae8-f5023c672eff.jpg,5.0,建议游览时间：1小时 - 2小时,,,,9
万鑫源小吃一街WanXinYuan XiaoChi Yi Jie,http://travel.qunar.com/p-oi24441620-wanxinyuanxiaochiyijie,,,,,--,,,具体收费情况以现场公示为主,,9
福聚华城步行街FuJu HuaCheng BuXingJie,http://travel.qunar.com/p-oi24441617-fujuhuachengbuxingjie,,,,,--,,,具体收费情况以现场公示为主,,9
鞍山景子街JingZi Jie,http://travel.qunar.com/p-oi24440625-anshanjingzijie,,景子街是鞍山面积较大的商业步行街。位于鞍山市中心。是集购物、餐饮和娱乐的综合场所。,,,4.8,建议游览时间：2小时 - 3小时,,具体收费情况以现场公示为主,,9
韩国第一街HanGuo DiYiJie,http://travel.qunar.com/p-oi24440619-hanguodiyijie,,,,,--,,,具体收费情况以现场公示为主,,9
效圣寺Xiaosheng Temple,http://travel.qunar.com/p-oi24409564-xiaoshengsi,,,,,--,,,,,9
西平森林公园Xiping Forest Park,http://travel.qunar.com/p-oi24409534-xipingsenlingongyuan,"

地址:
西平乡

",西平森林公园位于辽宁省鞍山市台安县，占地面积约四千三百多公顷，森林覆盖率高。园内珍稀动植物种类繁多，还有游泳池、人工湖、射击场、瞭望塔等游玩项目。,全年 全天开放,,5.0,建议游览时间：12小时 - 3天,,具体收费情况以现场公示为主,,9
九龙川Jiulongchuan Nature Reserve,http://travel.qunar.com/p-oi24409517-jiulongchuan,,,,,,,,,,9
厝石山Cuotai Mountain,http://travel.qunar.com/p-oi24409516-cuoshishan,"

地址:
辽宁省海城市东南角

",,全年 全天开放,,--,,,,,10
鞍山小孤山人类遗址Anshan Xiaogushan Human Site,http://travel.qunar.com/p-oi24407052-anshanxiaogushanrenlei,"

地址:
鞍山市千山区海城市东南部


电话:
+86 412 541 2123

",,全年 全天开放,,0.0,,,具体收费情况以现场公示为主,,10
海城地震纪念碑Haichengdizhen Monument,http://travel.qunar.com/p-oi23886278-haichengdizhenjinianbei,"

地址:
海城市海州大街中基河滨花园北1门西北侧约90米

",纪念碑纪念海城地震。海城地震是在辽宁省海城、营口县一带（东经122°50'，北纬40°41'）发生了强度是里氏7.3级（矩震级7.0级）的强烈地震，震源深度为16－21公里。 由于中国科学家对该次地震进行了准确预测并及时发布了短临预报，全区人员伤亡共18308人，占总人口数的0.22%。其中，死亡1328人，占总人口数的0.02%，重伤4292人，轻伤12688人，轻重伤占总人口数的0.2%。人们认为，这是人类历史上迄今为止，在正确预测地震的基础上，由官方组织撤离民众，明显降低损失的仅有成功案例。,全年 全天开放,https://flight-feed.qunarzz.com/as3/180/image/poi_vishnu/d4278344-5794-45c8-ba32-0a98a6f95272.jpg,0.0,建议游览时间：0.5小时 - 2小时,,具体收费情况以现场公示为主,,10
孟泰公园Mengtai Park,http://travel.qunar.com/p-oi23343502-mengtaigongyuan,,,,,,,,,,10
腾鳌镇Teng'ao Town,http://travel.qunar.com/p-oi23343146-tengaozhen,,,,,--,,,具体收费情况以现场公示为主,,10
罗汉圣地Arhat Holy Land,http://travel.qunar.com/p-oi23342360-luohanshengdi,,座落于辽宁鞍山二一九公园湖畔，东山风景区内。与知名的玉佛苑合璧为一处，构成完整的佛教文化场所，又是一处综合性旅游场所。其外部环境以古代建筑、古典园林为主体，整个布局雄伟壮观、气势恢宏，亭、台、楼、阁、殿、宇错落有致，金壁生辉。园林中春兰、夏蝉、秋菊、冬雪四季景异，与佛教文化、艺术相交融。每天香烟缭绕，会让您流连忘返，如置身于净土之中。全长近千米的罗汉洞内，五百罗汉栩栩如生，神态各异，填补东北佛文化空白。济公膳圆楼，精心烹制历代皇宫、民间、寺院传统...座落于辽宁鞍山二一九公园湖畔，东山风景区内。与知名的玉佛苑合璧为一处，构成完整的佛教文化场所，又是一处综合性旅游场所。其外部环境以古代建筑、古典园林为主体，整个布局雄伟壮观、气势恢宏，亭、台、楼、阁、殿、宇错落有致，金壁生辉。园林中春兰、夏蝉、秋菊、冬雪四季景异，与佛教文化、艺术相交融。每天香烟缭绕，会让您流连忘返，如置身于净土之中。全长近千米的罗汉洞内，五百罗汉栩栩如生，神态各异，填补东北佛文化空白。济公膳圆楼，精心烹制历代皇宫、民间、寺院传统斋膳精品。,,https://flight-feed.qunarzz.com/as3/180/image/poi_vishnu/58aa5932-c020-49d3-b9d2-3fbc3b428131.jpg,4.3,建议游览时间：1小时 - 2小时,,具体收费情况以现场公示为主,,10
鞍山仙人洞遗址Anshan Xianrendong Ruins,http://travel.qunar.com/p-oi23342356-anshanxianrendongyizhi,,,,,--,,,具体收费情况以现场公示为主,,10
双潭公园Shuangtan Park,http://travel.qunar.com/p-oi23341968-shuangtangongyuan,,,,https://flight-feed.qunarzz.com/as3/180/image/poi_vishnu/888268fd-a4d8-4c28-8a7b-ad299b21d583.jpg,--,,,具体收费情况以现场公示为主,,10
唐王山Tangwang Mountain,http://travel.qunar.com/p-oi23341807-tangwangshan,,,,,--,,,具体收费情况以现场公示为主,,10
胜利广场Shengli Square,http://travel.qunar.com/p-oi23046708-shengliguangchang,"

地址:
五一路18-8号

",鞍山的胜利广场坐落在鞍山的市中心，鞍山市委办公楼和鞍山地政府办公楼就在它的旁边，因此鞍山人都叫它市府广场。,全年 全天开放,https://flight-feed.qunarzz.com/as3/180/image/poi_vishnu/760b2218-a521-46a4-86b3-6ac2a5a7da53.jpg,4.9,建议游览时间：1小时 - 2小时,,,,10
