名字,链接,地址,介绍,开放时间,图片链接,评分,建议游玩时间,建议季节,门票,小贴士,Page
黄果树瀑布Huangguoshu Waterfall,http://travel.qunar.com/p-oi708974-huangguoshupubu,"

地址:
贵州省镇宁布依族苗族自治县黄果树镇贵黄公路(黄果树风景名胜区)


电话:
4008009998（日场）,085-138157288（夜场）


官网:
http://www.hgscn.com/

",以黄果树瀑布为中心，周边分布着十几条瀑布，黄果树瀑布因该区域生长着很多“黄果树”得名。瀑布周围峰峦叠嶂，植被茂密，峡谷、溶洞、石林石柱比比皆是，属典型的喀斯特地貌。感受黄果树瀑布的独特魅力1.走近大瀑布黄果树瀑布的出名始于明代著名旅行家徐霞客，经过一代代的传播，成为知名景点。黄果树瀑布有六个观景台，可以从上、下、前、后、左、右六个方位观赏瀑布的雄、奇、险、秀。2.在水帘洞中接受瀑布的洗礼走进水帘洞，置身其中，看着晶莹的水流流下，若隐若现，宛若人间仙境。想亲身接触瀑布的话可以穿上雨衣，在水帘洞中穿梭，别有一番趣味。建议在进入景区之前购买雨衣。3.寻觅86版《西游记》的场景黄果树瀑布的水帘洞、陡坡塘等景区是86版电视剧《西游记》的取景地，在黄果树瀑布游玩，处处留心，寻觅那些《西游记》中似曾相识的场景，回味经典。游览路线黄果树景区门票包含了三大景点：黄果树瀑布、天星桥景区、陡坡塘瀑布。一般游客的游览路线是陡坡塘瀑布—天星桥景区—黄果树瀑布。门票是两日内有效的，如果一天不能游完可以第二天继续，不过每个景区只能去一次。陡坡塘瀑布：黄果树瀑布群中瀑顶最为宽的瀑布陡坡塘瀑布是黄果树瀑布群里瀑顶最为宽的瀑布，瀑布水沿着瀑面倾泻而下，声势浩大，场面蔚为壮观，令人惊叹。运气好的话还可以看到美丽的彩虹。这里也是86版电视剧《西游记》片尾曲的取景地。天星桥景区：观赏石、水、树、洞混为一体的神奇景色天星桥景区的石景、水景、树景、洞景神奇地融合在一起，令人称奇。在这里可以发现水上有石，石中有洞，洞旁有树，不得不感慨大自然的鬼斧神工。拿出手机或者相机拍摄吧，这里随手一拍都能得出珍奇的风景照。黄果树瀑布：亲临黄果树景区著名的地标黄果树瀑布是游览路线中的压轴景区，也是黄果树景区的核心。亲临世界第三大瀑布，欣赏她的壮美。可以感受到大自然的魅力，惊叹于人类的渺小。摄影爱好者可以带上专业的单反，拍摄一组全景瀑布照片，一定非常震撼。食宿指南黄果树瀑布景区门口有不少小吃，可以尝尝糯米饭（要加辣椒，不然没味道）、恋爱豆腐等。天星桥有很多布依族老人和小孩提着篮子卖鸡蛋、黄瓜、煮玉米，休息处的商店和小摊有卖安顺裹卷、凉粉等，都不算贵。景区周边住宿有黄果树宾馆、金谷瀑布山庄、粮苑酒店等。节假日住宿比较紧张，可以住到安顺市内。,8/10-12/31 07:30-18:00,https://img1.qunarzz.com/travel/d9/1610/f2/ded128d3d5bf82b5.jpg_480x360x95_72f9a47e.jpg,4.5,建议游览时间：12小时 - 3天,最佳的旅游时节是6月-10月，此时瀑布水流最大，瀑布水沿着瀑面倾泻而下，声势浩大，场面蔚为壮观，令人惊叹，偶有水雾升起，可看到彩虹。,"{'黄果树瀑布夜游门票+观光车+双程扶梯票成人票\n\n': ['¥198起'], '黄果树瀑布夜游门票+观光车+双程扶梯票老人票\n\n': ['¥150起'], '黄果树瀑布日场门票(含观光车)+扶梯套票成人票\n\n': ['¥269起']}","1、黄果树景区是典型的喀斯特地形地区，景区内山路陡峭险峻，在景区内游览宜穿胶、布鞋。2、雷雨天不宜游览，更不要在树下避雨。3、景区内尤其是天星桥景区多石阶磴道，且有多处险段，游览时身体宜前俯，下台阶时尤需缓步。在天星桥景区内可以说是一步一景，在游览过程中边走边看，即分散注意力，又易失足，故需看景时不要走路，走路时不看景。游客在景区内游览、摄影、摄像时请注意景区的安全提示标志和安全员的提醒，爱护景区一草一木,注意景区环保,听从管理人员安排,有困难及时与管理人员联系。4、景区地形复杂，爬山下山机会较多，因此游览时宜轻装简从。出发前可将多带的行李物品寄存在住宿的宾馆、旅社或景区游客服务中心的小件寄存处。游览时切忌穿高跟皮鞋、塑料凉鞋。景区的气温夏季在30度左右，太阳辐射较强，请备恰当的遮阳衣帽。5、夏季时有雷雨，不宜打伞。下雨时气温较低要注意感冒。夏季正是黄果树瀑布水量最大的时候，因此许多游道非常湿滑，特别是在穿越水帘洞时瀑布冲起的水雾很大需备好雨季，如果是有摄影器材的游客雨衣也就显得必不可少了。6、春、秋两季，景区内下雨的时间较多，而且温度格外冷，需多备两件御寒的衣物，同时需预备一些常用药品。7、冬游黄果树：以着羽绒衣戴风雪帽为好。冬季雨水多，路滑，宜穿旅游鞋，同时别忘了带手套。",1
平坝农场樱花园Cherry Blossom Garden in Pingba Farm,http://travel.qunar.com/p-oi20976618-pingbanongchangyinghua,"

地址:
安顺市平坝区樟缘路与贵安大道交汇处东北50米

",平坝农场樱花园现已种植50余万株名贵樱花，每年3月到四月上旬，樱花开放时，美若仙境。樱花分为早、晚樱花两个品种，早晚樱花的花期共能持续一个月，此时盛开的白色樱花属于早樱花品种，也有红色的晚樱花将陆续开放，花期为两周左右。平坝农场的公路自驾也不失为一种赏樱方式，穿行于花海之中，两侧是繁花相伴，这种被樱花包围的幸福感不言而喻！,3/5-4/5 09:00-20:00,https://tr-osdcp.qunarzz.com/tr-osd-vs-dapp-ugc/img/93c8dc1be5e8ed8cd7d765867cd51fdb.jpg_480x360x95_87ed46cd.jpg,4.3,建议游览时间：2小时 - 4小时,,,,1
龙宫Dragon Palace Cave (Long Gong),http://travel.qunar.com/p-oi710754-longgong,,,,,,,,,,1
黄果树瀑布景区,http://travel.qunar.com/p-oi39610869-huangguoshupubujingqu,,,,,4.3,,,,,1
铜鼓荡,http://travel.qunar.com/p-oi38841401-tonggudang,,,,,5.0,,,,,1
紫云格凸河风景名胜区Ziyun Getu River Scenic Spot,http://travel.qunar.com/p-oi714276-ziyungetuhefengjingming,"

地址:
安顺市紫云县水塘镇


电话:
0851-38180888

",格凸河穿洞风景区地处贵州省西南部，包括大穿洞、天星洞、穿上洞、盲谷、小穿洞、苗厅、中洞苗寨等几部分，几乎囊括了喀斯特地貌的所有特征。既有格凸河穿梭蜿蜒在山峦和地下形成的神秘自然景观，同时也不乏类似中洞苗寨的人文风情。虽然早已被开发成景区，但是没有经过太多人工修饰，大部分还保持着原始状态。游客一般游览已开发的大穿洞景区和大河景区，大约需要4小时，而具有一定危险性，尚未完全开发的中洞苗寨和小穿洞，如果没有一定的户外装备和知识，以及必须的体力，还是不要...格凸河穿洞风景区地处贵州省西南部，包括大穿洞、天星洞、穿上洞、盲谷、小穿洞、苗厅、中洞苗寨等几部分，几乎囊括了喀斯特地貌的所有特征。既有格凸河穿梭蜿蜒在山峦和地下形成的神秘自然景观，同时也不乏类似中洞苗寨的人文风情。虽然早已被开发成景区，但是没有经过太多人工修饰，大部分还保持着原始状态。游客一般游览已开发的大穿洞景区和大河景区，大约需要4小时，而具有一定危险性，尚未完全开发的中洞苗寨和小穿洞，如果没有一定的户外装备和知识，以及必须的体力，还是不要轻易尝试。从景区大门进入后，可以选择乘坐电瓶车（包含在门票费用中）直达格凸河游船码头，再坐游船游览天星洞和燕子洞。乘船游览一般1-2小时，由当地的苗寨村民担任船工，兼任导游。游船先到达大穿洞，大穿洞又称为燕子洞，源于这里是燕子繁衍生息的家园，这里也是南方屈指可数的几个燕子洞之一。游船在洞内只能行驶200米就需掉头，否则前面就是水流湍急的更深地下。天星洞在格凸河的上游，因为洞壁曾经是当地苗族居民安放祖先悬棺的地方，因此俗称悬棺洞。靠近洞口处的岩石上，摆放着数十口棺木。这里曾允许上岸靠近，但是由于污染和破坏，现在只能在船上远远观看了。从天星洞出来，在东岸摆渡码头登岸（摆渡小船每人一元），沿步道向大穿洞方向，很快就可以看见通往山上穿上洞方向的阶梯，共有2000级台阶，需要一定的体力和时间攀爬，往返需要1-2小时。山顶部的穿上洞有着巨大的内部空间，据说足够一家小型飞机从中飞过。走过穿洞，沿步道向前，一直到路尽头，就到了第一盲谷，后面还有被峭壁遮挡的第二和第三盲谷。站在围栏处向盲谷眺望一定要注意安全。盲谷底部据说有一条格凸河区域难度大的徒步路线，没有可靠的向导和专业的设备不可贸然前往。小穿洞从景色来说不是一个不得不看的地方，且道路难行，而苗厅虽然被宣传为格凸河的重要景点，但是由于环境地限制，并不是一般旅游者有能力达到的地方，目前只有准备充分的科考人员和有经验的洞穴探险者才有机会一探魅力。中洞苗寨被称为亚洲大的穴居部落，大部分原来的中洞人家现在都已搬到新居，洞里有处新近修葺的吊脚楼，这是洞内的游客接待点。洞外不远处就是新建的中洞新村，这一部分景点尚未得到完善开放，道路不便、设施不完善，时间不够的情况下，大部分游客不会涉及，如果游客是一个有着专业的设备和户外经验的团队，不妨在有当地向导的情况下，尝试一下，游览完这一部分大概整个游览时间会延长到2-3天。,全年 09:00-18:00,https://img1.qunarzz.com/travel/d2/201405/16/ad63b2817e78e098ddb12cfb.jpg_480x360x95_b63928b3.jpg,4.4,建议游览时间：3小时 - 4小时,夏秋两季，水流量大的季节是观赏河流峡谷最佳时间。同时夏秋季节温度适宜，寨中气候舒适，是最佳避暑目的地,"{'紫云格凸河风景名胜区门票+双程车票+全程船票+蜘蛛人表演票成人票\n\n': ['¥125起'], '格凸河穿洞风景名胜区门票+双程车票+全程船票+蜘蛛人攀岩票儿童票\n\n': ['¥77起'], '格凸河穿洞风景名胜区门票+双程车票+全程船票+蜘蛛人攀岩票老人票\n\n': ['¥100起']}",1、整个格凸河景区很大，已开发的只是大穿洞和大河部分景区，其他大都是未经大量开发的区域，具有一定危险性和强度，缺乏一定专业设备和相关经验的游客，最好不要尝试。2、在景区内看不到任何关于浏览路线的提示和地图，路标也不是很完善，一些景点的名称也不是很统一，比如大穿洞也叫燕子洞，天星洞也叫悬棺洞，最好团体行动或有当地苗族村民导游的情况下游览，不要迷路。3、天星洞（悬棺洞）在冬天或河水不充足时，游船是到不了洞内的。4、景区的苗族村民导游长期接触游客，普通话很不错，也都很热情健谈，不必担心交流问题。,1
旧州古镇Jiuzhou Old Town,http://travel.qunar.com/p-oi10018487-jiuzhouguzhen,"

地址:
安顺市西秀区旧州旅游专线


电话:
0851-33287000

",旧州古镇位于安顺市的东南面，古镇街道按阴阳五行布局。城内有很多古寺、四合院、古驿道等大量文化遗存，这里可以体会到厚重的历史文化和悠闲的生活氛围。行走在古镇古老的街道里，游客可以去参观气势恢宏的城隍庙，这里是乾隆皇帝御书匾额并拨专款修建的古建筑，来感受一下它悠久的历史气息是不错的选择。还可以去四合院观摩一番，了解中国古代建筑的智慧。,全年 全天开放,https://tr-osdcp.qunarzz.com/tr-osd-tr-touch/img/eade145f371fb1043cf047bc79c3ede5.jpeg_480x360x95_6cbf2e03.jpeg,4.3,建议游览时间：2小时 - 3小时, 最佳旅游时节：夏季，气候凉爽，适宜避暑。,具体收费情况以现场公示为主,,1
天星桥风景区Tianxingqiao Scenic Area,http://travel.qunar.com/p-oi711299-tianxingqiaofengjingqu,"

地址:
安顺市关岭布依族苗族自治县黄果树风景名胜区内


电话:
0851-33592136

",天星桥景区位于黄果树大瀑布下游。天星桥景区分为天星盆景区、天星洞和水上石林三大区，这里主要观赏石、树、水的美妙结合，是水上石林变化而成的天然景区。如果说黄果树大瀑布的特点是气势磅礴，天星桥区则是玲珑秀美。进人“天星桥”景区，就会到达“数生步”，它是一块块的石头架在水上，每块石头都印有日期，可以找一找自己的生日，然后许个愿，很有意思。然后可以去天星洞景区欣赏光十色、变幻无穷的奇峰异石，景区内的4根大石柱直抵洞顶，每根石柱都在20米高以上，非常壮观。,7:30-17:30,https://img1.qunarzz.com/travel/d3/1702/d8/245f02db01dc35b5.jpg_480x360x95_68e24a28.jpg,4.5,建议游览时间：3小时,最佳的旅游时节是6-10月，此时树木茂盛，青青石苔，水到景成，集山、水、林、洞为一体，非常壮观。,"{'天星桥电子导览服务大小同价\n\n': ['¥6起'], '纯玩+夜宿苗寨 黄果树瀑布+西江千户苗寨+小七孔三日游\n\n': ['¥689起'], '黄果树瀑布、荔波小七孔、西江千户苗寨等纯玩3日跟团游\n\n': ['¥478起']}",1、最好晴天或者是阴天去，雨天路滑，带伞防晒；2、在当地流传着一种说法，前往水上石林的那天+你的年龄=几，然后在第几块天然石块上许下一个愿望，你将会美梦成真。 　　,1
陡坡塘瀑布Doupotang Waterfall,http://travel.qunar.com/p-oi721378-doupotangpubu,"

地址:
安顺市镇宁布依族苗族自治县453县道黄果树镇，黄果树瀑布上游1公里处


电话:
0851-33592136

",陡坡塘瀑布位于黄果树瀑布上游1公里处，瀑顶宽105米，高21米，是黄果树瀑布群中宽的瀑布。陡坡塘瀑布有两面，当平水期的时候，因为上游白水河水量较小，水流清澈，陡坡塘瀑布缓缓的洒下，清秀妩媚如一层面纱，被戏称为：新娘面纱。每当雨季来临，白水河携带着大量泥沙汹涌而下，陡坡塘瀑布便失去了往日的温柔，汹涌咆哮如奔腾的野马，雄壮威武。陡坡塘瀑布神奇的地方在于：瀑布左侧的洞穴在巨量洪水经过时，会产生奇特的共鸣，发出低沉的嘶吼，故陡坡塘瀑布又有一个雅号：吼瀑。,7:30-18:00,https://img1.qunarzz.com/travel/d7/1610/57/4c841be20a362fb5.jpg_480x360x95_02f2ff25.jpg,4.6,建议游览时间：2小时 - 3小时,最佳的旅游时节是6月-10月，雨季来临，白水河携带着大量泥沙汹涌而下，陡坡塘瀑布如汹涌咆哮如奔腾的野马，雄壮威武，十分壮观。,"{'纯玩+夜宿苗寨 黄果树瀑布+西江千户苗寨+小七孔三日游\n\n': ['¥689起'], '黄果树瀑布、荔波小七孔、西江千户苗寨等纯玩3日跟团游\n\n': ['¥478起'], '【千人好评】贵州黄果树瀑布+天星桥+陡坡塘瀑布纯玩一日游 可选一环接早\n\n': ['¥109起']}",1、景区内山路陡峭险峻，在景区内游览宜穿胶、布鞋。2、雷雨天不宜游览，更不要在树下避雨。3、景区的气温夏季在30度左右，太阳辐射较强，请备恰当的遮阳衣帽。4、下雨时气温较低要注意感冒。夏季正是瀑布水量最大的时候，因此许多游道非常湿滑，注意脚下安全。,1
天台山伍龙寺Tiantai Mountain Wulongsi,http://travel.qunar.com/p-oi701784-tiantaishanwulongsi,,,,,,,,,,1
银链坠潭瀑布Yinlianzhuitan Waterfall,http://travel.qunar.com/p-oi716576-yinlianzhuitanpubu,,,,,,,,,,2
天龙屯堡Tianlong (Sky Dragon) Fortified Village,http://travel.qunar.com/p-oi713110-tianlongtunbao,"

地址:
安顺市平坝区天龙镇旅游大道


电话:
0851-34295548,0853-20144295293

",天龙屯堡古镇位于贵州省西部平坝县，喀斯特地貌大山深处。在这里，你可以慢悠悠地在典型的喀斯特田园风光中走上半个小时，爬上天台山，登上在崖壁之上的伍龙寺，俯视这片土地，感受一下典型的屯堡生活。天龙屯堡不是很大，花上一个小时就足够你走马观花地游览一圈。在屯堡，游客可以欣赏到历史悠久的古朴石板房和旧式民居，看到身着“凤阳汉装”的屯堡妇女，还可以看到被称为“活化石”的民间戏剧——地戏的表演。你还可以自己一个人，在这个遍布着古老巷道和院落的石头建筑群中独自探索。,旺季（3月1日-10月31日）8:00-18:00；淡季（11月1日-次年2月29日）8:30-17:30。,https://img1.qunarzz.com/travel/d9/1507/a3/2ab464a47f9475.jpg_480x360x95_fa3abf89.jpg,4.3,建议游览时间：3小时 - 4小时,最佳旅游时节：夏季，气候凉爽，适宜避暑。,"{'天龙屯堡电子导览服务大小同价\n\n': ['¥8起'], '贵州安顺栖野旧州露营地【拎包入住轻奢露营体验】\n\n': ['¥480起']}",,2
安顺文庙Anshun Confucius Temple,http://travel.qunar.com/p-oi706818-anshunwenmiao,"

地址:
安顺市西秀区黉学坝路47号


电话:
0851-33323106

",安顺文庙始建于明朝，历经几代修葺和增建，臻于完备，依“孔明丘”的缓坡而建，按规制沿中轴线对称布局建筑，典制齐备、布局严谨、工艺精巧绝伦。至今仍保留着明、清文庙的历史原貌，是中国现存较精致的文庙。文庙共四进，除第四进被毁坏，其余三进都保存完好。由于依山而建，所以四进也是逐级升高。入正门的一个院落，有半月形水池，称为泮池。在古代，凡中秀才得从石桥上过，名“游泮”。院落东西两端，分别建有“桂香阁”和“尊经阁”，是祭祀时公布名单处。第三进是一座四合院。两条石龙宛如从天而降，龙身时隐时现，龙首遥相呼应，栩栩如生。柱础石狮为雌雄二狮，雄狮足蹬绣球，雌狮怀哺幼狮。它们与大成门外的另两根石龙柱，同被称为“文庙四大石雕瑰宝”。安顺文庙是中国西南民族地区较早建成的文庙之一，是明清儒文化由中原向西南边远地区延伸发展的见证。,全年 9:00-17:00,https://tr-osdcp.qunarzz.com/tr-osd-tr-touch/img/dc2d369de5b16717745a48aee0e9fb0a.jpg_480x360x95_78a9729c.jpg,4.4,建议游览时间：1小时 - 2小时,,具体收费情况以现场公示为主,,2
红崖古迹Hongya Historic Site,http://travel.qunar.com/p-oi710706-hongyaguji,"

地址:
安顺西50公里黄果树晒甲山上

",红崖古迹（又称红崖碑，红崖天书）位于安顺以西50公里黄果树晒甲山上，史称“南中第一奇迹”，为我国八大神秘文字之一。“红崖”与“飞瀑”相映交辉，人文景观与自然景观相融合。红崖古迹，被誉为“黔中第一奇迹”。红崖古迹为一壁长达百米，高30米的巨大浅红色石屏上，有二十余个铁红色字，非阴非阳，非籀非篆，非楷非隶，排列不齐。关于文字的内容，众说纷纭，一说是殷高宗伐鬼方纪功刻石的济火“纪功碑”；一说是大禹治水时的遗迹；一说是诸葛亮南征时当地少数民族所作的图谱；一说是蜀汉时，少数民族首领济火协助诸葛亮南征有功，用古文书写的济火“纪功碑”；而现代史学界则认为有可能与夜郎文化有关。自清代以来，中外学者纷纷来此考察研究破译，但至今无果，被称为“红崖文化现象”。,全天开放,https://tr-osdcp.qunarzz.com/tr-osd-tr-mapi/img/09ae2d2d403da77a9023364aade5f99e.jpg_480x360x95_cfb274b8.jpg,4.6,建议游览时间：2小时,四季皆宜。,,,2
石头寨Shitou Village,http://travel.qunar.com/p-oi720300-shitouzhai,"

地址:
安顺市镇宁布依族苗族自治县扁担山


电话:
0851-33596779

",石头寨位于贵州西南镇宁县的扁担山上。寨子依山而建，所有房屋均为石头建造，石屋层层叠叠，布局井然有序，极富民族特色。石头寨，当地布依语称之为“板波森”，其意是“背靠石山，世居石屋”。景观便是石头建造的民居。它以石为墙，以石为廊，以石为柱，以石为瓦。石屋层层叠叠，沿着山坡自下而上。寨边竹林、树下也安置着石凳、石椅与石桌，可休憩、娱乐，连寨里的路面都是石板铺就。石屋的主人都是布依族，家里的男人都是心灵手巧的石匠，手艺世代相传，他们自己设计，自己建造房屋...石头寨位于贵州西南镇宁县的扁担山上。寨子依山而建，所有房屋均为石头建造，石屋层层叠叠，布局井然有序，极富民族特色。石头寨，当地布依语称之为“板波森”，其意是“背靠石山，世居石屋”。景观便是石头建造的民居。它以石为墙，以石为廊，以石为柱，以石为瓦。石屋层层叠叠，沿着山坡自下而上。寨边竹林、树下也安置着石凳、石椅与石桌，可休憩、娱乐，连寨里的路面都是石板铺就。石屋的主人都是布依族，家里的男人都是心灵手巧的石匠，手艺世代相传，他们自己设计，自己建造房屋，安居乐业。石头寨又是蜡染之乡。全寨八成以上的妇女都会制作蜡染布。从刚出生孩子的被服，到青年人婚嫁的被褥，到去世老人的寿衣寿鞋，无不是蜡染布制成，堪称是蜡染布的世界。有趣的是，在这里，游人可直接参与，自己设计，自己操作，做一副属于自己的蜡染。,全年 全天开放,https://img1.qunarzz.com/travel/poi/1408/20/a13964c6b29bcdc5ffffffffc8d65eac.jpg_480x360x95_66cd89bc.jpg,4.3,建议游览时间：2小时 - 3小时,最佳旅游时节：夏季，气候凉爽，适宜避暑。,40元,,2
黄果树盆景园,http://travel.qunar.com/p-oi7646301-huangguoshupenjingyuan,"

地址:
贵州省安顺市镇宁布依族苗族自治县黄果树镇黄果树风景名胜区黄果树大瀑布景区内

",盆景园地处贵州西部低洼地带，海拔较低，终年无霜，极适宜亚热带植物生长。这里随处可见仙人掌、黄桷兰、白玉兰等多肉植物及其它喜温灌木乔木。除此之外，在南方植物园里常见的栾树、米兰等，也已在此安家。盆景园里一年四季枝繁叶茂、花团繁簇。隆冬时节，贵州大部分地区天寒地冻，肃杀萧索，而黄果树景区内依然绿树成荫，一派生机。盏景园经过园艺师们精心策划和独具匠心的布置后，景象更显殊异。,9:00-18:00,https://tr-osdcp.qunarzz.com/tr-osd-tr-mapi/img/09dca42e99e3b735ba9e0772f70bcf9e.jpg_480x360x95_4ab2995c.jpg,3.7,建议游览时间：0.5小时,,免费,,2
黄果树神龙洞The Shenlong Cave of Huangguoshu,http://travel.qunar.com/p-oi718776-huangguoshushenlongdong,"

地址:
安顺市黄果树镇黄果树洒把美食街中段


电话:
0851-33592966

",黄果树神龙洞位于黄果树风景名胜区的核心位置，距黄果树大瀑布3公里，是目前全国已经开发的溶洞中为典型、奇特、具有欣赏价值的溶洞，也是黄果树风景名胜区内独立向游客开放的溶洞景观。神龙洞洞内厅厅相连，溶洞纵横交错，各类溶洞景观层出不穷，洞内分上、中、下三层，底层暗河与黄果树大瀑布相连，洞内十余万根钟乳石琳琅满目，大至百余人方可拥抱，小似绣花针。洞中石瀑、石幔、石笋、石花、石柱等溶洞景观比比皆是。神龙洞曾作为当地土著少数民族抵抗官匪的军事要塞，军事设施至...黄果树神龙洞位于黄果树风景名胜区的核心位置，距黄果树大瀑布3公里，是目前全国已经开发的溶洞中为典型、奇特、具有欣赏价值的溶洞，也是黄果树风景名胜区内独立向游客开放的溶洞景观。神龙洞洞内厅厅相连，溶洞纵横交错，各类溶洞景观层出不穷，洞内分上、中、下三层，底层暗河与黄果树大瀑布相连，洞内十余万根钟乳石琳琅满目，大至百余人方可拥抱，小似绣花针。洞中石瀑、石幔、石笋、石花、石柱等溶洞景观比比皆是。神龙洞曾作为当地土著少数民族抵抗官匪的军事要塞，军事设施至今尚有保存，被当地土著少数民族尊为“神洞”，是黄果名胜区旅游的必看景点。,8:30-18:00,https://img1.qunarzz.com/travel/poi/1806/86/20de63c184c48537.jpg_480x360x95_2ce8a8c0.jpg,4.3,建议游览时间：1小时,夏秋两季，夏秋之时水量最盛，观赏最佳时机。,60元,,2
花江大峡谷Huajiang Grand Canyon,http://travel.qunar.com/p-oi709430-huajiangdaxiagu,"

地址:
安顺市关岭布依族苗族自治县花江镇


电话:
0851-38183666,18722739064

",花江大峡谷位于贵州生安顺市西部，西起岗乌镇的毛草坪，东到板贵乡的三江口，长约80公里，雄奇、宏大、险峻、神秘。花江大峡谷属典型的喀斯特岩溶地貌，岩溶发育良好，形态种类多样，峰林、峰丛、石林、溶洞、溶丘、瀑布、暗流、伏流、漏斗等等一应俱全，堪称贵州喀斯特地貌类型为齐全的的亚热带岩溶景观博物馆。整个区域共分为5个景区，即夹山景区、铁索桥景区、下瓜寨景区、盘江桥景区和古生物化石景区。壮美的自然景观和古朴浓郁的民俗风情，构成了花江大峡谷“雄奇、宏大、险峻、...花江大峡谷位于贵州生安顺市西部，西起岗乌镇的毛草坪，东到板贵乡的三江口，长约80公里，雄奇、宏大、险峻、神秘。花江大峡谷属典型的喀斯特岩溶地貌，岩溶发育良好，形态种类多样，峰林、峰丛、石林、溶洞、溶丘、瀑布、暗流、伏流、漏斗等等一应俱全，堪称贵州喀斯特地貌类型为齐全的的亚热带岩溶景观博物馆。整个区域共分为5个景区，即夹山景区、铁索桥景区、下瓜寨景区、盘江桥景区和古生物化石景区。壮美的自然景观和古朴浓郁的民俗风情，构成了花江大峡谷“雄奇、宏大、险峻、神秘”的鲜明特色。,全年 09:00-18:00,https://img1.qunarzz.com/travel/poi/1408/20/83c0c6655a2661b4ffffffffc8d65eac.jpg_480x360x95_ce252484.jpg,4.3,建议游览时间：2小时,,"{'花江大峡谷门票成人票\n\n': ['¥30起'], '花江大峡谷门票+游船票成人票\n\n': ['¥108起'], '花江大峡谷电子导览服务大小同价\n\n': ['¥5起']}",,2
螺丝滩瀑布,http://travel.qunar.com/p-oi7587293-luositanpubu,"

地址:
安顺市镇宁布依族苗族自治县黄果树镇黄果树风景名胜区内	

",螺丝滩瀑布位于黄果树瀑布下游1公里处，由两支水流组成。是黄果树瀑布群中最长的瀑面。,全天,https://img1.qunarzz.com/travel/poi/1412/95/95738b8e7ec10dcccdb.jpg_480x360x95_dfe928ff.jpg,0.0,建议游览时间：0.5小时 - 2小时,,免费,,2
水上石林,http://travel.qunar.com/p-oi7645870-shuishangshilin,"

地址:
贵州省安顺市镇宁布依族苗族自治县	

",较之云南石林，天星桥的水上石林以“水”见长。河水如罗裙曳地，至潭边越过并列交错的荷叶形岩石，纵情漫流，水花飞溅，形成万千条银练，若断若续，轻轻地坠入10米深潭，荡起层层微波。所谓“石上流水，水上有石，石上长树”，是水上石林区的真实写照。石林区的瀑布，以秀雅取胜，与黄果树大瀑布的雄浑适成对比。最有特色的是“银练坠潭”瀑布。盖此处河床倾斜，上宽下窄。,全天,https://img1.qunarzz.com/travel/d6/1711/80/64a16fbd5dcac0b5.jpg_480x360x95_e7ced0f3.jpg,4.5,建议游览时间：2小时,,免费,,2
水帘洞Water Curtain Cave,http://travel.qunar.com/p-oi7645872-shuiliandong,"

地址:
安顺市镇宁布依族苗族自治县黄果树镇黄果树风景名胜区黄果树大瀑布景区内


电话:
0851-33592136

","水帘洞位于黄果树大瀑布四十米至四十七米的高度上，全长一百三十四米，水帘洞由六个洞窗、五个洞厅、三股洞泉和六个通道组成，主要景点有：倒挂仙人掌、古榕悬根、藤帘、袖珍花园、鼓风口、水晶宫、摸瀑台等。穿越水帘洞，还有一个绝妙奇景，从各个洞窗中观赏到犀牛潭上的彩虹，这里的彩虹不仅是七彩俱全的双道而且是动态的，只要天晴，从上午九时至下午五时，都能看到，并随你的走动而变化和移动。前人：""天空之虹以苍天作衬，犀牛潭之虹以雪白之瀑布衬之""，故题""雪映川霞""。电视连续剧《西游记》中的“花果山”、“水帘洞”,曾给中外观众留下过美好而深刻的印象。也使“水帘洞”外景拍摄地黄果树瀑布锦上添花、声名远播,吸引了无数游客不远万里,来此一睹为快。",景区暂时停业，详情请以景区公示为准；原开放时间：包含于黄果树景区，景区开放时间7:30-18:00，景点开放时间详见景区现场公示。,https://img1.qunarzz.com/travel/d7/1705/dd/8c614a9f7380cbb5.jpg_480x360x95_c8ec37d4.jpg,4.6,建议游览时间：1小时 - 2小时,最佳的旅游时节：6月-10月，此时瀑布水流最大，瀑布水沿着瀑面倾泻而下，游人穿行于洞间，能从各洞窗直接观赏犀牛潭等处夏季独有的双道彩虹。,"{'【千人好评】贵州黄果树瀑布+天星桥+陡坡塘瀑布纯玩一日游 可选一环接早\n\n': ['¥109起'], '纯玩-贵州黄果树瀑布+天星桥+陡坡塘一日游 赠送环保车含中餐\n\n': ['¥298起'], '优选·贵州黄果树瀑布一日游·承诺真纯玩│陡坡塘瀑布+天星桥\n\n': ['¥258起']}",,3
夜郎洞Yelang Cave,http://travel.qunar.com/p-oi708220-yelangdong,"

地址:
安顺市镇宁县黄果树风景区上游扁担山夜郎洞景区


电话:
0851-6823366,0853-6823388


官网:
http://www.yeldong.com/

",夜郎洞位于安顺市镇宁县境内，与黄果树瀑布、石头寨相邻，是世界上喀斯特地貌集中的溶洞群景区，相传夜郎王曾居住于此而得名。溶洞群由夜郎洞、石花洞、蜂子岩洞等大大小小溶洞和天坑、燕峰斜崖等独特的喀斯特地貌共同组成。夜郎洞洞口为一巨大天桥，伏流从洞中涌出。溶洞高百米，分三层。第一层为水洞，二三层为旱洞。第一层水洞蜿蜒曲折，船行其上，但见两岸岩溶形态各异，石柱、石钟乳、石笋密布，蔚为壮观。第二层旱洞由5个大庭组成，依次布满人形石钟乳和石花、石柱，灯光下交相...夜郎洞位于安顺市镇宁县境内，与黄果树瀑布、石头寨相邻，是世界上喀斯特地貌集中的溶洞群景区，相传夜郎王曾居住于此而得名。溶洞群由夜郎洞、石花洞、蜂子岩洞等大大小小溶洞和天坑、燕峰斜崖等独特的喀斯特地貌共同组成。夜郎洞洞口为一巨大天桥，伏流从洞中涌出。溶洞高百米，分三层。第一层为水洞，二三层为旱洞。第一层水洞蜿蜒曲折，船行其上，但见两岸岩溶形态各异，石柱、石钟乳、石笋密布，蔚为壮观。第二层旱洞由5个大庭组成，依次布满人形石钟乳和石花、石柱，灯光下交相辉映，五彩斑斓。神奇的是一丛丛怒放的石“灵芝”，枝繁叶茂，从茎部到叶尖闪闪发光，颇为奇特。第三层旱洞高大开阔，洞中石笋密密匝匝，仿佛进入了原始森林，舒适惬意。大量岩溶发育似树，树冠伸展，荫及面广，灯光下五彩斑斓，有置于天外天的感觉。,夜郎洞景区每天白天推出两场免费民族风情表演，时长50分钟，时间分别为上午10：30—11：20、下午15：00—15：50，另晚上还可举行大型民族土风狂欢篝火晚会，晚上20：00开始，共有17个节目，时长1个半小时，包场费用1400元。,https://mp-commentcp.qunarzz.com/mp_comment_mp_comment/1559244057609100p14000000x1vyv8E22_D_640_10000.jpg_480x360x95_bce1b0ae.jpg,3.9,建议游览时间：2小时,,"{'夜郎洞门票成人票\n\n': ['¥85起'], '夜郎洞电子导览服务大小同价\n\n': ['¥10起'], '贵州安顺栖野旧州露营地【拎包入住轻奢露营体验】\n\n': ['¥480起']}",,3
安乐温泉,http://travel.qunar.com/p-oi703518-anlewenquan,,安乐温泉位于关岭花江乐安寨。《永宁州志》载：“一路三井，两旁水极清凉，唯中一井温如鼎沸，冬可濯足，居人常浴于此焉。”温泉处于烂田坝中，长约500米，宽约200米。,,,--,,,90元,,3
云山屯,http://travel.qunar.com/p-oi7468685-yunshantun,"

地址:
贵州省安顺市平坝县天龙屯堡云山屯

","云山屯屯堡(普)文化是久盛名的。距安顺市约20公里的七眼桥镇有一座叫云鹭山的奇峰，山下峡谷中的小村落就是云山屯。这里的居民由于都是古时屯堡军户的后裔所以人们把他们称为“屯堡人”。600多年前，明洪武帝朱元璋为加强连疆地区的统治。在江浙招幕士兵，让他们携妻带子进入贵州，居住在设置的卫所里，占时出征，闲时屯垦。当时卫所广布全省各地，军户达数万人之多。沧海桑田，而今这些卫所的遗迹大多散落到了历史的时空中了，但在“黔之腹，滇之喉”的安顺，至今还保存着一此卫所旧...云山屯屯堡(普)文化是久盛名的。距安顺市约20公里的七眼桥镇有一座叫云鹭山的奇峰，山下峡谷中的小村落就是云山屯。这里的居民由于都是古时屯堡军户的后裔所以人们把他们称为“屯堡人”。600多年前，明洪武帝朱元璋为加强连疆地区的统治。在江浙招幕士兵，让他们携妻带子进入贵州，居住在设置的卫所里，占时出征，闲时屯垦。当时卫所广布全省各地，军户达数万人之多。沧海桑田，而今这些卫所的遗迹大多散落到了历史的时空中了，但在“黔之腹，滇之喉”的安顺，至今还保存着一此卫所旧址及当时人们生活的遗风，云山屯就是其代表。村寨只有前后屯墙的两个城门，前屯门用巨石垒砌而成，两旁的城墙，高7-8米厚约1.5-2米，屯墙全长1000米左右，上有炮眼和垛口，各处制高点还有众多的哨棚，一旦发生战争，即构成了一套系统、完善的指挥和作战体系。从前屯门入寨，眼前所谓的屯堡一条街，街道长约600米，宽5米左右，还有许多小巷巧妙地与各户的三合院、四合院、碉楼等相连接，形成了攻防相济的通道。随着屯田制度的衰退，加之豪商富贾的涌入，这里的商业贸易曾繁荣一时，布号、米肆、药铺等遍布全屯,著名的“德生昌”中药铺遗址至今仍存。近六七十年来，由于交通道路的变迁，往日的兴旺与繁荣才逐渐逝去。这里的民居大多采用穿斗木构架结构 架承重，围墙只起围护功能。围墙用石块彻成，选择的材料由大到小，使墙体表现出明显的层次感。房屋的板壁、支柱、窗户、门楼等均有镂雕花纹，或名人诗句，或松菊竹梅，或鸟雀凤鹤，绚丽多彩，寓意深刻。旧时的地方志书把屯堡人称为“凤头鸡”、“凤头笄”等，是因为已婚妇女的簪子酷似凤头而得名。云山屯的男子头包青布帕，身着扣边长衫，系腰带，穿草或布；妇女以纱帕为头巾，腰判系织绵丝质长腰带，打结于臀后，脚下是鹰色尖头平底乡花软靴，腿扎白布绑腿，宽衣大袖的大襟长袍、衣领、袖口、襟边均饰有花边。作为数百年前留下的历史“化石”，云山屯和它所代表的屯堡文化，已经成了黔中一道靓丽的人文景观，让人们去感受那深隧的过去。                       ",09:00-18:00,https://img1.qunarzz.com/travel/poi/1408/25/67702a103fc98101ffffffffc8d65eac.jpg_480x360x95_63c85aa5.jpg,0.0,建议游览时间：1小时 - 2小时,,70元,,3
梭筛,http://travel.qunar.com/p-oi716195-suoshai,,位于贵州省西线风景旅游区境内，地域位置优越，风景区总面积55平方公里。具有比较丰富的岩溶地貌。为特征的自然景观和人文景观。峡谷风光秀丽的梭筛水库，该水库因建设普定水电站而形成高峡平湖，主要有双龙峡景点、剑门峡景点、虎跳峡景点、尤其是堪称“中国第一坝、世界第一高”的碾压式砼拱坝景点、具有较高的科研价值，该风景区央求容地貌发育独特、强烈，类型多样、形态各异，在云贵高原具有广泛的代表性。其溶洞景点有莲花古洞、仙马洞等。同时还有保护较好的丰林火焰山原始植...位于贵州省西线风景旅游区境内，地域位置优越，风景区总面积55平方公里。具有比较丰富的岩溶地貌。为特征的自然景观和人文景观。峡谷风光秀丽的梭筛水库，该水库因建设普定水电站而形成高峡平湖，主要有双龙峡景点、剑门峡景点、虎跳峡景点、尤其是堪称“中国第一坝、世界第一高”的碾压式砼拱坝景点、具有较高的科研价值，该风景区央求容地貌发育独特、强烈，类型多样、形态各异，在云贵高原具有广泛的代表性。其溶洞景点有莲花古洞、仙马洞等。同时还有保护较好的丰林火焰山原始植被和珍稀树种，人文景观主要有与北京“山顶洞人”、云南“元谋人”齐名的穿洞遗址，以及白岩脚洞遗址；摩崖石刻有抚安明文、大明南定所等。古建筑有玉真山寺、文昌阁等。这些独具特色的岩溶地貌景观和有一定知名度的人文景观，具有较高的观赏和科研、科普价值。,,,--,,,,,3
普定穿洞遗址,http://travel.qunar.com/p-oi709572-pudingchuandongyizhi,,"普定穿洞遗址是旧石器时代晚期遗址，位于安顺市普定县城西5公里处的一座孤山上，山下四周是溶蚀性盆地。穿洞洞口朝南，前后相通。洞口海拔1,286 米，山顶与谷地的相对高度为87米，洞口 于孤峰半腰，洞口距地面26米，为一石灰岩质溶洞，因洞口南北对穿而得名，洞长30米，宽约13米，洞顶作弧形，顶高9米。",,https://img1.qunarzz.com/travel/d3/1611/39/8735344b8cf2f4b5.jpg_480x360x95_2eaf4814.jpg,0.0,,,,,3
关岭冰臼,http://travel.qunar.com/p-oi39987100-guanlingbingjiu,,关岭冰臼位于安顺市，夏季水流湍急，会有很多大大小小的池子，周围群山环绕，环境秀丽，是人们打卡拍照的好地方。,,,0.0,,,,,3
红枫湖平坝万亩樱花园,http://travel.qunar.com/p-oi39874815-hongfenghupingbawanmu,,,,,,,,,,3
平坝金银村,http://travel.qunar.com/p-oi39604432-pingbajinyincun,,,,,0.0,,,,,3
森哒星生态公园,http://travel.qunar.com/p-oi39604278-sendaxingshengtaigong,,,,,0.0,,,,,3
八角硐,http://travel.qunar.com/p-oi39559136-bajiaodong,,,,,3.0,,,,,4
小井村,http://travel.qunar.com/p-oi39443556-xiaojingcun,,,,,0.0,,,,,4
若飞公园,http://travel.qunar.com/p-oi39318432-ruofeigongyuan,,,,,0.0,,,,,4
千浪湾水上乐园,http://travel.qunar.com/p-oi38905557-qianlangwanshuishangle,,"千浪湾水上乐园位于安顺市西秀区旧州镇浪塘村入口处，比邻旧州古城、山里江南景区等优质旅游资源，距离安顺市区26公里，距离省会贵阳75公里，乐园于2020年7月建成，占地20余亩。乐园选址依山傍水，风景绮丽，共分为两大区域，游泳区游玩项目丰富，烧烤区域风景优美，是休闲度假、周末出行、短线旅游、亲子互动之地。
千浪湾水上乐园拥有户外游泳池，总体占地面积达3000平方米，分深水区、浅水区、专业赛道区三个区域。水质清洁卫生，配套设施齐全，环境雅致，盛夏时分是消暑度假场所。惊险刺激龙头滑梯——
惊险刺激的龙头滑梯高20余米，全长40余米，从高空出发，急速下降数十米后俯冲至低点，给人一种失重的感觉，在急速滑行中体验犹如风中滑行之美，特别适合喜欢体验刺激新奇的游客，是乐园中受欢迎的设施之一。
儿童乐园冰雪世界——
专为小朋友们设计的儿童乐园冰雪世界，带你穿越时空，前往阿拉斯加北部冰雪世界，获得不一样的风情体验，为童年留下充满美好笑声的回忆。
团队协作的水上足球——
绝妙的水上足球设施，让您及您的朋友、同事体验一场酣畅淋漓的足球比赛。增进友谊的同时，充满欢声笑语，锻炼彼此默契，提升彼此感情。
网红摇摆桥——
随着音乐响起，网红桥开始左右摇摆，卡准节奏保持身体平衡，在摇摆中体会刺激与快乐。
身临其境的丛林探险——
身临其境的丛林探险，带你穿越到亚马逊丛林深处，体验惊险刺激的丛林冒险。
休闲度假之地千浪湾烧烤——
 千浪湾水上乐园烧烤区，紧邻邢江河畔，环境优雅，设施齐全，菜品干净卫生。向游人提供烧烤凉棚、菜品、麻将机等，还配有小朋友们喜欢的摇摇车、钓鱼游戏等设备，是周末全家游、朋友聚会、亲子活动、公司拓展的不二选择。
",,,5.0,,,,,4
喀斯特水上森林,http://travel.qunar.com/p-oi38860836-kasiteshuishangsenlin,,,,,--,,,具体收费情况以现场公示为主,,4
大坡林场,http://travel.qunar.com/p-oi38844106-dapolinchang,,,,,0.0,,,具体收费情况以现场公示为主,,4
蝶恋花海,http://travel.qunar.com/p-oi38627234-dielianhuahai,,,,,--,,,具体收费情况以现场公示为主,,4
三合生态体育公园,http://travel.qunar.com/p-oi38625640-sanheshengtaitiyugong,,,,,--,,,具体收费情况以现场公示为主,,4
贵安樱花园,http://travel.qunar.com/p-oi38617977-guianyinghuayuan,,贵安樱花园占地面积约2.4万余亩，园内种植了近70万株名贵樱花，分为早樱和晚樱，其中早樱株数占多数，花期组合时间能持续约一个月左右，便吸引大量游客前来赏花打卡。,,,4.4,建议游览时间：3小时 - 5小时,,园内游玩项目具体收费情况以现场公示为主。,,4
天星湖,http://travel.qunar.com/p-oi38600755-tianxinghu,,,,,0.0,,,具体收费情况以现场公示为主,,4
永宁明清古镇,http://travel.qunar.com/p-oi38340901-yongningmingqingguzhen,,,,,4.0,,,具体收费情况以现场公示为主,,5
娄家坡水库,http://travel.qunar.com/p-oi38335494-loujiaposhuiku,,,,,--,,,具体收费情况以现场公示为主,,5
谷氏旧居,http://travel.qunar.com/p-oi38135429-gushijiuju,,,,,0.0,,,具体收费情况以现场公示为主,,5
征途越野俱乐部,http://travel.qunar.com/p-oi37801234-zhengtuyueyejulebu,"

地址:
安顺市平坝区贵安大道红枫湖平坝万亩樱花园

",征途户外，拥有4000平米场地训练场，场外有8公里的线路（泥潭，河道，飘移场，樱花园从林穿越），适合公司团建，情侣打卡，释放压力的好去处，另有免费的自助烧烤，卡拉OK，露营，野钓（柴火鸡，柴火鱼）,全年 09:00-18:00,,5.0,建议游览时间：2小时 - 3小时,,,,5
虎穴洞,http://travel.qunar.com/p-oi37691678-huxuedong,,,,,,,,,,5
坝陵河大桥,http://travel.qunar.com/p-oi37199168-balinghedaqiao,,,,https://tr-osdcp.qunarzz.com/tr-osd-tr-mapi/img/f6f461d028002e2c8b0b0a1b1a7c8c29.jpg_480x360x95_8193dabe.jpg,4.0,,,,,5
黄果树石头寨景区,http://travel.qunar.com/p-oi37198121-huangguoshushitouzhai,,,,,--,,,,,5
塔山公园,http://travel.qunar.com/p-oi37190452-tashangongyuan,,,,,0.0,,,,,5
天星洞,http://travel.qunar.com/p-oi36306149-tianxingdong,"

地址:
安顺市镇宁布依族苗族自治县黄果树大瀑布下游6公里处天星桥景区天星洞景区内


电话:
0851-33592136

",天星洞是典型的喀斯特地貌溶洞，溶洞内主要景观以人工为主。洞内有葡萄厅、石笋群、滴石、云碟、云盘等景观，造型奇特，色泽艳丽。,全年 07:30-17:30,https://tr-osdcp.qunarzz.com/tr-osd-tr-space/img/ff8a736008652631d3a653f5dce77884.jpg_480x360x95_25d22616.jpg,3.8,建议游览时间：0.5小时 - 1小时,,包含在黄果树景区门票内,,5
水上石林,http://travel.qunar.com/p-oi36306089-shuishangshilin,"

地址:
安顺市镇宁布依族苗族自治县黄果树大瀑布下游6公里处天星桥景区内

",水上石林景点位于黄果树瀑布天星桥景区下半段，白水河穿越景区时，在河床凸起岩石间川流不息，形成“水在石上流，石在水中上”的美妙景观，犹如一幅美丽画面。,7:30-17:30,https://tr-osdcp.qunarzz.com/tr-osd-tr-mapi/img/1775e369f2b10429a17b4f014ade2c4e.jpg_480x360x95_95af8937.jpg,4.0,建议游览时间：1小时 - 2小时,,具体收费情况以现场公示为主,,5
螺丝滩瀑布,http://travel.qunar.com/p-oi36270644-luositanpubu,,螺丝滩瀑布是黄果树风景名胜区中的景点之一，由两支水流组成：左支较高，右支平缓，总长达350米，总宽120米，形成一雄一秀的奇瀑。,,,4.7,建议游览时间：1小时 - 2小时,,,,6
阿歪寨村,http://travel.qunar.com/p-oi36221077-awaizhaicun,,阿歪寨村，是具有特色的藤甲文化传承村落。村寨内有神色各异的藤甲兵和神秘的夜郎古国雕塑，展示着三国时期藤甲文化的魅力。村寨的房子有石头做墙，也有木头做墙的 是典型的农村古屋。在这里观赏村寨的古建筑，品尝当地名小吃，了解蜡染、织布、织锦、刺绣等民族手工艺，体验竹竿舞、拦门酒、摔碗酒、布依族对歌等传统习俗。,,,5.0,建议游览时间：12小时 - 3天,,具体收费情况以现场公示为主,,6
岚山景区,http://travel.qunar.com/p-oi36213849-lanshanjingqu,"

地址:
安顺市西秀区七眼桥镇山岚村


电话:
0851-38112626

",岚山景区位于安顺市以东10公里处贵安大道旁，交通便利。设有水上乐园（含激情冲浪、养身水疗、成人游泳池、儿童水寨），岚宫（内有玻璃桥、时光隧道、互动模拟、小瀑布），龙仙洞，岚湖，岚湖岛等多处景点。,全年 09:00-18:30,,5.0,建议游览时间：12小时 - 3天,,{'岚山景区门票儿童票\n\n': ['¥20起']},,6
十里荷廊风景区,http://travel.qunar.com/p-oi36149715-shilihelangfengjingqu,"

地址:
安顺市西秀区幺铺镇


电话:
0851-33773269

",十里荷廊风景区位于安顺市西秀区幺铺镇，景区经过4年的发展，目前已建成旅游观光道12公里、木栈道14公里，景观桥、溜索、木桶漂等旅游休闲设施也正同步推进。景区核心区莲藕种植面积达7000亩，横跨幺铺镇安湖、磊跨、羊场3个村，沿途6.7公里，是游客休闲观光好去处。,全年 09:00-23:00,https://tr-osdcp.qunarzz.com/tr-osd-tr-space/img/7c03e72a6917238ad0bc28c1babe27d9.jpg_480x360x95_f404c94a.jpg,5.0,建议游览时间：2小时 - 3小时,,,,6
三合苗寨Sanhe Miao Village,http://travel.qunar.com/p-oi35832006-sanhemiaozhai,,,,,0.0,,,具体收费情况以现场公示为主,,6
二龙坡Erlongpo Village,http://travel.qunar.com/p-oi35677298-erlongpo,,,,,--,,,具体收费情况以现场公示为主,,6
鹰子岩村Yingziyan Village,http://travel.qunar.com/p-oi35388377-yingziyancun,,,,,--,,,具体收费情况以现场公示为主,,6
老广汪院Laoguangwangyuan Village,http://travel.qunar.com/p-oi35385419-laoguangwangyuan,,,,,--,,,具体收费情况以现场公示为主,,6
水母新寨村,http://travel.qunar.com/p-oi35384975-shuimuxinzhaicun,,,,,--,,,具体收费情况以现场公示为主,,6
白岩大屯,http://travel.qunar.com/p-oi35384902-baiyandatun,,,,,--,,,具体收费情况以现场公示为主,,6
老水母村Laoshuimu Village,http://travel.qunar.com/p-oi35384887-laoshuimucun,,,,,--,,,具体收费情况以现场公示为主,,7
火卢箐Huoluqing Village,http://travel.qunar.com/p-oi35384567-huoluqing,,,,,--,,,具体收费情况以现场公示为主,,7
下打鱼寨Lower Dayuzhai Village,http://travel.qunar.com/p-oi35384457-xiadayuzhai,,,,,--,,,具体收费情况以现场公示为主,,7
上打鱼寨Shangdayuzhai Village,http://travel.qunar.com/p-oi35384096-shangdayuzhai,,,,,--,,,具体收费情况以现场公示为主,,7
境仙山实景拍摄景区Jingxian Mountain Live-Action Shooting Scenic Spot,http://travel.qunar.com/p-oi35310425-jingxianshanshijingpai,,境仙山实景拍摄景区位于安顺市，这里有很多风格迥异的建筑物让人眼花缭乱，八角亭，吊脚楼，建筑古色古香，不少电视剧都来此地取景。,,,0.0,建议游览时间：12小时 - 3天,,具体收费情况以现场公示为主,,7
谷登坝,http://travel.qunar.com/p-oi35308195-gudengba,,,,,--,,,具体收费情况以现场公示为主,,7
埋头井Maitoujing Village,http://travel.qunar.com/p-oi35306132-maitoujing,,,,,--,,,具体收费情况以现场公示为主,,7
关岭县花江镇利发肉牛养殖基地,http://travel.qunar.com/p-oi35306046-guanlingxianhuajiangzhen,,,,,--,,,具体收费情况以现场公示为主,,7
邢江河国家湿地公园Xingjiang River National Wetland Park,http://travel.qunar.com/p-oi35304647-xingjiangheguojiashidi,,是以云贵高原上典型的河流湿地为主体的湿地公园，湿地率高达80%，是国家级湿地公园。,,,--,建议游览时间：1小时 - 2小时,,具体收费情况以现场公示为主,,7
覃家湾子,http://travel.qunar.com/p-oi35302805-tanjiawanzi,,,,,--,,,具体收费情况以现场公示为主,,7
尧善田Yaoshantian Village,http://travel.qunar.com/p-oi35300904-yaoshantian,,,,,--,,,具体收费情况以现场公示为主,,8
高董,http://travel.qunar.com/p-oi35300544-gaodong,,,,,--,,,具体收费情况以现场公示为主,,8
龙吟虎啸壁Wall of Roaring Dragons and Tigers,http://travel.qunar.com/p-oi35297908-longyinhuxiaobi,,,,,,,,,,8
么英坝Meyingba Village,http://travel.qunar.com/p-oi35295699-meyingba,,,,,,,,,,8
小格道秋,http://travel.qunar.com/p-oi35295122-xiaogedaoqiu,,,,,--,,,具体收费情况以现场公示为主,,8
果骂村,http://travel.qunar.com/p-oi35294973-guomacun,,,,,--,,,具体收费情况以现场公示为主,,8
里么大桥Lime Bridge,http://travel.qunar.com/p-oi35294558-limedaqiao,,,,,--,,,具体收费情况以现场公示为主,,8
跳花坡,http://travel.qunar.com/p-oi35292968-tiaohuapo,,,,,3.0,,,,,8
加庆塆Jiaqingwan Village,http://travel.qunar.com/p-oi35292680-jiaqingwan,,,,,--,,,具体收费情况以现场公示为主,,8
本固村,http://travel.qunar.com/p-oi35292208-bengucun,,,,,--,,,具体收费情况以现场公示为主,,8
黄么铺子Huangmepuzi Village,http://travel.qunar.com/p-oi35291258-huangmepuzi,,,,,--,,,具体收费情况以现场公示为主,,9
王么堡子Wangmebuzi Village,http://travel.qunar.com/p-oi35290927-wangmebaozi,,,,,--,,,具体收费情况以现场公示为主,,9
格凸河镇Getuhe Town,http://travel.qunar.com/p-oi35287885-getuhezhen,,,,,1.0,,,具体收费情况以现场公示为主,,9
黄铺生态植物园Huangpu Ecological Botanical Garden,http://travel.qunar.com/p-oi35283804-huangpushengtaizhiwuyuan,,,,,--,,,具体收费情况以现场公示为主,,9
左家寨,http://travel.qunar.com/p-oi35277925-zuojiazhai,,,,,--,,,具体收费情况以现场公示为主,,9
左家寨Zuojiazhai Village,http://travel.qunar.com/p-oi35273252-zuojiazhai,,,,,--,,,具体收费情况以现场公示为主,,9
杨柳湾湿地公园Yangliuwan Wetland Park,http://travel.qunar.com/p-oi35259473-yangliuwanshidigongyuan,,,,,--,,,具体收费情况以现场公示为主,,9
安顺动物园Anshun Zoo,http://travel.qunar.com/p-oi35217017-anshundongwuyuan,,动物园有梅花鹿、鳄鱼、猕猴、猫头鹰、西北狼等动物，种类较多，丰富有趣。,,,5.0,建议游览时间：2小时 - 3小时,,具体收费情况以现场公示为主,,9
云山屯古建筑群景区Yunshantun Village,http://travel.qunar.com/p-oi35215961-yunshantungujianzhuqun,,,,,0.0,,,具体收费情况以现场公示为主,,9
旧州花海Jiuzhou Flower Sea,http://travel.qunar.com/p-oi35215727-jiuzhouhuahai,,来到这里，便全身心的投入了花的海洋，连呼吸都变得畅快。游客们在花的海洋里漫步，孩童在花海里追逐嬉戏，是休闲散心的好去处。,,,5.0,建议游览时间：2小时 - 3小时,,具体收费情况以现场公示为主,,9
梭筛风景名胜区Suoshai Scenery Spot,http://travel.qunar.com/p-oi35213921-suoshaifengjingmingsheng,,,,,--,,,具体收费情况以现场公示为主,,10
九龙山森林公园Jiulongshan Forest Park,http://travel.qunar.com/p-oi35213307-jiulongshansenlingong,,九龙山森林公园以溶蚀地貌为主，园内山体连绵、森林茂密，不仅有龙泉寺、天落洞、天落湾石林等景点，还有茶室、游乐场、餐厅等设施，是休闲度假的好地方。,,,0.0,建议游览时间：2小时 - 3小时,,具体收费情况以现场公示为主,,10
天台山伍龙寺地戏博物馆Tiantai Shan Wulong Si De Xi Museum,http://travel.qunar.com/p-oi34273722-tiantaishanwulongsidi,"

地址:
安顺市平坝区天龙镇天台山

",,暂停开放,,--,,,免费,,10
关岭国家地质公园博物馆Guanling Guojia Dizhi Park Museum,http://travel.qunar.com/p-oi34271694-guanlingguojiadizhigong,"

地址:
关岭新铺镇卧龙村

",关岭国家地质公园博物馆内展示有很多动植物化石标本，包括鱼龙、海龙、楯齿龙、海百合、菊石等，种类繁多，藏量丰富。,全年 9:00-17:00,,--,建议游览时间：2小时 - 3小时,,收费,,10
天池Tianchi,http://travel.qunar.com/p-oi32788918-tianchi,,,,,,,,,,10
群芳谷Qunfang Valley,http://travel.qunar.com/p-oi32763036-qunfanggu,,,,,,,,,,10
石板村,http://travel.qunar.com/p-oi30087919-shibancun,,,,,--,,,,,10
普定火焰山,http://travel.qunar.com/p-oi30086500-pudinghuoyanshan,,,,,--,,,,,10
"十里河廊风荷园Lotus Garden, Miles Corridor",http://travel.qunar.com/p-oi29810972-shilihelangfengheyuan,,十里河廊风荷园位于贵州安顺市，园内遍地都是荷花，非常壮观。,,,1.5,建议游览时间：3小时,,,,10
地藏殿Jizo Temple,http://travel.qunar.com/p-oi29810965-dizangdian,,,,,,,,,,10
