名字,链接,地址,介绍,开放时间,图片链接,评分,建议游玩时间,建议季节,门票,小贴士,Page
莫莫格国家级自然保护区Momoge National Nature Reserve,http://travel.qunar.com/p-oi703071-momogeguojiajiziranbao,"

地址:
白城市镇赉县莫莫格蒙古族乡103县道


电话:
0436-7811545,0436-7811902

",莫莫格国家级自然保护区位于白城市东北部，坐落于风景如画的嫩江之畔，地处嫩江和洮河汇合处，这里河流纵横、湖泡洼地星罗棋布，有河滩苔草湿地、湖滩洼地芦苇湿地以及碱蓬盐沼等自然景观。莫莫格是著名的丹顶鹤及其他珍禽的保护区，这里被人们称为“鹤的故乡，鸟的天堂”。全世界现在有鹤类15种，莫莫格自然保护区就有6种，分别为白鹤、丹顶鹤、白头鹤、白枕鹤、灰鹤、蓑羽鹤，其中丹顶鹤、蓑羽鹤、白枕鹤在本区繁殖。每年的春秋两季，在这里可以观赏到数百只来此停歇的白鹤，景象十分壮观。这里除了拥有绝美的江滨风光、鸟群同时腾空的壮观场面、以及风吹草低现牛羊的草原景色之外，你还能体验莫莫格蒙古族自治乡的民俗风情，可以喝上一口清澈透明、爽身沁肺的矿泉水，临别时还可以带上一两件精美的柳编制品，令人难忘。,景区暂时停业，预计5月1日开放；原开放时间8:00-17:00。,https://img1.qunarzz.com/travel/d9/1709/34/b1f0c12f7b05c4b5.jpg_480x360x95_13c1d63a.jpg,4.4,建议游览时间：3小时 - 5小时,,具体收费情况以现场公示为主,,1
嫩江旅游度假村,http://travel.qunar.com/p-oi722612-nenjianglu:youdujiacun,"

地址:
嫩江旅游度假村位于大安市嫩江右岸，距市中心3公里

",嫩江旅游渡假村位于大安市嫩江右岸，距市中心3公里，占地面积5.28公顷，建筑面积达5100平方米，水路、铁路便通，是一处良好的旅游胜地。　这里一年四季分明，景色迷人，碧绿的江水上叶叶白帆轻轻飘荡，豪华的游船长鸣远航，江岸上绿草成荫，草原辽阔，百鸟欢唱。在渡假村南瑞，高山脚下，设有东北最大的国防基地，在这里游人可以体验到现代骑士的风彩。位于嫩江右岸边有长达10公里的沙滩浴场，服务设施齐全，可供游人游泳、划船、摄影、娱乐等。 在渡假村中心有一座独具特色的五层...嫩江旅游渡假村位于大安市嫩江右岸，距市中心3公里，占地面积5.28公顷，建筑面积达5100平方米，水路、铁路便通，是一处良好的旅游胜地。　这里一年四季分明，景色迷人，碧绿的江水上叶叶白帆轻轻飘荡，豪华的游船长鸣远航，江岸上绿草成荫，草原辽阔，百鸟欢唱。在渡假村南瑞，高山脚下，设有东北最大的国防基地，在这里游人可以体验到现代骑士的风彩。位于嫩江右岸边有长达10公里的沙滩浴场，服务设施齐全，可供游人游泳、划船、摄影、娱乐等。 在渡假村中心有一座独具特色的五层望江楼，内设有餐厅，快餐厅、水资源展览厅、歌舞厅。楼内装潢典雅，舒适静溢，菜肴品种齐全，风味独特，舞厅内配有高级音响，音乐优美、轻歌漫舞、令游人留连忘返。　在别具特色的望江楼中层，珍藏着数百种鱼类标本，游人到这里可一览古今，真正领略大安“渔米之乡”的含义。渡假村内还建有欧式、罗式、中式现代化别墅三座，建筑面积2000平方米，高中档客房一应俱全，适宜各阶层游客到这里渡假、开会、食宿。此外，嫩江旅游渡假村还修建了江畔公园，天然沙浴场，人工游泳池，江畔木屋，别墅群等景观，景点。　为了满足广大游客的需求，渡假村先后开通了大安港至月亮泡水库一日游、大安港至衍福寺一日游，游人即可浏览两岸风光，又可在船上就餐，娱乐。,全天开放,,5.0,,,大门不收门票，但景区内各景点均要收费,,1
向海自然保护区Xianghai Nature Reserve,http://travel.qunar.com/p-oi704939-xianghaiziranbaohuqu,"

地址:
白城市向海乡兴隆山镇西南2千米处


电话:
0436-4588557,0436-4589699

",向海湿地位于通榆县西北、科尔沁草原的东部边陲，是以保护丹顶鹤等珍贵水禽和蒙古黄榆等稀有植物群落为主的自然保护区。在这里你可以观赏到具有草原原始特色的沼泽、黄榆、苇荡、杏树林等各种自然景观，还能观赏到丹顶鹤等珍禽的优美身姿。向海湿地素有“东有长白、西有向海”的美誉，这里的地形为典型的草原湿地地貌，拥有霍林河、额木太河、洮儿河三条大河横贯其中，还有上百个自然泡沼星罗棋布。这里的夏季绿意盎然，秋季则色彩绚丽、秋高气爽，这两季是每年很好的旅游季节。栖息于向海湿地的鸟类有173种之多，其中鹤类就有15种，将近占了全世界现有鹤种类的一半，其中珍惜种类有丹顶鹤、白枕鹤、白头鹤、灰鹤、白鹤、天鹅、金雕等，是我国有名的“鹤乡”。,全年 07:30-17:00,https://mp-commentcp.qunarzz.com/mp_comment_mp_comment/1562440678884100a16000000z0606ED41_D_640_10000.jpg_480x360x95_a3490852.jpg,4.6,建议游览时间：3小时 - 4小时,,{'向海自然保护区电子讲解门票大小同价\n\n': ['¥9起']},,1
哈尔挠,http://travel.qunar.com/p-oi713687-haernao,"

地址:
白城市镇赉县

",“哈尔挠”是蒙族语言的音译，意思是黑色的水泡。它位于八百里瀚海的东北部，嫩江的西岸，是莫莫格国家级自然保护区的核心区，是国家A级湿地资源。旅游区内建有哈尔挠水库和哈尔挠旅游度假村。哈尔挠水库是1979年8月吉林省水利厅批准修建的。目前，哈尔挠养殖水面6万亩，自然捕鱼水面12万亩，有杨树堂、老瓜窝、少力根、龙坑等四处自然捕捞单位，这里水面宽阔，苇草茂盛，水面上生长着茨实米、菱角和水草，水中生长着鳜鱼、黄桑、鲤鱼、黑鱼、鲶鱼、澎泽鲫、鲂鱼、鲢、鳙、草鱼等30多...“哈尔挠”是蒙族语言的音译，意思是黑色的水泡。它位于八百里瀚海的东北部，嫩江的西岸，是莫莫格国家级自然保护区的核心区，是国家A级湿地资源。旅游区内建有哈尔挠水库和哈尔挠旅游度假村。哈尔挠水库是1979年8月吉林省水利厅批准修建的。目前，哈尔挠养殖水面6万亩，自然捕鱼水面12万亩，有杨树堂、老瓜窝、少力根、龙坑等四处自然捕捞单位，这里水面宽阔，苇草茂盛，水面上生长着茨实米、菱角和水草，水中生长着鳜鱼、黄桑、鲤鱼、黑鱼、鲶鱼、澎泽鲫、鲂鱼、鲢、鳙、草鱼等30多种鱼类，年产鲜鱼120万斤。哈尔挠旅游度假村，可同时供80人食宿、餐饮、歌舞、召开小型会议。目前开设有游玩项目有：水上游、自然风光游、垂钓、野浴等。这里风光秀丽，烟波浩淼，水草连天，鱼翔浅底，鸟飞云端；这里有一望无际的草原，奔流不息的嫩江水，景色宜人，环境优美。哈尔挠A级旅游度假村是您休闲、度假、旅游观光、避暑纳凉的好地方！,全天,https://img1.qunarzz.com/travel/d7/1506/3b/7ba29fc2868624.jpg_480x360x95_11fed571.jpg,4.5,,,莫莫格国家级自然保护区门票：40元（包含哈尔挠旅游景区）,,1
兴隆山黄榆林,http://travel.qunar.com/p-oi711755-xinglongshanhuangyulin,"

地址:
吉林省白城市通榆县

",在距通榆县城约60公里，兴隆山镇西南 2 公里处，有一片至今保护完好、亚洲最大的蒙古黄榆林，这是具有原始风韵的面积约 50 平方公里的天然森林浴场。站在赏榆亭上望去，蒙古黄榆树尽收眼底。有的象古藤盘柱，有的如游龙过江，有的若霸王挥鞭，有的似八仙过海。隆冬时节，呼啸的北风和漫卷的黄沙一见到它，便驯服地放慢脚步；阳春三月，别的树种刚从睡梦中醒来，蒙古黄榆就已经吐出葱郁的叶子，莽莽苍苍，引来各种禽鸟在枝头栖息；酷暑盛夏，它总是长舒猿臂，浓荫下布，为八方游客纳凉...在距通榆县城约60公里，兴隆山镇西南 2 公里处，有一片至今保护完好、亚洲最大的蒙古黄榆林，这是具有原始风韵的面积约 50 平方公里的天然森林浴场。站在赏榆亭上望去，蒙古黄榆树尽收眼底。有的象古藤盘柱，有的如游龙过江，有的若霸王挥鞭，有的似八仙过海。隆冬时节，呼啸的北风和漫卷的黄沙一见到它，便驯服地放慢脚步；阳春三月，别的树种刚从睡梦中醒来，蒙古黄榆就已经吐出葱郁的叶子，莽莽苍苍，引来各种禽鸟在枝头栖息；酷暑盛夏，它总是长舒猿臂，浓荫下布，为八方游客纳凉提供方便。无论怎样干旱、燥热的天气，只要置身其中，无风自凉，无雨自润，清爽至极，好似仙境。,全天,https://img1.qunarzz.com/travel/d3/1506/86/88dc54620466d1.jpg_480x360x95_0d3c1ce6.jpg,4.0,,,免费,,1
东沟湿地狩猎场Donggou Wetland Hunting,http://travel.qunar.com/p-oi702456-donggoushidishouliechang,"

地址:
大安市的大岗子乡、通榆县的八面乡、洮南市的二龙乡交界处

",东沟湿地狩猎场面积约五万多公顷，此处生活着很多动物，如天鹅、丹顶鹤、斑嘴鸭、绿翅鸭、罗纹鸭等，此外，这里还有芦苇、三棱草、灯心草、水葱、睡莲等植物。,全年 6:00-21:30,https://img1.qunarzz.com/travel/d1/1506/63/01d6f04a404a09.jpg_480x360x95_f59c61ed.jpg,4.3,建议游览时间：4小时 - 5小时,,45元,,1
汉书遗址Book of Han Relic Site,http://travel.qunar.com/p-oi712321-hanshuyizhi,"

地址:
白城市大安市月亮泡镇汉书村东北1公里的月亮泡南岸

",汉书遗址位于大安市，这里发现了大量的房址、墓葬、灰坑等多处种类型的遗存，以及装饰有篦点几何纹的筒形陶器、彩绘陶壶、红衣陶碗和各类青铜质的刀、扣等，还有各种生活用品和生产工具。,8：00——16：00,https://tr-osdcp.qunarzz.com/tr-osd-tr-manager/img/ea47a2d25cebfe1e5bb31faf663de048.gif_480x360x95_331d3375.gif,5.0,建议游览时间：1小时 - 2小时,,具体收费情况以现场公示为主,,1
劳动公园,http://travel.qunar.com/p-oi38674636-laodonggongyuan,,,,,4.5,,,具体收费情况以现场公示为主,,1
白城华严寺,http://travel.qunar.com/p-oi38336838-baichenghuayansi,,,,,4.4,,,具体收费情况以现场公示为主,,1
仙鹤岛,http://travel.qunar.com/p-oi38336691-xianhedao,,,,,--,,,具体收费情况以现场公示为主,,1
查干浩特旅游度假区White City Tourist Resort,http://travel.qunar.com/p-oi35832749-chaganhaotelu:youdujia,"

地址:
洮北区市区西北部


电话:
0436-3356012,0436-3356011

",查干浩特旅游度假区是位于白城市西北部的综合型旅游开发区，形成了“草原风光、苔地湖泊、野生珍禽、蒙古风情”的四大旅游特色。,无,,0.0,建议游览时间：3天 - 6天,,,,2
兴隆山镇林场Xinglongshan Town Forest Farm,http://travel.qunar.com/p-oi35305087-xinglongshanzhenlinchang,,,,,--,,,具体收费情况以现场公示为主,,2
五道岗子Wudaogangzi Village,http://travel.qunar.com/p-oi35297935-wudaogangzi,,,,,--,,,具体收费情况以现场公示为主,,2
苏公坨村牛点Cattle Grazing Point in Sugongtuo Village,http://travel.qunar.com/p-oi35297774-sugongtuocunniudian,,,,,--,,,具体收费情况以现场公示为主,,2
聚宝山马场Jubaoshan Racecourse,http://travel.qunar.com/p-oi35297772-jubaoshanmachang,,,,,--,,,具体收费情况以现场公示为主,,2
苏公坨乡畜牧场Livestock Farm of Sugongtuo Township,http://travel.qunar.com/p-oi35297507-sugongtuoxiangchumuchang,,,,,--,,,,,2
尹家孵化场(江城西路),http://travel.qunar.com/p-oi35241385-yinjiafuhuachang,,,,,,,,,,2
墨宝园Calligraphy Park,http://travel.qunar.com/p-oi35215080-mobaoyuan,,,,,--,,,,,2
哈尔淖AA级旅游景区Ha'ernao AA Tourism Scenic Area,http://travel.qunar.com/p-oi35214410-haernaoaajilu:youjing,,,,,5.0,,,具体收费情况以现场公示为主,,2
吉林向海自然博物馆Jilin Xianghai Ziran Museum,http://travel.qunar.com/p-oi34273361-jilinxianghaiziranbowu,,,,,0.0,,,免费,,2
通榆县博物馆Tongyuxian Museum,http://travel.qunar.com/p-oi34270637-tongyuxianbowuguan,"

地址:
吉林省通榆县经济开发区中心街  

",,09:00-17:00 周一闭馆,,--,,,免费,,3
洮北区博物馆Taobeiqu Museum,http://travel.qunar.com/p-oi34269766-taobeiqubowuguan,,,,,--,,,免费,,3
后晖春庙,http://travel.qunar.com/p-oi26662532-houhuichunmiao,,,,,--,,,,,3
到保农场鹿场,http://travel.qunar.com/p-oi26639739-daobaonongchangluchang,,,,,--,,,,,3
瞻榆二林场,http://travel.qunar.com/p-oi26585217-zhanyuerlinchang,,,,,--,,,,,3
三家子马场,http://travel.qunar.com/p-oi26579215-sanjiazimachang,,,,,--,,,,,3
大安福街FuJie,http://travel.qunar.com/p-oi24441651-daanfujie,,,,https://tr-osdcp.qunarzz.com/tr-osd-tr-manager/img/693cda78c2d8abde793da2028c291925.jpg_480x360x95_baf8e620.jpg,0.0,建议游览时间：3小时,,,,3
商品一条街ShangPin YiTiao Jie,http://travel.qunar.com/p-oi24439417-shangpinyitiaojie,,,,,--,,,,,3
白城哈尔挠水库Baicheng Haernao Reservoir,http://travel.qunar.com/p-oi24407528-baichenghaernaoshuiku,"

地址:
吉林省镇赉县境内

",,全年 8:00-17:00,,5.0,,,具体收费情况以现场公示为主,,3
兴隆山黄榆景区Xinglongshan Yellow Elm Scenic Spot,http://travel.qunar.com/p-oi24407526-xinglongshanhuangyujing,"

地址:
吉林省通榆县兴隆山镇 130000


电话:
+86 436 422 4531

",,全年 8:00-17:00,https://tr-osdcp.qunarzz.com/tr-osd-tr-manager/img/c3bc03f3ad831944bbee30c20c1b141a.jpg_480x360x95_cb9e1575.jpg,--,,,具体收费情况以现场公示为主,,3
白城师范学院Baichengshifan College,http://travel.qunar.com/p-oi23343660-baichengshifanxueyuan,,,,https://tr-osdcp.qunarzz.com/tr-osd-tr-manager/img/3beabe937ab08d106fa0fdac84030247.jpg_480x360x95_b3ab3d9e.jpg,--,,,,,4
城四家子古城Chengsijiazi Ancient City,http://travel.qunar.com/p-oi23342592-chengsijiazigucheng,,,,,--,,,具体收费情况以现场公示为主,,4
白城运河带状公园Baicheng Yunhe Daizhuang Park,http://travel.qunar.com/p-oi23342590-baichengyunhedaizhuang,,,,,--,,,,,4
平台镇Pingtaizhen,http://travel.qunar.com/p-oi22945152-pingtaizhen,,平台镇位于白城市西北部，北与内蒙乌市接壤，南端与白城市区接壤，浑乌一级公路、白阿铁路贯通全境。,,https://tr-osdcp.qunarzz.com/tr-osd-tr-manager/img/0b195702af9281d9ea9247a16a5f1d56.jpg_480x360x95_23238f34.jpg,0.0,建议游览时间：12小时 - 3天,,,,4
到保镇Daobaozhen,http://travel.qunar.com/p-oi22945083-daobaozhen,,到保镇位于白城市东北部，起初蒙古人于光绪34年间来此开发居住，当时多以游牧为生，后大批汉族人迁居此地，屯落逐渐增多。,,https://tr-osdcp.qunarzz.com/tr-osd-tr-manager/img/5bd3f099a6ab8c83ccd66941df1f953f.jpg_480x360x95_46ffe6a7.jpg,4.7,,,具体收费情况以现场公示为主,,4
安广镇Anguang Town,http://travel.qunar.com/p-oi22945082-anguangzhen,,安广镇地处大安市中部，周边有嫩江、洮儿河、霍林河、新荒泡、月亮湖水库、东沟狩猎场、五间房水库等旅游景点。,,https://tr-osdcp.qunarzz.com/tr-osd-tr-manager/img/cf6669745b08f728248f2fdd26880d72.jpg_480x360x95_3d34990b.jpg,0.0,建议游览时间：12小时 - 3天,,具体收费情况以现场公示为主,,4
大安嫩江湾旅游区Nenjiangwan National Wetland Park of Da'an,http://travel.qunar.com/p-oi20961656-daannenjiangwanlu:you,,,,,,,,,,4
龙沼沼泽地区湿地Longzhao Marsh Wetland,http://travel.qunar.com/p-oi20943490-longzhaozhaozediqushi,,,,,--,建议游览时间：1小时,,具体收费情况以现场公示为主,,4
镇赉站站前广场Zhenlaizhan Zhanqian Square,http://travel.qunar.com/p-oi19978104-zhenlaizhanzhanqianguang,,,,,--,,,,,4
市民广场Citizen Square,http://travel.qunar.com/p-oi19976767-shiminguangchang,,,,,4.3,,,具体收费情况以现场公示为主,,4
解放广场Jiefang Square,http://travel.qunar.com/p-oi19976754-jiefangguangchang,,,,https://tr-osdcp.qunarzz.com/tr-osd-tr-manager/img/ae998fa0d321b06bdb5d9adeab9b9362.jpg_480x360x95_7a0e9841.jpg,3.0,建议游览时间：1小时 - 2小时,,,,5
站前广场Zhanqian Square,http://travel.qunar.com/p-oi19976516-zhanqianguangchang,,,,,3.5,,,具体收费情况以现场公示为主,,5
森林公园Forest Park,http://travel.qunar.com/p-oi19976374-senlingongyuan,,森林公园位于白城市洮北区，面积辽阔，园内有一湖泊，湖上有一座拱桥，周围树木葱郁，环境优美。,,,3.0,建议游览时间：1小时 - 3小时,,具体收费情况以现场公示为主,,5
德善佛堂Deshan Temple,http://travel.qunar.com/p-oi19976147-deshanfotang,,,,,--,,,具体收费情况以现场公示为主,,5
白城市博物馆Baichengshi Museum,http://travel.qunar.com/p-oi19975877-baichengshibowuguan,,,,,4.5,,,,,5
白城市博物馆学会,http://travel.qunar.com/p-oi19975876-baichengshibowuguanxue,,,,,--,,,,,5
演艺广场Yanyi Square,http://travel.qunar.com/p-oi19975853-yanyiguangchang,,,,,,,,,,5
鹤城基督教会Hecheng Christ Church,http://travel.qunar.com/p-oi19971846-hechengjidujiaohui,,,,,--,,,,,5
阳光休闲广场Yangguang Leisure Square,http://travel.qunar.com/p-oi19968655-yangguangxiuxianguang,,,,,0.0,,,,,5
金鼎广场Jinding Square,http://travel.qunar.com/p-oi19968653-jindingguangchang,,,,,--,,,,,5
奥体公园Aoti Park,http://travel.qunar.com/p-oi19968222-aotigongyuan,,,,,0.0,,,具体收费情况以现场公示为主,,6
镇赉县基督教会Zhenlai County Christian Church,http://travel.qunar.com/p-oi19968216-zhenlaixianjidujiaohui,,,,,--,,,具体收费情况以现场公示为主,,6
镇赉县嫩江基督教会Zhenlaixian Nenjiang Christ Church,http://travel.qunar.com/p-oi19968215-zhenlaixiannenjiangji,,,,,--,,,具体收费情况以现场公示为主,,6
南湖生态园Nanhu Ecological Garden,http://travel.qunar.com/p-oi19968208-nanhushengtaiyuan,,镇赉县南湖生态园占地总面积145万平方米。工程始建于2002年。南湖生态园是集休闲娱乐、观光旅游为一体的综合性游园。南湖生态园建有人工绿地2560延长米，水泥护坡湖堤1360延长米，人行横道10000延长米，园林灯有58盏，植下草木花卉有28个品种，8.6万株，落成了雕塑小品，楼亭榭阁，假山浮桥。放眼园区，路展长卷，树嵌翡翠，花草掩幽径，灯火连河汉，湖光潋滟，鸥鸟翩飞，苇拥绿浪。,,https://tr-osdcp.qunarzz.com/tr-osd-tr-manager/img/af0eaaaae2239db8d5a3c85db8322385.jpg_480x360x95_bba9abd4.jpg,4.5,建议游览时间：2小时 - 3小时,,具体收费情况以现场公示为主,,6
慧缘寺Huiyuansi,http://travel.qunar.com/p-oi19968207-huiyuansi,,慧缘寺是一个佛教的活动场所，寺内的设施很完善，有很多人来求拜，是一个烧香拜佛的好去处。,,https://tr-osdcp.qunarzz.com/tr-osd-tr-manager/img/2c963f945d569435d12a535858a7254b.jpg_480x360x95_6211f71a.jpg,5.0,建议游览时间：2小时,,,,6
镇赉团结基督教会Zhenlaituanjie Christ Church,http://travel.qunar.com/p-oi19968194-zhenlaituanjiejidujiao,,,,,,,,,,6
大安市博物馆Da'anshi Museum,http://travel.qunar.com/p-oi19968188-daanshibowuguan,,,,,--,,,具体收费情况以现场公示为主,,6
吉林省洮南市华夏功勋博物馆Jilinsheng Taonanshi Huaxia Gongxun Museum,http://travel.qunar.com/p-oi19968187-jilinshengtaonanshihua,,,,,--,,,具体收费情况以现场公示为主,,6
鹤鸣湖公园Heminghu Park,http://travel.qunar.com/p-oi19968178-heminghugongyuan,,鹤鸣湖公园位于302国道附近，是白城新城区规模较大的公园之一。鹤鸣湖湖水清澈，面积广阔，环境十分优美。,,https://tr-osdcp.qunarzz.com/tr-osd-tr-manager/img/eba6dd21b389f8f6d58d6d7c6d337569.jpg_480x360x95_5d4a7603.jpg,4.8,建议游览时间：3小时,,,,6
洮南市基督教会Taonanshi Christ Church,http://travel.qunar.com/p-oi19968177-taonanshijidujiaohui,,,,,--,,,具体收费情况以现场公示为主,,6
锦湖湿地公园Jinhu Wetland Park,http://travel.qunar.com/p-oi19968176-jinhushidigongyuan,,锦湖湿地公园总投资9500万元，总占地面积44万平方米，是洮南市实施河湖连通工程的重要组成部分。主要是引进洮儿河水对人工泡泽进行给水补充，完成城市水系建设，改善周边生态，打造宜居环境。,,https://tr-osdcp.qunarzz.com/tr-osd-tr-manager/img/3138c7c80b5b70a623a8fb7bc66d078b.jpg_480x360x95_9462de64.jpg,5.0,建议游览时间：2小时 - 3小时,,具体收费情况以现场公示为主,,7
基督教感恩堂Christian Appreciation Church,http://travel.qunar.com/p-oi19968173-jidujiaoganentang,,,,,--,,,具体收费情况以现场公示为主,,7
护国寺Anguanghuguo Temple,http://travel.qunar.com/p-oi19968165-huguosi,,护国寺始建于清朝咸丰年间，在文革时期被毁，现有建筑都是重建的，其中包括地藏殿、药师殿、大雄宝殿、三圣殿、伽蓝殿、观音殿、寮房、斋堂等建筑。系列建筑呈四合院风格的环抱之势。,,,--,建议游览时间：0.5小时 - 1小时,,具体收费情况以现场公示为主,,7
三圣庵Nunnery of Three Sages,http://travel.qunar.com/p-oi19968162-sanshengan,,三圣庵位于吉林省大安市，百年沧桑古寺，从1917年创建；三圣庵因大殿供奉三圣而得名。,,,--,建议游览时间：1小时 - 2小时,,具体收费情况以现场公示为主,,7
城南基督教堂Chengnan Christ Church,http://travel.qunar.com/p-oi19968161-chengnanjidujiaotang,,,,,--,,,具体收费情况以现场公示为主,,7
基督教会Christ Church,http://travel.qunar.com/p-oi19968160-jidujiaohui,,,,,--,,,,,7
洮南市博物馆Taonan Museum,http://travel.qunar.com/p-oi19968159-taonanshibowuguan,,洮南市博物馆始建于1905年，建筑古色古香，是东北大移民和辽吉根据地诞生的历史见证。该馆馆藏文物丰富，也是当地众多文化展览的举办地。,,https://tr-osdcp.qunarzz.com/tr-osd-tr-manager/img/5a35e0e7eecd03b079f01d153844b916.jpg_480x360x95_7a2a3c20.jpg,0.0,建议游览时间：3小时,,,,7
洮南市永康基督Taonanshi Yongkang Christ,http://travel.qunar.com/p-oi19968158-taonanshiyongkangjidu,,,,,--,,,具体收费情况以现场公示为主,,7
揽海阁Lanhai Court,http://travel.qunar.com/p-oi19968151-lanhaige,,,,,,,,,,7
密海菩提,http://travel.qunar.com/p-oi19967696-mihaiputi,,,,,--,,,,,7
新天地运动休闲广场Xintiandi Yundong Leisure Square,http://travel.qunar.com/p-oi19967670-xintiandiyundongxiuxian,,,,https://tr-osdcp.qunarzz.com/tr-osd-tr-manager/img/e3328c3717958de639f32555b1dc6dca.jpg_480x360x95_6d25bcad.jpg,--,,,具体收费情况以现场公示为主,,8
通榆墨宝园Tongyu Calligraphy Garden,http://travel.qunar.com/p-oi19955519-tongyumobaoyuan,"

地址:
风电大路


电话:
0436-4241906

",通榆墨宝园是以书法为主题，集国内外碑刻艺术和园林建筑艺术于一体的书法主题园林。园林结构由“中国向海”四个字组成，每一字都是相对独立的艺术字园区。,全年 9:00-17:30,https://tr-osdcp.qunarzz.com/tr-osd-tr-manager/img/4aa86ee8a2a886cdd16e8f7ecaccac48.jpg_480x360x95_89472226.jpg,4.4,建议游览时间：2小时 - 3小时,,具体收费情况以现场公示为主,,8
镇赉图书馆Zhenlai Library,http://travel.qunar.com/p-oi19558096-zhenlaitushuguan,,,,,0.0,,,,,8
小牛顿科技馆Little Newton Museum of Science,http://travel.qunar.com/p-oi19537447-xiaoniudunkejiguan,,,,,0.0,,,具体收费情况以现场公示为主,,8
白城市盲人图书阅览室,http://travel.qunar.com/p-oi19532268-baichengshimangrentushu,,,,,--,,,,,8
天意野生鲜鱼行(分店),http://travel.qunar.com/p-oi19521344-tianyiyeshengxianyuxing,,,,,--,,,,,8
百鸟园World of Birds,http://travel.qunar.com/p-oi19514475-bainiaoyuan,,,,,3.8,,,具体收费情况以现场公示为主,,8
明新书画班,http://travel.qunar.com/p-oi19509613-mingxinshuhuaban,,,,,--,,,,,8
中鹏美术,http://travel.qunar.com/p-oi19509417-zhongpengmeishu,,,,,--,,,,,8
天源美术社,http://travel.qunar.com/p-oi19508120-tianyuanmeishushe,,,,,--,,,,,8
多汇书画同源,http://travel.qunar.com/p-oi19505116-duohuishuhuatongyuan,,,,,5.0,,,,,9
国霞书画,http://travel.qunar.com/p-oi19505026-guoxiashuhua,,,,,--,,,,,9
书画装裱,http://travel.qunar.com/p-oi19505025-shuhuazhuangbiao,,,,,--,,,,,9
央格尔儿童乐园,http://travel.qunar.com/p-oi19504618-yanggeerertongleyuan,,,,,--,,,,,9
自然博物馆,http://travel.qunar.com/p-oi19504052-ziranbowuguan,,,,,--,,,,,9
科学技术馆,http://travel.qunar.com/p-oi19473085-kexuejishuguan,,,,,--,,,,,9
白城市图书馆Baicheng Library,http://travel.qunar.com/p-oi19469468-baichengshitushuguan,,,,,,,,,,9
逸夫图书馆Shaw Library,http://travel.qunar.com/p-oi19464389-yifutushuguan,"

地址:
保平街道办事处白城经济开发区中兴西大路57号


电话:
13204426617

",,全年 08:00-21:30,,0.0,,,具体收费情况以现场公示为主,,9
中国莫莫格湿地博物馆China Melmeg Wetland Museum,http://travel.qunar.com/p-oi19463585-zhongguomomogeshidibo,,中国莫莫格湿地博物馆，位于吉林镇赉，馆内展示了大量的候鸟标本，是自然爱好者的天堂。另外，馆内还设有一座书屋以及自动答题机，非常好玩。,,https://tr-osdcp.qunarzz.com/tr-osd-tr-manager/img/8dc38691d30075ef937f60d6a9c9717a.jpg_480x360x95_0c35aeaf.jpg,4.6,建议游览时间：2小时 - 3小时,,具体收费情况以现场公示为主,,9
科尔沁沙地生态示范区Horqin Sandy Land Ecological Demonstration Zone,http://travel.qunar.com/p-oi18714617-keerqinshadishengtaishi,,科尔沁沙地生态示范区是民间第一家完全由个人出资创建的环保生态示范区。景色原始自然古朴，茫茫无际的大草原和蔚蓝的天空都让游客流连忘返。,,https://img1.qunarzz.com/travel/poi/1803/1a/ec4e35efc5939c37.jpg_480x360x95_9cde32b4.jpg,4.6,建议游览时间：12小时 - 3天,,具体收费情况以现场公示为主,,9
月亮湖旅游区Yueliang Lake Tourist Zone,http://travel.qunar.com/p-oi10010802-yuelianghulu:youqu,"

地址:
白城市大安市月亮泡镇

","素有""草原明珠""之称的月亮泡位于吉林省大安市境内，洮儿河与嫩江的交汇处，湖面纵横200多平方公里，碧波粼粼、一望无垠，现更名为""月亮湖""。月亮湖的形成有着悠久历史和动人的传说，据辽史记载：辽圣宗太平五年（1025）三月。长春河（今洮儿河）渔儿泺（月亮泡），其水一夕有声如雷，越沙冈四十里为陡（即发生地震），造成一泡水相连的弯形湖泊，因两池形似弯月，蒙古语称""撒兰纳池""，即日月池之意，汉语称""月亮泡""。辽代的历代皇帝都到过月亮泡进行""春捺锛""即每年春天，皇帝率文武百官到""鱼儿泺""巡辜狩猎，皇帝率先""凿冰取鱼""，将捕得之鱼设""鱼头宴""宴请群臣，共享太平盛世。",全年 8:00-18:00,https://tr-osdcp.qunarzz.com/tr-osd-tr-manager/img/179eba2c398e6d45f804cf0363734fa5.jpg_480x360x95_4146b17a.jpg,4.2,建议游览时间：2小时 - 3小时,,具体收费情况以现场公示为主,,10
洮儿河Tao'er He,http://travel.qunar.com/p-oi8667636-taoerhe,"

地址:
省白城市洮北区

",洮儿河，黑龙江水系松花江西源嫩江右岸的第一大支流，位于内蒙古兴安盟境内与吉林省西北部，源出内蒙古大兴安岭东南麓高岳山阿尔山市白狼镇九道沟。洮儿河由十条大小不一的小河汇聚而成。东南流经科右前旗、乌兰浩特市、洮北区、洮南市、镇赉县，于大安市北部注入月亮泡，再流入嫩江。全长553公里（一说595或563公里），流域面积3.08万平方公里（一说3.31平方公里）。,全年 全天开放,https://img1.qunarzz.com/travel/d4/1610/1e/5b850db98ae4adb5.jpg_480x360x95_3c7cc742.jpg,4.5,建议游览时间：1小时 - 3小时,7-9月最佳。,具体收费情况以现场公示为主,,10
