名字,链接,地址,介绍,开放时间,图片链接,评分,建议游玩时间,建议季节,门票,小贴士,Page
法门寺文化景区Famen Temple,http://travel.qunar.com/p-oi711072-famensiwenhuajingqu,"

地址:
陕西省宝鸡市扶风县法门镇宝塔路法门寺文化景区内


电话:
0917-5254002,0917-5256955,0917-5254154,0917-5258888


官网:
http://www.famensi.com/

",法门寺，位于宝鸡市扶风县以北约10公里的法门镇，始建于东汉末年。这座唐代的“皇家寺庙”，因安置了佛教界至高物——佛祖释迦牟尼的“指骨舍利”，而成为举国仰望的佛教圣地。如今的法门寺分为两部分：唐代风格的旧址建筑群(法门寺院和珍宝馆)与令人争议的新建文化景区。看遍法门寺的全部珍宝作为游客，如果想看遍法门寺的全部珍宝，那么旧址的法门寺院内的地宫、珍宝馆以及文化景区内的合十舍利塔等这三个地方都要走一遍，因为三枚“影骨”(用玉石按照真骨的形状和大小而特制的，起到保护真骨的目的)存放在地宫中；出土的唐王朝皇室供佛的珍宝，在珍宝馆内展出；珍贵的“佛指(真身)舍利”，则被安放在文化景区东侧的合十舍利塔内。如果你是从文化景区西侧的山门广场进入景区，那么呈现在你眼前是长约1公里的佛光大道，大道两旁站立着十尊闪耀着金光的巨大菩萨雕像，大道东侧的尽头就是合十舍利塔，大道上有观光车可以乘坐。佛祖指骨舍利，只在农历每月的初一和十五、周末和重大节假日才对外放开放。文化景区的西南边就是法门寺院和珍宝馆。寺院内的真身宝塔下，就是发现“佛指舍利”的地宫，如今在地宫中可以近距离观赏三枚“影骨”。从地宫出来，你还可以在清净的寺院中随意逛逛，寺院中有钟鼓楼，大雄宝殿和放生池等，都是典型的唐代风格建筑。珍宝馆内安放着百件珍宝在旁边的珍宝馆(也称博物馆)内，展出了地宫出土的文物精品。你能够观赏到唐皇室供佛的上百件珍宝，件件都让人为之惊叹。其中有：安放舍利的八重宝函、十二环锡杖、纯金塔、汉白玉灵帐、秘色瓷、皇帝使用的茶具等等。这些珍宝有的是用纯金打造，有些珍宝的制作工艺已经失传，体现了当时唐帝国的极度富有和皇室礼佛的一片诚心。,01/01-12/31 08:30-17:30,https://img1.qunarzz.com/travel/d4/1603/29/2c144e9cc5d508f7.jpg_480x360x95_b833fed2.jpg,4.6,建议游览时间：2小时 - 4小时,选择春、秋季节正是出游宝鸡的好时机。在4月底，宝鸡会举行法门寺国际文化旅游节以及太白山旅游登山节。这两大旅游节庆，十分热闹，参与人数众多，而且在这段时间内，宝鸡各地的庙会比较多，也是了解关中文化的不错时候。,"{'法门寺门票成人票\n\n': ['¥98起'], '法门寺门票+乾陵门票成人票\n\n': ['¥148起'], '法门寺人工讲解服务大小同价\n\n': ['¥180起']}",法门寺游览提醒1.去法门寺旧址的路上会有人兜售香烛，如果搭话的话，会一直纠缠不放，最好不要理睬；2.下车后会有人推销18元的“法门寺东方佛都”门票，不要购买，这只是个私人开放的小景点；3.入口处会有人搭话说带你从后门翻进去，只要60元，不要相信，因为进舍利塔地宫要检票；4.游览法门寺切记从法门寺旧址进旧址出，因为班车车站都设在旧址附近。5.释迦摩尼真身指骨舍利供奉时间：周六、周日、每月初一、十五、国家法定节假日（如遇法定节假日当周周末舍利供奉时间会调整）早10:00-16:00。6.请所有出游人务必携带身份证（一人一证）。7.游客注意：法门寺景区的东停车场、西停车场、舍利塔西门停车场以及佛光大道、慈惠路5处机动车停放场点对外开放，停放车辆需按指路标牌和路边交警指挥进入，景区路面禁止机动车辆乱停乱放。交警将对违反规定通行的车辆和驾驶人予以处罚。对乱停乱放以及在高速公路、法汤公路占用应急车道的，将坚决予以拖移和从严处罚，确保瞻拜活动期间法门寺旅游景区及周边道路交通畅通。      ,1
秦岭Qinling Mountains,http://travel.qunar.com/p-oi708621-qinling,"

地址:
宝鸡市太白县


电话:
400-639-1615

",秦岭（英文名Tsinling Mountains，亦作Chin Ling或Qin Ling）。横贯中国中部的东西走向山脉。西起甘肃南部，经陕西南部到河南西部，位于陕西省南部与四川省北部交界处，呈东西走向，长约1500公里。为黄河支流渭河与长江支流嘉陵江、汉水的分水岭。秦岭—淮河是中国地理上重要的南北分界线。秦岭横亘于中国中部，东西绵延1500千米，南北宽达100至150千米，海拔多为1500至2500米。秦岭为黄河水系与长江水系的重要分水岭，北侧是肥沃的关中平原，南侧是狭窄的汉水谷地。是褶皱（主要）断块山。秦岭主峰太白山海拔3767米，为中国东部超过3000米的少数山峰之一。山顶气候寒冷，经常白雪皑皑，天气晴朗时在百里之外也可望见银色山峰。山顶有古冰川遗迹。秦岭北邻渭河平原，其间有大断裂，为北仰南倾的断块构造。主脊偏居北侧，北坡陡而短，南坡缓而长。水系也不对称。山间多横谷，为南北交通孔道。宝成铁路沿嘉陵江河谷穿过山地。秦岭山地对气流运行有明显阻滞作用。夏季使湿润的海洋气流不易深入西北，使北方气候干燥；冬季阻滞寒潮南侵，使汉中盆地、四川盆地少受冷空气侵袭。秦岭以南河流不冻，植被以常绿阔叶林为主，土壤多酸性。秦岭以北为黄土高原，1月平均气温在0℃以下，河流冻结，植物以落叶阔叶树为主，土壤富钙质。秦岭山地、白龙江流域尚保存连片森林，并有珍贵动物和植物。佛坪为大熊猫产地之一。商洛地区的核桃、岷县的当归等均以高产著称。,全年 全天开放,https://img1.qunarzz.com/travel/d4/1505/1c/56664a4d2d7b0e.jpg_480x360x95_803342f3.jpg,4.6,建议游览时间：12小时,春、夏、秋季最佳，此时的气候、景观都适合登山避暑。,具体收费情况以现场公示为主,,1
关山草原Guanshan Grasslands,http://travel.qunar.com/p-oi707951-guanshancaoyuan,"

地址:
宝鸡市陇县关山店子村


电话:
0917-4658885,0917-4589819


官网:
http://www.gscyjq.com/

",关山草原位于陕西省陇县境内，享有“小天山”之美誉。这里的地貌与中欧阿尔卑斯山相似，气候受垂直地带性地理条件的影响，冬春无界，夏秋相连，有“关山六月寒凝霜”的写照。关山草原内荟萃了森林、草原、河流、山峦、峡谷等自然景观，纯朴自然又不失壮观，幽涧水泽兼具，草原森林相间，地势广阔，水肥草美，是天然的牧场。这里曾经是所谓的陇右关山，是当年卫青、霍去病北击匈奴的出关途径。白天在景区可以观赏辽阔壮丽的自然风景，体验骑马、射箭、滑草等娱乐项目，晚上还能住在蒙古包内，体验一晚特色住宿，品尝关山草原烤全羊及其它美味小吃，感受草原人的生活。,全年 08:00-18:00,https://img1.qunarzz.com/travel/d5/1409/22/dcf2e242e8ff2030ffffffffc8d65eac.jpg_480x360x95_51c3be88.jpg,4.4,建议游览时间：3小时 - 6小时,夏秋两季。,{'关山草原（关山牧场）门票成人票\n\n': ['¥55起']},1.由于关山草原地理位置的特殊性，天气多变，且活动均为户外进行，大家前来游玩、参加活动时请备好雨具及防寒衣物。2.从关山草原游客中心到核心景区路程较远，建议购买景区内摆渡车票60元/张(往返)；3.在关山草原，骑马需35元/小时，滑草是40元。4.如果选择在陇县转车，会有人跟你说把你带到关山，可以减免门票，不要相信，关山草原的管理还是很严格的。   ,1
太白山国家森林公园Taibai Mountain National Forest Park,http://travel.qunar.com/p-oi703475-taibaishanguojiasenlin,"

地址:
陕西省宝鸡市眉县汤峪镇中心大道与迎宾大道交叉口


电话:
400-639-1615


官网:
http://www.tbpark.com/

",太白山国家森林公园位于陕西省眉县境内，地处秦岭主峰太白山北麓。园内的太白山是秦岭山脉的主峰，海拔约3767米，山势雄峻，气魄雄伟。景区自然风光秀美，盛夏时节山顶也终年积雪，从关中平原远眺白雪皑皑，“太白积雪六月天”自古为关中八景之一。公园以森林景观为主体，苍山奇峰、清溪碧潭、文物古迹点缀其间，层层山峰高耸入云，是陕西有名的旅游胜地。由于景区内地势复杂，深处更适合喜欢原生态旅游的游客或者一些户外徒步的爱好者们。翻越太白山有很多条线路，登山路分北坡、南坡，既有索道线路，也有徒步线路。游客登山游玩，需按照已开发的登山路线行进，特别是徒步的游客，不可贸然离开主路线去探险。这样一是防止在山中迷路失踪；二是保护区内有不少野生动物，包括大型野兽，游客若进入深山可能会遇到危险。较为常规的一条是徒步登顶路线，需要约两天的时间，中间可在小文公庙停留一晚。一日游太白山的行程，大多都在“天圆地方”返回，这里海拔3511米，当地人称这里“3511”，也是中国地理的南北分界点之一。而真正登顶的路程从这里才开始。每年农历的七月一日是太白山庙会，每逢此时，山上山下游人不绝，热闹非凡。,3/1-11/30 08:00-18:00;12/1-2/28 08:00-17:30,https://img1.qunarzz.com/travel/d4/1706/82/2dc4295ce2b922b5.jpg_480x360x95_6e0cd916.jpg,4.6,建议游览时间：3天 - 6天,太白山四季景色可餐，任何天气您都不会空手而归。 春（3～5月）山花烂漫，赏万亩杜鹃，山鸟飞歌夏（6～8月）观松、云雾及避暑休闲“太白积雪六月天”秋（9～11月）观青松、苍石、红枫、黄菊等等自然景色冬（12～2月）观冰雪之花及雾凇。 在太白山晴赏奇松怪石，阴观云海变换，雨觅流泉飞瀑，雪看玉树琼枝，风听山谷松涛。5-10月最佳。此段时间气温凉爽适合避暑。,"{'太白山国家森林公园电子导览服务大小同价\n\n': ['¥6起'], '陕西宝鸡太白山国家森林公园【包车】一日游【踏青赏景  看漫山春花争相斗艳 拥抱自然氧吧 】\n\n': ['¥550起']}",1、在太白山景区门口乘坐上山班车，先上车，到了景区售票处再买门票。2、 乘坐班车上山的时候会经过一座道观，进道观参观的游客需要注意备好香火钱。3、 去往拔仙台一路海拔都在3000米以上，要注意安全，量力而行。4、门票一定要收好，从汤峪乘车去下板寺的景区大门处、太白山滑雪场的岔道口都要检票。5、每年五一以前以及十一之后，部分海拔较高、比较阴暗的山路上会有积雪，并且没有栏杆，上山的朋友一定要注意安全。6、农历七月一日为太白山庙会，每逢此时，山上山下游人不绝。7、登太白山在七八月间盛夏为宜，登山需准备棉衣、雨具等。登山路分北坡、南坡。北坡从眉县出发到营头直上；还可以由眉县到斜峪关，经鹦哥嘴直上。南坡较平缓，有两条路：一条是从周至出发到厚步子直上；一条是从周至到厚步子，经都督门、太白庙上山。8、 游客登山游玩，需按照已开发的旅游登山路线行进，不可贸然离开主路线去探险。这样一是防止在山中迷路失踪；二是深山中的有不少野生动物，包括大型野兽，游客若进入深山可能会遇到危险。9、冬季只开放太白山国家森林公园内滑雪场，冬季因雪太大索道会关闭，景区内部分区域也不会对外开放，具体情况可以届时致电景区确定 。10、游客登山游玩，请按照已开发成熟的登山线路行进，特别是 徒步旅行的游客，不要贸然离开主线路去探险。11、园内须知：在不能满足设备安全运行的恶劣天气，无法抗拒的自然灾害情况下（如雷电、雨雪、冰雹、大雾、暴雨、台风等），景区部分项目将临时关闭或部分关闭，表演会取消或部分取消。景区活动内容如有变动，以当日公告为准。景区所有项目均会定期进行日检、周检、月检和年度检修，相关检修工作可能会造成部分项目运行时间的延迟或暂停对游客开放，详情以景区现场公告为准。,1
中华礼乐城Baoji People's Park,http://travel.qunar.com/p-oi9205811-zhonghualilecheng,"

地址:
宝鸡市渭滨区公园路211号


电话:
0917-3313076

",中华礼乐城又名“周城”，是一个以周文化为核心元素的主题公园。礼乐城以周代王城为原型，用高科技手段重新演绎的风、雅、颂，再现周代礼治天下的盛世文明。礼乐城内周礼文化主题公园占地600亩，以湖为中心，有天下第一灯、周赋、周颂、乐府、奇石园等十大文化看点，融雕塑、音乐、舞蹈等艺术为一体，完美体现了盛世西周时的万千气象。这里有大型实景乐舞《周颂》演出，以其独特、精致、神秘、奇妙等，给人以目不暇接、美不胜收的视觉和听觉享受。让更多的人有机会零距离接触周文化，了解周文化，感知周文化的博大精深，使沉睡了三千年的古老文明再一次鲜活地呈现在世人面前。八音长廊以周代编钟为主体元素，是中国第一条以乐器造型表现出来的景观步行街，也是世界唯一的音乐主题长廊。每当夜幕降临，华灯初上时，八音长廊将奏响悠悠古乐，动听的旋律将萦绕在城市上空，沁人心脾。步入中华礼乐城周礼大道，二十四尊造型各异、可以喷水吐雾的大象迎面而来。象征着吉祥如意，它诉说着“太极生两仪，两仪生四象，四象生八卦”的太极文化，它还代表着中华民族传统的 24节气，寓意着宝鸡这片热土，一年四季欢迎华夏子孙、八方宾朋前来省亲祭祖、观光旅游。,全年 全天开放,https://img1.qunarzz.com/travel/d0/1605/98/5183a7c69ca687f7.jpg_480x360x95_3e444eba.jpg,4.6,建议游览时间：2小时 - 3小时,春秋季为佳。,具体收费情况以现场公示为主,游乐园旁边是宝鸡市演艺中心，可以关注一下节目播放时间，有些节目非常不错。,1
法门寺博物馆,http://travel.qunar.com/p-oi710847-famensibowuguan,"

地址:
陕西省宝鸡市扶风县法门寺旅游区

",,8:00-18:00,https://img1.qunarzz.com/travel/d3/1801/68/9036269b55d51b5.jpg_480x360x95_6b2032ca.jpg,4.7,建议游览时间：1小时,四季均可。,"已包含在法门寺门票内。



法门寺
票价
 门票实行一票制，每人120元，可参观法门寺院、法门寺博物馆和合十舍利塔三个景点。无学生票。",,1
宝鸡青铜器博物院Baoji Bronzeware Museum,http://travel.qunar.com/p-oi712339-baojiqingtongqibowuyuan,"

地址:
宝鸡市滨河大道东段中华石鼓园内


电话:
0917-2769016,0917-2769018,0917-2769011


官网:
http://www.bjqtm.com/

",宝鸡青铜器博物院是以收藏、研究和展示青铜文化为主的国家一级博物馆，位于国家“4A”级景区中华石鼓园内，园内有两大主体建筑。一是石鼓阁，是宝鸡市地标性建筑，高56.9米，位于石鼓山顶，仿秦建筑风格，外五内九的层级设置，喻示周秦文明在中华民族历史文化中的崇高地位。二是宝鸡青铜器博物院，主体建筑与石鼓阁遥相呼应，其建筑形象取青铜器破土而出、横空出世的场景作为建筑设计的主题，外形运用了高台门阕、青铜厚土的建筑语言，气势恢弘、厚重威严，象征着宝鸡历史在中华古代文明发展过程中的重要地位。院藏文物12000余件（组），其中一级文物120件（组），展厅面积11000平方米，基本陈列《青铜铸文明》，以考古研究成果和历史文献为依据，荟萃了宝鸡地区出土的商周时期青铜器1500多件，其中有国家一级文物：何尊、逨盘、秦公镈等百余件，陈列共分“青铜器之乡”、“周礼之邦”、“帝国之路”和“智慧之光”四个部分，充分运用现代科技手段，将实物展陈、多媒体展示、场景复原等有机结合，全方位揭示了商周时期宝鸡青铜文化的丰富内涵。常设专题陈列三个，《对镜贴花黄——古代铜镜与时尚生活展》、《陶语诉春秋——古代陶瓷与文化生活展》、《明月照琼琚——古代玉器与艺术生活展》，以丰富多彩的历代文物和独具匠心的展览手法，多层次、多角度地展示了宝鸡古老悠久的历史。,9:00-17:00,https://img1.qunarzz.com/travel/d3/1709/f0/5cfda8c0046c0b5.jpg_480x360x95_4c6f7def.jpg,4.7,建议游览时间：1小时 - 2小时,夏秋两季,凭健康码、有效身份证预约免费入馆，需至“宝鸡青铜器博物院”微信公众号预约,,1
紫柏山景区Zibai Mountain Scenic Area,http://travel.qunar.com/p-oi711073-ziboshanjingqu,,,,,,,,,,1
天台山Tiantai Mountain,http://travel.qunar.com/p-oi709835-tiantaishan,"

地址:
宝鸡市渭滨区苟家滩村南500米左右


电话:
0576-83958610

",天台山位于宝鸡市渭滨区南部，距宝鸡市中心约10公里，为全国重点风景名胜区。天台山地处秦岭山脉北麓，主峰天柱峰海拔2198米，自然风光优美。天台山风光优美，展现了秦岭山脉雄伟博大的气魄，浓缩秦岭山脉风光于一处，具有峻峰、幽谷、翠绿、碧水四大风景特色。天台山历史悠久，自然景色独特，文化底蕴深厚。主要名胜古迹有神农祠、烧香台、伯阳山、炎帝骨台寝殿、老君殿、玄女洞等10处，现多已被修复。天台山独特丰富的自然景观和人文景观，区内群峰竞秀，植被繁茂，景色幽美，气候宜人，森林植物种类丰富，自然风光秀丽。1983年被定为省级森林公园。,全年 7:00-19:00,https://img1.qunarzz.com/travel/poi/201211/15/0a45e2da5f6839f9ddb12cfb.jpg_480x360x95_0383f0fd.jpg,4.2,建议游览时间：1小时,春、夏、秋季最佳，此时的气候、景观都适合登山避暑。,具体收费情况以现场公示为主,,1
红河谷森林公园Red River Resorts,http://travel.qunar.com/p-oi714440-honghegusenlingongyuan,"

地址:
陕西省宝鸡市眉县营头镇河营路


电话:
400-678-0578,0917-5790019


官网:
http://www.honghegu.cn/

",红河谷森林公园位于陕西省眉县境内，地处秦岭主峰太白山北麓红河流域，东临太白山国家森林公园，西南接太白山自然保护区，是登太白山古道之一。距西安120公里，宝鸡60公里。园内林木茂盛，森林覆盖率达90%以上，最高海拔3666.6米。红河谷森林公园已开发景区四个，景点80多处。入园即可看到静林寺、显洞寺、玉皇阁、观音崖等宗教文化古迹。园内山势险峻，石峡深邃，飞瀑深潭。太公石船古朴悠远，双洞水帘神秘莫测。还有蟠龙湾、斗母瀑布等景点。红河谷内有太白山独有的奇特景观第四纪冰川遗迹，不用登高山就可看到冰川石海的奇特。公园还可观赏太白八景的“红河丹崖”、“斗母寄峰”、“平安云海，和关中八景之一的“太白积雪”胜景。谷中曲径通幽，穿林涉水，溪水四季长流，别有一番风情。园内还有一条铁制栈道，因沿悬崖峭壁而建，高耸入云，故而得名“凌云栈道”。,全年 08:00-18:00,https://img1.qunarzz.com/travel/poi/201407/22/1eb01d0c23c53cf3c8d65eac.jpg_480x360x95_5f251e2a.jpg,4.4,建议游览时间：4小时 - 5小时,春、夏、秋季最佳，此时的气候、景观都适合登山避暑。,"{'宝鸡红河谷电子导览服务大小同价\n\n': ['¥6起'], '陕西宝鸡红河谷森林公园一日游2-10人私家团·定制包车·1单1团·24小时管家式服务/网红打卡胜地\n\n': ['¥138起']}",游客登山游玩，需按照已开发的旅游登山路线行进，不可贸然离开主路线去探险。这样一是防止在山中迷路失踪；二是深山中的有不少野生动物，包括大型野兽，游客若擅自进入深山可能会遇到危险。,1
鸡峰山Jifeng Mountain,http://travel.qunar.com/p-oi718169-jifengshan,"

地址:
宝鸡市渭滨区石鸡路


电话:
0917-3305809

",鸡峰山景区为陕西省省重点保护单位，位于天台山主峰景区的东北方，宝鸡市区的东南方，距市区15公里，主峰元始天尊峰海拔2014米。古称为“陈仓山”“宝鸡山”或称“鸡山”。鸡峰山奇景甚多，历来有“三十六景”之说。群峰叠翠，山、石、松互相衬托，和谐统一；高低错落，峻峭秀拔，有机地组合成一幅波澜起伏、气势磅礴的立体画卷。宋代著名诗人苏轼登临鸡峰山，曾写下“鸡峰云霞古，龙宫殿宇幽”的优美诗句。,鸡峰山暂时停业，具体开放时间请以景区当天公示为准。原开放时间8:00-18:00。,https://tr-osdcp.qunarzz.com/tr-osd-tr-manager/img/0ad6b8f1be615fdc0a7c777243f29a8f.jpg_480x360x95_d2efdb66.jpg,4.1,建议游览时间：12小时 - 3天,,{'鸡峰山门票成人票\n\n': ['¥35起']},,2
炎帝陵Yan Emperor Mausoleum,http://travel.qunar.com/p-oi710983-yandiling,"

地址:
宝鸡市渭滨区清姜路80号常羊山


电话:
0917-3351311

",炎帝陵位于宝鸡市渭滨区神龙镇境内的常羊山之上，是炎黄子孙寻根祭祖的重要场所之一。宝鸡为炎帝故里，据说炎帝生于宝鸡天台山的蒙峪沟。炎帝陵分为陵前区、祭祀区、墓冢区3部分。这里雄伟、神圣、幽静，成为炎黄子孙的谒陵拜祖的圣地。每年农历7月7日及清明节的炎帝祭日，海内外各界民众聚于炎帝陵及炎帝祠，进行盛大的公祭仪式，共同拜祭中华始祖之一的炎帝。,全年 08:00-17:30,https://img1.qunarzz.com/travel/d6/1509/2f/c63388d4e7b4b2.jpg_480x360x95_b77e3a94.jpg,4.1,建议游览时间：1小时 - 2小时,春、夏、秋季最佳，此时的气候、景观都适合登山避暑。,{'炎帝陵电子导览服务大小同价\n\n': ['¥6起']},,2
岐山周公庙景区Zhou Gong Temple,http://travel.qunar.com/p-oi714039-qishanzhougongmiaojing,"

地址:
宝鸡市岐山县凤鸣镇


电话:
0917-8110075

",该景点位于宝鸡西北6.5公里的凤凰山南麓。 唐武德元年（公元618年），后经宋、元、明、清历代修葺、扩建，形成了以周三公（周公、召公、太公）殿为主体，姜嫄、后稷殿为辅，亭、台、楼阁点缀辉映的古建筑群。周公庙景区现存古建筑三十多座，唐柏汉槐多株，是宝鸡地区规模较大、保存完整的古代建筑群。从古至今，这里一直是人们的游览场所，韩愈、苏轼、康海等许多文人墨客曾来此游览抒怀，留下了140多首游览诗文和30多通碑石。周公庙景区依山傍水、古木参天，东、西、北三面环山，唯南边与平地相接，状如簸箕。,8:00-18:00；停止入场时间17:30。,https://img1.qunarzz.com/travel/poi/201211/15/059ad534a84636b2ddb12cfb.jpg_480x360x95_52835a5c.jpg,4.4,建议游览时间：2小时 - 3小时,,"{'中国·周原凤凰山门票成人票\n\n': ['¥64起'], '中国·周原凤凰山门票双人票\n\n': ['¥129起'], '岐山周公庙景区门票成人票\n\n': ['¥64起']}",,2
神农谷,http://travel.qunar.com/p-oi721772-shennonggu,"

地址:
陕西省宝鸡市渭滨区天台上风景区内

",,全天,https://img1.qunarzz.com/travel/poi/201408/06/9c7a45dfed1f87ebc8d65eac.jpg_480x360x95_e9619a86.jpg,4.3,建议游览时间：4小时,四季均可，春夏季节看鲜花绿树漫山，秋冬季节看群山辽阔、雪山巍峨。,{'【东站接送】船进神农架、畅游新三峡2天1晚跟团游 含住宿/景点门票/大巴车/纯玩无购物\n\n': ['¥179起']},,2
东方大佛宫Eastern Buddha Temple,http://travel.qunar.com/p-oi703525-dongfangdafogong,"

地址:
宝鸡扶风县


电话:
0917-3266000

",东方大佛宫在位于宝鸡扶风县，在法门寺的对面。东方大佛宫是新建的，被誉为“东方第一”的四面五方露天大佛高48米，是东方大佛宫的主体，其他佛像分坐东南西北四个方向。东方大佛宫建筑面积3000平方米，外形宏伟壮观，与宝塔相对。内部有教义厅，释迦牟尼厅，玄奘西域厅，善恶因果厅，朝拜厅、百岁宫，万岁殿、舍利顶等十五个展厅。沿扶梯通过大佛腹内直登宝顶，举目四望，千里周原风光尽收眼底。,8:00-18:00,https://tr-osdcp.qunarzz.com/tr-osd-tr-manager/img/79a3a1fba65df94c28df8eb6a5afe382.jpg_480x360x95_27ccffe9.jpg,4.3,建议游览时间：1小时,夏秋两季,具体收费情况以现场公示为主,,2
天池明珠Tianchi Pearl,http://travel.qunar.com/p-oi717356-tianchimingzhu,"

地址:
太白山

",,全天,https://img1.qunarzz.com/travel/poi/201407/09/685df42d3a2b408eddb12cfb.jpg_480x360x95_478b6d19.jpg,5.0,,四季皆宜，夏秋最佳。,无,游客登山游玩，需按照已开发的旅游登山路线行进，不可贸然离开主路线去探险。这样一是防止在山中迷路失踪；二是深山中的有不少野生动物，包括大型野兽，游客若擅自进入深山可能会遇到危险。,2
吴山,http://travel.qunar.com/p-oi703403-wushan,"

地址:
陕西宝鸡市新街乡西北的庙川村

",原名好山，亦称岳山、吴岳。宝鸡为古雍州之地，吴山为古雍州第一大名山。其山山势巍峨，高峻清秀，丛林苍郁，云海坦荡。《山海经》称：“吴山之峰，秀出云霄，山顶相轩，望之常有海势。”吴山历史悠久，《尚书》曾载；“禹贡异好吱呀，即此山也。”《周礼》亦云：“山镇曰岳，谓吴山为西岳，华山为中岳。”西岳即吴山，吴山因山势奇秀，云烟缭绕，历代帝王皆以为尊而祭祖。唐天宝八年（公元749年），被封为成德公，至德、乾元年间封为天岳王，永泰二年（公元766年）封为应灵王，元大...原名好山，亦称岳山、吴岳。宝鸡为古雍州之地，吴山为古雍州第一大名山。其山山势巍峨，高峻清秀，丛林苍郁，云海坦荡。《山海经》称：“吴山之峰，秀出云霄，山顶相轩，望之常有海势。”吴山历史悠久，《尚书》曾载；“禹贡异好吱呀，即此山也。”《周礼》亦云：“山镇曰岳，谓吴山为西岳，华山为中岳。”西岳即吴山，吴山因山势奇秀，云烟缭绕，历代帝王皆以为尊而祭祖。唐天宝八年（公元749年），被封为成德公，至德、乾元年间封为天岳王，永泰二年（公元766年）封为应灵王，元大德十一年（公元1307年）封为成德永靖王。岁时祭扫，清代袭因，每逢祝典祭皆遣大臣祭之。清康熙四十二年（公元1703年）四月，钦颁袁翰额曰：“五峰挺秀”4字，刻石碑立于庙院。,全天,https://img1.qunarzz.com/piao/fusion/1907/2b/5625e65b42d9b002.jpg_480x360x95_d4377041.jpg,4.0,,,10元,,2
拔仙台Baxiantai Summit,http://travel.qunar.com/p-oi717199-baxiantai,,,,,,,,,,2
大散关Sanguan Pass,http://travel.qunar.com/p-oi701927-dasanguan,"

地址:
宝鸡市西南26公里的大散岭上


电话:
0917-3250888

",大散关亦称散关，是中国古代著名关隘之一，位于宝鸡市西南26公里处的大散岭上。现在的大散关，有关城等遗址古迹。古时大散关形势异常险要，为“秦蜀之咽喉”，既是终南山西向的尽处，又是陇首东起的开头，清姜诸河荤绕其间，高峻雄险。昔日的大散关是横锁陈仓古道、路尽蜀山之险、气增秦地之雄的险关，进可以攻，退可以守，为历代兵家必争之地。宋时金兵南下，侵犯川、陕，宋将聚兵扼险于此固守，多次打败金兵进攻。南宋年间，吴氏兄弟与金兵在这里进行了激烈的战斗，大败金兵，金兀术仅以身免。后人为了纪念吴氏兄弟，在关西修有“吴公祠”。,全年 08:30-18:00,https://img1.qunarzz.com/p/tts0/1801/4c/2c42b89e62b1b502.jpg_480x360x95_dd0b79b2.jpg,3.8,建议游览时间：1小时,,"{'大散关门票成人票\n\n': ['¥44.6起'], '大散关门票优待票\n\n': ['¥30起']}",,2
五丈原,http://travel.qunar.com/p-oi711850-wuzhangyuan,"

地址:
宝鸡市歧山县五丈原镇

",位于八百里秦川西端，太白山北麓的宝鸡市歧山县，是三国时代诸葛亮屯兵用武、劳竭命陨的古战场，胜迹累累，远近闻名。五丈原为何名为“五丈”，其说法有三；一说此原前阔后狭，最狭处仅五丈；二说秦二世西巡至此时，原头曾刮起五丈尘柱大风；三说原高五十余丈，原称五十丈原，口口相传，简成了五丈原。五丈原主要胜迹是诸葛庙（武侯祠），庙内有匾额、题词、碑记、碑刻、壁画、塑像等。庙外有遗迹如“豁落城”、“诸葛锅”、“棋盘山”、“诸葛泉”、“诸葛田”、“盘盘道”、“魏延...位于八百里秦川西端，太白山北麓的宝鸡市歧山县，是三国时代诸葛亮屯兵用武、劳竭命陨的古战场，胜迹累累，远近闻名。五丈原为何名为“五丈”，其说法有三；一说此原前阔后狭，最狭处仅五丈；二说秦二世西巡至此时，原头曾刮起五丈尘柱大风；三说原高五十余丈，原称五十丈原，口口相传，简成了五丈原。五丈原主要胜迹是诸葛庙（武侯祠），庙内有匾额、题词、碑记、碑刻、壁画、塑像等。庙外有遗迹如“豁落城”、“诸葛锅”、“棋盘山”、“诸葛泉”、“诸葛田”、“盘盘道”、“魏延城”、“古葫芦峪遗址”石碑等。,8:00-18:00,https://tr-osdcp.qunarzz.com/tr-osd-tr-touch/img/8eee5a85190e5a0358a9ae1686483f29.jpeg_480x360x95_ff5552ce.jpeg,4.5,,,20元,,2
金台观Jintai Taoist Temple,http://travel.qunar.com/p-oi703222-jintaiguan,"

地址:
宝鸡市金台区摩天院路


电话:
0917-2952556

",金台观位于宝鸡市区北部的陵源上，距火车站仅1公里左右，始建于元末明初，为著名道士张三丰修道处。《明史·方伎》记曰：“太祖敬闻其名，洪武二十四年（1392）遣使觅之不得，后居宝鸡之金台观”。古时民间曾有“宝鸡有个金台观，离天只有五尺半”的说法，言其观之高，若置身于金台观玉皇阁前平台上，居高远望，景象绝佳。金台观建筑总体布局依山就势，主要建筑沿中轴线排列，左右对称，现有玉皇阁、三清殿、八角亭、三丰洞等。每年农历三月初三、十月初十为金台观庙会，有秦腔等地方戏表演活动。建国后政府多次拨款维修金台观古建筑，后又将此建为宝鸡市博物馆。宝鸡市博物馆属于地方性历史博物馆。历年来共收藏文物14100件（组），以周、秦、汉、唐文物居多。,全年 09:00-17:00,https://img1.qunarzz.com/travel/d9/1703/ce/612aa13f2430c3b5.jpg_480x360x95_660928b6.jpg,4.5,建议游览时间：1小时,,具体收费情况以现场公示为主,,3
扶风城隍庙Fufeng Town's God Temple,http://travel.qunar.com/p-oi705923-fufengchenghuangmiao,"

地址:
宝鸡市扶风县东大街005号


电话:
0917-5211766

",扶风城隍庙位于宝鸡扶风县城内，为明清建筑。扶风城隍庙始建于明洪武三年（1370年），建筑艺术精湛，颇具装饰性。庙宇坐落在一个南北长，东西窄的夯土高台上，庙前有单檐歇山顶戏楼一座。庙门面阔三间，东西另有砖砌便门。庙内建筑现存木牌坊三间，东西厢房、钟、鼓楼、献亭、献殿和两侧配殿及正殿和寝殿等。,8:00-16:30；周一闭馆，周二文物展厅不开放。,https://img1.qunarzz.com/travel/poi/201408/06/0a9c3001333dd03fc8d65eac.jpg_480x360x95_6b279e44.jpg,4.4,建议游览时间：1小时,,具体收费情况以现场公示为主,,3
龙门洞Longmen Cave,http://travel.qunar.com/p-oi703905-longmendong,"

地址:
宝鸡市陇县新集川镇


电话:
0917-4507038

",龙门洞风景区位于宝鸡陇县西北陕甘交界处的景福山麓，距陇县县城22公里，古名灵仙岩，龙门洞是六盘山南段景福山的一部分。景福山主峰海拔1924米，龙门洞在景福山主峰西北面约1公里处的山腰上，海拔1800米。龙门洞景色优美，山势险峻，峭壁上悬空建有殿、台、亭、阁等多处，有飞索吊桥栈道，游客可攀援而上。龙门洞是陕甘地区闻名的风景胜地，共有36洞及众多的古建筑名胜。龙门洞无限风光，为关中山水奇观，是历代贤人隐土修养之地。周大夫尹喜，西汉娄景先生，大唐孙思邈等曾隐居于此。公元1180年元代道士丘处机栖居龙门洞后。这里成为道教的宏大教场。历经元、明、清三代，洞殿亭阁云梯栈道不断兴建完善。近几年来，经过修葺的龙门洞，已成为一个新型的风景名胜游览区。,全年 8:00-18:00,https://tr-osdcp.qunarzz.com/tr-osd-tr-manager/img/8aab73e51b5e19b5505324a88a6cb574.jpg_480x360x95_bf973f50.jpg,4.4,建议游览时间：1小时 - 2小时,,具体收费情况以现场公示为主,,3
姜子牙钓鱼台Jiangziya Fishing Platform,http://travel.qunar.com/p-oi703081-jiangziyadiaoyutai,"

地址:
宝鸡市陈仓区天王镇钓鱼台路南端


电话:
0917-6780320

",姜子牙钓鱼台风景区位于宝鸡市陈仓区天王镇境内，在天王镇的伐鱼河谷（即幡溪谷）中。溪中有一台石，传说是西周姜子牙涉政前隐居垂钓之地，故而得此名。风景区内有姜子牙钓鱼台、中国西部影视基地、静室景区、笔架山景区、金波峡景区、青峰山景区、仙人坝景区、玉皇山景区等八大部分。姜子牙钓鱼台及其所在的伐鱼河谷处在秦岭北麓。据传姜子牙就是在此垂钓的时候，遇到周文王的拜谒，辅佐朝政，于是西周得以开国。北魏地理学家郦道元，唐代诗人李白、许浑，宋代诗人苏轼等都曾游览于此，并赋诗记胜。钓鱼台唐代时就建庙塑像，之后历代既有修整及重建。如今人们可以看到“太公庙”、“文王庙”、“望贤台”、“乞子崖”、“钓鱼台”等殿宇，以及一石驮五柏等奇景。,全年 8:00-18:00,https://img1.qunarzz.com/piao/fusion/1704/2f/554832142aa4602.jpg_480x360x95_dde2c9fd.jpg,4.1,建议游览时间：1小时,,"{'姜子牙钓鱼台门票成人票\n\n': ['¥40起'], '姜子牙钓鱼台门票儿童票\n\n': ['¥20起'], '姜子牙钓鱼台门票学生票\n\n': ['¥20起']}",,3
大坪,http://travel.qunar.com/p-oi7336292-daping,,,,https://img1.qunarzz.com/travel/poi/201406/30/dea38e187588c40dddb12cfb.jpg_480x360x95_62edee60.jpg,0.0,,,,,3
五丈原诸葛亮庙Wuzhangyuan Zhuge Liang Temple,http://travel.qunar.com/p-oi716403-wuzhangyuanzhugeliang,"

地址:
宝鸡市岐山县五丈原镇周五路


电话:
0917-8770456,0917-8566817

",五丈原诸葛亮庙位于宝鸡市歧山县城南约20公里的五丈原台峁上，坐南朝北，面对渭河，象征着诸葛亮毕生都在向往北伐，追求国家统一。庙门华丽壮观，大门上方有一竖匾，上书“五丈原诸葛亮庙”。据《歧山县志》载，诸葛亮庙始建于元初，明、清两朝屡有增修。现存建筑多为清代所建，有庙门、配房、两厢、献殿、钟楼、鼓楼、正殿、左右朵殿各一间。门厅内东西两侧分别站立蜀国大将魏延和马岱。献殿大门上方有一横扁，书有“五丈秋风”，殿内有诸葛亮出师表石刻展，还有明朝开国皇帝朱元璋对诸葛亮一生评述石刻。献店和正殿之间有八卦亭，展示诸葛亮研究八卦，并按八卦布兵摆阵。正殿上方书有“英明千古”，殿内塑有诸葛亮座像，慈眉善目，文静安详，座像前站立蜀国四员大将，东侧为关兴和王平，西侧为张苞和廖化。正殿西南侧有诸葛亮衣冠冢。在正殿的南侧建有陨星亭，亭中立一块陨石，是在五丈原附近发现的。传说诸葛亮去世前，在五丈原南侧有陨石坠下，这大概也寓意“将星陨落”吧。主院后墙上建有将军廊，塑有蜀国晚期的将军像。主院内有三绝：一是献殿前有一棵百年国槐，形似“义”字；二是献殿上方的檩条是一根通长五丈的原木；三是正殿前有两根立柱上的木纹非常特别，东侧的形似凤凰，西侧的形似长龙。东院是为诸葛亮结发夫人黄月英所立月英殿，塑有月英坐像，像前有诸葛亮和月英的两个儿子站立像，另有八卦阵和书法展室。西院是一个展室和工作人员的住所，展室展有诸葛亮生平。,8:30-17:30,https://mp-commentcp.qunarzz.com/mp_comment_mp_comment/1560193484303100v15000000xuvynE8B5_D_640_10000.jpg_480x360x95_9e2c5d5e.jpg,4.2,建议游览时间：2小时 - 3小时,,"{'五丈原诸葛亮庙景区门票成人票\n\n': ['¥25起'], '五丈原诸葛亮庙景区门票儿童票\n\n': ['¥13起'], '五丈原诸葛亮庙景区门票学生票\n\n': ['¥13起']}",,3
大爷海Dayehai,http://travel.qunar.com/p-oi5942785-dayehai,"

地址:
陕西宝鸡太白山北坡


电话:
400-6391615

",大爷海位于太白山顶部拔仙台的北侧，海拔约3590米，是太白山保存较完整的典型冰斗湖泊，形成于古老的第四纪冰川。秦岭主峰太白山顶引人注目的景观就是人称“仙湖”的“大爷海”，该湖面海拔约3590米，是我国内地海拔特高的高山湖泊。,8:00-18:00，15:00停止入场。,https://img1.qunarzz.com/travel/poi/1708/66/47f025439d6a4337.jpg_480x360x95_1be559c3.jpg,4.7,建议游览时间：2小时 - 3小时,四季皆宜，夏秋最佳。,包含于太白山国家森林公园内；通用太白山国家森林公园门票。,游客登山游玩，需按照已开发的旅游登山路线行进，不可贸然离开主路线去探险。这样一是防止在山中迷路失踪；二是深山中的有不少野生动物，包括大型野兽，游客若擅自进入深山可能会遇到危险。,3
宝鸡民俗博物馆Baoji Folk Custom Museum,http://travel.qunar.com/p-oi703206-baojiminsubowuguan,"

地址:
公园南路


电话:
0917-3512861,0917——3306925

",宝鸡民俗博物馆由宝鸡市青铜器博物馆改建而成，于2012年12月开馆。占地面积11671平方米，陈列面积3161平方米，馆藏民俗文物展品共1249件，是集收藏、陈列以及研究宝鸡地域民俗文化于一体的专题性博物馆。,全年 周二-周日 9:00-17:00,https://tr-osdcp.qunarzz.com/tr-osd-tr-manager/img/677c7212d5a64cd082aacd6cd3d6bd02.jpg_480x360x95_758c0858.jpg,4.5,建议游览时间：1小时 - 2小时,,凭身份证免费参观,,3
天圆地方,http://travel.qunar.com/p-oi5942784-tianyuandifang,"

地址:
陕西省宝鸡市眉县太白山境内

",中国南北方分界岭。,8:00-18:00,https://img1.qunarzz.com/travel/poi/201406/17/7b9a49b4fda53fc9ddb12cfb.jpg_480x360x95_526fa44e.jpg,5.0,建议游览时间：3小时,四季皆宜，夏秋最佳。,,游客登山游玩，需按照已开发的旅游登山路线行进，不可贸然离开主路线去探险。这样一是防止在山中迷路失踪；二是深山中的有不少野生动物，包括大型野兽，游客若擅自进入深山可能会遇到危险。,3
天台山主峰,http://travel.qunar.com/p-oi717585-tiantaishanzhufeng,,天台山主峰景区位于鸡峰山景区西南部，主峰莲花峰海拔2198米，为天台山风景名胜区海拔最高景区，亦是集古、奇、雄、秀、险、幽为一体的景区。景区的主要景点有：仙台烟绕 烧香台海拔1000多米，是天台山名胜风景区第一道山峰，青松翠柏，郁郁葱葱。是从宝鸡市区进天台山两条道路的交汇处。传说这里曾是黄帝求援于炎帝的地方。相传蚩尤为九黎之首，炎帝之裔，他对黄帝统一天下不服，又想替祖父炎帝报“阪泉之战’’被黄帝战败之仇，于是，打着炎帝的旗号，率领81个兄弟(氏族)，揭竿而起...天台山主峰景区位于鸡峰山景区西南部，主峰莲花峰海拔2198米，为天台山风景名胜区海拔最高景区，亦是集古、奇、雄、秀、险、幽为一体的景区。景区的主要景点有：仙台烟绕 烧香台海拔1000多米，是天台山名胜风景区第一道山峰，青松翠柏，郁郁葱葱。是从宝鸡市区进天台山两条道路的交汇处。传说这里曾是黄帝求援于炎帝的地方。相传蚩尤为九黎之首，炎帝之裔，他对黄帝统一天下不服，又想替祖父炎帝报“阪泉之战’’被黄帝战败之仇，于是，打着炎帝的旗号，率领81个兄弟(氏族)，揭竿而起，兵发涿鹿。黄帝九战九败，便向炎帝求援。炎帝、黄帝为“同胞兄弟”，曾共同管理 过华夏族团。炎帝因年孝体弱而离开中原，回到宝鸡‘天 台山安度晚年。黄帝从涿鹿来到蒙峪沟，进了南天门，单上第一道山峰，点燃信香，虔诚祈祷。此时炎帝正与九天玄女在天台山采药，闻得信香，占卜知道黄帝来此之意，便告诉于九天玄女。九天玄女敬重炎帝之仁厚，便下山向黄帝面授军机。黄帝学得九天玄女的战法，又焚香三日，以谢炎帝不记前嫌之恩德。回到涿鹿后打败了蚩尤。后人为纪念炎帝、黄帝这二位中华始祖，将这座山称“烧香台”。建宫造亭，朝拜祭奠。从至今遗留的古建筑群遗址和史料记载看，这一东西长50米，南北宽20余米的平地，原建有大雄宝殿等庙宇，雕梁画栋，气势非凡，为天台山第一大人文景观。现有一石洞，人称“五圣宫”。洞内供香台，上置一铁铸香炉，为清代道光年间所铸。这里迄今香火不断。,,https://img1.qunarzz.com/travel/d9/1410/03/103feb243d0377d6ffffffffc8d65eac.jpg_480x360x95_79a94de0.jpg,--,,,,,3
大文公庙Large Wengong Temple,http://travel.qunar.com/p-oi5942792-dawengongmiao,"

地址:
陕西省宝鸡市太白县

", 大文公庙位于太白山国家森林公园内，来此沿途险阻，很多人不远千里跋涉至此烧香拜佛，更有无数玛尼堆矗立在山头。,8:00-18:00,https://img1.qunarzz.com/travel/poi/201406/17/76f2b4dc0ffa5b72ddb12cfb.jpg_480x360x95_6a62f1e0.jpg,4.6,建议游览时间：2小时,四季皆宜，夏秋最佳。,无,游客登山游玩，需按照已开发的旅游登山路线行进，不可贸然离开主路线去探险。这样一是防止在山中迷路失踪；二是深山中的有不少野生动物，包括大型野兽，游客若擅自进入深山可能会遇到危险。,4
宝鸡先秦陵园博物馆Qingong No.1 Cemetery,http://travel.qunar.com/p-oi708176-baojixianqinlingyuanbo,"

地址:
宝鸡市凤翔县石连路


电话:
0917-7585520

",秦公一号大墓地处关中平原西部，距今已有二千五百多年历史。秦公一号大墓呈倒金字塔状，迄今为止是中国发掘的规模较为庞大的墓葬；出土的石磬是中国发现较早刻有铭文的石磬；椁室两壁外侧的“木碑”是中国墓葬史上较早的实物例证。秦公一号大墓的发掘是对奴隶制社会的生动再现，出土珍贵文物三千五百余件，墓主为秦景公（公元前577－537年）。目前大墓经过整修、复原，现已建成秦公一号大墓遗址博物馆，布局分为大墓遗址区、椁室展览区、宗庙祭祀区等；展出内容主要包括大墓墓圹、陪葬殉人、陪葬品、椁室等场景等，辅之以其他影片，模型及图文资料。秦公一号大墓也是我国第一个可供进入椁室参观的景点。,全年 9:00-17:00,https://tr-osdcp.qunarzz.com/tr-osd-tr-manager/img/fde4f56a1f27368ac0fc9b888b562001.jpg_480x360x95_aeb6d416.jpg,4.3,建议游览时间：1小时,,具体收费情况以现场公示为主,,4
大唐秦王陵,http://travel.qunar.com/p-oi7468818-datangqinwangling,"

地址:
陕西省宝鸡市金台区

",,08:30-18:00,https://img1.qunarzz.com/travel/poi/1806/ab/eb291e12c58ee837.jpg_480x360x95_30a3b2c6.jpg,4.0,建议游览时间：1小时 - 2小时,四季皆宜,35元,,4
东湖公园East Fengxiang Lake,http://travel.qunar.com/p-oi715821-donghugongyuan,"

地址:
宝鸡市凤翔区东湖路1号


电话:
0917-7212948

",凤翔东湖位于宝鸡凤翔县城东关，是陕西省出名的风景名胜区。凤翔东湖古为“饮凤池”，相传周文王元年瑞凤飞鸣过雍，在此饮水而得名。凤翔东湖系大文豪苏轼在古饮凤池的基础上修建而成，距今已有近千年历史。宋仁宗嘉佑六年（1061年），文学家苏轼任凤翔府签书判官，倡导官民疏浚扩池，引城西北凤凰泉水注入此池，并种莲植柳，建亭修桥，使湖既可以灌田，又可供游憩。因湖在城东，所以命名为“东湖”，与杭州西湖雅称“姊妹湖”。凤翔东湖占地16公顷，分内、外湖两部分，湖莲碧盖红芳，湖岸古柳摇曳，奇石林立，翠竹成群，建筑古朴典雅。湖心景区以“君子亭”为核心，湖面相通巧分为三，亭榭棋布四周，一景一物都别具匠心。凤翔东湖北岸的“苏公祠”内还珍藏着苏东坡的真迹竹、兰、菊、梅画及墨迹石刻多种以及历代文人墨客诗词石刻一百五十余通。,全年 08:00-18:00,https://img1.qunarzz.com/piao/fusion/1508/64/5f1178dbd590f8.jpg_480x360x95_b85f4386.jpg,4.4,建议游览时间：1小时,,具体收费情况以现场公示为主,,4
太平寺塔Taiping Pagoda,http://travel.qunar.com/p-oi713286-taipingsita,"

地址:
太平路岐山县城关小学南100米


电话:
0917-4562185

",太平寺塔位于歧山县县城西端原太平寺旧址内，宋代元佑三年（1088年）修建，为八角九层仿木楼阁结构，通高28米。塔向南，塔身一至七各层塔檐均为五铺作出两跳斗拱，八层塔檐均为单跳斗拱，九层塔檐则用砖叠涩出檐。塔身的二、三、四、五、六、七层各层每面均用砖砌出隐柱。在二、四层的正东、西面正中间辟有券门洞，门洞两侧间各用砖作出横格方形假窗。在三、五、六层正东、西面的正中间则为竖形假门，两侧各间为横格假窗。在第三、第五层的正南、北面的正中间辟有券门洞各一。太平寺塔二层塔檐上的平座栏杆用三层莲瓣作装饰。,全天,https://img1.qunarzz.com/travel/poi/1803/5e/09e1445eb29ac337.jpg_480x360x95_4f61dbb0.jpg,4.6,建议游览时间：1小时,,具体收费情况以现场公示为主,,4
张载祠,http://travel.qunar.com/p-oi703652-zhangzaici,"

地址:
张载路


电话:
5755456

",张载祠位于宝鸡眉县横渠乡横渠村。张载祠又称张子祠，是我国北宋著名的思想家、哲学家、教育家、“关学”创始人张载的讲学之地，为省级重点文物保护单位。张载祠座北向南，建筑以中轴线对称，始建于元代，明清年间重修，现存建筑主要是清道光年间所建。现有献殿、东西厢房、山门、后殿、学堂四幢。后殿及学堂因坍塌而拆除重建。清代著名的横渠书院，曾设在这里。祠内文物有清康熙皇帝御赐匾额一面、明万历及清乾隆等代重修及拜竭祠庙碑石八通、木刻《横渠志·卷之六》“第十八代裔哀祠”原版等。,全年 周一 全天不开放 ;全年 周二-周日 08:30-17:30,https://img1.qunarzz.com/travel/poi/1712/74/6aac8f2310759137.jpg_480x360x95_ca91004c.jpg,3.7,建议游览时间：1小时,,具体收费情况以现场公示为主,,4
黄丹寺,http://travel.qunar.com/p-oi718489-huangdansi,,黄(还)丹寺景区(亦称黄丹寺服务区)，位于鸡峰山景区的北面，是进入鸡峰山景区的主要入口，南临神农谷景区，北有景区公路，与310国道及西(安)宝(鸡)南线相通，距市中心约10公里。占地675亩。它是一个园林式的旅游度假公园景区。其主要功能是对赴鸡峰山景区及天台山主峰景区旅游的国内外游客提供休闲娱乐服务亦是进行商贸活动和假日休憩的一个主要区域。相传，黄丹寺在宋代已建有道观，为道教全真派王重阳的修行炼丹处。原道观建筑毁坏，现存有面阔三间的硬山式古建一座。根据规划，黄...黄(还)丹寺景区(亦称黄丹寺服务区)，位于鸡峰山景区的北面，是进入鸡峰山景区的主要入口，南临神农谷景区，北有景区公路，与310国道及西(安)宝(鸡)南线相通，距市中心约10公里。占地675亩。它是一个园林式的旅游度假公园景区。其主要功能是对赴鸡峰山景区及天台山主峰景区旅游的国内外游客提供休闲娱乐服务亦是进行商贸活动和假日休憩的一个主要区域。相传，黄丹寺在宋代已建有道观，为道教全真派王重阳的修行炼丹处。原道观建筑毁坏，现存有面阔三间的硬山式古建一座。根据规划，黄丹寺景区将陆续推出七大景点游。自然景色游 在景区内河道两旁山坡上增植华山松、栎树、桦树、女贞等多种风景树木和桃、梨、杏、苹果等秋实树种一百公顷。同时，在景区建观景亭、步行走廓、休闲小亭、遮荫花架、雕塑小品、竹枝、盆景、石桌凳及绿草地等，修建通达鸡峰山主峰索道缆车。游人不仅在此可以领略鸡峰山、天台山主峰自然风光，还可欢聚、健身、休憩、嬉戏。 历史文化游 宝鸡有着五千年的历史文化积淀，涌现出了许多历史文化名人。在此，可以窥见道教全真派 始祖王重阳的修炼，聆听我国古代著名思想家、道家创始人老子讲解道德经，追溯宝鸡天台山名胜区千百年来 的历史文脉。探究周秦文化的丰富内涵，观赏发生于宝鸡的古代战争风云，领略一个个杰出历史文化人物风采。水景娱乐游 庙沟河道回旋曲折，河水清澈晶莹。 在此可以划船、垂钓、嬉水、日浴，还可以观赏瀑布、喷泉、山景。置身其中，游山玩水，给人一独特的美的享受。 民俗风情游 行走于餐饮文化街，可以品尝到岐山面皮、岐山面、凤翔豆花泡馍、凤翔腊驴肉、陇县马蹄 酥、扶风鹿羔馍、宝鸡茶酥等百种地方风味小吃；工艺美术品街，设有闻名全国的凤翔泥塑、木版年画、草 编、剪纸、刺绣、面花、脸谱、钛制等各种工艺纪念品。 民间文化娱乐游 逢年过节在此可欣赏到西府锣鼓、龙灯舞、耍狮子、跑旱船、踩高跷等丰富多彩的社火及秦腔、眉户、碗碗腔、皮影、木偶、曲子等戏剧表演。 现代探险趣味游 在这里可参加深山野林探险、野营野炊、野战游戏、攀岩等多种惊险娱乐活动。休闲度假游 这里为宝鸡市的近郊区，交通方便。节假日或工作之余，一家人或携朋带友来此休憩、玩耍，享受大自然的乐趣。 另外，在此景区还有引凤桥、栖凤桥、黑龙潭、神农栈道等景点。,,,--,,,,,4
万花山中草药仿生种植观光园,http://travel.qunar.com/p-oi7568988-wanhuashanzhongcaoyao,,园区以中药材科研、趣味知识学习和养生休闲观光为主体规划建设。由百草园、中药材标本室、牡丹园、太白七药种植园、秦岭兰花园、冷水鱼养殖区，及秦艽、重楼、独活规范化种植园等七个板块组成。内共种植有中药材100余种，20多个品种的“太白七药”，以及几万株牡丹、芍药和秦岭蕙兰。另外，当地民风淳朴，自然风景秀丽，空气清新湿润，可谓是理想的休闲养生、亲近自然、释放激情、怡情意志之佳地。,,https://img1.qunarzz.com/travel/poi/1412/53/53b9f92ae4590350cdb.jpg_480x360x95_38c4ff07.jpg,--,建议游览时间：1小时 - 2小时,,免费,,4
陕西省苗木繁育中心,http://travel.qunar.com/p-oi706819-shanxishengmiaomufanyu,,“西部兰花”是由国家投资近亿元精心打造的林业生态苗圃。其科技含量之高、现代化设施之全、规模面积之大堪称我国之最，国际一流。同时集“科研、引进、试验、示范、繁育、推广”为一体，容观光、旅游、科普教育一身，引起国内外林业专家学者的广泛关注。两年间，先后有6批来自荷兰、美国、澳大利亚、德国等7个国家的学者专家来此参观、交流。“西部兰花”头枕秦岭，脚踏渭河，环境优美，位于西安、杨凌农业高新区和宝鸡的环抱之中，西宝高速公路沿园而过。交通极为便利。,,,2.0,,,3元,,4
九成宫遗址Jiuchenggong Relic Site,http://travel.qunar.com/p-oi708459-jiuchenggongyizhi,"

地址:
宝鸡市麟游县西大街19号


电话:
0917-7962232

", 该遗址位于宝鸡市麟游县新城区，坐落在的杜水之北的天台山，南有石臼山，北依碧城山，一派青山绿水、明媚秀丽的风光。这里属于渭北高原丘陵沟壑区，海拔近1100米，夏无酷暑，气候凉爽宜人。始建于隋文帝开皇十三年（593年），开始名叫“仁寿宫”，是隋文帝的离宫。唐太宗贞观五年（631年）扩建。唐高宗时曾一度改名为“万年宫”，意指颐和万寿，后又恢复原名。隋唐时期的宏伟建筑，周垣有1800多步，曾建成延福、排云、御容、咸亨、大全、永安、丹霄等大型宫殿。现在留有凤台、唐王点将台、梳妆台、醴泉、唐井、官坪等遗址。,全年 8:00-18:00,https://img1.qunarzz.com/piao/fusion/1705/bb/9b5f9e5e9c671302.jpg_480x360x95_a96a68f8.jpg,4.2,建议游览时间：1小时,,具体收费情况以现场公示为主,,4
苏文忠公祠Ancient Temple of Su Wenzhong,http://travel.qunar.com/p-oi716475-suwenzhonggongci,"

地址:
宝鸡市凤翔东湖


电话:
0917-3266000

",苏文忠公祠坐落在凤翔东湖北区，创建于明代，之后皆有修茸。祠内陈设苏轼雕像和诗文绘画等文物，藏有苏轼梅、兰、竹、菊手迹石刻，展示出苏轼在凤翔政绩文事。,全天,https://img1.qunarzz.com/piao/fusion/1508/98/d09fe63a41ebbb.jpg_480x360x95_89601058.jpg,4.4,建议游览时间：1小时,,具体收费情况以现场公示为主,,5
箭括岭Jiankuoling,http://travel.qunar.com/p-oi706922-jiankuoling,"

地址:
宝鸡市岐山县北30公里处

",箭括岭海拔1600多米。山岭两岐，双峰相对，形如箭括，因之得名。岭上草木葱笼，悬崖挂柏，鸟雀啼鸣，别有一番幽静的野趣。岭崖刻有“北有玉女潭奇观，浮休过”等文字。,全天,https://tr-osdcp.qunarzz.com/tr-osd-tr-manager/img/839d0dc029119dc666b7ad6b25bc4155.jpg_480x360x95_87de37bb.jpg,4.2,建议游览时间：1小时,,具体收费情况以现场公示为主,,5
灵官峡Lingguan Gorge,http://travel.qunar.com/p-oi7468823-lingguanxia,"

地址:
宝鸡市凤县双石铺镇草店村


电话:
0917-8970666,0917-8976555,0917-4810888


官网:
http://www.fxlgx.com/

",凤县灵官峡景区，“一个感动中国几代人的地方，一个冬暖夏凉休闲度假的好地方，一个红叶惹人醉的地方，一个石头会说话的地方。”。景区集合中国首批工业遗产，铁路文化、自然文化、食宿康养等文化形态于一体。景区内有面积4200平方米的宝成铁路文化体验馆，可供游览者了解宝成铁路的发展历程及厚重的宝成精神；秦岭大自然艺术馆内有400余件自然天成，栩栩如生的奇石，每一个作品是一个个激动人心的故事；嘉陵江亲水文化区是一个漂流、游艇观光为特色的体育项目；景区内生态观光区风景...凤县灵官峡景区，“一个感动中国几代人的地方，一个冬暖夏凉休闲度假的好地方，一个红叶惹人醉的地方，一个石头会说话的地方。”。景区集合中国首批工业遗产，铁路文化、自然文化、食宿康养等文化形态于一体。景区内有面积4200平方米的宝成铁路文化体验馆，可供游览者了解宝成铁路的发展历程及厚重的宝成精神；秦岭大自然艺术馆内有400余件自然天成，栩栩如生的奇石，每一个作品是一个个激动人心的故事；嘉陵江亲水文化区是一个漂流、游艇观光为特色的体育项目；景区内生态观光区风景优美，既有羌人生活遗迹，也有三国古栈道遗迹；小火车体验区穿行于中的一个条电气化铁路遗址和嘉陵江上，让你有感有悟，尽情领略大秦岭和嘉陵江的优美风光。,8:00-17:30,https://img1.qunarzz.com/travel/poi/1408/26/ce0afb0ee9ae678affffffffc8d65eac.jpg_480x360x95_7d632830.jpg,4.3,建议游览时间：2小时 - 3小时,,"{' 灵官峡门票成人票\n\n': ['¥45起'], ' 灵官峡门票双人票\n\n': ['¥90起'], '灵官峡电子导览服务大小同价\n\n': ['¥8起']}",,5
嘉陵江源头风景区Jialing River Source Scenic Area (Northwest Gate),http://travel.qunar.com/p-oi5858368-jialingjiangyuantoufeng,"

地址:
宝鸡市渭滨区川陕路20号


电话:
0917-3618230,0917-4715012,0917-3314559

",嘉陵江源头风景区位于宝鸡市南郊的秦岭之巅，著名的嘉陵江就是发源于景区内海拔二千八百多米的嘉陵谷中。嘉陵江源头景区森林覆盖率高，有众多的珍稀动植物。景区内峰石众多，著名的有神农采药石、大刀石、系马桩等。山间气象多变，晨雾朦胧、茫茫云海、日出月落、彩光普照，五月大雪，林海雪原等，均为源头胜景，日出、云海等天象景观蔚为壮观。著名的景点有：古大散关遗址、和尚塬古战场、松杨连理一枝花、神农采药石、黑龙潭、嘉陵江第一瀑、嘉陵江发源地、原始冷杉林、观日台。目前景区内已开展了骑马、射箭、滑索、篝火晚会等娱乐活动。,景区暂时停业，详情请以景区现场公示为准。原开放时间8:00-20:00。,https://img1.qunarzz.com/travel/poi/201405/13/ab07fb506ec52f00ddb12cfb.jpg_480x360x95_97078195.jpg,4.3,建议游览时间：1小时 - 2小时,,{'嘉陵江源头风景区门票大小同价\n\n': ['¥50起']},景区暂时停业，详情请以景区公示为准,5
西岔河,http://travel.qunar.com/p-oi718742-xichahe,,西岔河景区位于天台山的最东面，西岔河的上游，东北西南走向，占地1200亩。河水清澈，两岸岩峰挺 拔秀丽，植被葱葱郁郁。从鸡山湖上溯至神沟，河谷两旁奇石异草，婀娜多姿；神谷虎口，阎王惊魂；弥勒佛石，雄鸡报晓。尤其是鸡山湖的引水渠，将滚滚而下的河水一分为二，一支沿滚水坝倾泻而下，怒吼奔腾，勇往直前；一支顺着弯弯曲曲的引水渠缓缓而流，溪水叮咚，吟唱不绝。夏日，雨后天晴，彩虹倒映，更是景象迷人。此景区的景点主要有：鸡山湖(鸡峰山水库) 坐落在鸡峰山北麓河谷。占...西岔河景区位于天台山的最东面，西岔河的上游，东北西南走向，占地1200亩。河水清澈，两岸岩峰挺 拔秀丽，植被葱葱郁郁。从鸡山湖上溯至神沟，河谷两旁奇石异草，婀娜多姿；神谷虎口，阎王惊魂；弥勒佛石，雄鸡报晓。尤其是鸡山湖的引水渠，将滚滚而下的河水一分为二，一支沿滚水坝倾泻而下，怒吼奔腾，勇往直前；一支顺着弯弯曲曲的引水渠缓缓而流，溪水叮咚，吟唱不绝。夏日，雨后天晴，彩虹倒映，更是景象迷人。此景区的景点主要有：鸡山湖(鸡峰山水库) 坐落在鸡峰山北麓河谷。占地0．17平方公里。湖容148万立方米。修建于1970--1978年。景点由湖、泄水隧道闸亭、建湖烈士纪念碑、引水发电站等四处景点组成。湖水清澈，湖光山色，清丽秀气，是避暑、垂钓、划船休闲的理想去处。神农峰 位于距鸡山湖水面的3公里处，有座约为1500米高的山峰，远远看去，真象一尊巨人像。因为炎帝神农氏曾在天台山为民采药治病遇难，人们为了纪念这位华夏始祖，便将此峰起名叫“神农峰”.,,,--,,,,,5
扶眉战役烈士陵园,http://travel.qunar.com/p-oi703680-fumeizhanyilieshiling,,在具有伟大历史意义的第三次国内革命战争中，我人民解放军坚决执行毛主席“向全国进军的命令”，向未解放的广大地区举行了规模空前的全面大进军。我人民解放军在广大革命群众的全力支援下，与1949年5月28日胜利解放西安，蒋、胡（宗南）不甘心失败，纠集马鸿逵、马步芳，反扑西安，阻我西进。 7月10日，杨得志第19兵团进至马军对面之乾县、礼泉以北高地，构筑工事，扬言进攻。卫戍西安解放军第61军则向南山秦岭之敌佯动，以便迷惑敌人，掩护主力运动，并钳制马军及秦岭胡军，保障解放...在具有伟大历史意义的第三次国内革命战争中，我人民解放军坚决执行毛主席“向全国进军的命令”，向未解放的广大地区举行了规模空前的全面大进军。我人民解放军在广大革命群众的全力支援下，与1949年5月28日胜利解放西安，蒋、胡（宗南）不甘心失败，纠集马鸿逵、马步芳，反扑西安，阻我西进。 7月10日，杨得志第19兵团进至马军对面之乾县、礼泉以北高地，构筑工事，扬言进攻。卫戍西安解放军第61军则向南山秦岭之敌佯动，以便迷惑敌人，掩护主力运动，并钳制马军及秦岭胡军，保障解放军主力侧翼的安全。,,,3.0,,,,,5
周原遗址,http://travel.qunar.com/p-oi703748-zhouyuanyizhi,"

地址:
宝鸡市扶风县渭北环线附近


电话:
0917-8432230

",收藏有大量西周时期文物,8：00——18：00,,--,建议游览时间：1小时 - 2小时,,免费,,5
鹿野仙踪,http://travel.qunar.com/p-oi40011289-luyexianzong,,鹿野仙踪位于眉县，这里有小鹿、羊驼等动物，还有蹦床、秋千等游乐设施，是周末遛娃的好去处。,,,--,,,具体收费情况以景区现场公示为主,,5
槐塬村,http://travel.qunar.com/p-oi39640488-huaiyuancun,,,,,0.0,,,,,5
青峰峡野生动物乐园,http://travel.qunar.com/p-oi39582688-qingfengxiayeshengdong,,,,,0.0,,,具体收费情况以景区现场公式为准,,5
麟游城隍庙,http://travel.qunar.com/p-oi39571560-linyouchenghuangmiao,,,,,0.0,,,,,6
王家崖水库,http://travel.qunar.com/p-oi39518778-wangjiayashuiku,,,,,0.0,,,,,6
九龙禅院,http://travel.qunar.com/p-oi39438502-jiulongshanyuan,,,,,4.0,,,,,6
老君洞,http://travel.qunar.com/p-oi39314929-laojundong,,,,,3.0,,,,,6
周太王陵,http://travel.qunar.com/p-oi39274601-zhoutaiwangling,,,,,3.0,,,,,6
周三王庙,http://travel.qunar.com/p-oi39246359-zhousanwangmiao,,,,,3.0,,,,,6
宝鸡文化艺术中心,http://travel.qunar.com/p-oi39057070-baojiwenhuayishuzhong,,,,,0.0,,,,,6
太白路创业示范街,http://travel.qunar.com/p-oi38962584-taibailuchuangyeshifan,,,,,3.7,,,,,6
茵香水镇,http://travel.qunar.com/p-oi38962463-yinxiangshuizhen,,,,,3.5,,,,,6
滨河广场,http://travel.qunar.com/p-oi38961131-binheguangchang,,,,,,,,,,6
剑劈峰,http://travel.qunar.com/p-oi38961071-jianpifeng,,,,,--,,,,,7
炎帝故里,http://travel.qunar.com/p-oi38941863-yandiguli,,,,,0.0,,,,,7
西府里文化艺术村,http://travel.qunar.com/p-oi38941832-xifuliwenhuayishucun,,,,,0.0,,,,,7
净慧寺,http://travel.qunar.com/p-oi38337456-jinghuisi,,,,,--,,,具体收费情况以现场公示为主,,7
中岩山,http://travel.qunar.com/p-oi38337323-zhongyanshan,,,,,--,,,具体收费情况以现场公示为主,,7
太极源文化景区,http://travel.qunar.com/p-oi38145096-taijiyuanwenhuajingqu,"

地址:
陵塬路112号


电话:
2952557

",,全年 08:00-18:00,,0.0,,,具体收费情况以现场公示为主,,7
就长河,http://travel.qunar.com/p-oi38034677-jiuzhanghe,,,,,,,,,,7
龙柏古寺,http://travel.qunar.com/p-oi38034537-longbogusi,,,,,--,,,具体收费情况以现场公示为主,,7
秋菊山庄风景区,http://travel.qunar.com/p-oi37806280-qiujushanzhuangfengjing,,,,,5.0,,,具体收费情况以现场公示为主,,7
育才园,http://travel.qunar.com/p-oi37532526-yucaiyuan,,,,,0.0,,,,,7
扶风县体育公园,http://travel.qunar.com/p-oi37532233-fufengxiantiyugongyuan,,,,,5.0,,,具体收费情况以现场公示为主,,8
蔡家坡渭河健康运动公园,http://travel.qunar.com/p-oi37532207-caijiapoweihejiankang,,,,,,,,,,8
张载墓,http://travel.qunar.com/p-oi37393385-zhangzaimu,,张载墓是张载及其父张迪、弟张戬的安葬之地，包括墓冢、碑楼、祭祀台、山门、石桥、庙堂、厢房等部分。墓地周围橡树林环绕，枝叶茂盛，郁郁葱葱。,,,3.0,建议游览时间：1小时 - 2小时,,具体收费情况以现场公示为主,,8
二道口壁画,http://travel.qunar.com/p-oi37393363-erdaokoubihua,"

地址:
宝鸡市扶风县法门寺景区内


电话:
0917-5258890

",,全年 08:30-17:30,,4.0,建议游览时间：0.5小时 - 1小时,,包含于法门寺景区内，通用于法门寺景区门票,,8
佛光门,http://travel.qunar.com/p-oi37393324-foguangmen,"

地址:
宝鸡市扶风县法门寺景区正门


电话:
0917-5258890

",,全年 08:30-17:30,,4.0,建议游览时间：0.5小时 - 1小时,,包含于法门寺景区内，通用于法门寺景区门票,,8
般若门,http://travel.qunar.com/p-oi37393316-banruomen,"

地址:
宝鸡市扶风县法门寺景区内


电话:
0917-5258890

",,全年 08:30-17:30,,4.0,,,,,8
岐山太平市仿古建筑旅游景区,http://travel.qunar.com/p-oi37387085-qishantaipingshifanggu,,"该景区以太平寺塔为中心，并设有商业街、戏楼和寺庙等，是一个集民俗体验、娱乐、餐饮于一体的文旅小镇。
",,,3.5,建议游览时间：2小时 - 3小时,,具体收费情况以现场公示为主,,8
黄柏原生态风景区,http://travel.qunar.com/p-oi37204185-huangboyuanshengtaifeng,,,,,5.0,,,,,8
岐萌动物王国,http://travel.qunar.com/p-oi37192823-qimengdongwuwangguo,,岐萌动物王国是一家集野生动物饲养、展览、科普教育、亲子互动与休闲娱乐为一体的主题乐园。,,,1.0,建议游览时间：2小时 - 3小时,,,,8
岭南植物公园,http://travel.qunar.com/p-oi37192798-lingnanzhiwugongyuan,,,,,0.0,,,具体收费情况以现场公示为主,,8
九三广场,http://travel.qunar.com/p-oi37190226-jiusanguangchang,,,,,0.0,,,,,9
凤翔县文化馆,http://travel.qunar.com/p-oi37189938-fengxiangxianwenhuaguan,,,,,0.0,,,具体收费情况以现场公示为主,,9
凤凰山公园,http://travel.qunar.com/p-oi37189253-fenghuangshangongyuan,,,,,--,,,具体收费情况以现场公示为主,,9
槐树林风情园,http://travel.qunar.com/p-oi37183092-huaishulinfengqingyuan,,,,,,,,,,9
周原博物馆,http://travel.qunar.com/p-oi36853458-zhouyuanbowuguan,,,,,0.0,,,具体收费情况以现场公示为主,,9
太白山唐镇,http://travel.qunar.com/p-oi36414070-taibaishantangzhen,"

地址:
迎宾大道太白山生态文化广场对面


电话:
18591990793

","太白山唐镇位于眉县，里面有很多仿古建筑，还有大量的绿植，浓浓的古韵，非常适合拍照。
",全年 全天开放,,4.0,建议游览时间：2小时 - 3小时,,具体收费情况以现场公示为主,,9
安平沟森林公园,http://travel.qunar.com/p-oi36413404-anpinggousenlingongyuan,,,,,5.0,,,具体收费情况以现场公示为主,,9
逸乐温泉水世界,http://travel.qunar.com/p-oi36412545-yilewenquanshuishijie,,,,,,,,,,9
千湖风景区,http://travel.qunar.com/p-oi36412360-qianhufengjingqu,,,,,0.0,,,具体收费情况以现场公示为主,,9
渭河生态园,http://travel.qunar.com/p-oi36411980-weiheshengtaiyuan,,,,,0.0,,,具体收费情况以现场公示为主,,9
陕西眉县龙源国家湿地公园,http://travel.qunar.com/p-oi36411617-shanximeixianlongyuan,,,,,3.0,,,具体收费情况以现场公示为主,,10
雪山洞,http://travel.qunar.com/p-oi36411542-xueshandong,,,,,0.0,,,,,10
云台山,http://travel.qunar.com/p-oi36410907-yuntaishan,,,,,0.0,,,具体收费情况以现场公示为主,,10
蟠龙文化公园,http://travel.qunar.com/p-oi36410540-panlongwenhuagongyuan,,,,,0.0,,,,,10
虢镇步行街,http://travel.qunar.com/p-oi36410420-guozhenbuxingjie,,,,,0.0,,,,,10
雍州古镇,http://travel.qunar.com/p-oi36409155-yongzhouguzhen,,,,,,,,,,10
北坡森林公园,http://travel.qunar.com/p-oi36407592-beiposenlingongyuan,,,,,0.0,,,具体收费情况以现场公示为主,,10
古鱼公园,http://travel.qunar.com/p-oi36406515-guyugongyuan,,,,,4.0,,,,,10
代家湾生态公园,http://travel.qunar.com/p-oi36406326-daijiawanshengtaigong,"

地址:
陈仓大道80号行政中心对面

",,全年 全天开放,,0.0,,,具体收费情况以现场公示为主,,10
渭河百里画廊,http://travel.qunar.com/p-oi36406228-weihebailihualang,"

地址:
连霍高速水城·三国小镇南侧

",,全年 全天开放,,0.0,,,具体收费情况以现场公示为主,,10
