名字,链接,地址,介绍,开放时间,图片链接,评分,建议游玩时间,建议季节,门票,小贴士,Page
百花岭生态旅游区Baihualing Ecology Tourist Zone,http://travel.qunar.com/p-oi10034722-baihualingshengtailu:,"

地址:
保山市隆阳区芒宽乡百花岭村

",百花岭是一个让无数摄影爱好者神魂颠倒的地方，光是听名字就已经够有吸引力了。百花岭位于距离芒宽乡镇约35公里的地方，紧靠高黎贡山自然保护区。这是一个神奇的地方，它集三峡的险峻，黄果树的雄奇，九寨沟的幽静于一体，是一个不折不扣的自然风景区。,全年 全天开放,https://tr-osdcp.qunarzz.com/tr-osd-tr-manager/img/0de695751b23e1b4ed2df2b3b0fc5099.jpg_480x360x95_1eccc092.jpg,5.0,建议游览时间：1小时,,{'腾冲精选景区一日游（线路任选，零等待 出行自由 司机兼向导）\n\n': ['¥280起']},,1
腾冲热海风景区Tengchong Thermal Sea Scenic Area,http://travel.qunar.com/p-oi709990-tengchongrehaifengjing,"

地址:
保山市腾冲市热海风景区


电话:
0875-5868888


官网:
http://www.chinaspa.cn/

",腾冲热海风景区俗称热海，位于腾冲县城西南部清水乡，距离腾冲县城约10公里。热海景区内气泉、温泉群共有80余处，其中10个温泉群的水温达90℃以上，到处都可以看到热泉在呼呼喷涌，景区内雾气氤氲。热海温泉水质软、温度高。踏进景区，吸引人的是“热海大滚锅”，这是一个圆形温泉池，水温约96度，断不可贸然入水，看看就好。池边有当地人售卖用大滚锅煮出来的鸡蛋，用稻草串成一串，一般5元一只，可以尝尝。沿着景区内的环形步道慢慢前行，沿途会看到超多热气喷涌的泉眼，怀胎井、眼镜泉、珍珠泉、鼓鸣泉、狮子头、蛤蟆嘴……无不形态各异，泉如其名。值得注意的是：泉水热度很高，切记不要随便触碰，以免烫伤。腾冲热海风景区目前开放有两处泡温泉的地方：浴谷和美女池，都需要另行收费。浴谷温泉内有露天和半露天的温泉池20多个，根据泉水的添加物又分很多特色池，用香柏木泡制的香柏池；融入云南小粒咖啡的咖啡池；甚至还有含有一定比例酒曲的酒池。美女池又名仙人澡堂，由三股泉流汇聚而成，位于泉华群下，有3个露天泡池、4个岩洞泡池和一个大游泳池，是纯天然的SPA乐园，每个池子的水质、水温都不一样。景区入口处有一家“大滚锅食府”，也是景区的餐厅。点一碗热海特有的“大滚锅饵丝”，吃的是饵丝，感受的其实是热海的文化和历史。如果感觉意犹未尽，也可以在景区内住宿一晚。景区内有多个酒店可以选择。,全年 09:00-18:00,https://img1.qunarzz.com/travel/d1/1703/2a/8f643e2ca33d8eb5.jpg_480x360x95_e9ed065f.jpg,4.6,建议游览时间：2小时 - 4小时,夏季、秋季,"{'腾冲热海旅游区门票成人票\n\n': ['¥50起'], '腾冲热海风景区门票+景区往返直通车票成人票\n\n': ['¥130起'], '腾冲热海旅游区门票+双程游览车+浴谷温泉+大滚锅饵丝+火山票成人票\n\n': ['¥280起']}",,1
和顺古镇Heshun Ancient Town,http://travel.qunar.com/p-oi710717-heshunguzhen,"

地址:
保山市腾冲县和顺镇


电话:
0875-5150010,0875-5158998

",和顺古镇位于腾冲县城以西4公里处，始建于明代，因小河绕村而过故名“河顺”，后文人雅士取“士和民顺”之意而更名为“和顺”。和顺古镇是云南省著名的侨乡，更是茶马古道重镇、西南丝绸之路的必经之地。古镇建筑环山而建，从东到西渐次递升，绵延两三公里，一座座明清时期的祠堂、牌坊、古宅遍布古镇，镇子前一马平川，清溪绕村，垂柳拂岸，一派和谐的田园风光。镇内主要景点有：滇缅抗战博物馆、中天寺、弯楼子、刘氏宗祠、艾思奇纪念馆、文昌宫和和顺图书馆。沿着古镇蜿蜒的巷子，你可以去探访古镇内的老屋、老街和古老的宗祠。弯楼子民居博物馆能让你打开眼界：建筑还可以是这样的。怪不得前段时间热播的电视剧《北京爱情故事》，就专门跑来，在此取景。寸氏宗祠和翡翠大王故居，让你慨叹古镇建筑的精致。走累了，可以在刘氏宗祠内的茶馆坐坐，喝一杯用当地龙潭水、栗炭火烹制的茶，唇齿留香。在和顺图书馆，你还能看到匠人用土法制造宣纸，这可是腾冲三宝之一（腾宣、腾药、腾编），有兴趣可以买一些回去。走累了肚子饿了，古镇内的各种小吃不仅能够果腹，更能让你回味那段绵长而沧桑的历史。寸氏豆粉、蔺大妈松花糕都是有着岁月的味道。或者随便找个饭馆坐下，点一份当地特有的“三滴水”、“头脑”或是“土锅子”，光是吃，就已经让你不虚此行了。和顺古镇面积不小景点也不少，想全部看完的话，一日不够。建议在镇上住宿一晚，不光是有足够的时间观景，还可以体验古民居改建的客栈。镇内客栈众多，多以老式民居改造而成，不乏两进甚至三进的大院子，价格也不贵。找一家中意的客栈，懒懒的睡到自然醒，慢慢溜达到古镇口的小吃摊上吃一碗当地有名的大救驾，之后在河边的洗衣亭上晒晒太阳，像当地人一样感受和顺的悠闲吧。,古镇全天开放；景区内景点开放时间详见景区公示。,https://img1.qunarzz.com/travel/d4/1712/b6/b2754fcaed51cdb5.jpg_480x360x95_0622418b.jpg,4.5,建议游览时间：3天 - 6天,和顺为温带大陆性气候。四季气候宜人，一年四季都适合旅游。春季：和顺风光尤其秀美，金黄的油菜花在徽派建筑的映衬下格外婀娜。夏季：高原阳光猛烈，却并不很热，荷塘的荷花次第开放又是另一番意趣。秋冬：无严寒，无风雪，也是休闲放松的好去处。4月中下旬最佳。此时气温最为适宜，雨水较少，天气晴朗，适合出游。,"{'和顺古镇门票成人票\n\n': ['¥55起'], '和顺柏联温泉门票成人票\n\n': ['¥236起'], '和顺柏联温泉门票儿童票\n\n': ['¥149起']}",除去和顺镇之外，还可到附近荷花温泉观光。1、云南和顺是少数民族地区，主要少数民族是僳僳族、阿昌族傣族、回族、佤族、白族，到和顺旅游请尊重当地少数民族习俗。2、和顺旅游途中最佳穿旅游鞋，穿比较宽松的服装，要带上外套。3、云南和顺早晚温差比较大，早晚可以穿外套，紫外线比较强，女士可以带点防晒护肤品。 4、和顺旅游淡、旺季分别非常明显，到旺季，游客巨增，游客到和顺后会出现没有酒店、没有旅游车、没有导游的三无环境。所以旺季去腾冲旅游，一定要提前预先规定。实用网站有“去哪儿网””美团“等。,1
火山地热国家地质公园Tengchong Volcanic Geothermal National Geological Park,http://travel.qunar.com/p-oi714080-huoshandireguojiadizhi,"

地址:
云南省保山市腾冲市马站乡中心学校附近


电话:
0875-5853888,0875-5868888

",拥有97座火山的腾冲是探索火山地貌的最佳目的地，其中腾冲的火山地质公园是欣赏火山地质风貌的绝好去处。火山地质公园景区主要包括大小空山、柱状节理和黑鱼河三部分，由于三者之间距离较远，一般游客都是先到马站乡的大小空山。进入景区大门，右手边有一个关于火山的小博物馆，可以了解火山的形成和结构。从大门口通向大空山的路很宽，左右两条，都是用火山石铺的。在通向大空山的道路向侧边延伸出一条岔道，那是通往小空山的步道。根据自己的体力选择其中一个或是全都攀爬。两座山都有小路到达“锅底”（火山口），其中小空山的景致要更好一些，如果体力和时间不允许的情况下，可以选择爬小空山，两座山都有阶梯直到山顶，小空山火山口四周建了一条木栈道，可以绕火山口走一圈，还可以沿着游人踩出来的小路下到山顶。若是嫌爬山还不够登高望远，早上这边可以选择乘坐热气球，从另一种角度俯瞰密布原野的火山口。游览完火山，可以在门口乘坐面包车前往柱状节理和黑鱼河景区，柱状节理是火山地区特有的地貌，从柱状节理停车场下车，沿着栈道步行，两边的山坡上挂满了大屏风似的，棱角分明的石头柱子群。游览完柱状节理，可以回到停车场再坐车前往黑鱼河景区。黑鱼河是两条地下暗流汇聚而成的河流，因为河中的小黑鱼而得名，河边有很多做烤鱼的摊贩，但是随着旅游的开放，这种鱼类已经越来越少了，建议游客不要再消费这种野生鱼类，保护好环境。景区内没有吃饭的地方，建议在景区门口的小镇上吃完饭再进去，或者随身准备好干粮。,8:00-18:00,https://img1.qunarzz.com/travel/d4/1610/9d/8aae8937732f75b5.jpg_480x360x95_542a6729.jpg,4.2,建议游览时间：3天 - 6天,四季皆宜。,"{'火山地热国家地质公园门票大小同价\n\n': ['¥35起'], '腾冲热气球飞行俱乐部热气球飞行体验大小同价\n\n': ['¥280起'], '腾冲热气球飞行俱乐部-动力三角翼飞行体验大小同价\n\n': ['¥380起']}",,1
北海湿地Beihai Wetlands,http://travel.qunar.com/p-oi701763-beihaishidi,"

地址:
腾冲县北海乡双海村北海湿地景区


电话:
0875-5030508,0875-5130102


官网:
http://www.tcwetland.com/

",腾冲北海湿地属高原火山堰塞湖生态系统。这个湿地保护区在春夏有着鲜花、芦苇和群鸟的迷人风光，浮动的草排由历年的草根盘结而成，飘在水上，夏季草排上面生长着茂盛的北海兰、苇席草、茭菰草、漂草和许多叫不出名的野草野花，一片醉人的蓝色让你分不清这是草原还是湖泊。而到了秋冬季节，虽然草木枯黄，但大群的候鸟迁徙而过，你可以看到数十万只飞鸟群集的壮观景象。你可以顺着景区内的栈桥走入湖心，然后坐船逛逛，当然你也可以自己划一划船，感受一下手握双桨的感觉！过去，当地人经常把随意切开的一小块草排当竹筏子来划，捕鱼虾；还有人干脆在草排上开个洞，就把鱼竿伸到那洞里钓鱼，其乐融融。但现在出于保护，景区已经禁止草排旅游了，湖边有一排的农家乐餐馆，淡水鱼虾是其特色。一般游客都会把北海和火山公园打包安排一日游，如果赶不回腾冲县城，可以在北海湿地附近的村子住一晚。,8:30-19:00,https://img1.qunarzz.com/travel/d0/1603/81/7394848a92e971f7.jpg_480x360x95_d5eeae33.jpg,4.4,建议游览时间：12小时 - 3天,,"{'腾冲北海湿地门票成人票\n\n': ['¥55起'], '腾冲北海湿地门票优待票\n\n': ['¥27.5起'], '北海湿地门票+天空之境自拍体验券成人票\n\n': ['¥65起']}",,1
界头花海Jietouzhen,http://travel.qunar.com/p-oi10066621-jietouhuahai,"

地址:
保山市腾冲市界头镇天台山花海

",界头镇位于腾冲市北部边境，是高黎贡山环抱下的“花园盆地”，每当油菜花盛开的时候，这里的万亩油菜是成为界头醉美的景色。由于界头旅游资源奇特，风光旖旎迷人，被《中国国家地理》和全国媒体评选为“云南美的地方”。,全天开放,https://img1.qunarzz.com/travel/d1/1806/12/4df283a1ef189b5.jpg_480x360x95_4ca6a415.jpg,4.0,建议游览时间：3天,,具体收费情况以现场公示为主,,1
黑鱼河Heiyu River,http://travel.qunar.com/p-oi722783-heiyuhe,"

地址:
保山市腾冲县腾冲火山国家公园内


电话:
0875-5853888

",黑鱼河位于腾冲县火山公园的黑鱼河峡谷，与火山胜景柱状节理毗邻。黑鱼河是一条地下暗河，是腾冲火山运动后在熔岩流的作用下，岩浆堵塞地下河，使地下水流出地表的河流。黑鱼河巨泉流量为1400立方米/秒。黑鱼河是腾冲大的低温温泉，一年四季清澈见底，不但流量不减，而且股股水流各具特色。河水是天然的优质矿泉水。河水注入龙川江，与江水交汇时形成清浊分明的两种颜色，看着别有一番情趣。,随火山公园开放时间8:00-19:00,https://img1.qunarzz.com/travel/d4/1611/bb/8bd95db30e6140b5.jpg_480x360x95_40c0ab95.jpg,4.1,建议游览时间：1小时,夏秋两季是黑鱼河的丰水期，适宜旅游观赏。,"{'火山地热国家地质公园门票大小同价\n\n': ['¥35起'], '【实惠包车游】云南腾冲订制包车一日游（景区任选 上门接送）\n\n': ['¥448起'], '腾冲精选景区一日游（线路任选，零等待 出行自由 司机兼向导）\n\n': ['¥280起']}",,1
来凤山,http://travel.qunar.com/p-oi714521-laifengshan,"

地址:
保山市腾冲县凤山路南段腾冲县民政局旁

","来凤山山体由两个火山口合成的盾状火山锥，形似凤凰。公园植被茂盛且种类繁多，森林覆盖率高达90％以上，山中林竹茂密，松杉葱郁，古树参天，苍翠欲滴，鸟语花香。红花油茶、杜鹃、春兰点缀其间，是动植物和谐相处,生态平衡的世外桃园，特别是近年新建的以培植茶花优良品种为主的茶花母树林基地，种有110个品种、2500株形态花色各异的茶花树，冬末春来茶花竞相开放，使碧绿树梢异彩纷呈，令游人目不暇接。山间的古建筑为南诏时期的龙凤祠，明时改名为来凤寺，该寺建筑典雅大方，佛像庄...来凤山山体由两个火山口合成的盾状火山锥，形似凤凰。公园植被茂盛且种类繁多，森林覆盖率高达90％以上，山中林竹茂密，松杉葱郁，古树参天，苍翠欲滴，鸟语花香。红花油茶、杜鹃、春兰点缀其间，是动植物和谐相处,生态平衡的世外桃园，特别是近年新建的以培植茶花优良品种为主的茶花母树林基地，种有110个品种、2500株形态花色各异的茶花树，冬末春来茶花竞相开放，使碧绿树梢异彩纷呈，令游人目不暇接。山间的古建筑为南诏时期的龙凤祠，明时改名为来凤寺，该寺建筑典雅大方，佛像庄重严肃，旅缅华侨奉赠的白玉卧佛和十八罗汉，造型有小乘佛教特色。山顶有道光七年修建之凤岭塔，又名文笔塔，原塔抗日战争时被日军炸毁，1995年进行重建，该塔历来被认为是名城腾冲人杰地灵的标志，登上塔顶可俯瞰腾冲全城及四周山川秀色、田园风光。山顶还保留有抗日战争时的战场遗址4处，可供游人参观。",8:00--18:00,https://img1.qunarzz.com/travel/poi/201408/04/f75961e98d032f43c8d65eac.jpg_480x360x95_fa050a23.jpg,4.2,建议游览时间：3小时 - 4小时,4-10月，芳草茵茵。春天的公园芳草茵茵，秋天层林尽染。相对而言，夏季高温多雨，冬季气候寒冷，舒适度稍逊于春秋。,{'来凤山国家森林公园手机导游服务成人票\n\n': ['¥7起']},,1
叠水河瀑布Dieshuihe Waterfall,http://travel.qunar.com/p-oi722370-dieshuihepubu,"

地址:
保山市腾冲县县城以西1公里


电话:
0875-5141499

",大盈江从北向南贯穿腾冲，在流经腾冲县城西时，遇到巨大的断层崖，水流从46米高的崖头跌下深潭，响声雷动，水花四溅，形成了“不用弓弹花自散”的壮丽景观，河水仿佛被叠为二折，故俗称叠水河瀑布。瀑布之上，有三座山峰耸立。瀑布之上山峰之间有一座石桥横跨江上，名为太极桥，工艺奇特，旁边有座石亭，匾刻“观瀑”二字，故名观瀑亭。从亭上看过去，桥下激流奔涌，雪喷云飞，如银河倒泻，在阳光下常现出七色彩虹，蔚为奇观。当地人士多用“龙洞垂帘”、“久雨不停”来描述瀑布的壮观景象。,8:00-17:00,https://img1.qunarzz.com/travel/d8/1611/d1/321a8dc3e7ab6eb5.jpg_480x360x95_85a00243.jpg,4.4,建议游览时间：2小时 - 3小时,2-4月，春季最佳。夏天的时候水就变黄了，而且水流冲下来激起的水雾太大，反而看不清瀑布的样子。,"{'叠水河瀑布门票成人票\n\n': ['¥9起'], '叠水河瀑布门票优待票\n\n': ['¥7起'], '叠水河景区电子导览服务大小同价\n\n': ['¥7起']}",,1
热海大滚锅Dagunguo Scenic Resort,http://travel.qunar.com/p-oi5232744-rehaidagunguo,"

地址:
保山市腾冲县城西南20公里处


电话:
0875-5868899,0875-5868888

",在云南省西部的腾冲县县城附近，有一片天然的地热温泉奇观。这些温泉是由于当地的火山活动而形成的。据专家调查，腾冲境内现在还保留着最年轻的火山群——第四纪火山，全县已发现 60 多个火山口。明代地理学家徐霞客曾在书中对腾冲的火山遗迹和温泉做了详细记载。因火山活动而在腾冲境内形成的汽泉、温泉群约有 80 多处，温泉的水温高达90 ℃以上。这里有众多奇异的景观，最有特色的是大小滚锅。大滚锅是一个盆形沸水池，深约1.5米，终年冒着97℃的沸水，响声震耳、蒸汽冲天。游客到热海，只要在地下挖一个小坑，把盛有大米和菜食的饭盒置于坑中，不到半小时饭菜就熟了。当地百姓还利用泉边的出气孔，垫上稻草，蒸红薯、土豆，并在“大滚锅”温泉里煮鸡蛋，立等可食。如今，人们已在这一带建盖了度假酒店，海内外游客纷至沓来。来到这里，既可以观赏一下地热奇观，还可以泡泡温泉澡，吃个温泉煮鸡蛋，倒也是一件十分惬意的事情。,包含在火山热海风景区内，火山热海风景区全天开放，内部景点以景区现场公示为准。,https://img1.qunarzz.com/travel/d6/1610/78/71642a7dffac2db5.jpg_480x360x95_0991b347.jpg,4.7,建议游览时间：3小时 - 4小时,,"{'腾冲热海旅游区门票成人票\n\n': ['¥50起'], '腾冲火山群门票+热海景区门票+热海温泉【美女池温泉（自助餐）/浴谷温泉（大滚锅饵丝）】+电瓶车套票成人票\n\n': ['¥280起'], '腾冲火山群门票+热海景区门票+热海温泉【美女池温泉（自助餐）/浴谷温泉（大滚锅饵丝）】+电瓶车套票老人票\n\n': ['¥169起']}",,1
樱花谷景区Yinghuagu Sceneic Area,http://travel.qunar.com/p-oi5176891-yinghuagujingqu,"

地址:
保山市腾冲县北海乡双坡村境内


电话:
,


官网:
http://www.tcyhg.com/

","腾冲樱花谷坐落于高黎贡山西麓、龙川江西岸，属高黎贡山自然保护区范围，这里终年无霜，雨量丰沛，野生樱花遍布其中，樱花谷由此得名。目前,景区内设有原始森林温泉洗浴、跨江溜索、高空吊桥、龙江漂流、攀岩、岩降、马帮、大型秋千等可供游客选择的服务项目，并配备有餐饮、住宿、等旅设施，是集观光、旅游、探险为一体的旅游景区。樱花谷内的温泉水质清澈，在11月樱花开始盛开，在高大的树木和樱花下，泡着温泉仰望满目青翠的高黎贡山，的确是很惬意的享受。",8:00-18:30，具体开放时间详见景区公示。,https://tr-osdcp.qunarzz.com/tr-osd-tr-manager/img/01344040c22a647e804777545a248b54.jpg_480x360x95_1eb58cb1.jpg,4.2,建议游览时间：4小时 - 5小时,,60元,,2
云峰山Clouds Peak Mountain,http://travel.qunar.com/p-oi715621-yunfengshan,"

地址:
保山市腾冲县瑞滇乡云峰山景区


电话:
0875-2122583

",云峰山位于腾冲县西北50公里的瑞镇乡，与前往腾冲火山是同一方向，此山远看形如玉笋挺立，直插天际，因峰腰常常云雾缭绕，故名“云峰山”，是云南较为典型的花岗岩地貌景观。云峰山以“山高谷深，陡峭险峻”而著称，山上1000多级“三折云梯”直通山顶，陡处的石阶几乎垂直，两旁又是万丈深渊，令人目眩心惊，游客必须手扶铁链，面贴绝壁才可通过。云峰寺建在两亩见方的山顶，有玉皇阁、老君殿、观音殿等明代建筑。,8:00-18:00，具体开放时间详见景区公示。,https://img1.qunarzz.com/travel/poi/1803/a4/4678908d211ae537.jpg_480x360x95_27656ba7.jpg,4.4,建议游览时间：2小时,,"{'云峰山双程索道票成人票\n\n': ['¥158起'], '云峰山门票+电瓶车票+双程索道票成人票\n\n': ['¥203起'], '云峰山门票+双程电瓶车票+单程索道票成人票\n\n': ['¥138起']}",,2
野鸭湖,http://travel.qunar.com/p-oi7527483-yeyahu,"

地址:
保山市 和顺古镇内	

",野鸭湖湿地湖水面积680亩，湖的岸边是万亩森林，覆盖景区山峦、岛屿，湖中青山倒映，山、水、岛互为一体，使野鸭湖湿地素有“滇西小桂林”之称。,全天,https://img1.qunarzz.com/travel/d8/201404/04/a70ff11211c692caddb12cfb.jpg_480x360x95_240d4990.jpg,5.0,建议游览时间：1小时 - 2小时,,免费,,2
迤东会馆Yidong Association,http://travel.qunar.com/p-oi709734-yidonghuiguan,"

地址:
云南省保山市隆阳区保岫西路


电话:
0875-2122583

",,8：00—18：00,,0.0,,,5元,,2
龙陵,http://travel.qunar.com/p-oi5941278-longling,,龙陵县位于云南省西部，地处怒江、龙川江两江之间，分别与施甸县、永德县、镇康县、缅甸、潞西市、梁河县、腾冲县、隆阳县相接壤，国境线长19.71公里。县人民政府驻龙山镇，境内有松山战役抗日战场遗址、邦腊掌热矿泉旅游度假区、小黑山省级自然自然保护区、茄子山水库生态旅游区等景点。,,https://tr-osdcp.qunarzz.com/tr-osd-tr-manager/img/5809f15c82358ea5e6000ed9726ac132.jpg_480x360x95_723ddec1.jpg,5.0,,,,,2
惠通桥Huitong Bridge,http://travel.qunar.com/p-oi7587284-huitongqiao,"

地址:
保山市龙陵县红松段北50米

",惠通桥，始建于明朝末年，初为铁链索桥。它位于滇缅公路（中国段）六百公里处，是联接怒江两岸的通道。吊桥全长二百零五米，跨径一百九十米，由十七根巨型德国钢缆飞架而成。至一九七七年新建钢骨水泥大桥落成通车，吊桥开始废弃不用。,全年 全天开放,https://tr-osdcp.qunarzz.com/tr-osd-tr-manager/img/6ac4375de0e4026da1a1c538dffafffb.jpg_480x360x95_ab91c2b1.jpg,4.4,建议游览时间：0.3小时,,具体收费情况以现场公示为主,,2
三禾美术馆听雨楼,http://travel.qunar.com/p-oi39772084-sanhemeishuguantingyu,,,,,5.0,,,具体收费情况以景区现场公示为主,,2
野鸭湖,http://travel.qunar.com/p-oi38653989-yeyahu,,,,,5.0,,,位于和顺古镇景区内，需购买和顺古镇景区门票方可进入,,2
四大山,http://travel.qunar.com/p-oi38034757-sidashan,,四大山海拔数千米，属于高山冷凉气候。山上植被丰富，草原和灌木丛相互交错，有金荞麦、凤仙花科、兰科、乌头等野生植物花卉，给四大山点缀了绚丽的色彩。山上还有树龄达上百年的红豆杉种群，具有重要的科研价值。,,,0.0,建议游览时间：1小时 - 2小时,,具体收费情况以现场公示为主,,2
东山草原,http://travel.qunar.com/p-oi37806212-dongshancaoyuan,,东山草原位于保山市腾冲市，这里有草地，小湖，牛羊群，风景优美，人们可以在这里露营，烧烤野餐。,,,--,建议游览时间：1小时 - 2小时,,具体收费情况以现场公示为主,,2
腾冲原乡栖花岭景区Tengchong Yuan Xiang Qihualing Sceneic Area,http://travel.qunar.com/p-oi29481592-tengchongyuanxiangqihua,"

地址:
保山市腾冲市曲石镇雅居乐原乡


电话:
0875 587 1968

",雅居乐腾冲原乡栖花岭项目占地约2500亩，位于云南省腾冲市曲石镇，坐落在高黎贡山山脚，是一个集花海观光、游乐体验、运动康体、亲子娱乐、田园度假于一体的综合性旅游度假景区。,全年9:30-18:30,https://tr-osdcp.qunarzz.com/tr-osd-tr-manager/img/ffa269cc5137e20ae55db8af882fceae.jpg_480x360x95_6c6afeb1.jpg,4.5,建议游览时间：2小时 - 3小时,,"{'腾冲原乡栖花岭景区大门票成人票\n\n': ['¥28起'], '腾冲原乡栖花岭景区门票+观光车票大小同价\n\n': ['¥43起']}",,3
龙川江Longchuan River,http://travel.qunar.com/p-oi23059917-longchuanjiang,"

地址:
龙川江水库

",龙川江漂流起漂点曲石蔺家湾，止漂点曲石永济桥，全长约5.20公里，意为“珍爱之漂”。沿途有文化遗迹月老潭、河湾温泉、藕断丝连、山水清音、千年恩爱（情人林）、泥牛漂江、金牛峡、话云听泉、悟道石禅、春风桥、雪月流烟、鱼王洞府、泥崖水帘、岸芷汀兰、普济塘、永济桥十六个民间故事和自然景观。,全年 8:30-17:30,https://tr-osdcp.qunarzz.com/tr-osd-tr-manager/img/65c9f34db3707a13c6f38137fd7febcb.jpg_480x360x95_7be5ff64.jpg,0.0,,,具体收费情况以现场公示为主,,3
高黎贡山植物园Gaoli Gongshan Botanical Garden,http://travel.qunar.com/p-oi10065912-gaoligongshanzhiwuyuan,"

地址:
保山市腾冲市华严路平安路路口

",高黎贡山植物园位于腾冲城区西侧，是一个类似城市公园的小植物园，拥有很多当地特色的植物，也有来自世界各地的各种植株，并在不断丰富。在腾冲市内游玩，若有空闲时间闲逛时，不妨来此观赏一下。,全年全天二十四小时开放,https://img1.qunarzz.com/travel/poi/1712/e2/59cf60d8120c6237.jpg_480x360x95_0aa5aa9c.jpg,4.7,建议游览时间：2小时,,具体收费情况以现场公示为主,,3
固东镇Gudongzhen,http://travel.qunar.com/p-oi10021931-gudongzhen,,,,,,,,,,3
洗衣亭Xiyi Pavilion,http://travel.qunar.com/p-oi10008541-xiyiting,"

地址:
保山市腾冲县和顺古镇内


电话:
0875-5158998,0875-5150010

",和顺村头小河绕村而过，两座石拱桥跨河而建，形似双虹卧波，故名双虹桥，据传建于清道光年间。两桥造型精美，桥畔绿柳成荫、红莲映日，村妇捣衣之声不绝；桥下群鸭戏水，鱼翔浅底，一派高原水乡的恬美风光。,全年 9:00-18:00,https://img1.qunarzz.com/travel/poi/1712/36/3a5c84505b1a337.jpg_480x360x95_ac2637fe.jpg,4.6,建议游览时间：0.3小时 - 0.5小时,,包含于和顺古镇景区，通用和顺古镇景区门票。,,3
滇西抗战纪念馆Dianxikangzhan Memorial Hall,http://travel.qunar.com/p-oi722954-dianxikangzhanjinianguan,"

地址:
保山市腾冲市腾越镇天成社区太极小区2号


电话:
0875-5138779


官网:
http://dxkzjng.cn/

",滇西抗战纪念馆位于国殇墓园东侧，是中国抗日战争的重要组成部分，也是世界反法西斯战争的重要组成部分。滇西抗战纪念馆以抗战实物为主、兼顾图片、文字及影像资料。展览共包含抗战后方、御敌前线、怒江对峙、绝地反攻、逐寇出境、祈愿和平等六个部分。在纪念馆西侧建有中国远征军名录墙，镌刻着参与滇西抗战的中国远征军将士、盟军将士、地方抗战游击队、地方参战伤亡民众、协同参战部队和单位人员姓名。名录墙用清一色的火山青石镌刻，象征着远征将士们坚强的意志；主题墙上中镶嵌的是中缅印战区盟军服役徽标，左侧是“中国远征军名录墙”八个魏碑大字，下方是铭记碑刻。,周一闭馆，周二-周五，周六、周日9:00-17:00。,https://img1.qunarzz.com/travel/d9/1610/58/b489b823b254a2b5.jpg_480x360x95_9f9c85a9.jpg,4.8,建议游览时间：1小时 - 2小时,国殇墓园四季均有不同的景观，气候温和。,"{'腾冲热海+抗战纪念馆+国殇墓园+叠水河+和顺古镇小团一日游\n\n': ['¥289起'], '【实惠包车游】云南腾冲订制包车一日游（景区任选 上门接送）\n\n': ['¥448起'], '【双海游记】腾冲热海景区+北海湿地+天然温泉一日游\n\n': ['¥279起']}",,3
和顺龙潭Heshun Long Pond,http://travel.qunar.com/p-oi7432238-heshunlongtan,"

地址:
保山市腾冲市和顺镇


电话:
0875-5158998,0875-5150010

",和顺龙潭为地下涌泉形成，潭方数十亩，碧波荡漾，水体澄澈，游鱼可数，潭周边以精美石栏饰之，潭中石亭翼然，潭畔古木苍天。元龙古阁临潭而建，阁身倒映潭中，如诗如画，为和顺侨乡一胜景。传说古时和顺有龙为患，和顺先民修潭敬龙，因此风调雨顺。,全年 全天开放,https://img1.qunarzz.com/travel/poi/201407/22/d04b87038f0f5d56c8d65eac.jpg_480x360x95_14a97823.jpg,4.6,建议游览时间：0.2小时 - 0.5小时,四季皆宜。,包含于和顺古镇景区内，通用和顺古镇景区80元门票。,,3
和顺图书馆Heshun Library,http://travel.qunar.com/p-oi722956-heshuntushuguan,"

地址:
保山市腾冲县水碓村上三社(近和顺景区正门)


电话:
0875-5150182


官网:
http://www.tchstsg.com/index.html

",和顺图书馆的前身是“咸新社”和1924年成立的“阅书报社”，后经海外华侨和乡人捐资赠书，于1928年扩建为图书馆，1938年新馆舍落成。迄今有藏书7书万多册，古籍、珍本1万多册，内有诸多文化大家的题字。,具体开放时间请咨询景区,https://img1.qunarzz.com/travel/poi/201211/15/9c50ae2a2351941eddb12cfb.jpg_480x360x95_47e7b630.jpg,4.5,建议游览时间：1小时 - 2小时,四季皆宜,"{'和顺古镇门票成人票\n\n': ['¥55起'], '和顺柏联温泉门票成人票\n\n': ['¥236起'], '和顺柏联温泉门票儿童票\n\n': ['¥149起']}",,3
银杏村Yinxing Village,http://travel.qunar.com/p-oi5419835-yinxingcun,"

地址:
腾冲市固东镇江东古银杏村


电话:
0875-5851596

",固东镇位于腾冲县北部，固东镇是腾北经济、文化、商贸中心，素有“腾北重镇”之美誉。从腾冲县城驱车40余公里，就到了银杏村——固东镇。随着自驾游的兴起，江东银杏村有望成为腾冲又一新景点。11月中旬-12月初为赏银杏较好的观赏期。江东村银杏除具有古老和天然连片等特色外，还有一个特点就是“村在林中，林在村中”相互依托。村民的房屋就错落有致地分布在空地的四周，在房前屋后，到处都有大大小小的银杏树，到了古银杏村的感觉就是“满地的黄金！”。而近年内，村民仍在不断培植中幼银杏树，约33000棵，面积达 1000多亩，这可能是迄今为止云南发现的较大、集中、且古老的一片银杏林。银杏村的银杏树，古老而古朴，有声有息，隐于群山环抱，现于农庄炊烟之间。与云南大学校园中银杏树相比没有太多人的打扰，没有太多的俗气，更没有丝毫的商业气息。,8:20-19:00,https://img1.qunarzz.com/travel/d5/1702/4b/36c447d327ccb3b5.jpg_480x360x95_3f12a680.jpg,4.2,建议游览时间：2小时 - 3小时,金秋时节，观赏银杏最佳。,"{'银杏村门票成人票\n\n': ['¥30起'], '腾冲江东银杏村电子导览服务大小同价\n\n': ['¥7起'], '【实惠包车游】云南腾冲订制包车一日游（景区任选 上门接送）\n\n': ['¥448起']}",,3
艾思奇纪念馆Aisiqi Memorial Hall,http://travel.qunar.com/p-oi722957-aisiqijinianguan,"

地址:
保山市腾冲县和顺古镇内


电话:
0875-5150183

",艾思奇纪念馆位于和顺古镇内，是一幢中西合璧式砖木结构的四合院楼房。大门口悬有“艾思奇纪念馆”匾额，院内建筑精巧，串楼通栏，点缀西式小品阳台，正房前厅有一石砌圆形拱门，青藤缠缆，古朴秀雅。纪念馆前临元龙幽潭，后枕凤山，地势高旷，环境优美。艾思奇原名李生萱，1910年2月就诞生在水碓村。其父李曰垓是辛亥革命的元老，追随孙中山先生革命。艾思奇两岁就随父在外，先后在香港、昆明、南京等地读书，艾思奇是影响广泛的马克思主义哲学家，他一生写出了许多脍炙人口的哲学著作，特别是《大众哲学》、《哲学与生活》两本书，曾引导无数青年走上了革命道路。他的《辩证唯物主义和历史唯物主义》一书，长期以来都是高等院校的哲学教科书。纪念馆位于古镇东北部，古镇内步行即可抵达。走进小院，西楼和厅楼上陈列着展示艾思奇生平事迹的图片和相关文字。艾思奇纪念馆无需另外购买门票，和顺古镇80元门票已经包含。,8:00-20:00，具体开放时间详见景区公示。,https://img1.qunarzz.com/travel/d5/1704/a8/4b4a45d63d0fa1b5.jpg_480x360x95_4316cc2d.jpg,4.4,建议游览时间：1小时 - 2小时,1-12月，四季皆可。全年均适宜参观，4月时还可以顺便看油菜花开。,"{'和顺古镇门票成人票\n\n': ['¥55起'], '和顺古镇门票+和顺柏联温泉套票成人票\n\n': ['¥288起'], '和顺柏联温泉门票成人票\n\n': ['¥236起']}",艾思奇故居思奇故乡位于县城南5千米的和顺乡水碓村，艾思奇故居位于系一幢中西合璧式砖木结构四合院楼房。建筑占地600多平方米，建筑较为精巧，高屋大院，串楼通栏，点缀西式小品阳台，正房前厅有一石砌圆形拱门，青藤缠缆，古朴秀雅。故居前临元龙幽潭，后枕凤山，地势高旷，环境优美。,3
元龙阁Yuanlong Pavilion,http://travel.qunar.com/p-oi722777-yuanlongge,"

地址:
保山市腾冲县和顺古镇内

",元龙阁位于腾冲县城东南4公里的和顺乡水碓村，村旁有一龙潭，三面环山，一堤为廊。堤上古榕荫蔽，潭中水洗白云，风光十分秀丽。元龙阁即傍水依山而筑。循序渐进，有龙王殿、三官殿、玉皇殿、魁阁、观音殿、百尺楼等殿宇。 建筑群沿中轴线由山门、龙王殿、三官殿、魁星阁、观音殿、百尺楼及厢房等附属建筑组成。殿阁楼台随山势逐渐升高，气势宏大。两侧厢房、楼阁、平台对称安置。其主体建筑魁星阁，为六角攒尖顶重檐木构建筑，檐下柱枋雕刻彩绘精美。阁前龙潭石栏回护潭水碧澄如镜，凭栏观殿阁倒影，宛若龙宫。1984年公布为第一批县级重点文物保护单位。元龙阁建于清乾隆二十七年（公元1762年），雕梁画栋，建筑精巧，依山临水，景色迷人，给人一种悠然入画之感。主体建筑魁星阁，为六角攒尖顶重要檐木结构建筑，檐下柱枋雕刻彩绘精美重楼两侧团花空窗棂上雕有行书“鸢飞鱼跃”四个大字，书法遒劲，楼下正面雕刻二龙戏珠，甚为精美。阁外窗棂悬挂楹联一副：“元精含斗极，龙脉焕天枢。”含“元龙”二字，当为此阁之名。阁内供奉魁星塑像，赤发蓝面，一手捧斗，一手执笔，一脚向后翘起，一脚立于鳌头上。元龙阁背枕青山，前临深潭，四周古木参天，山花遍野。潭水碧澄如镜，周有石栏回护。凭栏观殿阁倒影，宛若龙宫。潭前为宽敞的大月台，月台上分植两株大树，一为樟木、一为榕树，树冠犹如两把伞盖，罩满月台。月台下为荷池，每当盛夏，荷花开放，亭亭玉立，为元龙阁景观增色不少。,全年 全天开放,https://img1.qunarzz.com/travel/poi/201408/04/38c59e865f766dc7c8d65eac.jpg_480x360x95_293f5869.jpg,4.5,建议游览时间：0.5小时 - 1小时,四季皆宜,"{'和顺柏联温泉门票成人票\n\n': ['¥236起'], '和顺柏联温泉门票儿童票\n\n': ['¥149起'], '和顺柏联温泉门票双人票\n\n': ['¥465起']}",,4
寸氏宗祠Inch Ancestral Hall,http://travel.qunar.com/p-oi5859990-cunshizongci,"

地址:
保山市腾冲县和顺镇内


电话:
0875-5158998,0875-5150010

",寸氏宗祠又称寸家祠堂，位于云南省腾冲县和顺古镇，仳邻大石巷脚总大门东侧，占地2222平方米，坐南向北，依山面坝，逐级而起，错落有序，宇辉宏。以建祠早，大门“洋”、标杆“牛”，月台阔、匾联丰富而称雄和顺。寸氏宗祠是和顺古镇的标志性建筑，是腾冲寸氏宗族的象征，也是和顺八大宗祠历史久远的一家，也是和顺八大宗祠中修建早的一家。寸氏宗祠大门显得与众不同，别家宗祠大门均为传统的飞檐斗拱、瓦木结构，唯独寸氏宗祠大门从使用的材料、外形都是标新立异，典型的南亚风格，洋...寸氏宗祠又称寸家祠堂，位于云南省腾冲县和顺古镇，仳邻大石巷脚总大门东侧，占地2222平方米，坐南向北，依山面坝，逐级而起，错落有序，宇辉宏。以建祠早，大门“洋”、标杆“牛”，月台阔、匾联丰富而称雄和顺。寸氏宗祠是和顺古镇的标志性建筑，是腾冲寸氏宗族的象征，也是和顺八大宗祠历史久远的一家，也是和顺八大宗祠中修建早的一家。寸氏宗祠大门显得与众不同，别家宗祠大门均为传统的飞檐斗拱、瓦木结构，唯独寸氏宗祠大门从使用的材料、外形都是标新立异，典型的南亚风格，洋气十足。形成了中外合璧的经典之作。岁月沧桑，历经70多个春秋，它成了魅力和顺侨乡一张名片。其精湛的雕刻技艺和不朽的艺术价值，充分体现了古代汉族劳动人民的卓越才能和和艺术创造力。大门外上月台的左右两边分别立有一根高达两丈多的石柱标杆，即古代的旗杆，相较其他宗祠的标杆，迥然有异，特别醒目的是别家的标杆只有一个方斗，而寸氏宗祠标杆上有两层方斗。这里很有考究：在等级森严的封建时代，是有严格规定不能越矩，由于在明清两朝，寸家不仅先后获取功名的有223个秀才文武生，4个举人，并于光绪乙未年还出了寸开泰一个进士，故按律允许悬两斗，其他宗祠则无此殊荣，寸氏宗祠的双斗标杆就成了“牛”的。大门外设有上下两层月台，全都采用石栏护围、石板镶铺，尤其是紧靠乡前大道的下月台为一半圆形，面积广达数百平方米，特别宽畅，在八家宗祠中首屈一指，堪称“阔”。忆及儿时在和顺中心小学上学，每逢开校会，全体师生集于下月台，仅占其一翼，可见其大。,7:00-18:00,https://img1.qunarzz.com/travel/d3/1702/81/8ac371a4406141b5.jpg_480x360x95_e0d7b5b3.jpg,4.4,建议游览时间：0.5小时 - 1小时,四季,"{'和顺古镇门票成人票\n\n': ['¥55起'], '和顺古镇门票+和顺柏联温泉套票成人票\n\n': ['¥288起'], '和顺柏联温泉门票成人票\n\n': ['¥236起']}",,4
保山文昌宫,http://travel.qunar.com/p-oi722955-baoshanwenchanggong,"

地址:
云南省保山腾冲县

",,8:00-20:00,https://img1.qunarzz.com/travel/poi/201211/15/844964427301dbf3ddb12cfb.jpg_480x360x95_73348a5a.jpg,5.0,,,10元,,4
中天寺Zhongtian Temple,http://travel.qunar.com/p-oi7432248-zhongtiansi,,,,,,,,,,4
高黎贡山国家级自然保护区Gaoligongshan National Nature Reserve,http://travel.qunar.com/p-oi5740646-gaoligongshanguojiaji,"

地址:
保山市腾冲市跨怒江州和附近


电话:
0875-2120288

",高黎贡山国家级自然保护区坐落于怒江西岸，是三江并流世界自然遗产的重要组成部分。高黎是景颇族一个家族名称的音译，“贡”在景颇语中即为“山”之意，高黎贡即“高黎家族的山”。高黎贡山由北至南地跨怒江州贡山、福贡、泸水三县，以及保山腾冲县两县区和保山隆阳区。高黎贡山国家级自然保护区聚集了各种珍稀野生动、植物，是云南八大名花的故乡，区内的一株有着“世界杜鹃王”美誉的大树杜鹃每年开花4万多朵，壮观的花开景观令人震撼；另外，飞瀑流泉、雪山湖泊遍布的高黎贡山还是火山热海的分布地，优美的风景让这里成为了摄影爱好者、徒步者们的天堂。,全年 全天开放,https://img1.qunarzz.com/travel/poi/201407/10/a27036619c740406c8d65eac.jpg_480x360x95_bde52849.jpg,4.7,建议游览时间：1小时 - 3小时,,{'高黎贡山自然保护区电子导览票大小同价\n\n': ['¥7起']},,4
和顺文昌宫,http://travel.qunar.com/p-oi7432251-heshunwenchanggong,"

地址:
腾冲和顺古城内

",文昌宫曾是1940年由华侨捐资创办的益群中学旧址。由大殿、后殿、魁星阁、朱衣阁、过厅、两厢、大门及最前面的大月台组成，左右楼阁下镶嵌的《和顺两朝科甲题名碑》记录了和顺历史上出了8个举人，403个秀才。殿阁雄伟、雕梁画栋、石栏回环，气势轩昂。现被辟为腾冲神马艺术馆、魅力名镇展厅。,全天,https://img1.qunarzz.com/travel/d3/1610/7e/e1458033b93bb5.jpg_480x360x95_121451aa.jpg,0.0,,四季皆宜。,免费,,4
怀胎井Pregnancy Well,http://travel.qunar.com/p-oi7527332-huaitaijing,"

地址:
保山市腾冲县清水乡热海风景区内


电话:
0875-5868899,0875-5149698,0875-5149699

",怀胎井，位于热海澡塘河右岸上。怀胎井又名龙风井，为处于同一水平面的两个泉眼。出水温度88℃，流量0.02L/S。在12方石栏上刻有12生肖图案，其水富含多种微量元素及水氡。相传300多年前，朱星街一大财主的儿子娶得一个如花似玉的好媳妇，夫妻恩爱和睦，相依为命。但是，结婚多年，没有生育，不管小夫妻怎样孝顺，公婆还是不断歧视谩骂，时间长了，小夫妻受不了只得离家出走，到硫磺塘做取磺工。一年多时间，由于一直喝此处的水，就怀胎了，随即回家向双亲秉报，公婆大喜。当孩子生下地，财主一家请来风水先生杀猪宰羊，大肆祭献，并将小媳妇喝水一处，用刻有12生肖图案的石块围成“井”形，并取名“怀胎井”。,全年 8:30-17:30,https://img1.qunarzz.com/travel/poi/1411/9c/9c700fe1c4940bd6213a9cdb.jpg_480x360x95_98a304ba.jpg,4.5,建议游览时间：1小时 - 2小时,,免费,,4
龙光台Longguang Temple,http://travel.qunar.com/p-oi704525-longguangtai,"

地址:
保山市腾冲县境内水河瀑布一侧的小山上

",龙光台位于腾冲城西，叠水河瀑布一侧的小山上的一座古寺，始建于明嘉靖六年（1527年）。后来，著名的守边将领邓子龙又重新修建，孤峰飞阁，风光绚丽。,8:00 - 17:00,https://img1.qunarzz.com/travel/poi/1803/d9/ab9c42f7e95a1e37.jpg_480x360x95_e632be61.jpg,3.9,建议游览时间：2小时,,具体收费情况以现场公示为主,,4
刘氏宗祠Liu’s Memorial Temple,http://travel.qunar.com/p-oi7432250-liushizongci,"

地址:
保山市腾冲县和顺古镇内


电话:
0875-5158998,0875-5150010

",刘氏宗祠建于清咸丰五年，建筑临溪伴水、布局错落有致、风格精致典雅，宗祠两侧园中植以梅兰竹菊，环境清幽，存有“永免钱粮”、“保我子孙”乾隆时的古碑和汉高祖刘邦、光武帝刘秀、昭烈帝刘备的三祖遗训碑；有目前国内大的“家堂”（供奉祖先的神龛）；宗祠内匾联、题词比比皆是，弥漫着浓浓的文化气息。内设和顺茶馆，这里可品到用当地龙潭水、栗炭火烹制的各色名茶，是品茗休闲、陶冶性情的首选之地。,全年 09:00-18:00,https://img1.qunarzz.com/travel/poi/201407/22/df3bd22feb853525c8d65eac.jpg_480x360x95_edc45c6f.jpg,4.5,建议游览时间：1小时 - 2小时,四季皆宜。,包含在和顺古镇景区，通用顺古镇景区门票。,,4
腾越旅游文化园,http://travel.qunar.com/p-oi713685-tengyuelu:youwenhuayuan,"

地址:
云南省保山腾冲县内

",腾冲是云南省历史文化名城，是大地构造中熔炼出来的“琥珀”，人称“翡翠城”和“极边第一城”。腾冲腾越旅游文化园是一个展示腾冲民族民间文化风采，民族民间文化艺术内涵的多元化文化景点。是集旅游商品销售、地方风味名特餐饮、地方特色歌舞表演，旅游服务为一体的综合。叠水河瀑布景区是腾越旅游文化园的一个游览片区。距县：一公里处，为腾冲十二景之一的“龙洞垂帘”，瀑布高46米。；是全国仅有的城市火山堰塞瀑布，崖壁上排列着奇妙的柱状节理群叠水河瀑布河流是大盈江上游...腾冲是云南省历史文化名城，是大地构造中熔炼出来的“琥珀”，人称“翡翠城”和“极边第一城”。腾冲腾越旅游文化园是一个展示腾冲民族民间文化风采，民族民间文化艺术内涵的多元化文化景点。是集旅游商品销售、地方风味名特餐饮、地方特色歌舞表演，旅游服务为一体的综合。叠水河瀑布景区是腾越旅游文化园的一个游览片区。距县：一公里处，为腾冲十二景之一的“龙洞垂帘”，瀑布高46米。；是全国仅有的城市火山堰塞瀑布，崖壁上排列着奇妙的柱状节理群叠水河瀑布河流是大盈江上游，由北而南贯穿腾冲坝子，突然从巨大的断层崖壁上跌落而下，形成雄奇壮观的叠水河瀑在气势磅席的瀑布上，凌空架有民国二年九月，滇西都督大理张文光创建的太极石桥。信步桥上，临空观瀑，形如银河倒泻若万马驰骤，雷霆轰鸣，无不惊心动魄。瀑布对面，一峰独起巅之上，是明代嘉靖年间永昌大守严时泰建造，万历年间名将子龙一度扩建的观瀑楼台，曾任北洋政府总统黎光洪题书――龙光台。院内两厢刻石多方，都是名人学士佳作。著名的有清光绪进士、郡人寸开泰撰写的206字长联。站在观瀑楼台，看一看边城远山近水，读一读龙光台著名长联边睦重镇腾冲风云变幻历史，将会激起你的诗兴豪情。,7:00 - 17:00,,--,,,,,4
诸葛亮营遗址,http://travel.qunar.com/p-oi714170-zhugeliangyingyizhi,"

地址:
云南保山市城南4公里诸葛营村东侧

","葛亮营遗址位于保山市城南4公里诸葛营村东侧。相传诸葛亮南征，留下汉兵在此聚居，形成村寨。诸葛亮营遗址呈长方形，东西长350米，南北宽300米，面积约10万平方米，四周夯筑城墙。现存北墙向西延伸，西墙向南延伸，墙底面宽14.5米,上宽8.9米,残高2.4米。从遗址东南角和西部夯墙中发现大量东汉砖瓦。诸葛营遗址为研究东汉时期永昌郡社会经济及建筑史提供了实物资料。1987年12月，诸葛亮营遗址被公布为云南省文物保护单位。",9：00-17：00,,4.0,,,20元,,5
滇缅抗战博物馆Dianmian Anti-Japan War Museum,http://travel.qunar.com/p-oi7432240-dianmiankangzhanbowuguan,"

地址:
保山市腾冲县和顺古镇内


电话:
0875-5150010,0875-5158666,0875-5158998

",滇缅抗战博物馆位于保山市腾冲县和顺古镇内，当年是远征军反攻指挥部的旧址。博物馆是我的一个个民间出资建设、民间收藏、以抗战为主题的博物馆。博物馆分为五个部分：山河破碎、悲壮远征、沦陷岁月、剑扫烽烟、日月重光。馆内珍藏6000多件文物，1000多张照片。通过这些老照片、纪录片、史实资料、油画、连环画等，和馆藏文物一起，真实再现了60多年前滇缅抗战的历史。,7:00-19:00，景区内景点开放时间详见现场公示。,https://img1.qunarzz.com/travel/poi/201407/22/8558c716edf503fbc8d65eac.jpg_480x360x95_5192313b.jpg,4.6,建议游览时间：1小时 - 2小时,四季皆宜。,包含在和顺古镇景区，通用和顺古镇景区门票内。,,5
太保公园Taibao Park,http://travel.qunar.com/p-oi705473-taibaogongyuan,"

地址:
保山市太保山麓


电话:
0875-2122289

","太保公园因座落于云南省保山市太保山麓而得名。公园林木葱郁，以松树、柏树和桦树为主，森林覆盖率达90％以上，是登高俯瞰保山全景的较佳去处。太保山山腰建有玉皇阁和玉佛寺。玉皇阁为明代三层斗拱建筑，金碧辉煌，工艺精湛,气势雄伟，挂于二层的字匾，从 正、左、右三面看却各为不同的匾文。正看是“至诚无忌”四字；从左看是绿色“龙飞凤舞”四字；从右看是褐红色“海晏河清”四字，颇为奇趣。沿着700多级台阶上山，山顶建有望城楼、戏台、松苑亭等亭台楼阁，从这里看下去，整个保山尽收眼底。",步行游玩：9:30-21:30；开车游玩：9:30-18:30,https://tr-osdcp.qunarzz.com/tr-osd-tr-manager/img/0680d2a010385b555840f8fb62b34dd5.jpg_480x360x95_328b9a52.jpg,4.4,建议游览时间：2小时,,具体收费情况以现场公示为主,,5
阐化楼,http://travel.qunar.com/p-oi708262-chanhualou,"

地址:
云南省保山市隆阳区太保山东麓四川会馆旁


电话:
0875-2122583

",,全天,,--,,,5元,,5
腾冲柱状节理Tengchong Columnar Jointing,http://travel.qunar.com/p-oi7588448-tengchongzhuzhuangjie,"

地址:
保山市腾冲县曲石乡龙川江畔


电话:
0875-5853888

",云南省腾冲县的龙川江畔，矗立着一大片火山爆发时喷出的未露于地表的岩浆冷凝后形成的柱状结晶，地质学上称为“柱状节理”，当地人则形象地叫它“神柱”。“神柱”是我国迄今为止发现的一片规模大、保存完整、年代短的柱状节理。火山岩浆喷发时的温度为1200℃，当岩浆冷却至800-900℃时岩浆结晶形成柱状节理。由于岩浆含有六方柱体的斜长石、橄榄石、角闪石、辉石等矿物质，所以冷却后形成六方柱体，称之为：柱状节理。素有“火山地质博物馆”之称的腾冲县共有70多座火山遗址，位于曲...云南省腾冲县的龙川江畔，矗立着一大片火山爆发时喷出的未露于地表的岩浆冷凝后形成的柱状结晶，地质学上称为“柱状节理”，当地人则形象地叫它“神柱”。“神柱”是我国迄今为止发现的一片规模大、保存完整、年代短的柱状节理。火山岩浆喷发时的温度为1200℃，当岩浆冷却至800-900℃时岩浆结晶形成柱状节理。由于岩浆含有六方柱体的斜长石、橄榄石、角闪石、辉石等矿物质，所以冷却后形成六方柱体，称之为：柱状节理。素有“火山地质博物馆”之称的腾冲县共有70多座火山遗址，位于曲石乡的这片“柱状节理”，面积约2平方公里，形成于约4万年前。一根根数十米长的“石柱”，颇为壮观。这一火山地质奇观的完好存在，不仅为当地增添了一处独特的旅游景观，同时对于研究火山的岩浆生成和地质构造有重要科学价值。,全天开放,https://img1.qunarzz.com/travel/poi/1501/ba/5d86f888dc73fd.jpg_480x360x95_0f27bf22.jpg,4.1,建议游览时间：3小时 - 5小时,,{'火山地热国家地质公园门票大小同价\n\n': ['¥35起']},,5
松山战役旧址Songshanzhanyi Site,http://travel.qunar.com/p-oi7587295-songshanzhanyijiuzhi,"

地址:
保山市龙陵县腊勐乡

",位于云南省保山市龙陵县腊勐乡，为第二次世界大战滇西抗日的主战场，松山战役遗址之一。松山雄踞怒江西岸，山顶海拔2200米，山势险峻，山峰棋布，沟渠交错，地形十分复杂。它是滇缅公路的咽喉要地，素有“直布罗陀”之称。出名的滇缅公路经惠通桥越过怒江后，在该山的悬崖峭壁间盘旋四十余公里。大有“一夫当关，万夫莫开”之势。1942年5月日本侵略军占龙陵后，驻重兵据守。1944年6-9月，我抗日军民浴血奋战，全歼日军三千余人。由于松山战役在滇西和整个抗日战争中的特殊地位和意义，1993年被列为省级重点文物保护单位，并拨专款修复了抗日将士公墓等遗迹，修建了四座标志说明碑、十八座遗迹说明碑和一条上山的公路。1998年11月，松山被公布为云南省爱国主义教育基地。,9:00-17:00,https://tr-osdcp.qunarzz.com/tr-osd-tr-manager/img/ff2ad2c75f1c4868541d24ea65d63f89.jpg_480x360x95_0ad7c235.jpg,4.7,建议游览时间：1小时,,具体收费情况以现场公示为主,,5
龙陵邦腊掌,http://travel.qunar.com/p-oi714764-longlingbanglazhang,"

地址:
云南-保山龙陵县城西北方向

",龙陵邦腊掌旅游度假区位于龙陵县城西北方向，距离县城11.8公里，地处高黎贡山余脉，龙川江峡谷南岸的香柏河下游的丛林之中，占地面积194.2公顷，海拔1254-1280米，年平均气温16.9℃，气候温和，风景优美。度假区有宏大的温泉群，山露泉眼600余孔，出露面积达0.2平方公里，水温最高达104℃。泉水中含有23种对人体有益的化学元素和化学物质，对高血压、皮肤病、心脏病、风湿、不孕症等多种疾病有神奇的疗效。泉水颜色随着气候和地壳运动而变化，被专家们誉为“地球的一个穴位”，能预测...龙陵邦腊掌旅游度假区位于龙陵县城西北方向，距离县城11.8公里，地处高黎贡山余脉，龙川江峡谷南岸的香柏河下游的丛林之中，占地面积194.2公顷，海拔1254-1280米，年平均气温16.9℃，气候温和，风景优美。度假区有宏大的温泉群，山露泉眼600余孔，出露面积达0.2平方公里，水温最高达104℃。泉水中含有23种对人体有益的化学元素和化学物质，对高血压、皮肤病、心脏病、风湿、不孕症等多种疾病有神奇的疗效。泉水颜色随着气候和地壳运动而变化，被专家们誉为“地球的一个穴位”，能预测方圆400-800公里的地震。著名作家魏巍诗曰：“热海之源，温泉之乡；天赐奇水，惠及八方”。疗效之迷是氡氟的神奇作用。“八五”以来，龙陵县委、政府多方筹集资金7000多万元开发建设邦腊掌，建盖了18个疗养所，目前可一次接待千余人，使邦腊掌成为集旅游观光、疗养度假、地震地热科研和会议商务为一体的旅游度假区，很好地发挥了其在龙陵旅游中的龙头和窗口作用。,全天,,--,,,40元,,5
小黑山,http://travel.qunar.com/p-oi712231-xiaoheishan,"

地址:
云南省西南边陲保山市龙陵县境内


电话:
0875-2122583

","小黑山地处云南省西部边陲龙陵县境内，属高黎贡山南延帚状山系。北与高黎贡山国家级自然保护区相连.西与新扩建的铜壁关保护区接壤,东南临怒江与永德的大雪山保护区隔江相望，保护区总面积16012.8公顷,其中核心区7077.2公顷,实验区8935.6公顷。由从北到南大体呈不规则块状的古城山、小黑山（含大、小雪山）、一碗水、江中山四个亚保护区组成，分布在龙江、镇安、龙新、碧寨、象达、天宁、勐糯、龙山八个乡（镇）。特殊的地理位置使小黑山省级自然保护区成为高黎贡山、铜壁关与滇西南各...小黑山地处云南省西部边陲龙陵县境内，属高黎贡山南延帚状山系。北与高黎贡山国家级自然保护区相连.西与新扩建的铜壁关保护区接壤,东南临怒江与永德的大雪山保护区隔江相望，保护区总面积16012.8公顷,其中核心区7077.2公顷,实验区8935.6公顷。由从北到南大体呈不规则块状的古城山、小黑山（含大、小雪山）、一碗水、江中山四个亚保护区组成，分布在龙江、镇安、龙新、碧寨、象达、天宁、勐糯、龙山八个乡（镇）。特殊的地理位置使小黑山省级自然保护区成为高黎贡山、铜壁关与滇西南各保护区群的重要链接纽带。",8：00—18：00,,--,,,10元,,5
腾阳会馆,http://travel.qunar.com/p-oi702110-tengyanghuiguan,"

地址:
保山市区西南易罗池东南


电话:
0875-2122583

",腾阳会馆位于保山市区西南易罗池东南，清嘉庆初（约1796年）创建，光绪六年（1880年）重建。现存观音、关圣殿、财神殿等建筑，占地面积4000平方米。腾阳会馆关圣、财神两殿均单檐歇山顶，抬梁与穿斗相结合的木结构。关圣殿通面阔13.85米，通进深10.8米，前檐用垂莲柱。财神殿右侧戏楼，重檐硬山顶，面阔六间，东西各建一堵高于屋顶的封火墙。腾阳会馆为腾冲籍商旅活动之所。1988年公布为保山市文物保护单位。,8：00-21：00,,--,,,5元,,5
槟榔江,http://travel.qunar.com/p-oi709292-binlangjiang,"

地址:
云南-保山腾冲县城以西60公里处

",槟榔江位于腾冲县城以西60公里处，这里的边陲风光和少数民族风情独具魅力。槟榔江发源于腾冲县西北部五台山一带，于古永芭蕉林流入盈江县，境内流长59公里。由于两岸皆是茂密的森林，没有任何工业污染，河水清澈透明，江畔自然风光秀美无比。这里聚居的傈僳族不同于怒江一带的傈僳族，他们的服装艳丽，民居、歌舞、食宿等有着鲜明的特色，著名的“上刀上，下火海”的刀杆节就是在这里举行的。,全天,,--,,,免费,,5
霁虹桥遗址Jihongqiao Relic Site,http://travel.qunar.com/p-oi716507-jihongqiaoyizhi,"

地址:
云南省保山市水寨乡平坡村

",在云南省保山市与永平县交界处的澜沧江上，有一座飞架在悬崖绝壁之上的铁索桥，1986年前的霁虹桥是我国较古老的铁索桥。霁虹桥的位置是西汉的兰津古渡，东汉曾流传“渡博南，越兰津”的歌谣。丝绸之路出现之前两世纪，从四川西昌起，经云南姚安、下关、保山，进入印度等国的“西南丝道”就已形成，霁虹桥就是这条古驿道上的咽喉。此处古为舟筏渡口；东汉永平年初架起藤蔑桥；元贞年（1295年）改架木桥，得名霁虹桥；明代成化十一年（1475年）改建铁索桥，清康熙年间重修。相传当年造铁索桥时，原有的木桥被江水冲毁，要把每根手臂粗，数千斤重、百余米长的铁链从当东岸送到西岸十分困难。一位年轻的工匠从射箭猎兽得到启发，根据他的建议，工匠们在陡峭的东岸用数根粗细不等，与铁链一般长的麻绳由细至粗结好，然后把粗头系在铁链上，细头系在箭尾上，射到西岸，西岸的工匠把麻绳捆在绞车上，摇动转轮，将铁链拖到西岸，固定在埋入地下几米深的铁铸万年桩上。霁虹桥跨度为57.3米，宽3.7米，由18根铁索链悬吊两岸，上铺桥板。霁虹桥西岸绝壁上刻有历代文人墨客书写的“悬崖奇渡”、“金齿咽喉”等等；闻名地理学家徐霞客曾到过此桥。霁虹桥是历代开发西南必经的关隘要道，在地理位置上有着较重要的意义。桥上曾设有税所和办案机构。1942年5月，日本侵略军曾派三十余架飞机在霁虹桥上空轰炸，因地势险要，古桥得以幸免。1986年，古桥被洪水冲毁，今仅剩遗址。,全年 全天开放,https://img1.qunarzz.com/travel/poi/1712/b9/ad322907f3ee3e37.jpg_480x360x95_3d8c2668.jpg,5.0,建议游览时间：0.5小时,,10元,,6
北庙湖公园,http://travel.qunar.com/p-oi704349-beimiaohugongyuan,,北庙湖是西南高原上的一颗明珠，位于保山坝北庙村附近，距保山城区20公里，1958年兴建，1962年初步建成。北庙湖区最高海拔1912.1米，最低海拔1705米，平均气温15.7℃，年降水量1067.2毫米，坝址以上河源长15公里，控制经流面积119平方公里，多年平均经流量6800万立米。总库容7350万立方米。粘土心墙大坝为北庙湖主体建筑，坝高73米、坝顶长280米，大坝上有石阶569级，北庙湖总面积6平方公里，其中水面2.8平方公里，林面3.2平方公里。北庙湖以灌溉为主，兼防洪、发电、水产养、旅游等综...北庙湖是西南高原上的一颗明珠，位于保山坝北庙村附近，距保山城区20公里，1958年兴建，1962年初步建成。北庙湖区最高海拔1912.1米，最低海拔1705米，平均气温15.7℃，年降水量1067.2毫米，坝址以上河源长15公里，控制经流面积119平方公里，多年平均经流量6800万立米。总库容7350万立方米。粘土心墙大坝为北庙湖主体建筑，坝高73米、坝顶长280米，大坝上有石阶569级，北庙湖总面积6平方公里，其中水面2.8平方公里，林面3.2平方公里。北庙湖以灌溉为主，兼防洪、发电、水产养、旅游等综合效益，现灌溉面积14万亩，防洪保护耕地5万亩，排涝2万亩，年发电量约500-700千瓦小时。北庙湖是保山具有吸引力的风景旅游区，登上大坝，可览湖光山色，浩淼波光；回首可一眼看到辽阔的保山坝。湖的四周广植云南松、思茅松、果松，建有茶园、葡萄园、果园、花圃园，种茶花、杜鹃、兰花、月季、荷花等各类花卉近百个品种；水库下面栽有大量垂柳、并修建了人工湖、沙滩、旅游池，湖上有快艇、游船，大坝旁有风味小吃，歌舞文化娱乐等服务，是保山较大的休闲度假、观光游乐的地方。,,,--,,,2018年10月1日起，保山北庙景区将免收门票。,,6
"卧佛寺Wofo Temple, Baoshan",http://travel.qunar.com/p-oi704688-wofosi,"

地址:
板桥镇174乡道西50米


电话:
+86 875 284 9277

",卧佛寺，又名“云岩卧佛”，位于保山城北16公里的云岩山，始建于唐代，因寺内藏有长6米，重达10吨的巨型卧佛而闻名。卧佛寺依山洞而建，洞口倚悬崖建石柱、石梁、石墙、石椽等，并利用自然延伸的岩石雕凿成斗拱式，上绘彩色图案，艳而不俗，洞殿相接之处，为藤萝掩盖，远看与山石俨然一体，郡守王坤曾题联于殿前：“千岩竞秀，一窍通灵”。,全年 6:30-19:30,https://tr-osdcp.qunarzz.com/tr-osd-tr-manager/img/f990be225d476b2fe2dc755be6ef82e8.jpg_480x360x95_e5c71c80.jpg,4.0,建议游览时间：2小时,,具体收费情况以现场公示为主,,6
清平洞Qingpingdong,http://travel.qunar.com/p-oi704304-qingpingdong,"

地址:
保山市施甸县姚打公路

",清平洞位于施甸县姚关古镇外的龟山西麓，距离施甸城20公里。建筑不多，但风景秀丽，文物荟萃，是重要的历史遗迹。清平洞地方不大，建筑不多，但风景秀丽，文物众多，是一个有历史价值的游览区。在古代，姚关是军事重镇。现镇后的山坡上还有长约数百米、高低不一的土城墙。镇东侧的下乌邑村，留有点将台。现姚关镇供销社一带，为原南城门址，当地群众仍习惯以此为界，称城内城外。步出村南约百来米，在龟山脚小河上有一石桥，名为“洗甲桥”。当年驻防这里的士兵，常在这里洗涤盔甲战袍。过桥前行约半里，就到清平洞。只见沿坡至河，一墙横列，中开一拱门，旁有对联一副：“半山半湖此地即是胜景，一洞一享何处去觅桃源。”横幅为“水月洞天”。八门左侧坡上，是《恤忠祠记》碑亭。亭为护碑而建。碑文有些字迹已不甚清晰。碑高2.05米，宽0.9米，楷体直书，共33行，前4行为碑名，撰文、书丹、篆额人名。正文为28行，全文约2400字，记述明将邓子龙平定内乱，击败外国入侵者，维护国家领土完整的功勋，缅怀以身殉国的忠勇将士。,6:00 - 19:00,https://tr-osdcp.qunarzz.com/tr-osd-tr-manager/img/18f1812defef57571029014242ea525f.jpg_480x360x95_faca7929.jpg,4.7,建议游览时间：3小时,,免费,,6
顺龙寺Shunlong Temple,http://travel.qunar.com/p-oi706104-shunlongsi,"

地址:
云南省保山市隆阳区河图乡河西村

",,8：00-18：00,https://tr-osdcp.qunarzz.com/tr-osd-tr-manager/img/9c2bc8c80cf739e47f06ee79e176e851.jpg_480x360x95_44cae40c.jpg,3.7,,,具体收费情况以现场公示为主,,6
亚洲第一大榕树,http://travel.qunar.com/p-oi40005040-yazhoudiyidarongshu,,大榕树位于保山市，是一棵有着几百年历史的古树，树干粗壮，树下成荫。,,,0.0,,,,,6
《腾越魂》演出,http://travel.qunar.com/p-oi39638418-tengyuehunyanchu,,《腾越魂》剧情梗概 腾越之魂，是腾冲人民在抗战中像翡翠一样不畏强暴、宁死不屈的民族气节；是数万远征军将士视死如归、血战到底的英雄气概；是中华民族百折不挠、坚忍不拔的必胜信念。舞台剧《腾越魂》描述了从1942年5月8日腾冲沦陷到1944年9月14日远征军收复腾冲这一历史时期的重要史实。热情讴歌了抗日县长张问德、腾冲籍远征军战士、普通百姓在抗日保腾过程中的牺牲奉献。确定了以时间线索为经，以史实故事为纬的架构。全剧分为序：《最后一课》；第一幕《空城》；第二幕《对峙》；第三幕《反攻》；第四幕《惨胜》。 序：最后一课 以一名远征军老战士的回忆开篇，引出腾冲沦陷的前一日，益群中学校长寸树生给同学们上的最后一课，勉励同学们牢记校训，奋力抗争，誓死不做亡国奴……  第一幕：空城 1942年5月8日的腾冲城，犹如被妖雾笼罩一般，黑云压顶，令人窒息。在得到日军已经到达龙陵之时，腾龙边区行政监督专员龙绳武、腾冲县长邱天培便已前后逃出腾冲，可留下的官员、乡绅和百姓又该如何呢？与此同时，腾冲城三名普通的少年离开了家乡，几经周折，开启了他们悲壮的人生…… 第二幕：对峙 腾冲沦陷后，日军便开始四处清剿，制造了一起起惨绝人寰的血案。为了对抗驻腾日军，在沦陷区广泛展开游击战，在远征军预备二师的鼎立支持下，腾冲抗日县政府成立。张问德老先生以63岁高龄临危受命，带领沦陷区民众与日军对峙，奋起抗争…… 第三幕：反攻 1944年5月5日，远征军滇西反攻的作战会议在保山光尊寺召开。中国远征军强渡怒江、反攻高黎贡，收复腾冲的惨烈战役即将打响。为了让远征军有足够的军粮，腾冲等地的百姓宁愿自己受苦挨饿，也要支援前线。这些隐藏在历史聚光灯以外的鲜为人知的特殊群体，曾经在我们民族危难的时候，挺身而出，用自己的苦难和生命，筑起了一道血肉长城！ 第四幕：惨胜 从1944年5月11日到9月14日的收复腾冲战役，战事惨烈，腾冲老城化为废墟，历史学家称这次战役为“焦土抗战”。而两年前从腾冲走出去参加远征军的三名少年，也回到了家乡，不过，其中两人却是以另外的方式回家了…… 尾声： 战争的烽烟虽已散去，但抗日英烈用鲜血和生命浇铸的民族之魂、正义之魂、爱国之魂却永远不死，成为我们今天致力振兴中华，促进人类和平的伟大力量。 ,,,0.0,,,,,6
龙川江小镇,http://travel.qunar.com/p-oi39627585-longchuanjiangxiaozhen,,,,,0.0,,,具体收费情况以景区现场公示为主,,6
腾冲市腾越镇盈水村委会,http://travel.qunar.com/p-oi39627582-tengchongshitengyuezhen,,,,,,,,,,6
蚌渺湖,http://travel.qunar.com/p-oi39627535-bangmiaohu,,,,,0.0,,,,,6
世外乡村高黎贡勐赫小镇,http://travel.qunar.com/p-oi39599524-shiwaixiangcungaoligong,,,,,1.0,,,具体收费情况以景区现场公示为主,,7
新寨村,http://travel.qunar.com/p-oi39596985-xinzhaicun,,,,,0.0,,,,,7
腾冲中营村,http://travel.qunar.com/p-oi39588443-tengchongzhongyingcun,,,,,0.0,,,,,7
青华海国家湿地公园,http://travel.qunar.com/p-oi39577520-qinghuahaiguojiashidi,,,,,0.0,,,,,7
《信仰的火炬》演出,http://travel.qunar.com/p-oi39576214-xinyangdehuojuyanchu,,腾冲，是中国的旅游圣地，这里有被《中国国家地理》 与 《时尚旅游》联合推荐为“人一生要去的50个地方”。漫长的岁月旅途，在这极边古镇，诞生了一位武装人们思想的传奇英雄——艾思奇。《信仰的火炬》为您呈现中国有名的马克思主义哲学家、教育家和革命家艾思奇同志的传奇生涯的一幕幕：求学道路、斗争精神、反抗压迫、传播思想、参与人民解放的抗战，当然 还有他的爱情故事......回顾他的事迹，让人深思回味，不忘初心，让我们缅怀逝去的英雄，高举马克思主义的火炬，用信仰点燃新...腾冲，是中国的旅游圣地，这里有被《中国国家地理》 与 《时尚旅游》联合推荐为“人一生要去的50个地方”。漫长的岁月旅途，在这极边古镇，诞生了一位武装人们思想的传奇英雄——艾思奇。《信仰的火炬》为您呈现中国有名的马克思主义哲学家、教育家和革命家艾思奇同志的传奇生涯的一幕幕：求学道路、斗争精神、反抗压迫、传播思想、参与人民解放的抗战，当然 还有他的爱情故事......回顾他的事迹，让人深思回味，不忘初心，让我们缅怀逝去的英雄，高举马克思主义的火炬，用信仰点燃新时代的梦想！该剧有助于人们深刻了解艾思奇对马克思主义哲学在中国的通俗化、大众化所做的重大贡献，启迪和激励人们牢固树起艾思奇这面学习榜样的旗帜，为人们的爱国主义情怀再添燃料，让信仰的火炬高高燃起、生生不息。,,,0.0,,,,,7
陡山寺,http://travel.qunar.com/p-oi39564308-doushansi,,,,,0.0,,,,,7
《信仰的火炬》演出,http://travel.qunar.com/p-oi39558652-xinyangdehuojuyanchu,, 腾冲，是中国的旅游圣地，这里有被《中国国家地理》 与 《时尚旅游》联合推荐为“人一生要去的50个地方”、被誉为“中国魅力名镇”的和顺古镇。漫长的岁月旅途，在这极边古镇，诞生了一位武装人们思想的传奇英雄——艾思奇。中央高度评价他是党的理论战线上的忠诚战士；蒋介石晚年曾言到：一本《大众哲学》冲垮了三民主义的思想防线！他检讨战败的原因，自认非输于中共之军队，乃败于艾思奇先生之《大众哲学》。 《信仰的火炬》为您呈现中国著名的马克思主义哲学家、教育家和革命家艾思奇同志的传奇生涯的一幕幕：求学道路、斗争精神、反抗压迫、传播思想、参与人民解放的抗战，当然 还有他的爱情故事......回顾他的事迹，让人深思回味，不忘初心，让我们缅怀逝去的英雄，高举马克思主义的火炬，用信仰点燃新时代的梦想！ 该剧有助于人们深刻了解艾思奇对马克思主义哲学在中国的通俗化、大众化所做的重大贡献，启迪和激励人们牢固树起艾思奇这面学习榜样的旗帜，为人们的爱国主义情怀再添燃料，让信仰的火炬高高燃起、生生不息！,,,0.0,,,,,7
施甸青牛白马广场,http://travel.qunar.com/p-oi39528634-shidianqingniubaimaguang,,,,,5.0,,,,,7
腾冲龙江大桥花寨观景台,http://travel.qunar.com/p-oi38950611-tengchonglongjiangdaqiao,,云南美丽的公路桥，如此壮观地映入眼帘，它是亚洲山区跨径钢箱梁悬索桥，远处眺望让人叹为观止，只有亲眼所见才能真正体会到龙江特大桥的宏伟和壮观，亦可以观赏到美丽的田园风光。,,,--,,,,,7
高黎贡山花寨大瀑布,http://travel.qunar.com/p-oi38950605-gaoligongshanhuazhaida,,花寨大瀑布被誉为“天然氧吧”，位于腾冲市五合乡高黎贡山南段，距离市区40公里，是前往保山的必经之路。由于地处高黎贡山腹地地形特殊从而形成了一山分四季，一山有多景。架云之上，沿溪而走，穿越森林，探秘瀑布。,,,5.0,,,,,7
高黎贡山中坪大瀑布,http://travel.qunar.com/p-oi38950434-gaoligongshanzhongping,,高黎贡山中坪大瀑布，位于腾冲市界头镇乡高黎贡山中段，距离市区40公里，由于地处高黎贡山腹地地形特殊从而形成了一山分四季，一山有多景。架云之上，沿溪而走，穿越森林，探秘瀑布。,,,5.0,,,,,8
塘子坝水库,http://travel.qunar.com/p-oi38942962-tangzibashuiku,,,,,--,,,,,8
童心水上乐园,http://travel.qunar.com/p-oi38932778-tongxinshuishangleyuan,,水上乐园以大小、形状、深度不同的可移动支架水池、充气水池为构架，根据现场的大小、形状和活动主题的要求，结合不同的动漫、文化元素，充分利用充气游乐产品形象描叙精确、功能溢于言表、安全完美实现等特点制作而成的具有一定文化动漫表现内涵的主题式游水、嬉水乐园。,,,0.0,,,,,8
玛御谷温泉小镇,http://travel.qunar.com/p-oi38860015-mayuguwenquanxiaozhen,,,,,0.0,,,具体收费情况以现场公示为主,,8
火山瀑布景区,http://travel.qunar.com/p-oi38619364-huoshanpubujingqu,,,,,--,,,具体收费情况以现场公示为主,,8
财神殿,http://travel.qunar.com/p-oi38616360-caishendian,,,,,--,,,具体收费情况以现场公示为主,,8
大竹坝,http://travel.qunar.com/p-oi38606072-dazhuba,,,,,0.0,,,具体收费情况以现场公示为主,,8
青华海西湖景区,http://travel.qunar.com/p-oi38599508-qinghuahaixihujingqu,,,,,0.0,,,具体收费情况以现场公示为主,,8
昌宁龙潭寺,http://travel.qunar.com/p-oi38341071-changninglongtansi,,,,,--,,,具体收费情况以现场公示为主,,8
水映寺,http://travel.qunar.com/p-oi38340463-shuiyingsi,,,,,4.0,,,具体收费情况以现场公示为主,,8
凤仪寺,http://travel.qunar.com/p-oi38339761-fengyisi,,凤仪寺位于位于碗窑村，这里的布景亭台楼阁、小桥流水，池中荷花亭亭玉立游鱼成群，寺院内还种有蝴蝶兰，山茶花，桂花，玫瑰，海棠，倒挂金钟，三角梅等等。,,,4.1,建议游览时间：1小时 - 2小时,,具体收费情况以现场公示为主,,9
青华海美美欢乐世界,http://travel.qunar.com/p-oi38336615-qinghuahaimeimeihuanle,,青华海美美欢乐世界内不仅有旋转木马和摩天轮，还有刺激的大摆锤和过山车，不仅适合小孩子，也是大人放松身心的好去处。,,,--,建议游览时间：1小时 - 2小时,,具体收费情况以现场公示为主,,9
龙潭,http://travel.qunar.com/p-oi38335315-longtan,,,,,0.0,,,具体收费情况以现场公示为主,,9
太保山森林公园,http://travel.qunar.com/p-oi38335147-taibaoshansenlingongyuan,,,,,--,,,具体收费情况以现场公示为主,,9
来凤寺,http://travel.qunar.com/p-oi38135186-laifengsi,,,,,--,,,具体收费情况以现场公示为主,,9
火仙山,http://travel.qunar.com/p-oi38035072-huoxianshan,,,,,--,,,具体收费情况以现场公示为主,,9
沙泥河山,http://travel.qunar.com/p-oi38034939-shaniheshan,,,,,--,,,,,9
古城遗址,http://travel.qunar.com/p-oi38034778-guchengyizhi,,,,,--,,,具体收费情况以现场公示为主,,9
帕连艺术村,http://travel.qunar.com/p-oi37807217-palianyishucun,,,,,5.0,,,具体收费情况以现场公示为主,,9
瑷珲中国人口地理分界线主题公园,http://travel.qunar.com/p-oi37806945-aihunzhongguorenkoudi,,,,,0.0,,,,,9
昌宁三道桥景区,http://travel.qunar.com/p-oi37559369-changningsandaoqiaojing,,昌宁三道桥景区位于昌宁县大田坝镇，景区内有千亩生态茶园、蓝莓园、古战场遗址、古碳窑群等景点，可以漫步丛林花海，亲吻山花的芬芳，可以住帐篷、山间民宿，听蛙鸣鸟唱，可以品味原生态特色佳肴。,,,--,建议游览时间：3小时 - 5小时,,具体收费情况以现场公示为主,,10
白龙潭,http://travel.qunar.com/p-oi36387396-bailongtan,,白龙潭位于保山莫卡村。村内有一溶洞，大股泉水从洞中不断翻涌而出，汇集成了深深水潭。白龙潭里有不少游鱼，潭水清澈见底，潭边的树木与竹棚常年滴翠，环境清新而幽静，适合人们在此放松休憩。,,,0.0,建议游览时间：2小时 - 3小时,,具体收费情况以现场公示为主,,10
腾冲火山地质博物馆,http://travel.qunar.com/p-oi36377433-tengchonghuoshandizhi,"

地址:
云南省保山市腾冲县马站乡腾冲火山地质公园里


电话:
0875-5853388

",,全年 08:00-18:00,,4.5,,,具体收费情况以现场公示为主,,10
高黎贡手工造纸博物馆,http://travel.qunar.com/p-oi36259014-gaoligongshougongzaozhi,,,,,--,,,,,10
腾冲市琥珀博物馆,http://travel.qunar.com/p-oi36258111-tengchongshihupobowuguan,,,,,,,,,,10
华侨城·秘境森林乐园,http://travel.qunar.com/p-oi36223415-huaqiaochengmijingsen,"

地址:
腾冲市新城区华侨城梦幻腾冲国际温泉度假小镇内


电话:
0875-3063866

",华侨城·秘境森林乐园是滇西地区森林主题乐园。乐园突出生态自然、健康户外、寓教于乐、亲子互动、主题游乐等属性，致力于构建生态型寓教于乐的家庭户外休闲中心，打造城市家庭亲子一站式“轻度假”目的地，是滇西地区亲子家庭和青少年享受欢乐时光、体验刺激游乐的欢乐新地标。乐园分为动力设备区、无动力区，以「生态与自然」为主题，配以旋转木马、海盗船、欢乐对对碰、冒险滑梯、空中溜索等多项经典游乐项目，欢乐体验，流连忘返。1、动力设备区：将森林与游乐的理念融入到游乐设计中，绿化设计将游乐场区域进行围合，形成相对安全的游乐场地。设备选型均为较为经典的游乐项目，如海盗船、旋转木马、飓风飞椅、碰碰车等。旋转、冲撞、飞跃.......尽情享受风的速度，肾上腺素激增的快感，心跳加速的刺激，实乃放松心情、释放压力、体验快感的好去处！挑战和冒险是年轻人的专利，也是青少年成长中重要的部分，快去感受吧！2、无动力乐园：包含滑梯、蹦床、秋千、丛林穿越等极具趣味的项目。将自然意趣与科技互动教育结合，旨在开启孩子们的好奇心和探索心，带孩子去接触大自然，在美好的乡野田园间主动发现大自然的未知，充分调动孩子的形、声、闻、味、触五感体验，结合艺术自然手作和自然小实验等形式，以轻松、有趣、丰富的体验学习让孩子领略自然的神奇奥秘，引导孩子更好地认识自然和自我，启发孩子的心智发展。（二）游玩贴士：1、游玩时间半天左右，出行前合理安排时间。2、园内部分项目不适合高血压、心脏病患者、颈椎背部疾病患者、孕妇游玩；部分项目对参与游客的身高、体重等设有要求限制，有上述病情或症状者，请自行确认并选择其他适合项目。3、如碰到恶劣天气部分设施将被关闭，因此出行前请了解天气情况。游玩时穿着舒适衣服及鞋子，夏天注意好防晒。4、秘境森林乐园园区配备婴儿车和轮椅，先到先得，不接受预约，凭本人有效证件可免费租用，但需缴纳押金，还车时退还押金。,全年 10:00-18:00;全年 10:30-18:00,,4.8,建议游览时间：12小时 - 3天,,"{'华侨城·秘境森林乐园通票成人票\n\n': ['¥50起'], '华侨城·秘境森林乐园通票亲子票(1大1小)\n\n': ['¥75起'], '华侨城·秘境森林乐园年卡家庭票(2大2小)\n\n': ['¥340起']}",,10
妙光寺,http://travel.qunar.com/p-oi36220406-miaoguangsi,,,,,--,建议游览时间：1小时 - 2小时,,具体收费情况以现场公示为主,,10
新寨万亩咖啡种植园,http://travel.qunar.com/p-oi36126461-xinzhaiwanmukafeizhong,"

地址:
保山市隆阳区潞江坝新寨村观景台

",万亩咖啡种植园位于新寨村，全村咖啡种植面积达13600多亩，年产咖啡豆3500多吨，被国家列为第一个万亩咖啡示范村，有着“中国咖啡第一村”的美誉。这里是典型的干热河谷气候，光热充足，终年无霜，海拔1100米左右，年平均气温25度，年降水量700至1000毫米，非常适宜阿拉毕卡（小粒咖啡）的生长，是世界知名的优质小粒咖啡的理想生产地区之一。 ,全年 9:00-18:00,,--,建议游览时间：12小时 - 3天,,,,10
绮罗图书馆Qiluo Library,http://travel.qunar.com/p-oi36111264-qiluotushuguan,"

地址:
保山市腾冲市热海社区文昌小区69号

",绮罗图书馆位于腾冲市，馆内设有图书外借室、书报阅览室、儿童阅览室、报刊储藏室等，藏书丰富，功能齐备，特色鲜明。,全年 周三-周日 12:00-15:00,,4.0,建议游览时间：1小时 - 2小时,,具体收费情况以现场公示为主,,10
月荷生态园,http://travel.qunar.com/p-oi36108587-yueheshengtaiyuan,,月荷生态园已建成400亩荷花观赏区、20亩花海观赏区、游船观光车游览区、生态农庄体验区、多种水果采摘区、儿童游乐区、网红集体秋千、月荷特色美食广场等基础项目，着力打造荷塘月色、花海、三角梅大道等为主的生态农业景观，是花开满园、荷香四溢、环境优美的休闲养生、旅游度假、绿色餐饮和绿色农产品基地为一体的生态农业观光园，是隆阳独具特色的生态农业观光旅游景点。生态园主要经营生态农庄、烧烤露营、新鲜水果莲子、荷叶茶、荷花生态鱼、多种水果采摘园、游船、水上自行车、观光车、集体秋千等系列项目。,,,0.0,建议游览时间：12小时 - 3天,,15元,,10
