{"userId":"184","movieId":"2579","title":"Following (1998)","date":"2018-09-16","tags":"black and white,Christopher Nolan,directorial debut,mindfuck,not linear,Twist Ending","rating":4.0,"isLike":false}
{"userId":"184","movieId":"3793","title":"X-Men (2000)","date":"2018-09-16","tags":"action,comic book,hugh jackman,marvel,superhero","rating":3.5,"isLike":false}
{"userId":"184","movieId":"4226","title":"Memento (2000)","date":"2018-09-16","tags":"dark,Mindfuck,nonlinear,psychology,twist ending","rating":5.0,"isLike":true}
{"userId":"184","movieId":"4896","title":"Harry Potter and the Sorcerer's Stone (a.k.a. Harry Potter and the Philosopher's Stone) (2001)","date":"2018-09-16","tags":"alan rickman,harry potter,humorous,Magic","rating":3.5,"isLike":false}
{"userId":"184","movieId":"5388","title":"Insomnia (2002)","date":"2018-09-16","tags":"atmospheric,insomnia,thought-provoking","rating":3.5,"isLike":false}
{"userId":"184","movieId":"6283","title":"Cowboy Bebop: The Movie (Cowboy Bebop: Tengoku no Tobira) (2001)","date":"2018-09-16","tags":"amazing artwork,anime,sci-fi","rating":4.0,"isLike":false}
{"userId":"184","movieId":"27156","title":"Neon Genesis Evangelion: The End of Evangelion (Shin seiki Evangelion Gekijô-ban: Air/Magokoro wo, kimi ni) (1997)","date":"2018-09-16","tags":"anime,end of the world,epic,mecha,psychology","rating":4.5,"isLike":true}
{"userId":"184","movieId":"193565","title":"Gintama: The Movie (2010)","date":"2018-09-16","tags":"anime,comedy,gintama,remaster","rating":3.5,"isLike":false}
{"userId":"62","movieId":"46976","title":"Stranger than Fiction (2006)","date":"2018-09-14","tags":"emma thompson,Maggie Gyllenhaal,modern fantasy,romance,surreal,Will Ferrell","rating":4.0,"isLike":false}
{"userId":"62","movieId":"49530","title":"Blood Diamond (2006)","date":"2018-09-14","tags":"Africa,corruption,Jennifer Connelly,justice,Leonardo DiCaprio","rating":4.5,"isLike":true}
{"userId":"62","movieId":"27831","title":"Layer Cake (2004)","date":"2018-07-28","tags":"British gangster,confusing,daniel craig,Exquisite plotting.,organized crime,stylish,Tom Hardy","rating":4.5,"isLike":true}
{"userId":"62","movieId":"38061","title":"Kiss Kiss Bang Bang (2005)","date":"2018-07-28","tags":"black comedy,clever,fast-paced dialogue,good dialogue,Robert Downey Jr.,witty","rating":4.0,"isLike":false}
{"userId":"62","movieId":"111743","title":"A Million Ways to Die in the West (2014)","date":"2018-07-02","tags":"Charlize Theron,Liam Neeson,Seth MacFarlane,witty","rating":3.5,"isLike":false}
{"userId":"62","movieId":"135518","title":"Self/less (2015)","date":"2018-07-02","tags":"Ben Kingsley,ethics,immortality,ryan reynolds","rating":3.5,"isLike":false}
{"userId":"62","movieId":"5388","title":"Insomnia (2002)","date":"2018-06-30","tags":"Al Pacino,atmospheric,Hilary Swank,Robin Williams","rating":4.5,"isLike":true}
{"userId":"62","movieId":"37729","title":"Corpse Bride (2005)","date":"2018-06-30","tags":"gothic,helena bonham carter,Johnny Depp,Tim Burton,visually appealing","rating":4.0,"isLike":false}
{"userId":"62","movieId":"71535","title":"Zombieland (2009)","date":"2018-06-24","tags":"Bill Murray,dark comedy,Emma Stone,funny,Jesse Eisenberg,Woody Harrelson","rating":3.5,"isLike":false}
{"userId":"62","movieId":"96861","title":"Taken 2 (2012)","date":"2018-06-22","tags":"Istanbul,Liam Neeson,predictable,Turkey,unnecessary sequel","rating":3.5,"isLike":false}
{"userId":"62","movieId":"58047","title":"Definitely, Maybe (2008)","date":"2018-06-14","tags":"Rachel Weisz,Ryan Reynolds","rating":3.5,"isLike":false}
{"userId":"62","movieId":"60756","title":"Step Brothers (2008)","date":"2018-06-14","tags":"comedy,funny,will ferrell","rating":3.5,"isLike":false}
{"userId":"62","movieId":"61024","title":"Pineapple Express (2008)","date":"2018-06-14","tags":"comedy,James Franco,Seth Rogen,Stoner Movie","rating":4.0,"isLike":false}
{"userId":"62","movieId":"63992","title":"Twilight (2008)","date":"2018-06-14","tags":"audience intelligence underestimated,boring,chick flick,overrated,Teen movie","rating":1.0,"isLike":false}
{"userId":"62","movieId":"107348","title":"Anchorman 2: The Legend Continues (2013)","date":"2018-06-14","tags":"comedy,Steve Carell,stupid but funny,will ferrell","rating":4.0,"isLike":false}
{"userId":"62","movieId":"179401","title":"Jumanji: Welcome to the Jungle (2017)","date":"2018-06-14","tags":"Action,Comedy,Dwayne Johnson,funny","rating":3.5,"isLike":false}
{"userId":"62","movieId":"187595","title":"Solo: A Star Wars Story (2018)","date":"2018-06-14","tags":"Emilia Clarke,star wars","rating":4.0,"isLike":false}
{"userId":"62","movieId":"2","title":"Jumanji (1995)","date":"2018-06-13","tags":"fantasy,magic board game,Robin Williams","rating":4.0,"isLike":false}
{"userId":"62","movieId":"104863","title":"What If (2013)","date":"2018-06-13","tags":"daniel radcliffe,zoe kazan","rating":4.0,"isLike":false}
{"userId":"62","movieId":"116897","title":"Wild Tales (2014)","date":"2018-06-05","tags":"black comedy,dark comedy,dark humor,ironic,multiple short stories,short stories","rating":4.0,"isLike":false}
{"userId":"62","movieId":"184471","title":"Tomb Raider (2018)","date":"2018-06-03","tags":"adventure,Alicia Vikander,video game adaptation","rating":3.5,"isLike":false}
{"userId":"62","movieId":"68848","title":"Brothers Bloom, The (2008)","date":"2018-05-26","tags":"Adrien Brody,con artists,funny,interesting characters,Mark Ruffalo,Rachel Weisz","rating":4.0,"isLike":false}
{"userId":"62","movieId":"187593","title":"Deadpool 2 (2018)","date":"2018-05-26","tags":"Josh Brolin,Ryan Reynolds,sarcasm","rating":4.0,"isLike":false}
{"userId":"62","movieId":"60126","title":"Get Smart (2008)","date":"2018-05-22","tags":"Anne Hathaway,Steve Carell","rating":3.0,"isLike":false}
{"userId":"62","movieId":"49130","title":"Good Year, A (2006)","date":"2018-05-18","tags":"Marion Cotillard","rating":4.0,"isLike":false}
{"userId":"62","movieId":"27706","title":"Lemony Snicket's A Series of Unfortunate Events (2004)","date":"2018-05-14","tags":"dark comedy,Jim Carrey,meryl streep,quirky,stylized","rating":4.0,"isLike":false}
{"userId":"62","movieId":"183611","title":"Game Night (2018)","date":"2018-05-14","tags":"Comedy,funny,Rachel McAdams","rating":4.0,"isLike":false}
{"userId":"62","movieId":"158966","title":"Captain Fantastic (2016)","date":"2018-05-12","tags":"building a family,creative,freedom,good writing,individualism,Viggo Mortensen","rating":4.5,"isLike":true}
{"userId":"62","movieId":"122912","title":"Avengers: Infinity War - Part I (2018)","date":"2018-05-11","tags":"comic book,Dr. Strange,Great villain,Guardians of the Galaxy,Marvel,MCU,Robert Downey Jr.,Thanos,Thor,Visually stunning","rating":4.0,"isLike":false}
{"userId":"62","movieId":"31658","title":"Howl's Moving Castle (Hauru no ugoku shiro) (2004)","date":"2018-05-09","tags":"anime,fantasy world,Hayao Miyazaki,Studio Ghibli","rating":3.5,"isLike":false}
{"userId":"62","movieId":"410","title":"Addams Family Values (1993)","date":"2018-05-07","tags":"black comedy,Christina Ricci,Christopher Lloyd,dark comedy,family,gothic","rating":4.5,"isLike":true}
{"userId":"62","movieId":"2023","title":"Godfather: Part III, The (1990)","date":"2018-05-07","tags":"Al Pacino,Andy Garcia,Classic,Francis Ford Coppola,mafia","rating":5.0,"isLike":true}
{"userId":"62","movieId":"2124","title":"Addams Family, The (1991)","date":"2018-05-07","tags":"black comedy,Christina Ricci,Christopher Lloyd,Family,gothic,quirky","rating":5.0,"isLike":true}
{"userId":"62","movieId":"2953","title":"Home Alone 2: Lost in New York (1992)","date":"2018-05-07","tags":"family,funny,Macaulay Culkin,sequel","rating":3.5,"isLike":false}
{"userId":"62","movieId":"3114","title":"Toy Story 2 (1999)","date":"2018-05-07","tags":"animation,Disney,funny,original,Pixar,sequel,Tom Hanks","rating":3.0,"isLike":false}
{"userId":"62","movieId":"45447","title":"Da Vinci Code, The (2006)","date":"2018-05-07","tags":"adventure,Audrey Tautou,conspiracy theory,Mystery,Paris,Tom Hanks,treasure hunt","rating":3.5,"isLike":false}
{"userId":"62","movieId":"59501","title":"Chronicles of Narnia: Prince Caspian, The (2008)","date":"2018-05-07","tags":"fantasy,lion,narnia,Tilda Swinton","rating":4.0,"isLike":false}
{"userId":"62","movieId":"135133","title":"The Hunger Games: Mockingjay - Part 2 (2015)","date":"2018-05-07","tags":"dystopia,Jennifer Lawrence,love story,nonsense,politics,rebellion,revolution","rating":3.5,"isLike":false}
{"userId":"62","movieId":"174053","title":"Black Mirror: White Christmas (2014)","date":"2018-05-07","tags":"Dystopia,future,interesting,jon hamm,thought provoking","rating":5.0,"isLike":true}
{"userId":"62","movieId":"6058","title":"Final Destination 2 (2003)","date":"2018-05-06","tags":"sequel,violent","rating":3.5,"isLike":false}
{"userId":"62","movieId":"6534","title":"Hulk (2003)","date":"2018-05-06","tags":"dogs,Eric Bana,mad scientist,marvel","rating":3.5,"isLike":false}
{"userId":"62","movieId":"6541","title":"League of Extraordinary Gentlemen, The (a.k.a. LXG) (2003)","date":"2018-05-06","tags":"captain nemo,comic book,gothic,Peta Wilson,Sean Connery,superhero","rating":3.5,"isLike":false}
{"userId":"62","movieId":"6564","title":"Lara Croft Tomb Raider: The Cradle of Life (2003)","date":"2018-05-06","tags":"adventure,Angelina Jolie,heroine in tight suit","rating":3.5,"isLike":false}
{"userId":"62","movieId":"27660","title":"Animatrix, The (2003)","date":"2018-05-06","tags":"animation,anime,cyberpunk,dark,Matrix,sci-fi","rating":4.5,"isLike":true}
{"userId":"62","movieId":"27808","title":"Spanglish (2004)","date":"2018-05-06","tags":"Adam Sandler,family,sweet","rating":4.0,"isLike":false}
{"userId":"62","movieId":"33162","title":"Kingdom of Heaven (2005)","date":"2018-05-06","tags":"David Thewlis,Eva Green,Liam Neeson,Orlando Bloom","rating":4.0,"isLike":false}
{"userId":"62","movieId":"34150","title":"Fantastic Four (2005)","date":"2018-05-06","tags":"Chris Evans,comic book,heroine in tight suit,Jessica Alba,sexy female scientist,superhero","rating":3.0,"isLike":false}
{"userId":"62","movieId":"46723","title":"Babel (2006)","date":"2018-05-06","tags":"Brad Pitt,cate blanchett,multiple storylines,social commentary","rating":3.0,"isLike":false}
{"userId":"62","movieId":"46972","title":"Night at the Museum (2006)","date":"2018-05-06","tags":"Ben Stiller,Robin Williams","rating":4.0,"isLike":false}
{"userId":"62","movieId":"53464","title":"Fantastic Four: Rise of the Silver Surfer (2007)","date":"2018-05-06","tags":"bad acting,bad jokes,bad plot,Chris Evans,Jessica Alba,Marvel,sexy female scientist","rating":3.0,"isLike":false}
{"userId":"62","movieId":"60074","title":"Hancock (2008)","date":"2018-05-06","tags":"bad script,Charlize Theron,Will Smith","rating":3.0,"isLike":false}
{"userId":"62","movieId":"87430","title":"Green Lantern (2011)","date":"2018-05-06","tags":"audience intelligence underestimated,CGI,cheesy,comic book,DC,DC Comics,Ryan Reynolds,space,superhero","rating":3.5,"isLike":false}
{"userId":"62","movieId":"88405","title":"Friends with Benefits (2011)","date":"2018-05-06","tags":"comedy,funny,happy ending,HOT actress,Justin Timberlake,Mila Kunis,New York City,romance,sex","rating":3.5,"isLike":false}
{"userId":"62","movieId":"103042","title":"Man of Steel (2013)","date":"2018-05-06","tags":"Amy Adams,superhero","rating":3.5,"isLike":false}
{"userId":"62","movieId":"108190","title":"Divergent (2014)","date":"2018-05-06","tags":"anti-intellectual,bad writing,dystopia,new society,plot holes,predictable,scifi,unintelligent","rating":3.0,"isLike":false}
{"userId":"62","movieId":"114180","title":"Maze Runner, The (2014)","date":"2018-05-06","tags":"action,dystopia,plot holes,post-apocalyptic,survival,thriller,unexplained,weak plot","rating":3.5,"isLike":false}
{"userId":"62","movieId":"119141","title":"The Interview (2014)","date":"2018-05-06","tags":"bromance,comedy,funny,James Franco,Seth Rogen","rating":3.0,"isLike":false}
{"userId":"62","movieId":"135536","title":"Suicide Squad (2016)","date":"2018-05-06","tags":"Bad story,Bad writing,Batman,Ben Affleck,comic book,dc comics,good soundtrack,Harley Quinn,Harley Quinn's ass,Horrible directing,Jared Leto,Joker,lack of plot,Margot Robbie,Poor story,poorly paced,superhero,visually appealing,Will Smith","rating":4.0,"isLike":false}
{"userId":"62","movieId":"136864","title":"Batman v Superman: Dawn of Justice (2016)","date":"2018-05-06","tags":"action,batman,ben affleck,dark,dc comics,Gal Gadot,superhero,superman,wonderwoman","rating":4.0,"isLike":false}
{"userId":"567","movieId":"1","title":"Toy Story (1995)","date":"2018-05-03","tags":"fun","rating":3.5,"isLike":false}
{"userId":"567","movieId":"101","title":"Bottle Rocket (1996)","date":"2018-05-03","tags":"off-beat comedy,quirky","rating":3.0,"isLike":false}
{"userId":"567","movieId":"308","title":"Three Colors: White (Trzy kolory: Bialy) (1994)","date":"2018-05-03","tags":"cynical","rating":2.5,"isLike":false}
{"userId":"567","movieId":"356","title":"Forrest Gump (1994)","date":"2018-05-03","tags":"bittersweet,emotional,heartwarming,touching","rating":3.0,"isLike":false}
{"userId":"567","movieId":"541","title":"Blade Runner (1982)","date":"2018-05-03","tags":"atmospheric,dreamlike,existentialism,philosophical","rating":3.5,"isLike":false}
{"userId":"567","movieId":"750","title":"Dr. Strangelove or: How I Learned to Stop Worrying and Love the Bomb (1964)","date":"2018-05-03","tags":"black comedy,dark comedy,Quirky","rating":3.0,"isLike":false}
{"userId":"567","movieId":"1203","title":"12 Angry Men (1957)","date":"2018-05-03","tags":"claustrophobic,confrontational,earnest,good dialogue,great screenplay,gritty,Motivational,thought-provoking","rating":4.5,"isLike":true}
{"userId":"567","movieId":"1237","title":"Seventh Seal, The (Sjunde inseglet, Det) (1957)","date":"2018-05-03","tags":"atmospheric,cerebral,existentialism,philosophical,reflective","rating":3.5,"isLike":false}
{"userId":"567","movieId":"1260","title":"M (1931)","date":"2018-05-03","tags":"atmospheric,chilly,creepy,menacing,mental illness,oninous","rating":4.0,"isLike":false}
{"userId":"567","movieId":"1653","title":"Gattaca (1997)","date":"2018-05-03","tags":"intelligent,thought-provoking","rating":3.0,"isLike":false}
{"userId":"567","movieId":"1704","title":"Good Will Hunting (1997)","date":"2018-05-03","tags":"heartwarming,inspirational","rating":3.0,"isLike":false}
{"userId":"567","movieId":"1916","title":"Buffalo '66 (a.k.a. Buffalo 66) (1998)","date":"2018-05-03","tags":"avant-garde romantic comedy,elegiac,melancholy,quirky,wry","rating":5.0,"isLike":true}
{"userId":"567","movieId":"1921","title":"Pi (1998)","date":"2018-05-03","tags":"artsy,atmospheric,cerebral,enigmatic,existentialism,hallucinatory,insanity,paranoia,paranoid,surreal,tense,visually appealing","rating":3.0,"isLike":false}
{"userId":"567","movieId":"2138","title":"Watership Down (1978)","date":"2018-05-03","tags":"atmospheric,beautiful","rating":4.5,"isLike":true}
{"userId":"567","movieId":"2324","title":"Life Is Beautiful (La Vita è bella) (1997)","date":"2018-05-03","tags":"bittersweet,emotional,Heartwarming,poignant,sentimental,tear jerker,tearjerking","rating":3.5,"isLike":false}
{"userId":"567","movieId":"2731","title":"400 Blows, The (Les quatre cents coups) (1959)","date":"2018-05-03","tags":"emotional,gentle,heartwarming,lyrical,reflective","rating":3.5,"isLike":false}
{"userId":"567","movieId":"3134","title":"Grand Illusion (La grande illusion) (1937)","date":"2018-05-03","tags":"downbeat,poignant","rating":3.0,"isLike":false}
{"userId":"567","movieId":"3266","title":"Man Bites Dog (C'est arrivé près de chez vous) (1992)","date":"2018-05-03","tags":"black comedy,crazy,dark,dark comedy,dark humor,serial killer","rating":5.0,"isLike":true}
{"userId":"567","movieId":"3424","title":"Do the Right Thing (1989)","date":"2018-05-03","tags":"great cinematography","rating":4.0,"isLike":false}
{"userId":"567","movieId":"3671","title":"Blazing Saddles (1974)","date":"2018-05-03","tags":"dark humor,easygoing,silly","rating":4.5,"isLike":true}
{"userId":"567","movieId":"3676","title":"Eraserhead (1977)","date":"2018-05-03","tags":"art house,Atmospheric,creepy,cryptic,dark,disturbing,dreamlike,enigmatic,fucked up,gruesome,hallucinatory,Insane,paranoid,strange,surreal,weird","rating":5.0,"isLike":true}
{"userId":"567","movieId":"3994","title":"Unbreakable (2000)","date":"2018-05-03","tags":"atmospheric,somber","rating":4.0,"isLike":false}
{"userId":"567","movieId":"4144","title":"In the Mood For Love (Fa yeung nin wa) (2000)","date":"2018-05-03","tags":"atmospheric,Beautiful,bittersweet,dreamy,elegant,heartbreaking,intimate,loneliness,long takes,longing,melancholic,melancholy,moody,nocturnal,romantic,Unique,visually appealing,visually stunning","rating":4.5,"isLike":true}
{"userId":"567","movieId":"4226","title":"Memento (2000)","date":"2018-05-03","tags":"cerebral,dreamlike","rating":3.5,"isLike":false}
{"userId":"567","movieId":"4552","title":"Tetsuo, the Ironman (Tetsuo) (1988)","date":"2018-05-03","tags":"\"\"\"artsy\"\"\",atmospheric,gritty,hallucinatory,surreal,visually stunning","rating":3.5,"isLike":false}
{"userId":"567","movieId":"4878","title":"Donnie Darko (2001)","date":"2018-05-03","tags":"atmospheric,cerebral,dreamlike,enigmatic,hallucinatory,mental illness,mindfuck,philosophy,psychological,quirky,surreal,thought-provoking,weird","rating":3.5,"isLike":false}
{"userId":"567","movieId":"5673","title":"Punch-Drunk Love (2002)","date":"2018-05-03","tags":"anger,awkward,bittersweet,hallucinatory,quirky,sad,surreal,symbolism,tense,unconventional,unique,wistful","rating":3.5,"isLike":false}
{"userId":"567","movieId":"5690","title":"Grave of the Fireflies (Hotaru no haka) (1988)","date":"2018-05-03","tags":"beautiful,downbeat,grim,poignant,tear jerker,tragedy,tragic","rating":4.0,"isLike":false}
{"userId":"567","movieId":"6214","title":"Irreversible (Irréversible) (2002)","date":"2018-05-03","tags":"dark,disturbing","rating":3.0,"isLike":false}
{"userId":"567","movieId":"6291","title":"Lilya 4-Ever (Lilja 4-ever) (2002)","date":"2018-05-03","tags":"Depressing,melancholy,sad","rating":3.0,"isLike":false}
{"userId":"567","movieId":"6377","title":"Finding Nemo (2003)","date":"2018-05-03","tags":"heartwarming","rating":3.0,"isLike":false}
{"userId":"567","movieId":"6669","title":"Ikiru (1952)","date":"2018-05-03","tags":"meditative,philosophical,poignant,purposefulness","rating":3.5,"isLike":false}
{"userId":"567","movieId":"6818","title":"Come and See (Idi i smotri) (1985)","date":"2018-05-03","tags":"atmospheric,bleak,disturbing,gritty,harsh","rating":5.0,"isLike":true}
{"userId":"567","movieId":"7024","title":"Salo, or The 120 Days of Sodom (Salò o le 120 giornate di Sodoma) (1976)","date":"2018-05-03","tags":"bleak,confrontational,disturbing,harsh,haunting,inhumane,thought-provoking","rating":4.0,"isLike":false}
{"userId":"567","movieId":"7361","title":"Eternal Sunshine of the Spotless Mind (2004)","date":"2018-05-03","tags":"arthouse,artistic,atmospheric,beautiful,bittersweet,colourful,comedy,dreamlike,emotional,feel-good,happpiness,humane,insightful,intelligent,lovely,melancholy,mind-bending,philosophy,quirky,quirky romantic,romantic,surreal,surrealism,thought-provoking","rating":5.0,"isLike":true}
{"userId":"567","movieId":"8335","title":"Make Way for Tomorrow (1937)","date":"2018-05-03","tags":"heartbreaking","rating":3.5,"isLike":false}
{"userId":"567","movieId":"8477","title":"Jetée, La (1962)","date":"2018-05-03","tags":"post-apocalyptic","rating":5.0,"isLike":true}
{"userId":"567","movieId":"25771","title":"Andalusian Dog, An (Chien andalou, Un) (1929)","date":"2018-05-03","tags":"mindfuck,surreal,surrealism","rating":5.0,"isLike":true}
{"userId":"567","movieId":"26717","title":"Begotten (1990)","date":"2018-05-03","tags":"boring,psychedelic,symbolic","rating":0.5,"isLike":false}
{"userId":"567","movieId":"27773","title":"Old Boy (2003)","date":"2018-05-03","tags":"bizarre,claustrophobic,depressing,disturbing,hallucinatory,paranoid,surreal,twisted","rating":4.5,"isLike":true}
{"userId":"567","movieId":"30810","title":"Life Aquatic with Steve Zissou, The (2004)","date":"2018-05-03","tags":"heartwarming,off-beat comedy,quirky,trippy,visually appealing,whimsical","rating":4.0,"isLike":false}
{"userId":"567","movieId":"40491","title":"Match Factory Girl, The (Tulitikkutehtaan tyttö) (1990)","date":"2018-05-03","tags":"depression","rating":5.0,"isLike":true}
{"userId":"567","movieId":"45880","title":"Marie Antoinette (2006)","date":"2018-05-03","tags":"cinematography,lyrical","rating":3.0,"isLike":false}
{"userId":"567","movieId":"48394","title":"Pan's Labyrinth (Laberinto del fauno, El) (2006)","date":"2018-05-03","tags":"atmospheric,bittersweet,visually appealing","rating":3.0,"isLike":false}
{"userId":"567","movieId":"48780","title":"Prestige, The (2006)","date":"2018-05-03","tags":"atmospheric,enigmatic","rating":3.5,"isLike":false}
{"userId":"567","movieId":"50872","title":"Ratatouille (2007)","date":"2018-05-03","tags":"clever,inspirational","rating":4.0,"isLike":false}
{"userId":"567","movieId":"56782","title":"There Will Be Blood (2007)","date":"2018-05-03","tags":"atmospheric,cerebral,character study,gritty,intense,long shots,morality,visually appealing","rating":5.0,"isLike":true}
{"userId":"567","movieId":"57502","title":"Cat Soup (Nekojiru-so) (2001)","date":"2018-05-03","tags":"abstract,dark,psychedelic,surreal","rating":4.0,"isLike":false}
{"userId":"567","movieId":"58301","title":"Funny Games U.S. (2007)","date":"2018-05-03","tags":"dark,dark humor,intelligent,thought-provoking","rating":4.5,"isLike":true}
{"userId":"567","movieId":"58559","title":"Dark Knight, The (2008)","date":"2018-05-03","tags":"dark,gritty","rating":4.0,"isLike":false}
{"userId":"567","movieId":"63062","title":"Changeling (2008)","date":"2018-05-03","tags":"emotional","rating":3.5,"isLike":false}
{"userId":"567","movieId":"68954","title":"Up (2009)","date":"2018-05-03","tags":"bittersweet,emotional,heartbreaking,touching","rating":3.0,"isLike":false}
{"userId":"567","movieId":"71899","title":"Mary and Max (2009)","date":"2018-05-03","tags":"bittersweet,black comedy,character study,dark comedy,friendship,loneliness,mental illness,philosophical,poignant,quirky,sad,sweet,touching","rating":5.0,"isLike":true}
{"userId":"567","movieId":"74791","title":"Town Called Panic, A (Panique au village) (2009)","date":"2018-05-03","tags":"surreal,whimsical","rating":3.5,"isLike":false}
{"userId":"567","movieId":"79132","title":"Inception (2010)","date":"2018-05-03","tags":"cerebral,dreamlike,philosophy,thought-provoking","rating":3.0,"isLike":false}
{"userId":"567","movieId":"80463","title":"Social Network, The (2010)","date":"2018-05-03","tags":"good dialogue,loneliness,witty","rating":3.5,"isLike":false}
{"userId":"567","movieId":"89745","title":"Avengers, The (2012)","date":"2018-05-03","tags":"fun,great humor,visually appealing","rating":4.0,"isLike":false}
{"userId":"567","movieId":"94959","title":"Moonrise Kingdom (2012)","date":"2018-05-03","tags":"quirky","rating":3.5,"isLike":false}
{"userId":"567","movieId":"95558","title":"Beasts of the Southern Wild (2012)","date":"2018-05-03","tags":"Beautiful,emotional,poetic","rating":3.0,"isLike":false}
{"userId":"567","movieId":"96079","title":"Skyfall (2012)","date":"2018-05-03","tags":"beautiful cinematography,beautifully filmed,cinematography","rating":3.0,"isLike":false}
{"userId":"567","movieId":"99764","title":"It's Such a Beautiful Day (2012)","date":"2018-05-03","tags":"moving,philosopical,surreal,weird","rating":5.0,"isLike":true}
{"userId":"567","movieId":"99917","title":"Upstream Color (2013)","date":"2018-05-03","tags":"artistic,artsy,atmospheric,Beautiful,dreamlike,existentialism","rating":3.5,"isLike":false}
{"userId":"567","movieId":"104875","title":"History of Future Folk, The (2012)","date":"2018-05-03","tags":"quirky","rating":3.5,"isLike":false}
{"userId":"567","movieId":"104944","title":"Short Term 12 (2013)","date":"2018-05-03","tags":"emotional,feel-good,heartwarming,mental illness,touching","rating":3.5,"isLike":false}
{"userId":"567","movieId":"105504","title":"Captain Phillips (2013)","date":"2018-05-03","tags":"suspense,tense","rating":3.0,"isLike":false}
{"userId":"567","movieId":"106766","title":"Inside Llewyn Davis (2013)","date":"2018-05-03","tags":"atmospheric,cinematography,depressing,funny","rating":4.0,"isLike":false}
{"userId":"567","movieId":"107406","title":"Snowpiercer (2013)","date":"2018-05-03","tags":"fatalistic","rating":3.0,"isLike":false}
{"userId":"567","movieId":"108932","title":"The Lego Movie (2014)","date":"2018-05-03","tags":"cheeky,clever,colorful,feel-good,fun,imaginative,quirky","rating":4.5,"isLike":true}
{"userId":"567","movieId":"109487","title":"Interstellar (2014)","date":"2018-05-03","tags":"bad dialogue,philosophical issues,thought-provoking,visually appealing","rating":3.0,"isLike":false}
{"userId":"567","movieId":"112421","title":"Frank (2014)","date":"2018-05-03","tags":"adorable,black comedy,Eccentric,introspection,mental illness,quirky","rating":4.5,"isLike":true}
{"userId":"567","movieId":"112552","title":"Whiplash (2014)","date":"2018-05-03","tags":"inspirational,inspiring,intense","rating":3.5,"isLike":false}
{"userId":"567","movieId":"112852","title":"Guardians of the Galaxy (2014)","date":"2018-05-03","tags":"funny,Great Visuals,humorous,unlikely hero","rating":3.5,"isLike":false}
{"userId":"567","movieId":"113705","title":"Two Days, One Night (Deux jours, une nuit) (2014)","date":"2018-05-03","tags":"bittersweet","rating":3.5,"isLike":false}
{"userId":"567","movieId":"114627","title":"Angel's Egg (Tenshi no tamago) (1985)","date":"2018-05-03","tags":"atmospheric,bizzare,eerie,symbolism","rating":3.5,"isLike":false}
{"userId":"567","movieId":"116797","title":"The Imitation Game (2014)","date":"2018-05-03","tags":"inspirational,intelligent","rating":3.0,"isLike":false}
{"userId":"567","movieId":"117877","title":"The Rabbi's Cat (Le chat du rabbin) (2011)","date":"2018-05-03","tags":"philosophical,trippy","rating":3.0,"isLike":false}
{"userId":"567","movieId":"117887","title":"Paddington (2014)","date":"2018-05-03","tags":"heartwarming","rating":3.5,"isLike":false}
{"userId":"567","movieId":"119145","title":"Kingsman: The Secret Service (2015)","date":"2018-05-03","tags":"slick","rating":3.0,"isLike":false}
{"userId":"567","movieId":"122882","title":"Mad Max: Fury Road (2015)","date":"2018-05-03","tags":"beautiful,cinematography,visually appealing","rating":4.0,"isLike":false}
{"userId":"567","movieId":"122912","title":"Avengers: Infinity War - Part I (2018)","date":"2018-05-03","tags":"Dark,emotional,Sad,Visually appealing,Visually stunning","rating":3.0,"isLike":false}
{"userId":"567","movieId":"122916","title":"Thor: Ragnarok (2017)","date":"2018-05-03","tags":"awesome,humor,quirky,unconventional,white guilt","rating":3.0,"isLike":false}
{"userId":"567","movieId":"122918","title":"Guardians of the Galaxy 2 (2017)","date":"2018-05-03","tags":"fun","rating":3.5,"isLike":false}
{"userId":"567","movieId":"122922","title":"Doctor Strange (2016)","date":"2018-05-03","tags":"visually appealing","rating":3.0,"isLike":false}
{"userId":"567","movieId":"127298","title":"A Pigeon Sat on a Branch Reflecting on Existence (2014)","date":"2018-05-03","tags":"depressing,understated","rating":3.5,"isLike":false}
{"userId":"567","movieId":"134130","title":"The Martian (2015)","date":"2018-05-03","tags":"smart","rating":3.0,"isLike":false}
{"userId":"567","movieId":"134170","title":"Kung Fury (2015)","date":"2018-05-03","tags":"funny,ridiculous,silly","rating":4.5,"isLike":true}
{"userId":"567","movieId":"138036","title":"The Man from U.N.C.L.E. (2015)","date":"2018-05-03","tags":"slick,stylish","rating":3.0,"isLike":false}
{"userId":"567","movieId":"139385","title":"The Revenant (2015)","date":"2018-05-03","tags":"cinematography,visually appealing,Visually Striking","rating":3.0,"isLike":false}
{"userId":"567","movieId":"139644","title":"Sicario (2015)","date":"2018-05-03","tags":"atmospheric,tension","rating":3.5,"isLike":false}
{"userId":"567","movieId":"140174","title":"Room (2015)","date":"2018-05-03","tags":"moving,touching","rating":3.0,"isLike":false}
{"userId":"567","movieId":"141890","title":"Beasts of No Nation (2015)","date":"2018-05-03","tags":"Moving","rating":3.0,"isLike":false}
{"userId":"567","movieId":"143367","title":"Silence (2016)","date":"2018-05-03","tags":"contemplative,philosophical,thought-provoking,tragic","rating":4.5,"isLike":true}
{"userId":"567","movieId":"148626","title":"Big Short, The (2015)","date":"2018-05-03","tags":"funny,interesting,Witty","rating":3.0,"isLike":false}
{"userId":"567","movieId":"148881","title":"World of Tomorrow (2015)","date":"2018-05-03","tags":"Existential,surreal","rating":5.0,"isLike":true}
{"userId":"567","movieId":"152077","title":"10 Cloverfield Lane (2016)","date":"2018-05-03","tags":"creepy,suspense","rating":3.0,"isLike":false}
{"userId":"567","movieId":"153070","title":"Rabbits (2002)","date":"2018-05-03","tags":"nightmare","rating":3.5,"isLike":false}
{"userId":"567","movieId":"155288","title":"Eye in the Sky (2016)","date":"2018-05-03","tags":"suspense,thought-provoking","rating":3.5,"isLike":false}
{"userId":"567","movieId":"156605","title":"Paterson","date":"2018-05-03","tags":"quirky,sweet,understated","rating":4.5,"isLike":true}
{"userId":"567","movieId":"161634","title":"Don't Breathe (2016)","date":"2018-05-03","tags":"intense","rating":3.0,"isLike":false}
{"userId":"567","movieId":"164179","title":"Arrival (2016)","date":"2018-05-03","tags":"beautiful visuals,Cerebral,cinematography,good cinematography,smart,thought-provoking,visually appealing","rating":4.0,"isLike":false}
{"userId":"567","movieId":"164909","title":"La La Land (2016)","date":"2018-05-03","tags":"Bittersweet,visually appealing","rating":3.0,"isLike":false}
{"userId":"567","movieId":"167746","title":"The Lego Batman Movie (2017)","date":"2018-05-03","tags":"funny,heartwarming","rating":3.5,"isLike":false}
{"userId":"567","movieId":"168252","title":"Logan (2017)","date":"2018-05-03","tags":"dark,emotional,gritty,heartbreaking,predictible plot","rating":4.0,"isLike":false}
{"userId":"567","movieId":"170945","title":"It Comes at Night (2017)","date":"2018-05-03","tags":"paranoia,Suspenseful","rating":3.5,"isLike":false}
{"userId":"567","movieId":"174055","title":"Dunkirk (2017)","date":"2018-05-03","tags":"brilliant,inspiring,tense","rating":3.5,"isLike":false}
{"userId":"567","movieId":"176371","title":"Blade Runner 2049 (2017)","date":"2018-05-03","tags":"atmospheric,beautiful,cinematography,dark,dreamlike,existentialism,moody,philosophical","rating":5.0,"isLike":true}
{"userId":"567","movieId":"176419","title":"Mother! (2017)","date":"2018-05-03","tags":"allegorical,uncomfortable,unsettling","rating":3.0,"isLike":false}
{"userId":"567","movieId":"180031","title":"The Shape of Water (2017)","date":"2018-05-03","tags":"atmospheric,dreamlike","rating":4.0,"isLike":false}
{"userId":"567","movieId":"180985","title":"The Greatest Showman (2017)","date":"2018-05-03","tags":"bad music","rating":1.0,"isLike":false}
{"userId":"62","movieId":"4223","title":"Enemy at the Gates (2001)","date":"2018-05-01","tags":"Ed Harris,Jude Law,Rachel Weisz,sniper,World War II","rating":4.5,"isLike":true}
{"userId":"62","movieId":"168248","title":"John Wick: Chapter Two (2017)","date":"2018-04-07","tags":"action,dark hero,gun tactics,hitman,Keanu Reeves,organized crime,secret society","rating":4.5,"isLike":true}
{"userId":"62","movieId":"110","title":"Braveheart (1995)","date":"2018-03-24","tags":"beautiful scenery,epic,historical,inspirational,Medieval,mel gibson,Oscar (Best Cinematography),revenge,sword fight","rating":4.5,"isLike":true}
{"userId":"62","movieId":"3578","title":"Gladiator (2000)","date":"2018-03-20","tags":"ancient Rome,Epic,history,imdb top 250,revenge,Rome,Russell Crowe","rating":4.5,"isLike":true}
{"userId":"62","movieId":"7153","title":"Lord of the Rings: The Return of the King, The (2003)","date":"2018-03-20","tags":"Adventure,ensemble cast,fantasy,fantasy world,great soundtrack,lord of the rings,scenic,stylized,Tolkien","rating":5.0,"isLike":true}
{"userId":"62","movieId":"8641","title":"Anchorman: The Legend of Ron Burgundy (2004)","date":"2018-03-20","tags":"hilarious,Steve Carell,Will Ferrell","rating":4.0,"isLike":false}
{"userId":"62","movieId":"99114","title":"Django Unchained (2012)","date":"2018-03-20","tags":"action,Christoph Waltz,funny,good soundtrack,Great performances,Humour,Leonardo DiCaprio,Quentin Tarantino,Samuel L. Jackson,Soundtrack,western","rating":5.0,"isLike":true}
{"userId":"62","movieId":"115149","title":"John Wick (2014)","date":"2018-03-20","tags":"dark hero,gun-fu,Keanu Reeves,Revenge,secret society,stylish","rating":5.0,"isLike":true}
{"userId":"62","movieId":"128360","title":"The Hateful Eight (2015)","date":"2018-03-20","tags":"characters,Dialogue,humor,Kurt Russell,Quentin Tarantino,Samuel L. Jackson,tension building,violent,Western","rating":5.0,"isLike":true}
{"userId":"62","movieId":"139385","title":"The Revenant (2015)","date":"2018-03-20","tags":"leonardo DiCarpio,survival,tom hardy,visually appealing","rating":4.0,"isLike":false}
{"userId":"305","movieId":"8641","title":"Anchorman: The Legend of Ron Burgundy (2004)","date":"2018-03-11","tags":"stupid","rating":3.0,"isLike":false}
{"userId":"305","movieId":"34405","title":"Serenity (2005)","date":"2018-03-06","tags":"predictable","rating":2.5,"isLike":false}
{"userId":"205","movieId":"260","title":"Star Wars: Episode IV - A New Hope (1977)","date":"2018-03-01","tags":"oldie but goodie,sci-fi,Star Wars","rating":4.5,"isLike":true}
{"userId":"305","movieId":"83134","title":"Tucker & Dale vs Evil (2010)","date":"2018-02-17","tags":"black comedy","rating":5.0,"isLike":true}
{"userId":"305","movieId":"4034","title":"Traffic (2000)","date":"2018-01-20","tags":"drugs","rating":4.5,"isLike":true}
{"userId":"599","movieId":"293","title":"Léon: The Professional (a.k.a. The Professional) (Léon) (1994)","date":"2017-06-26","tags":"Action,assassin,assassination,assassins,awkward romance,corruption,crime,disturbing,drama,French,friendship,Gary Oldman,great acting,Guns,hit men,hitman,humorous,imdb top 250,Jean Reno,Lolita theme,loneliness,love story,Luc Besson,Natalie Portman,organized crime,police,police corruption,quirky,sniper,tense,touching,unique","rating":5.0,"isLike":true}
{"userId":"599","movieId":"296","title":"Pulp Fiction (1994)","date":"2017-06-26","tags":"1990s,achronological,action,action packed,aggressive,amazing,amazing dialogues,anthology,assassin,atmospheric,AWESOME,bad ass,bad language,bad-ass,bible,biblical references,big boys with guns,big name actors,Black comedy,black humor,black humour,blood,blood splatters,bloody,bruce willis,brutality,casual violence,character development,characters,classic,classic movie,coke,comedy,conversation,cool,cool style,crime,crime scene scrubbing,cult,cult classic,cult film,dance,dancing,dark,dark comedy,dark humor,dialogue,different,diner,disjointed timeline,disturbing,drama,drug overdose,drugs,drugs & music,ensemble cast,entertaining,entirely dialogue,episodic,exciting,fast paced,fast-paced,film noir,film-noir,foul language,fun,funny,gangster,gangsters,genius,golden watch,good dialogue,good music,gore,great acting,great dialogue,great soundtrack,gritty,guns,Harvey Keitel,heroin,Highly quotable,hit men,hitman,homosexuality,humour,iconic,imdb top 250,innovative,intellectual,intelligent,intense,interesting,intertwining storylines,interwoven storylines,ironic,irony,John Travolta,killer-as-protagonist,los angeles,Mafia,masterpiece,meaningless violence,milkshake,mobster,mobsters,monologue,motherfucker,multiple stories,multiple storylines,neo-noir,noir,non-linear,non-linear timeline,nonlinear,nonlinear narrative,nonlinear storyline,nonlinear timeline,notable soundtrack,offensive,organised crime,organized crime,original,original plot,out of order,Palme d'Or,parody,philosophical,pop culture references,psychological,pulp,Quentin Tarantino,quirky,Quotable,r:disturbing violent content including rape,r:disturbing violent images,r:graphic sexuality,r:some violence,r:strong bloody violence,r:strong language,r:sustained strong stylized violence,r:violence,random,rape,retro,Roger Avary,royal with cheese,Samuel L. Jackson,sarcasm,satire,sexy,smart writing,sophisticated,soundtrack,splatter,Steve Buscemi,storytelling,stylish,stylized,suspense,Tarantino,thought-provoking,thriller,travolta,twist ending,Uma Thurman,unique,unpredictable,unusual,very funny,violence,violent,witty","rating":5.0,"isLike":true}
{"userId":"599","movieId":"924","title":"2001: A Space Odyssey (1968)","date":"2017-06-26","tags":"aliens,apes,Arthur C. Clarke,artificial intelligence,atmospheric,cinematography,classic,computer,confusing ending,cult film,Dull,future,futuristic,imdb top 250,masterpiece,meditative,music,mystery,Oscar (Best Effects - Visual Effects),overrated,philosophical,relaxing,revolutionary,robots,sci-fi,setting:space/space ship,slow,slow paced,soundtrack,space,space travel,spacecraft,Stanley Kubrick,superb soundtrack,surreal,technology,tedious,visual,visually appealing","rating":5.0,"isLike":true}
{"userId":"599","movieId":"1732","title":"Big Lebowski, The (1998)","date":"2017-06-26","tags":"black comedy,bowling,classic,coen brothers,comedy,crime,Cult classic,cult film,dark comedy,deadpan,drugs,funny,great dialogue,great soundtrack,Highly quotable,imdb top 250,Jeff Bridges,John Goodman,Julianne Moore,kidnapping,marijuana,Nudity (Full Frontal),off-beat comedy,Philip Seymour Hoffman,quirky,ransom,rug,sarcasm,satirical,Steve Buscemi,violence","rating":5.0,"isLike":true}
{"userId":"599","movieId":"2959","title":"Fight Club (1999)","date":"2017-06-26","tags":"action,atmospheric,based on a book,Brad Pitt,challenging,Chuck Palahniuk,classic,clever,complicated,consumerism,crime,dark,dark comedy,David Fincher,disturbing,double life,Edward Norton,fighting,great acting,helena bonham carter,imaginary friend,imdb top 250,mental illness,mind-blowing,mindfuck,narrated,Nudity (Topless),Palahnuik,philosophical,philosophy,postmodern,powerful ending,psychological,psychological thriller,psychology,quirky,satirical,schizophrenia,social commentary,societal criticism,stylized,surreal,TERRORISM,thought-provoking,twist,twist ending,violence,violent","rating":5.0,"isLike":true}
{"userId":"610","movieId":"168248","title":"John Wick: Chapter Two (2017)","date":"2017-05-04","tags":"Heroic Bloodshed","rating":5.0,"isLike":true}
{"userId":"49","movieId":"109487","title":"Interstellar (2014)","date":"2017-04-25","tags":"black hole,sci-fi,time-travel","rating":4.5,"isLike":true}
{"userId":"610","movieId":"3265","title":"Hard-Boiled (Lat sau san taam) (1992)","date":"2016-11-19","tags":"gun fu,heroic bloodshed","rating":5.0,"isLike":true}
{"userId":"125","movieId":"3052","title":"Dogma (1999)","date":"2016-09-23","tags":"irreverent,jay and silent bob,Kevin Smith,satire","rating":5.0,"isLike":true}
{"userId":"125","movieId":"60950","title":"Vicky Cristina Barcelona (2008)","date":"2016-09-23","tags":"threesome","rating":5.0,"isLike":true}
{"userId":"125","movieId":"1726","title":"Postman, The (1997)","date":"2016-09-22","tags":"Kevin Costner,Post apocalyptic","rating":4.5,"isLike":true}
{"userId":"125","movieId":"156371","title":"Everybody Wants Some (2016)","date":"2016-09-21","tags":"80's","rating":4.0,"isLike":false}
{"userId":"125","movieId":"2387","title":"Very Bad Things (1998)","date":"2016-09-20","tags":"dark comedy,dark humor","rating":4.5,"isLike":true}
{"userId":"125","movieId":"62434","title":"Zack and Miri Make a Porno (2008)","date":"2016-09-20","tags":"Seth Rogen,Sexual Humor","rating":4.5,"isLike":true}
{"userId":"125","movieId":"7022","title":"Battle Royale (Batoru rowaiaru) (2000)","date":"2016-09-19","tags":"based on a book,bloody,brutal,controversial,dystopia,goretastic,satire,social commentary,survival,violence","rating":5.0,"isLike":true}
{"userId":"125","movieId":"7254","title":"The Butterfly Effect (2004)","date":"2016-09-19","tags":"alternate reality,sci-fi,science fiction,time travel","rating":5.0,"isLike":true}
{"userId":"125","movieId":"9010","title":"Love Me If You Dare (Jeux d'enfants) (2003)","date":"2016-09-19","tags":"cruel characters","rating":5.0,"isLike":true}
{"userId":"125","movieId":"42632","title":"Lady Vengeance (Sympathy for Lady Vengeance) (Chinjeolhan geumjassi) (2005)","date":"2016-09-19","tags":"brutality","rating":5.0,"isLike":true}
{"userId":"125","movieId":"58301","title":"Funny Games U.S. (2007)","date":"2016-09-19","tags":"dark humor","rating":5.0,"isLike":true}
{"userId":"125","movieId":"67695","title":"Observe and Report (2009)","date":"2016-09-19","tags":"Seth Rogen","rating":5.0,"isLike":true}
{"userId":"125","movieId":"5088","title":"Going Places (Valseuses, Les) (1974)","date":"2016-09-18","tags":"irreverent","rating":5.0,"isLike":true}
{"userId":"125","movieId":"8957","title":"Saw (2004)","date":"2016-09-18","tags":"brutal,clever,Disturbing,great ending,mindfuck,surprise ending,suspense","rating":5.0,"isLike":true}
{"userId":"125","movieId":"100083","title":"Movie 43 (2013)","date":"2016-09-18","tags":"embarassing scenes,offensive,R language,sarcasm,satire","rating":5.0,"isLike":true}
{"userId":"125","movieId":"158872","title":"Sausage Party (2016)","date":"2016-09-18","tags":"Crude humor,mindfuck,sarcasm,satire,Vulgar","rating":5.0,"isLike":true}
{"userId":"106","movieId":"4896","title":"Harry Potter and the Sorcerer's Stone (a.k.a. Harry Potter and the Philosopher's Stone) (2001)","date":"2016-07-01","tags":"Everything you want is here","rating":5.0,"isLike":true}
{"userId":"106","movieId":"106489","title":"Hobbit: The Desolation of Smaug, The (2013)","date":"2016-07-01","tags":"adventure","rating":5.0,"isLike":true}
{"userId":"305","movieId":"4995","title":"Beautiful Mind, A (2001)","date":"2016-05-28","tags":"mathematics","rating":5.0,"isLike":true}
{"userId":"305","movieId":"6953","title":"21 Grams (2003)","date":"2016-05-06","tags":"DEPRESSING","rating":1.0,"isLike":false}
{"userId":"18","movieId":"431","title":"Carlito's Way (1993)","date":"2016-05-02","tags":"Al Pacino,gangster,mafia","rating":4.0,"isLike":false}
{"userId":"319","movieId":"364","title":"Lion King, The (1994)","date":"2016-04-23","tags":"Disney,Disney animated feature,Oscar (Best Music - Original Score)","rating":5.0,"isLike":true}
{"userId":"305","movieId":"55721","title":"Elite Squad (Tropa de Elite) (2007)","date":"2016-04-11","tags":"Favelas","rating":5.0,"isLike":true}
{"userId":"18","movieId":"1221","title":"Godfather: Part II, The (1974)","date":"2016-04-10","tags":"Al Pacino,Mafia","rating":5.0,"isLike":true}
{"userId":"305","movieId":"6502","title":"28 Days Later (2002)","date":"2016-04-09","tags":"zombies","rating":5.0,"isLike":true}
{"userId":"424","movieId":"32","title":"Twelve Monkeys (a.k.a. 12 Monkeys) (1995)","date":"2016-03-14","tags":"time travel","rating":3.5,"isLike":false}
{"userId":"424","movieId":"147","title":"Basketball Diaries, The (1995)","date":"2016-03-14","tags":"addiction,heroin,Leonardo DiCaprio,Mark Wahlberg","rating":3.5,"isLike":false}
{"userId":"424","movieId":"175","title":"Kids (1995)","date":"2016-03-14","tags":"controversial,New York City,Nudity (Full Frontal)","rating":4.5,"isLike":true}
{"userId":"424","movieId":"608","title":"Fargo (1996)","date":"2016-03-14","tags":"based on a true story,dark comedy,KIDNAPPING,Steve Buscemi","rating":3.5,"isLike":false}
{"userId":"424","movieId":"1219","title":"Psycho (1960)","date":"2016-03-14","tags":"Alfred Hitchcock,psychology,suspenseful,tense","rating":4.0,"isLike":false}
{"userId":"424","movieId":"1921","title":"Pi (1998)","date":"2016-03-14","tags":"hallucinatory,mental illness,mindfuck,paranoid","rating":3.5,"isLike":false}
{"userId":"424","movieId":"2505","title":"8MM (1999)","date":"2016-03-14","tags":"Nicolas Cage","rating":3.5,"isLike":false}
{"userId":"424","movieId":"4262","title":"Scarface (1983)","date":"2016-03-14","tags":"Al Pacino","rating":3.5,"isLike":false}
{"userId":"424","movieId":"6290","title":"House of 1000 Corpses (2003)","date":"2016-03-14","tags":"Rob Zombie","rating":4.5,"isLike":true}
{"userId":"424","movieId":"27020","title":"Gia (1998)","date":"2016-03-14","tags":"drugs,lesbian","rating":3.5,"isLike":false}
{"userId":"424","movieId":"34323","title":"Devil's Rejects, The (2005)","date":"2016-03-14","tags":"Rob Zombie","rating":4.5,"isLike":true}
{"userId":"424","movieId":"53127","title":"Bug (2007)","date":"2016-03-14","tags":"based on a play,conspiracy theory,creepy,Insanity,paranoia,PTSD","rating":3.5,"isLike":false}
{"userId":"424","movieId":"47","title":"Seven (a.k.a. Se7en) (1995)","date":"2016-03-13","tags":"mystery,twist ending","rating":5.0,"isLike":true}
{"userId":"424","movieId":"50","title":"Usual Suspects, The (1995)","date":"2016-03-13","tags":"mindfuck,suspense,thriller,tricky,twist ending","rating":5.0,"isLike":true}
{"userId":"424","movieId":"223","title":"Clerks (1994)","date":"2016-03-13","tags":"cynical,hilarious,independent film,quirky,witty","rating":3.5,"isLike":false}
{"userId":"424","movieId":"288","title":"Natural Born Killers (1994)","date":"2016-03-13","tags":"brutality,controversial,dark comedy,psychedelic,satire,stylized","rating":4.0,"isLike":false}
{"userId":"424","movieId":"296","title":"Pulp Fiction (1994)","date":"2016-03-13","tags":"cult film,drugs,Quentin Tarantino,Tarantino","rating":4.5,"isLike":true}
{"userId":"424","movieId":"364","title":"Lion King, The (1994)","date":"2016-03-13","tags":"soundtrack","rating":4.5,"isLike":true}
{"userId":"424","movieId":"589","title":"Terminator 2: Judgment Day (1991)","date":"2016-03-13","tags":"apocalypse,Arnold Schwarzenegger,nuclear war,sci-fi,Suspense,time travel","rating":2.0,"isLike":false}
{"userId":"424","movieId":"628","title":"Primal Fear (1996)","date":"2016-03-13","tags":"edward norton,psychology,suspense,thought-provoking,twist ending","rating":5.0,"isLike":true}
{"userId":"424","movieId":"1089","title":"Reservoir Dogs (1992)","date":"2016-03-13","tags":"ensemble cast,nonlinear,Quentin Tarantino,stylized","rating":3.5,"isLike":false}
{"userId":"424","movieId":"1120","title":"People vs. Larry Flynt, The (1996)","date":"2016-03-13","tags":"freedom of expression","rating":3.5,"isLike":false}
{"userId":"424","movieId":"1193","title":"One Flew Over the Cuckoo's Nest (1975)","date":"2016-03-13","tags":"emotional,jack nicholson","rating":4.0,"isLike":false}
{"userId":"424","movieId":"1258","title":"Shining, The (1980)","date":"2016-03-13","tags":"atmospheric,disturbing,Horror,jack nicholson,masterpiece,psychological,Stanley Kubrick,suspense","rating":4.5,"isLike":true}
{"userId":"424","movieId":"1343","title":"Cape Fear (1991)","date":"2016-03-13","tags":"horror,Juliette Lewis,Martin Scorsese,Robert De Niro","rating":4.5,"isLike":true}
{"userId":"424","movieId":"1625","title":"Game, The (1997)","date":"2016-03-13","tags":"mindfuck,Mystery,plot twist,psychological,suspense,twist ending","rating":4.5,"isLike":true}
{"userId":"424","movieId":"1704","title":"Good Will Hunting (1997)","date":"2016-03-13","tags":"inspirational","rating":4.0,"isLike":false}
{"userId":"424","movieId":"1923","title":"There's Something About Mary (1998)","date":"2016-03-13","tags":"Ben Stiller,crude humor,goofy","rating":3.5,"isLike":false}
{"userId":"424","movieId":"2160","title":"Rosemary's Baby (1968)","date":"2016-03-13","tags":"Atmospheric,creepy,paranoia,scary,suspense","rating":4.5,"isLike":true}
{"userId":"424","movieId":"2296","title":"Night at the Roxbury, A (1998)","date":"2016-03-13","tags":"SNL","rating":3.0,"isLike":false}
{"userId":"424","movieId":"2329","title":"American History X (1998)","date":"2016-03-13","tags":"thought-provoking","rating":4.0,"isLike":false}
{"userId":"424","movieId":"2571","title":"Matrix, The (1999)","date":"2016-03-13","tags":"martial arts,sci-fi","rating":2.0,"isLike":false}
{"userId":"424","movieId":"2700","title":"South Park: Bigger, Longer and Uncut (1999)","date":"2016-03-13","tags":"adult humor,controversial,crude humor,free speech,parody,satire,south park,Trey Parker","rating":5.0,"isLike":true}
{"userId":"424","movieId":"2959","title":"Fight Club (1999)","date":"2016-03-13","tags":"dark comedy,psychology,thought-provoking,twist ending","rating":4.5,"isLike":true}
{"userId":"424","movieId":"3176","title":"Talented Mr. Ripley, The (1999)","date":"2016-03-13","tags":"based on a book,creepy,disturbing,Jude Law,murder,obsession,psychology,secrets,serial killer,suspense","rating":5.0,"isLike":true}
{"userId":"424","movieId":"3186","title":"Girl, Interrupted (1999)","date":"2016-03-13","tags":"asylum,based on a true story,Brittany Murphy,Mental Hospital,psychology,winona ryder","rating":3.5,"isLike":false}
{"userId":"424","movieId":"3499","title":"Misery (1990)","date":"2016-03-13","tags":"claustrophobic,horror,scary,stephen king,suspenseful,tense,thriller","rating":3.5,"isLike":false}
{"userId":"424","movieId":"3911","title":"Best in Show (2000)","date":"2016-03-13","tags":"satire","rating":3.5,"isLike":false}
{"userId":"424","movieId":"3948","title":"Meet the Parents (2000)","date":"2016-03-13","tags":"comedy,Robert De Niro","rating":4.5,"isLike":true}
{"userId":"424","movieId":"4226","title":"Memento (2000)","date":"2016-03-13","tags":"mystery,psychological,twist ending","rating":4.5,"isLike":true}
{"userId":"424","movieId":"4816","title":"Zoolander (2001)","date":"2016-03-13","tags":"ben stiller,comedy,David Bowie,goofy,mindless one liners,Will Ferrell","rating":3.0,"isLike":false}
{"userId":"424","movieId":"6188","title":"Old School (2003)","date":"2016-03-13","tags":"comedy,Will Ferrell","rating":4.5,"isLike":true}
{"userId":"424","movieId":"8641","title":"Anchorman: The Legend of Ron Burgundy (2004)","date":"2016-03-13","tags":"comedy,Will Ferrell","rating":4.5,"isLike":true}
{"userId":"424","movieId":"8950","title":"The Machinist (2004)","date":"2016-03-13","tags":"Christian Bale,creepy,powerful ending,psychology,schizophrenia,twist ending","rating":4.5,"isLike":true}
{"userId":"424","movieId":"30825","title":"Meet the Fockers (2004)","date":"2016-03-13","tags":"Ben Stiller,Robert De Niro","rating":3.5,"isLike":false}
{"userId":"424","movieId":"40278","title":"Jarhead (2005)","date":"2016-03-13","tags":"Jake Gyllenhaal,Modern war","rating":4.0,"isLike":false}
{"userId":"424","movieId":"48516","title":"Departed, The (2006)","date":"2016-03-13","tags":"atmospheric,Jack Nicholson,Leonardo DiCaprio,Martin Scorsese,suspense","rating":4.5,"isLike":true}
{"userId":"424","movieId":"60756","title":"Step Brothers (2008)","date":"2016-03-13","tags":"funny,will ferrell","rating":4.0,"isLike":false}
{"userId":"424","movieId":"66097","title":"Coraline (2009)","date":"2016-03-13","tags":"claymation,creepy,dark,dark fairy tale,Surreal,Tim Burton","rating":4.5,"isLike":true}
{"userId":"424","movieId":"68157","title":"Inglourious Basterds (2009)","date":"2016-03-13","tags":"black comedy,Brad Pitt,Christoph Waltz,Quentin Tarantino,satire","rating":4.5,"isLike":true}
{"userId":"424","movieId":"74458","title":"Shutter Island (2010)","date":"2016-03-13","tags":"insanity,Leonardo DiCaprio,Martin Scorsese,plot twist,psychological,Psychological Thriller,thought-provoking","rating":5.0,"isLike":true}
{"userId":"424","movieId":"79132","title":"Inception (2010)","date":"2016-03-13","tags":"action,alternate reality,Leonardo DiCaprio,sci-fi,thought-provoking,visually appealing","rating":2.5,"isLike":false}
{"userId":"424","movieId":"81591","title":"Black Swan (2010)","date":"2016-03-13","tags":"alter ego,atmospheric,creepy,horror,obsession,surreal","rating":3.5,"isLike":false}
{"userId":"424","movieId":"102903","title":"Now You See Me (2013)","date":"2016-03-13","tags":"illusions,overcomplicated,predictable,stupid ending","rating":1.5,"isLike":false}
{"userId":"424","movieId":"104879","title":"Prisoners (2013)","date":"2016-03-13","tags":"absorbing,acting,atmospheric,Hugh Jackman,Jake Gyllenhaal,morality,mystery,thriller","rating":5.0,"isLike":true}
{"userId":"424","movieId":"106100","title":"Dallas Buyers Club (2013)","date":"2016-03-13","tags":"Jared Leto,social commentary,uplifting","rating":4.0,"isLike":false}
{"userId":"424","movieId":"112515","title":"Babadook, The (2014)","date":"2016-03-13","tags":"atmospheric,dark,Metaphorical,psychological","rating":4.5,"isLike":true}
{"userId":"424","movieId":"112556","title":"Gone Girl (2014)","date":"2016-03-13","tags":"annoying,Stupid ending","rating":1.0,"isLike":false}
{"userId":"18","movieId":"52604","title":"Fracture (2007)","date":"2016-03-11","tags":"Anthony Hopkins,courtroom drama,twist ending","rating":4.5,"isLike":true}
{"userId":"18","movieId":"88094","title":"Upside Down: The Creation Records Story (2010)","date":"2016-03-07","tags":"britpop,indie record label,music","rating":3.0,"isLike":false}
{"userId":"18","movieId":"5995","title":"Pianist, The (2002)","date":"2016-02-18","tags":"holocaust,true story","rating":4.5,"isLike":true}
{"userId":"462","movieId":"152711","title":"Who Killed Chea Vichea? (2010)","date":"2016-02-17","tags":"Cambodia,crime,human rights,murder,procedural","rating":5.0,"isLike":true}
{"userId":"18","movieId":"44665","title":"Lucky Number Slevin (2006)","date":"2016-02-10","tags":"twist ending","rating":4.5,"isLike":true}
{"userId":"18","movieId":"144210","title":"Just Eat It: A Food Waste Story (2014)","date":"2016-02-10","tags":"dumpster diving,Sustainability","rating":4.0,"isLike":false}
{"userId":"291","movieId":"50872","title":"Ratatouille (2007)","date":"2016-01-18","tags":"a clever chef rat,inspirational","rating":5.0,"isLike":true}
{"userId":"291","movieId":"102007","title":"Invincible Iron Man, The (2007)","date":"2016-01-18","tags":"animation","rating":3.0,"isLike":false}
{"userId":"291","movieId":"118696","title":"The Hobbit: The Battle of the Five Armies (2014)","date":"2016-01-18","tags":"hope","rating":4.0,"isLike":false}
{"userId":"256","movieId":"126548","title":"The DUFF (2015)","date":"2015-11-09","tags":"funny,high school","rating":4.5,"isLike":true}
