userId,movieId,title,date,tags,rating,isLike
184,2579,Following (1998),2018-09-16,"black and white,Christopher Nolan,directorial debut,mindfuck,not linear,Twist Ending",4.0,false
184,3793,X-Men (2000),2018-09-16,"action,comic book,hugh jackman,marvel,superhero",3.5,false
184,4226,Memento (2000),2018-09-16,"dark,Mindfuck,nonlinear,psychology,twist ending",5.0,true
184,4896,Harry Potter and the Sorcerer's Stone (a.k.a. Harry Potter and the Philosopher's Stone) (2001),2018-09-16,"alan rickman,harry potter,humorous,Magic",3.5,false
184,5388,Insomnia (2002),2018-09-16,"atmospheric,insomnia,thought-provoking",3.5,false
184,6283,Cowboy Bebop: The Movie (Cowboy Bebop: Tengoku no Tobira) (2001),2018-09-16,"amazing artwork,anime,sci-fi",4.0,false
184,27156,"Neon Genesis Evangelion: The End of Evangelion (Shin seiki Evangelion Gekijô-ban: Air/Magokoro wo, kimi ni) (1997)",2018-09-16,"anime,end of the world,epic,mecha,psychology",4.5,true
184,193565,Gintama: The Movie (2010),2018-09-16,"anime,comedy,gintama,remaster",3.5,false
62,46976,Stranger than Fiction (2006),2018-09-14,"emma thompson,Maggie Gyllenhaal,modern fantasy,romance,surreal,Will Ferrell",4.0,false
62,49530,Blood Diamond (2006),2018-09-14,"Africa,corruption,Jennifer Connelly,justice,Leonardo DiCaprio",4.5,true
62,27831,Layer Cake (2004),2018-07-28,"British gangster,confusing,daniel craig,Exquisite plotting.,organized crime,stylish,Tom Hardy",4.5,true
62,38061,Kiss Kiss Bang Bang (2005),2018-07-28,"black comedy,clever,fast-paced dialogue,good dialogue,Robert Downey Jr.,witty",4.0,false
62,111743,A Million Ways to Die in the West (2014),2018-07-02,"Charlize Theron,Liam Neeson,Seth MacFarlane,witty",3.5,false
62,135518,Self/less (2015),2018-07-02,"Ben Kingsley,ethics,immortality,ryan reynolds",3.5,false
62,5388,Insomnia (2002),2018-06-30,"Al Pacino,atmospheric,Hilary Swank,Robin Williams",4.5,true
62,37729,Corpse Bride (2005),2018-06-30,"gothic,helena bonham carter,Johnny Depp,Tim Burton,visually appealing",4.0,false
62,71535,Zombieland (2009),2018-06-24,"Bill Murray,dark comedy,Emma Stone,funny,Jesse Eisenberg,Woody Harrelson",3.5,false
62,96861,Taken 2 (2012),2018-06-22,"Istanbul,Liam Neeson,predictable,Turkey,unnecessary sequel",3.5,false
62,58047,"Definitely, Maybe (2008)",2018-06-14,"Rachel Weisz,Ryan Reynolds",3.5,false
62,60756,Step Brothers (2008),2018-06-14,"comedy,funny,will ferrell",3.5,false
62,61024,Pineapple Express (2008),2018-06-14,"comedy,James Franco,Seth Rogen,Stoner Movie",4.0,false
62,63992,Twilight (2008),2018-06-14,"audience intelligence underestimated,boring,chick flick,overrated,Teen movie",1.0,false
62,107348,Anchorman 2: The Legend Continues (2013),2018-06-14,"comedy,Steve Carell,stupid but funny,will ferrell",4.0,false
62,179401,Jumanji: Welcome to the Jungle (2017),2018-06-14,"Action,Comedy,Dwayne Johnson,funny",3.5,false
62,187595,Solo: A Star Wars Story (2018),2018-06-14,"Emilia Clarke,star wars",4.0,false
62,2,Jumanji (1995),2018-06-13,"fantasy,magic board game,Robin Williams",4.0,false
62,104863,What If (2013),2018-06-13,"daniel radcliffe,zoe kazan",4.0,false
62,116897,Wild Tales (2014),2018-06-05,"black comedy,dark comedy,dark humor,ironic,multiple short stories,short stories",4.0,false
62,184471,Tomb Raider (2018),2018-06-03,"adventure,Alicia Vikander,video game adaptation",3.5,false
62,68848,"Brothers Bloom, The (2008)",2018-05-26,"Adrien Brody,con artists,funny,interesting characters,Mark Ruffalo,Rachel Weisz",4.0,false
62,187593,Deadpool 2 (2018),2018-05-26,"Josh Brolin,Ryan Reynolds,sarcasm",4.0,false
62,60126,Get Smart (2008),2018-05-22,"Anne Hathaway,Steve Carell",3.0,false
62,49130,"Good Year, A (2006)",2018-05-18,Marion Cotillard,4.0,false
62,27706,Lemony Snicket's A Series of Unfortunate Events (2004),2018-05-14,"dark comedy,Jim Carrey,meryl streep,quirky,stylized",4.0,false
62,183611,Game Night (2018),2018-05-14,"Comedy,funny,Rachel McAdams",4.0,false
62,158966,Captain Fantastic (2016),2018-05-12,"building a family,creative,freedom,good writing,individualism,Viggo Mortensen",4.5,true
62,122912,Avengers: Infinity War - Part I (2018),2018-05-11,"comic book,Dr. Strange,Great villain,Guardians of the Galaxy,Marvel,MCU,Robert Downey Jr.,Thanos,Thor,Visually stunning",4.0,false
62,31658,Howl's Moving Castle (Hauru no ugoku shiro) (2004),2018-05-09,"anime,fantasy world,Hayao Miyazaki,Studio Ghibli",3.5,false
62,410,Addams Family Values (1993),2018-05-07,"black comedy,Christina Ricci,Christopher Lloyd,dark comedy,family,gothic",4.5,true
62,2023,"Godfather: Part III, The (1990)",2018-05-07,"Al Pacino,Andy Garcia,Classic,Francis Ford Coppola,mafia",5.0,true
62,2124,"Addams Family, The (1991)",2018-05-07,"black comedy,Christina Ricci,Christopher Lloyd,Family,gothic,quirky",5.0,true
62,2953,Home Alone 2: Lost in New York (1992),2018-05-07,"family,funny,Macaulay Culkin,sequel",3.5,false
62,3114,Toy Story 2 (1999),2018-05-07,"animation,Disney,funny,original,Pixar,sequel,Tom Hanks",3.0,false
62,45447,"Da Vinci Code, The (2006)",2018-05-07,"adventure,Audrey Tautou,conspiracy theory,Mystery,Paris,Tom Hanks,treasure hunt",3.5,false
62,59501,"Chronicles of Narnia: Prince Caspian, The (2008)",2018-05-07,"fantasy,lion,narnia,Tilda Swinton",4.0,false
62,135133,The Hunger Games: Mockingjay - Part 2 (2015),2018-05-07,"dystopia,Jennifer Lawrence,love story,nonsense,politics,rebellion,revolution",3.5,false
62,174053,Black Mirror: White Christmas (2014),2018-05-07,"Dystopia,future,interesting,jon hamm,thought provoking",5.0,true
62,6058,Final Destination 2 (2003),2018-05-06,"sequel,violent",3.5,false
62,6534,Hulk (2003),2018-05-06,"dogs,Eric Bana,mad scientist,marvel",3.5,false
62,6541,"League of Extraordinary Gentlemen, The (a.k.a. LXG) (2003)",2018-05-06,"captain nemo,comic book,gothic,Peta Wilson,Sean Connery,superhero",3.5,false
62,6564,Lara Croft Tomb Raider: The Cradle of Life (2003),2018-05-06,"adventure,Angelina Jolie,heroine in tight suit",3.5,false
62,27660,"Animatrix, The (2003)",2018-05-06,"animation,anime,cyberpunk,dark,Matrix,sci-fi",4.5,true
62,27808,Spanglish (2004),2018-05-06,"Adam Sandler,family,sweet",4.0,false
62,33162,Kingdom of Heaven (2005),2018-05-06,"David Thewlis,Eva Green,Liam Neeson,Orlando Bloom",4.0,false
62,34150,Fantastic Four (2005),2018-05-06,"Chris Evans,comic book,heroine in tight suit,Jessica Alba,sexy female scientist,superhero",3.0,false
62,46723,Babel (2006),2018-05-06,"Brad Pitt,cate blanchett,multiple storylines,social commentary",3.0,false
62,46972,Night at the Museum (2006),2018-05-06,"Ben Stiller,Robin Williams",4.0,false
62,53464,Fantastic Four: Rise of the Silver Surfer (2007),2018-05-06,"bad acting,bad jokes,bad plot,Chris Evans,Jessica Alba,Marvel,sexy female scientist",3.0,false
62,60074,Hancock (2008),2018-05-06,"bad script,Charlize Theron,Will Smith",3.0,false
62,87430,Green Lantern (2011),2018-05-06,"audience intelligence underestimated,CGI,cheesy,comic book,DC,DC Comics,Ryan Reynolds,space,superhero",3.5,false
62,88405,Friends with Benefits (2011),2018-05-06,"comedy,funny,happy ending,HOT actress,Justin Timberlake,Mila Kunis,New York City,romance,sex",3.5,false
62,103042,Man of Steel (2013),2018-05-06,"Amy Adams,superhero",3.5,false
62,108190,Divergent (2014),2018-05-06,"anti-intellectual,bad writing,dystopia,new society,plot holes,predictable,scifi,unintelligent",3.0,false
62,114180,"Maze Runner, The (2014)",2018-05-06,"action,dystopia,plot holes,post-apocalyptic,survival,thriller,unexplained,weak plot",3.5,false
62,119141,The Interview (2014),2018-05-06,"bromance,comedy,funny,James Franco,Seth Rogen",3.0,false
62,135536,Suicide Squad (2016),2018-05-06,"Bad story,Bad writing,Batman,Ben Affleck,comic book,dc comics,good soundtrack,Harley Quinn,Harley Quinn's ass,Horrible directing,Jared Leto,Joker,lack of plot,Margot Robbie,Poor story,poorly paced,superhero,visually appealing,Will Smith",4.0,false
62,136864,Batman v Superman: Dawn of Justice (2016),2018-05-06,"action,batman,ben affleck,dark,dc comics,Gal Gadot,superhero,superman,wonderwoman",4.0,false
567,1,Toy Story (1995),2018-05-03,fun,3.5,false
567,101,Bottle Rocket (1996),2018-05-03,"off-beat comedy,quirky",3.0,false
567,308,Three Colors: White (Trzy kolory: Bialy) (1994),2018-05-03,cynical,2.5,false
567,356,Forrest Gump (1994),2018-05-03,"bittersweet,emotional,heartwarming,touching",3.0,false
567,541,Blade Runner (1982),2018-05-03,"atmospheric,dreamlike,existentialism,philosophical",3.5,false
567,750,Dr. Strangelove or: How I Learned to Stop Worrying and Love the Bomb (1964),2018-05-03,"black comedy,dark comedy,Quirky",3.0,false
567,1203,12 Angry Men (1957),2018-05-03,"claustrophobic,confrontational,earnest,good dialogue,great screenplay,gritty,Motivational,thought-provoking",4.5,true
567,1237,"Seventh Seal, The (Sjunde inseglet, Det) (1957)",2018-05-03,"atmospheric,cerebral,existentialism,philosophical,reflective",3.5,false
567,1260,M (1931),2018-05-03,"atmospheric,chilly,creepy,menacing,mental illness,oninous",4.0,false
567,1653,Gattaca (1997),2018-05-03,"intelligent,thought-provoking",3.0,false
567,1704,Good Will Hunting (1997),2018-05-03,"heartwarming,inspirational",3.0,false
567,1916,Buffalo '66 (a.k.a. Buffalo 66) (1998),2018-05-03,"avant-garde romantic comedy,elegiac,melancholy,quirky,wry",5.0,true
567,1921,Pi (1998),2018-05-03,"artsy,atmospheric,cerebral,enigmatic,existentialism,hallucinatory,insanity,paranoia,paranoid,surreal,tense,visually appealing",3.0,false
567,2138,Watership Down (1978),2018-05-03,"atmospheric,beautiful",4.5,true
567,2324,Life Is Beautiful (La Vita è bella) (1997),2018-05-03,"bittersweet,emotional,Heartwarming,poignant,sentimental,tear jerker,tearjerking",3.5,false
567,2731,"400 Blows, The (Les quatre cents coups) (1959)",2018-05-03,"emotional,gentle,heartwarming,lyrical,reflective",3.5,false
567,3134,Grand Illusion (La grande illusion) (1937),2018-05-03,"downbeat,poignant",3.0,false
567,3266,Man Bites Dog (C'est arrivé près de chez vous) (1992),2018-05-03,"black comedy,crazy,dark,dark comedy,dark humor,serial killer",5.0,true
567,3424,Do the Right Thing (1989),2018-05-03,great cinematography,4.0,false
567,3671,Blazing Saddles (1974),2018-05-03,"dark humor,easygoing,silly",4.5,true
567,3676,Eraserhead (1977),2018-05-03,"art house,Atmospheric,creepy,cryptic,dark,disturbing,dreamlike,enigmatic,fucked up,gruesome,hallucinatory,Insane,paranoid,strange,surreal,weird",5.0,true
567,3994,Unbreakable (2000),2018-05-03,"atmospheric,somber",4.0,false
567,4144,In the Mood For Love (Fa yeung nin wa) (2000),2018-05-03,"atmospheric,Beautiful,bittersweet,dreamy,elegant,heartbreaking,intimate,loneliness,long takes,longing,melancholic,melancholy,moody,nocturnal,romantic,Unique,visually appealing,visually stunning",4.5,true
567,4226,Memento (2000),2018-05-03,"cerebral,dreamlike",3.5,false
567,4552,"Tetsuo, the Ironman (Tetsuo) (1988)",2018-05-03,"\"\"\"artsy\"\"\",atmospheric,gritty,hallucinatory,surreal,visually stunning",3.5,false
567,4878,Donnie Darko (2001),2018-05-03,"atmospheric,cerebral,dreamlike,enigmatic,hallucinatory,mental illness,mindfuck,philosophy,psychological,quirky,surreal,thought-provoking,weird",3.5,false
567,5673,Punch-Drunk Love (2002),2018-05-03,"anger,awkward,bittersweet,hallucinatory,quirky,sad,surreal,symbolism,tense,unconventional,unique,wistful",3.5,false
567,5690,Grave of the Fireflies (Hotaru no haka) (1988),2018-05-03,"beautiful,downbeat,grim,poignant,tear jerker,tragedy,tragic",4.0,false
567,6214,Irreversible (Irréversible) (2002),2018-05-03,"dark,disturbing",3.0,false
567,6291,Lilya 4-Ever (Lilja 4-ever) (2002),2018-05-03,"Depressing,melancholy,sad",3.0,false
567,6377,Finding Nemo (2003),2018-05-03,heartwarming,3.0,false
567,6669,Ikiru (1952),2018-05-03,"meditative,philosophical,poignant,purposefulness",3.5,false
567,6818,Come and See (Idi i smotri) (1985),2018-05-03,"atmospheric,bleak,disturbing,gritty,harsh",5.0,true
567,7024,"Salo, or The 120 Days of Sodom (Salò o le 120 giornate di Sodoma) (1976)",2018-05-03,"bleak,confrontational,disturbing,harsh,haunting,inhumane,thought-provoking",4.0,false
567,7361,Eternal Sunshine of the Spotless Mind (2004),2018-05-03,"arthouse,artistic,atmospheric,beautiful,bittersweet,colourful,comedy,dreamlike,emotional,feel-good,happpiness,humane,insightful,intelligent,lovely,melancholy,mind-bending,philosophy,quirky,quirky romantic,romantic,surreal,surrealism,thought-provoking",5.0,true
567,8335,Make Way for Tomorrow (1937),2018-05-03,heartbreaking,3.5,false
567,8477,"Jetée, La (1962)",2018-05-03,post-apocalyptic,5.0,true
567,25771,"Andalusian Dog, An (Chien andalou, Un) (1929)",2018-05-03,"mindfuck,surreal,surrealism",5.0,true
567,26717,Begotten (1990),2018-05-03,"boring,psychedelic,symbolic",0.5,false
567,27773,Old Boy (2003),2018-05-03,"bizarre,claustrophobic,depressing,disturbing,hallucinatory,paranoid,surreal,twisted",4.5,true
567,30810,"Life Aquatic with Steve Zissou, The (2004)",2018-05-03,"heartwarming,off-beat comedy,quirky,trippy,visually appealing,whimsical",4.0,false
567,40491,"Match Factory Girl, The (Tulitikkutehtaan tyttö) (1990)",2018-05-03,depression,5.0,true
567,45880,Marie Antoinette (2006),2018-05-03,"cinematography,lyrical",3.0,false
567,48394,"Pan's Labyrinth (Laberinto del fauno, El) (2006)",2018-05-03,"atmospheric,bittersweet,visually appealing",3.0,false
567,48780,"Prestige, The (2006)",2018-05-03,"atmospheric,enigmatic",3.5,false
567,50872,Ratatouille (2007),2018-05-03,"clever,inspirational",4.0,false
567,56782,There Will Be Blood (2007),2018-05-03,"atmospheric,cerebral,character study,gritty,intense,long shots,morality,visually appealing",5.0,true
567,57502,Cat Soup (Nekojiru-so) (2001),2018-05-03,"abstract,dark,psychedelic,surreal",4.0,false
567,58301,Funny Games U.S. (2007),2018-05-03,"dark,dark humor,intelligent,thought-provoking",4.5,true
567,58559,"Dark Knight, The (2008)",2018-05-03,"dark,gritty",4.0,false
567,63062,Changeling (2008),2018-05-03,emotional,3.5,false
567,68954,Up (2009),2018-05-03,"bittersweet,emotional,heartbreaking,touching",3.0,false
567,71899,Mary and Max (2009),2018-05-03,"bittersweet,black comedy,character study,dark comedy,friendship,loneliness,mental illness,philosophical,poignant,quirky,sad,sweet,touching",5.0,true
567,74791,"Town Called Panic, A (Panique au village) (2009)",2018-05-03,"surreal,whimsical",3.5,false
567,79132,Inception (2010),2018-05-03,"cerebral,dreamlike,philosophy,thought-provoking",3.0,false
567,80463,"Social Network, The (2010)",2018-05-03,"good dialogue,loneliness,witty",3.5,false
567,89745,"Avengers, The (2012)",2018-05-03,"fun,great humor,visually appealing",4.0,false
567,94959,Moonrise Kingdom (2012),2018-05-03,quirky,3.5,false
567,95558,Beasts of the Southern Wild (2012),2018-05-03,"Beautiful,emotional,poetic",3.0,false
567,96079,Skyfall (2012),2018-05-03,"beautiful cinematography,beautifully filmed,cinematography",3.0,false
567,99764,It's Such a Beautiful Day (2012),2018-05-03,"moving,philosopical,surreal,weird",5.0,true
567,99917,Upstream Color (2013),2018-05-03,"artistic,artsy,atmospheric,Beautiful,dreamlike,existentialism",3.5,false
567,104875,"History of Future Folk, The (2012)",2018-05-03,quirky,3.5,false
567,104944,Short Term 12 (2013),2018-05-03,"emotional,feel-good,heartwarming,mental illness,touching",3.5,false
567,105504,Captain Phillips (2013),2018-05-03,"suspense,tense",3.0,false
567,106766,Inside Llewyn Davis (2013),2018-05-03,"atmospheric,cinematography,depressing,funny",4.0,false
567,107406,Snowpiercer (2013),2018-05-03,fatalistic,3.0,false
567,108932,The Lego Movie (2014),2018-05-03,"cheeky,clever,colorful,feel-good,fun,imaginative,quirky",4.5,true
567,109487,Interstellar (2014),2018-05-03,"bad dialogue,philosophical issues,thought-provoking,visually appealing",3.0,false
567,112421,Frank (2014),2018-05-03,"adorable,black comedy,Eccentric,introspection,mental illness,quirky",4.5,true
567,112552,Whiplash (2014),2018-05-03,"inspirational,inspiring,intense",3.5,false
567,112852,Guardians of the Galaxy (2014),2018-05-03,"funny,Great Visuals,humorous,unlikely hero",3.5,false
567,113705,"Two Days, One Night (Deux jours, une nuit) (2014)",2018-05-03,bittersweet,3.5,false
567,114627,Angel's Egg (Tenshi no tamago) (1985),2018-05-03,"atmospheric,bizzare,eerie,symbolism",3.5,false
567,116797,The Imitation Game (2014),2018-05-03,"inspirational,intelligent",3.0,false
567,117877,The Rabbi's Cat (Le chat du rabbin) (2011),2018-05-03,"philosophical,trippy",3.0,false
567,117887,Paddington (2014),2018-05-03,heartwarming,3.5,false
567,119145,Kingsman: The Secret Service (2015),2018-05-03,slick,3.0,false
567,122882,Mad Max: Fury Road (2015),2018-05-03,"beautiful,cinematography,visually appealing",4.0,false
567,122912,Avengers: Infinity War - Part I (2018),2018-05-03,"Dark,emotional,Sad,Visually appealing,Visually stunning",3.0,false
567,122916,Thor: Ragnarok (2017),2018-05-03,"awesome,humor,quirky,unconventional,white guilt",3.0,false
567,122918,Guardians of the Galaxy 2 (2017),2018-05-03,fun,3.5,false
567,122922,Doctor Strange (2016),2018-05-03,visually appealing,3.0,false
567,127298,A Pigeon Sat on a Branch Reflecting on Existence (2014),2018-05-03,"depressing,understated",3.5,false
567,134130,The Martian (2015),2018-05-03,smart,3.0,false
567,134170,Kung Fury (2015),2018-05-03,"funny,ridiculous,silly",4.5,true
567,138036,The Man from U.N.C.L.E. (2015),2018-05-03,"slick,stylish",3.0,false
567,139385,The Revenant (2015),2018-05-03,"cinematography,visually appealing,Visually Striking",3.0,false
567,139644,Sicario (2015),2018-05-03,"atmospheric,tension",3.5,false
567,140174,Room (2015),2018-05-03,"moving,touching",3.0,false
567,141890,Beasts of No Nation (2015),2018-05-03,Moving,3.0,false
567,143367,Silence (2016),2018-05-03,"contemplative,philosophical,thought-provoking,tragic",4.5,true
567,148626,"Big Short, The (2015)",2018-05-03,"funny,interesting,Witty",3.0,false
567,148881,World of Tomorrow (2015),2018-05-03,"Existential,surreal",5.0,true
567,152077,10 Cloverfield Lane (2016),2018-05-03,"creepy,suspense",3.0,false
567,153070,Rabbits (2002),2018-05-03,nightmare,3.5,false
567,155288,Eye in the Sky (2016),2018-05-03,"suspense,thought-provoking",3.5,false
567,156605,Paterson,2018-05-03,"quirky,sweet,understated",4.5,true
567,161634,Don't Breathe (2016),2018-05-03,intense,3.0,false
567,164179,Arrival (2016),2018-05-03,"beautiful visuals,Cerebral,cinematography,good cinematography,smart,thought-provoking,visually appealing",4.0,false
567,164909,La La Land (2016),2018-05-03,"Bittersweet,visually appealing",3.0,false
567,167746,The Lego Batman Movie (2017),2018-05-03,"funny,heartwarming",3.5,false
567,168252,Logan (2017),2018-05-03,"dark,emotional,gritty,heartbreaking,predictible plot",4.0,false
567,170945,It Comes at Night (2017),2018-05-03,"paranoia,Suspenseful",3.5,false
567,174055,Dunkirk (2017),2018-05-03,"brilliant,inspiring,tense",3.5,false
567,176371,Blade Runner 2049 (2017),2018-05-03,"atmospheric,beautiful,cinematography,dark,dreamlike,existentialism,moody,philosophical",5.0,true
567,176419,Mother! (2017),2018-05-03,"allegorical,uncomfortable,unsettling",3.0,false
567,180031,The Shape of Water (2017),2018-05-03,"atmospheric,dreamlike",4.0,false
567,180985,The Greatest Showman (2017),2018-05-03,bad music,1.0,false
62,4223,Enemy at the Gates (2001),2018-05-01,"Ed Harris,Jude Law,Rachel Weisz,sniper,World War II",4.5,true
62,168248,John Wick: Chapter Two (2017),2018-04-07,"action,dark hero,gun tactics,hitman,Keanu Reeves,organized crime,secret society",4.5,true
62,110,Braveheart (1995),2018-03-24,"beautiful scenery,epic,historical,inspirational,Medieval,mel gibson,Oscar (Best Cinematography),revenge,sword fight",4.5,true
62,3578,Gladiator (2000),2018-03-20,"ancient Rome,Epic,history,imdb top 250,revenge,Rome,Russell Crowe",4.5,true
62,7153,"Lord of the Rings: The Return of the King, The (2003)",2018-03-20,"Adventure,ensemble cast,fantasy,fantasy world,great soundtrack,lord of the rings,scenic,stylized,Tolkien",5.0,true
62,8641,Anchorman: The Legend of Ron Burgundy (2004),2018-03-20,"hilarious,Steve Carell,Will Ferrell",4.0,false
62,99114,Django Unchained (2012),2018-03-20,"action,Christoph Waltz,funny,good soundtrack,Great performances,Humour,Leonardo DiCaprio,Quentin Tarantino,Samuel L. Jackson,Soundtrack,western",5.0,true
62,115149,John Wick (2014),2018-03-20,"dark hero,gun-fu,Keanu Reeves,Revenge,secret society,stylish",5.0,true
62,128360,The Hateful Eight (2015),2018-03-20,"characters,Dialogue,humor,Kurt Russell,Quentin Tarantino,Samuel L. Jackson,tension building,violent,Western",5.0,true
62,139385,The Revenant (2015),2018-03-20,"leonardo DiCarpio,survival,tom hardy,visually appealing",4.0,false
305,8641,Anchorman: The Legend of Ron Burgundy (2004),2018-03-11,stupid,3.0,false
305,34405,Serenity (2005),2018-03-06,predictable,2.5,false
205,260,Star Wars: Episode IV - A New Hope (1977),2018-03-01,"oldie but goodie,sci-fi,Star Wars",4.5,true
305,83134,Tucker & Dale vs Evil (2010),2018-02-17,black comedy,5.0,true
305,4034,Traffic (2000),2018-01-20,drugs,4.5,true
599,293,Léon: The Professional (a.k.a. The Professional) (Léon) (1994),2017-06-26,"Action,assassin,assassination,assassins,awkward romance,corruption,crime,disturbing,drama,French,friendship,Gary Oldman,great acting,Guns,hit men,hitman,humorous,imdb top 250,Jean Reno,Lolita theme,loneliness,love story,Luc Besson,Natalie Portman,organized crime,police,police corruption,quirky,sniper,tense,touching,unique",5.0,true
599,296,Pulp Fiction (1994),2017-06-26,"1990s,achronological,action,action packed,aggressive,amazing,amazing dialogues,anthology,assassin,atmospheric,AWESOME,bad ass,bad language,bad-ass,bible,biblical references,big boys with guns,big name actors,Black comedy,black humor,black humour,blood,blood splatters,bloody,bruce willis,brutality,casual violence,character development,characters,classic,classic movie,coke,comedy,conversation,cool,cool style,crime,crime scene scrubbing,cult,cult classic,cult film,dance,dancing,dark,dark comedy,dark humor,dialogue,different,diner,disjointed timeline,disturbing,drama,drug overdose,drugs,drugs & music,ensemble cast,entertaining,entirely dialogue,episodic,exciting,fast paced,fast-paced,film noir,film-noir,foul language,fun,funny,gangster,gangsters,genius,golden watch,good dialogue,good music,gore,great acting,great dialogue,great soundtrack,gritty,guns,Harvey Keitel,heroin,Highly quotable,hit men,hitman,homosexuality,humour,iconic,imdb top 250,innovative,intellectual,intelligent,intense,interesting,intertwining storylines,interwoven storylines,ironic,irony,John Travolta,killer-as-protagonist,los angeles,Mafia,masterpiece,meaningless violence,milkshake,mobster,mobsters,monologue,motherfucker,multiple stories,multiple storylines,neo-noir,noir,non-linear,non-linear timeline,nonlinear,nonlinear narrative,nonlinear storyline,nonlinear timeline,notable soundtrack,offensive,organised crime,organized crime,original,original plot,out of order,Palme d'Or,parody,philosophical,pop culture references,psychological,pulp,Quentin Tarantino,quirky,Quotable,r:disturbing violent content including rape,r:disturbing violent images,r:graphic sexuality,r:some violence,r:strong bloody violence,r:strong language,r:sustained strong stylized violence,r:violence,random,rape,retro,Roger Avary,royal with cheese,Samuel L. Jackson,sarcasm,satire,sexy,smart writing,sophisticated,soundtrack,splatter,Steve Buscemi,storytelling,stylish,stylized,suspense,Tarantino,thought-provoking,thriller,travolta,twist ending,Uma Thurman,unique,unpredictable,unusual,very funny,violence,violent,witty",5.0,true
599,924,2001: A Space Odyssey (1968),2017-06-26,"aliens,apes,Arthur C. Clarke,artificial intelligence,atmospheric,cinematography,classic,computer,confusing ending,cult film,Dull,future,futuristic,imdb top 250,masterpiece,meditative,music,mystery,Oscar (Best Effects - Visual Effects),overrated,philosophical,relaxing,revolutionary,robots,sci-fi,setting:space/space ship,slow,slow paced,soundtrack,space,space travel,spacecraft,Stanley Kubrick,superb soundtrack,surreal,technology,tedious,visual,visually appealing",5.0,true
599,1732,"Big Lebowski, The (1998)",2017-06-26,"black comedy,bowling,classic,coen brothers,comedy,crime,Cult classic,cult film,dark comedy,deadpan,drugs,funny,great dialogue,great soundtrack,Highly quotable,imdb top 250,Jeff Bridges,John Goodman,Julianne Moore,kidnapping,marijuana,Nudity (Full Frontal),off-beat comedy,Philip Seymour Hoffman,quirky,ransom,rug,sarcasm,satirical,Steve Buscemi,violence",5.0,true
599,2959,Fight Club (1999),2017-06-26,"action,atmospheric,based on a book,Brad Pitt,challenging,Chuck Palahniuk,classic,clever,complicated,consumerism,crime,dark,dark comedy,David Fincher,disturbing,double life,Edward Norton,fighting,great acting,helena bonham carter,imaginary friend,imdb top 250,mental illness,mind-blowing,mindfuck,narrated,Nudity (Topless),Palahnuik,philosophical,philosophy,postmodern,powerful ending,psychological,psychological thriller,psychology,quirky,satirical,schizophrenia,social commentary,societal criticism,stylized,surreal,TERRORISM,thought-provoking,twist,twist ending,violence,violent",5.0,true
610,168248,John Wick: Chapter Two (2017),2017-05-04,Heroic Bloodshed,5.0,true
49,109487,Interstellar (2014),2017-04-25,"black hole,sci-fi,time-travel",4.5,true
610,3265,Hard-Boiled (Lat sau san taam) (1992),2016-11-19,"gun fu,heroic bloodshed",5.0,true
125,3052,Dogma (1999),2016-09-23,"irreverent,jay and silent bob,Kevin Smith,satire",5.0,true
125,60950,Vicky Cristina Barcelona (2008),2016-09-23,threesome,5.0,true
125,1726,"Postman, The (1997)",2016-09-22,"Kevin Costner,Post apocalyptic",4.5,true
125,156371,Everybody Wants Some (2016),2016-09-21,80's,4.0,false
125,2387,Very Bad Things (1998),2016-09-20,"dark comedy,dark humor",4.5,true
125,62434,Zack and Miri Make a Porno (2008),2016-09-20,"Seth Rogen,Sexual Humor",4.5,true
125,7022,Battle Royale (Batoru rowaiaru) (2000),2016-09-19,"based on a book,bloody,brutal,controversial,dystopia,goretastic,satire,social commentary,survival,violence",5.0,true
125,7254,The Butterfly Effect (2004),2016-09-19,"alternate reality,sci-fi,science fiction,time travel",5.0,true
125,9010,Love Me If You Dare (Jeux d'enfants) (2003),2016-09-19,cruel characters,5.0,true
125,42632,Lady Vengeance (Sympathy for Lady Vengeance) (Chinjeolhan geumjassi) (2005),2016-09-19,brutality,5.0,true
125,58301,Funny Games U.S. (2007),2016-09-19,dark humor,5.0,true
125,67695,Observe and Report (2009),2016-09-19,Seth Rogen,5.0,true
125,5088,"Going Places (Valseuses, Les) (1974)",2016-09-18,irreverent,5.0,true
125,8957,Saw (2004),2016-09-18,"brutal,clever,Disturbing,great ending,mindfuck,surprise ending,suspense",5.0,true
125,100083,Movie 43 (2013),2016-09-18,"embarassing scenes,offensive,R language,sarcasm,satire",5.0,true
125,158872,Sausage Party (2016),2016-09-18,"Crude humor,mindfuck,sarcasm,satire,Vulgar",5.0,true
106,4896,Harry Potter and the Sorcerer's Stone (a.k.a. Harry Potter and the Philosopher's Stone) (2001),2016-07-01,Everything you want is here,5.0,true
106,106489,"Hobbit: The Desolation of Smaug, The (2013)",2016-07-01,adventure,5.0,true
305,4995,"Beautiful Mind, A (2001)",2016-05-28,mathematics,5.0,true
305,6953,21 Grams (2003),2016-05-06,DEPRESSING,1.0,false
18,431,Carlito's Way (1993),2016-05-02,"Al Pacino,gangster,mafia",4.0,false
319,364,"Lion King, The (1994)",2016-04-23,"Disney,Disney animated feature,Oscar (Best Music - Original Score)",5.0,true
305,55721,Elite Squad (Tropa de Elite) (2007),2016-04-11,Favelas,5.0,true
18,1221,"Godfather: Part II, The (1974)",2016-04-10,"Al Pacino,Mafia",5.0,true
305,6502,28 Days Later (2002),2016-04-09,zombies,5.0,true
424,32,Twelve Monkeys (a.k.a. 12 Monkeys) (1995),2016-03-14,time travel,3.5,false
424,147,"Basketball Diaries, The (1995)",2016-03-14,"addiction,heroin,Leonardo DiCaprio,Mark Wahlberg",3.5,false
424,175,Kids (1995),2016-03-14,"controversial,New York City,Nudity (Full Frontal)",4.5,true
424,608,Fargo (1996),2016-03-14,"based on a true story,dark comedy,KIDNAPPING,Steve Buscemi",3.5,false
424,1219,Psycho (1960),2016-03-14,"Alfred Hitchcock,psychology,suspenseful,tense",4.0,false
424,1921,Pi (1998),2016-03-14,"hallucinatory,mental illness,mindfuck,paranoid",3.5,false
424,2505,8MM (1999),2016-03-14,Nicolas Cage,3.5,false
424,4262,Scarface (1983),2016-03-14,Al Pacino,3.5,false
424,6290,House of 1000 Corpses (2003),2016-03-14,Rob Zombie,4.5,true
424,27020,Gia (1998),2016-03-14,"drugs,lesbian",3.5,false
424,34323,"Devil's Rejects, The (2005)",2016-03-14,Rob Zombie,4.5,true
424,53127,Bug (2007),2016-03-14,"based on a play,conspiracy theory,creepy,Insanity,paranoia,PTSD",3.5,false
424,47,Seven (a.k.a. Se7en) (1995),2016-03-13,"mystery,twist ending",5.0,true
424,50,"Usual Suspects, The (1995)",2016-03-13,"mindfuck,suspense,thriller,tricky,twist ending",5.0,true
424,223,Clerks (1994),2016-03-13,"cynical,hilarious,independent film,quirky,witty",3.5,false
424,288,Natural Born Killers (1994),2016-03-13,"brutality,controversial,dark comedy,psychedelic,satire,stylized",4.0,false
424,296,Pulp Fiction (1994),2016-03-13,"cult film,drugs,Quentin Tarantino,Tarantino",4.5,true
424,364,"Lion King, The (1994)",2016-03-13,soundtrack,4.5,true
424,589,Terminator 2: Judgment Day (1991),2016-03-13,"apocalypse,Arnold Schwarzenegger,nuclear war,sci-fi,Suspense,time travel",2.0,false
424,628,Primal Fear (1996),2016-03-13,"edward norton,psychology,suspense,thought-provoking,twist ending",5.0,true
424,1089,Reservoir Dogs (1992),2016-03-13,"ensemble cast,nonlinear,Quentin Tarantino,stylized",3.5,false
424,1120,"People vs. Larry Flynt, The (1996)",2016-03-13,freedom of expression,3.5,false
424,1193,One Flew Over the Cuckoo's Nest (1975),2016-03-13,"emotional,jack nicholson",4.0,false
424,1258,"Shining, The (1980)",2016-03-13,"atmospheric,disturbing,Horror,jack nicholson,masterpiece,psychological,Stanley Kubrick,suspense",4.5,true
424,1343,Cape Fear (1991),2016-03-13,"horror,Juliette Lewis,Martin Scorsese,Robert De Niro",4.5,true
424,1625,"Game, The (1997)",2016-03-13,"mindfuck,Mystery,plot twist,psychological,suspense,twist ending",4.5,true
424,1704,Good Will Hunting (1997),2016-03-13,inspirational,4.0,false
424,1923,There's Something About Mary (1998),2016-03-13,"Ben Stiller,crude humor,goofy",3.5,false
424,2160,Rosemary's Baby (1968),2016-03-13,"Atmospheric,creepy,paranoia,scary,suspense",4.5,true
424,2296,"Night at the Roxbury, A (1998)",2016-03-13,SNL,3.0,false
424,2329,American History X (1998),2016-03-13,thought-provoking,4.0,false
424,2571,"Matrix, The (1999)",2016-03-13,"martial arts,sci-fi",2.0,false
424,2700,"South Park: Bigger, Longer and Uncut (1999)",2016-03-13,"adult humor,controversial,crude humor,free speech,parody,satire,south park,Trey Parker",5.0,true
424,2959,Fight Club (1999),2016-03-13,"dark comedy,psychology,thought-provoking,twist ending",4.5,true
424,3176,"Talented Mr. Ripley, The (1999)",2016-03-13,"based on a book,creepy,disturbing,Jude Law,murder,obsession,psychology,secrets,serial killer,suspense",5.0,true
424,3186,"Girl, Interrupted (1999)",2016-03-13,"asylum,based on a true story,Brittany Murphy,Mental Hospital,psychology,winona ryder",3.5,false
424,3499,Misery (1990),2016-03-13,"claustrophobic,horror,scary,stephen king,suspenseful,tense,thriller",3.5,false
424,3911,Best in Show (2000),2016-03-13,satire,3.5,false
424,3948,Meet the Parents (2000),2016-03-13,"comedy,Robert De Niro",4.5,true
424,4226,Memento (2000),2016-03-13,"mystery,psychological,twist ending",4.5,true
424,4816,Zoolander (2001),2016-03-13,"ben stiller,comedy,David Bowie,goofy,mindless one liners,Will Ferrell",3.0,false
424,6188,Old School (2003),2016-03-13,"comedy,Will Ferrell",4.5,true
424,8641,Anchorman: The Legend of Ron Burgundy (2004),2016-03-13,"comedy,Will Ferrell",4.5,true
424,8950,The Machinist (2004),2016-03-13,"Christian Bale,creepy,powerful ending,psychology,schizophrenia,twist ending",4.5,true
424,30825,Meet the Fockers (2004),2016-03-13,"Ben Stiller,Robert De Niro",3.5,false
424,40278,Jarhead (2005),2016-03-13,"Jake Gyllenhaal,Modern war",4.0,false
424,48516,"Departed, The (2006)",2016-03-13,"atmospheric,Jack Nicholson,Leonardo DiCaprio,Martin Scorsese,suspense",4.5,true
424,60756,Step Brothers (2008),2016-03-13,"funny,will ferrell",4.0,false
424,66097,Coraline (2009),2016-03-13,"claymation,creepy,dark,dark fairy tale,Surreal,Tim Burton",4.5,true
424,68157,Inglourious Basterds (2009),2016-03-13,"black comedy,Brad Pitt,Christoph Waltz,Quentin Tarantino,satire",4.5,true
424,74458,Shutter Island (2010),2016-03-13,"insanity,Leonardo DiCaprio,Martin Scorsese,plot twist,psychological,Psychological Thriller,thought-provoking",5.0,true
424,79132,Inception (2010),2016-03-13,"action,alternate reality,Leonardo DiCaprio,sci-fi,thought-provoking,visually appealing",2.5,false
424,81591,Black Swan (2010),2016-03-13,"alter ego,atmospheric,creepy,horror,obsession,surreal",3.5,false
424,102903,Now You See Me (2013),2016-03-13,"illusions,overcomplicated,predictable,stupid ending",1.5,false
424,104879,Prisoners (2013),2016-03-13,"absorbing,acting,atmospheric,Hugh Jackman,Jake Gyllenhaal,morality,mystery,thriller",5.0,true
424,106100,Dallas Buyers Club (2013),2016-03-13,"Jared Leto,social commentary,uplifting",4.0,false
424,112515,"Babadook, The (2014)",2016-03-13,"atmospheric,dark,Metaphorical,psychological",4.5,true
424,112556,Gone Girl (2014),2016-03-13,"annoying,Stupid ending",1.0,false
18,52604,Fracture (2007),2016-03-11,"Anthony Hopkins,courtroom drama,twist ending",4.5,true
18,88094,Upside Down: The Creation Records Story (2010),2016-03-07,"britpop,indie record label,music",3.0,false
18,5995,"Pianist, The (2002)",2016-02-18,"holocaust,true story",4.5,true
462,152711,Who Killed Chea Vichea? (2010),2016-02-17,"Cambodia,crime,human rights,murder,procedural",5.0,true
18,44665,Lucky Number Slevin (2006),2016-02-10,twist ending,4.5,true
18,144210,Just Eat It: A Food Waste Story (2014),2016-02-10,"dumpster diving,Sustainability",4.0,false
291,50872,Ratatouille (2007),2016-01-18,"a clever chef rat,inspirational",5.0,true
291,102007,"Invincible Iron Man, The (2007)",2016-01-18,animation,3.0,false
291,118696,The Hobbit: The Battle of the Five Armies (2014),2016-01-18,hope,4.0,false
256,126548,The DUFF (2015),2015-11-09,"funny,high school",4.5,true
